"DT_GERACAO";"HH_GERACAO";"ANO_ELEICAO";"CD_TIPO_ELEICAO";"NM_TIPO_ELEICAO";"NR_TURNO";"CD_ELEICAO";"DS_ELEICAO";"DT_ELEICAO";"TP_ABRANGENCIA";"SG_UF";"SG_UE";"NM_UE";"CD_MUNICIPIO";"NM_MUNICIPIO";"NR_ZONA";"CD_CARGO";"DS_CARGO";"SQ_CANDIDATO";"NR_CANDIDATO";"NM_CANDIDATO";"NM_URNA_CANDIDATO";"NM_SOCIAL_CANDIDATO";"CD_SITUACAO_CANDIDATURA";"DS_SITUACAO_CANDIDATURA";"CD_DETALHE_SITUACAO_CAND";"DS_DETALHE_SITUACAO_CAND";"CD_SITUACAO_JULGAMENTO";"DS_SITUACAO_JULGAMENTO";"CD_SITUACAO_CASSACAO";"DS_SITUACAO_CASSACAO";"CD_SITUACAO_DIPLOMA";"DS_SITUACAO_DIPLOMA";"TP_AGREMIACAO";"NR_PARTIDO";"SG_PARTIDO";"NM_PARTIDO";"NR_FEDERACAO";"NM_FEDERACAO";"SG_FEDERACAO";"DS_COMPOSICAO_FEDERACAO";"SQ_COLIGACAO";"NM_COLIGACAO";"DS_COMPOSICAO_COLIGACAO";"ST_VOTO_EM_TRANSITO";"QT_VOTOS_NOMINAIS";"NM_TIPO_DESTINACAO_VOTOS";"QT_VOTOS_NOMINAIS_VALIDOS";"CD_SIT_TOT_TURNO";"DS_SIT_TOT_TURNO"
"13/11/2024";"10:56:11";2018;2;"Eleição Ordinária";1;297;"ELEIÇÕES GERAIS ESTADUAIS 2018";"07/10/2018";"E";"AP";"AP";"AMAPÁ";6114;"FERREIRA GOMES";12;5;"Senador";30000620108;450;"SEBASTIÃO FERREIRA DA ROCHA";"BALA ROCHA";"#NULO#";12;"APTO";2;"DEFERIDO";-3;"#NE";-3;"#NE";-3;"#NE";"COLIGAÇÃO";45;"PSDB";"Partido da Social Democracia Brasileira";-1;"#NULO#";"#NULO#";"#NULO#";30000050520;"TRABALHO E UNIÃO PELO AMAPÁ";"DEM / REDE / PSDB / PPL / PP / PSC / AVANTE / PSD / PODE / SOLIDARIEDADE";"N";224;"Válido";224;4;"NÃO ELEITO"
"13/11/2024";"10:56:11";2018;2;"Eleição Ordinária";2;298;"ELEIÇÕES GERAIS ESTADUAIS 2018";"28/10/2018";"E";"AP";"AP";"AMAPÁ";6033;"CALÇOENE";1;3;"Governador";30000620049;40;"JOAO ALBERTO RODRIGUES CAPIBERIBE";"CAPI 40";"#NULO#";12;"APTO";2;"DEFERIDO";-3;"#NE";-3;"#NE";-3;"#NE";"COLIGAÇÃO";40;"PSB";"Partido Socialista Brasileiro";-1;"#NULO#";"#NULO#";"#NULO#";30000050517;"COM O POVO PRA AVANÇAR";"PSB";"N";2329;"Válido";2329;4;"NÃO ELEITO"
"13/11/2024";"10:56:11";2018;2;"Eleição Ordinária";2;298;"ELEIÇÕES GERAIS ESTADUAIS 2018";"28/10/2018";"E";"AP";"AP";"AMAPÁ";6130;"LARANJAL DO JARI";7;3;"Governador";30000620049;40;"JOAO ALBERTO RODRIGUES CAPIBERIBE";"CAPI 40";"#NULO#";12;"APTO";2;"DEFERIDO";-3;"#NE";-3;"#NE";-3;"#NE";"COLIGAÇÃO";40;"PSB";"Partido Socialista Brasileiro";-1;"#NULO#";"#NULO#";"#NULO#";30000050517;"COM O POVO PRA AVANÇAR";"PSB";"N";10928;"Válido";10928;4;"NÃO ELEITO"
"13/11/2024";"10:56:11";2018;2;"Eleição Ordinária";2;298;"ELEIÇÕES GERAIS ESTADUAIS 2018";"28/10/2018";"E";"AP";"AP";"AMAPÁ";6084;"PEDRA BRANCA DO AMAPARI";11;3;"Governador";30000620049;40;"JOAO ALBERTO RODRIGUES CAPIBERIBE";"CAPI 40";"#NULO#";12;"APTO";2;"DEFERIDO";-3;"#NE";-3;"#NE";-3;"#NE";"COLIGAÇÃO";40;"PSB";"Partido Socialista Brasileiro";-1;"#NULO#";"#NULO#";"#NULO#";30000050517;"COM O POVO PRA AVANÇAR";"PSB";"N";2979;"Válido";2979;4;"NÃO ELEITO"
"13/11/2024";"10:56:11";2018;2;"Eleição Ordinária";2;298;"ELEIÇÕES GERAIS ESTADUAIS 2018";"28/10/2018";"E";"AP";"AP";"AMAPÁ";6017;"AMAPÁ";1;3;"Governador";30000620049;40;"JOAO ALBERTO RODRIGUES CAPIBERIBE";"CAPI 40";"#NULO#";12;"APTO";2;"DEFERIDO";-3;"#NE";-3;"#NE";-3;"#NE";"COLIGAÇÃO";40;"PSB";"Partido Socialista Brasileiro";-1;"#NULO#";"#NULO#";"#NULO#";30000050517;"COM O POVO PRA AVANÇAR";"PSB";"N";1804;"Válido";1804;4;"NÃO ELEITO"
"13/11/2024";"10:56:11";2018;2;"Eleição Ordinária";2;298;"ELEIÇÕES GERAIS ESTADUAIS 2018";"28/10/2018";"E";"AP";"AP";"AMAPÁ";6041;"ITAUBAL";10;3;"Governador";30000620049;40;"JOAO ALBERTO RODRIGUES CAPIBERIBE";"CAPI 40";"#NULO#";12;"APTO";2;"DEFERIDO";-3;"#NE";-3;"#NE";-3;"#NE";"COLIGAÇÃO";40;"PSB";"Partido Socialista Brasileiro";-1;"#NULO#";"#NULO#";"#NULO#";30000050517;"COM O POVO PRA AVANÇAR";"PSB";"N";2156;"Válido";2156;4;"NÃO ELEITO"
"13/11/2024";"10:56:11";2018;2;"Eleição Ordinária";2;298;"ELEIÇÕES GERAIS ESTADUAIS 2018";"28/10/2018";"E";"AP";"AP";"AMAPÁ";6157;"SANTANA";6;3;"Governador";30000620049;40;"JOAO ALBERTO RODRIGUES CAPIBERIBE";"CAPI 40";"#NULO#";12;"APTO";2;"DEFERIDO";-3;"#NE";-3;"#NE";-3;"#NE";"COLIGAÇÃO";40;"PSB";"Partido Socialista Brasileiro";-1;"#NULO#";"#NULO#";"#NULO#";30000050517;"COM O POVO PRA AVANÇAR";"PSB";"N";21482;"Válido";21482;4;"NÃO ELEITO"
"13/11/2024";"10:56:11";2018;2;"Eleição Ordinária";2;298;"ELEIÇÕES GERAIS ESTADUAIS 2018";"28/10/2018";"E";"AP";"AP";"AMAPÁ";6068;"CUTIAS";10;3;"Governador";30000620049;40;"JOAO ALBERTO RODRIGUES CAPIBERIBE";"CAPI 40";"#NULO#";12;"APTO";2;"DEFERIDO";-3;"#NE";-3;"#NE";-3;"#NE";"COLIGAÇÃO";40;"PSB";"Partido Socialista Brasileiro";-1;"#NULO#";"#NULO#";"#NULO#";30000050517;"COM O POVO PRA AVANÇAR";"PSB";"N";1481;"Válido";1481;4;"NÃO ELEITO"
"13/11/2024";"10:56:11";2018;2;"Eleição Ordinária";2;298;"ELEIÇÕES GERAIS ESTADUAIS 2018";"28/10/2018";"E";"AP";"AP";"AMAPÁ";6076;"MAZAGÃO";5;3;"Governador";30000620049;40;"JOAO ALBERTO RODRIGUES CAPIBERIBE";"CAPI 40";"#NULO#";12;"APTO";2;"DEFERIDO";-3;"#NE";-3;"#NE";-3;"#NE";"COLIGAÇÃO";40;"PSB";"Partido Socialista Brasileiro";-1;"#NULO#";"#NULO#";"#NULO#";30000050517;"COM O POVO PRA AVANÇAR";"PSB";"N";5459;"Válido";5459;4;"NÃO ELEITO"
"13/11/2024";"10:56:11";2018;2;"Eleição Ordinária";2;298;"ELEIÇÕES GERAIS ESTADUAIS 2018";"28/10/2018";"E";"AP";"AP";"AMAPÁ";6092;"OIAPOQUE";4;3;"Governador";30000620049;40;"JOAO ALBERTO RODRIGUES CAPIBERIBE";"CAPI 40";"#NULO#";12;"APTO";2;"DEFERIDO";-3;"#NE";-3;"#NE";-3;"#NE";"COLIGAÇÃO";40;"PSB";"Partido Socialista Brasileiro";-1;"#NULO#";"#NULO#";"#NULO#";30000050517;"COM O POVO PRA AVANÇAR";"PSB";"N";4894;"Válido";4894;4;"NÃO ELEITO"
"13/11/2024";"10:56:11";2018;2;"Eleição Ordinária";2;298;"ELEIÇÕES GERAIS ESTADUAIS 2018";"28/10/2018";"E";"AP";"AP";"AMAPÁ";6106;"SERRA DO NAVIO";11;3;"Governador";30000620049;40;"JOAO ALBERTO RODRIGUES CAPIBERIBE";"CAPI 40";"#NULO#";12;"APTO";2;"DEFERIDO";-3;"#NE";-3;"#NE";-3;"#NE";"COLIGAÇÃO";40;"PSB";"Partido Socialista Brasileiro";-1;"#NULO#";"#NULO#";"#NULO#";30000050517;"COM O POVO PRA AVANÇAR";"PSB";"N";1104;"Válido";1104;4;"NÃO ELEITO"
"13/11/2024";"10:56:11";2018;2;"Eleição Ordinária";2;298;"ELEIÇÕES GERAIS ESTADUAIS 2018";"28/10/2018";"E";"AP";"AP";"AMAPÁ";6173;"TARTARUGALZINHO";8;3;"Governador";30000620049;40;"JOAO ALBERTO RODRIGUES CAPIBERIBE";"CAPI 40";"#NULO#";12;"APTO";2;"DEFERIDO";-3;"#NE";-3;"#NE";-3;"#NE";"COLIGAÇÃO";40;"PSB";"Partido Socialista Brasileiro";-1;"#NULO#";"#NULO#";"#NULO#";30000050517;"COM O POVO PRA AVANÇAR";"PSB";"N";2458;"Válido";2458;4;"NÃO ELEITO"
"13/11/2024";"10:56:11";2018;2;"Eleição Ordinária";2;298;"ELEIÇÕES GERAIS ESTADUAIS 2018";"28/10/2018";"E";"AP";"AP";"AMAPÁ";6009;"PRACUÚBA";1;3;"Governador";30000620049;40;"JOAO ALBERTO RODRIGUES CAPIBERIBE";"CAPI 40";"#NULO#";12;"APTO";2;"DEFERIDO";-3;"#NE";-3;"#NE";-3;"#NE";"COLIGAÇÃO";40;"PSB";"Partido Socialista Brasileiro";-1;"#NULO#";"#NULO#";"#NULO#";30000050517;"COM O POVO PRA AVANÇAR";"PSB";"N";985;"Válido";985;4;"NÃO ELEITO"
"13/11/2024";"10:56:11";2018;2;"Eleição Ordinária";2;298;"ELEIÇÕES GERAIS ESTADUAIS 2018";"28/10/2018";"E";"AP";"AP";"AMAPÁ";6122;"VITÓRIA DO JARI";7;3;"Governador";30000620049;40;"JOAO ALBERTO RODRIGUES CAPIBERIBE";"CAPI 40";"#NULO#";12;"APTO";2;"DEFERIDO";-3;"#NE";-3;"#NE";-3;"#NE";"COLIGAÇÃO";40;"PSB";"Partido Socialista Brasileiro";-1;"#NULO#";"#NULO#";"#NULO#";30000050517;"COM O POVO PRA AVANÇAR";"PSB";"N";3159;"Válido";3159;4;"NÃO ELEITO"
"13/11/2024";"10:56:11";2018;2;"Eleição Ordinária";2;298;"ELEIÇÕES GERAIS ESTADUAIS 2018";"28/10/2018";"E";"AP";"AP";"AMAPÁ";6050;"MACAPÁ";2;3;"Governador";30000620049;40;"JOAO ALBERTO RODRIGUES CAPIBERIBE";"CAPI 40";"#NULO#";12;"APTO";2;"DEFERIDO";-3;"#NE";-3;"#NE";-3;"#NE";"COLIGAÇÃO";40;"PSB";"Partido Socialista Brasileiro";-1;"#NULO#";"#NULO#";"#NULO#";30000050517;"COM O POVO PRA AVANÇAR";"PSB";"N";59291;"Válido";59291;4;"NÃO ELEITO"
"13/11/2024";"10:56:11";2018;2;"Eleição Ordinária";2;298;"ELEIÇÕES GERAIS ESTADUAIS 2018";"28/10/2018";"E";"AP";"AP";"AMAPÁ";6025;"PORTO GRANDE";12;3;"Governador";30000620049;40;"JOAO ALBERTO RODRIGUES CAPIBERIBE";"CAPI 40";"#NULO#";12;"APTO";2;"DEFERIDO";-3;"#NE";-3;"#NE";-3;"#NE";"COLIGAÇÃO";40;"PSB";"Partido Socialista Brasileiro";-1;"#NULO#";"#NULO#";"#NULO#";30000050517;"COM O POVO PRA AVANÇAR";"PSB";"N";3510;"Válido";3510;4;"NÃO ELEITO"
"13/11/2024";"10:56:11";2018;2;"Eleição Ordinária";2;298;"ELEIÇÕES GERAIS ESTADUAIS 2018";"28/10/2018";"E";"AP";"AP";"AMAPÁ";6050;"MACAPÁ";10;3;"Governador";30000620049;40;"JOAO ALBERTO RODRIGUES CAPIBERIBE";"CAPI 40";"#NULO#";12;"APTO";2;"DEFERIDO";-3;"#NE";-3;"#NE";-3;"#NE";"COLIGAÇÃO";40;"PSB";"Partido Socialista Brasileiro";-1;"#NULO#";"#NULO#";"#NULO#";30000050517;"COM O POVO PRA AVANÇAR";"PSB";"N";48539;"Válido";48539;4;"NÃO ELEITO"
"13/11/2024";"10:56:11";2018;2;"Eleição Ordinária";2;298;"ELEIÇÕES GERAIS ESTADUAIS 2018";"28/10/2018";"E";"AP";"AP";"AMAPÁ";6114;"FERREIRA GOMES";12;3;"Governador";30000620049;40;"JOAO ALBERTO RODRIGUES CAPIBERIBE";"CAPI 40";"#NULO#";12;"APTO";2;"DEFERIDO";-3;"#NE";-3;"#NE";-3;"#NE";"COLIGAÇÃO";40;"PSB";"Partido Socialista Brasileiro";-1;"#NULO#";"#NULO#";"#NULO#";30000050517;"COM O POVO PRA AVANÇAR";"PSB";"N";1982;"Válido";1982;4;"NÃO ELEITO"
"13/11/2024";"10:56:11";2018;2;"Eleição Ordinária";1;297;"ELEIÇÕES GERAIS ESTADUAIS 2018";"07/10/2018";"E";"AP";"AP";"AMAPÁ";6033;"CALÇOENE";1;5;"Senador";30000607892;147;"LUIZ CANTUÁRIA BARRETO";"LUCAS BARRETO";"#NULO#";12;"APTO";2;"DEFERIDO";-3;"#NE";-3;"#NE";-3;"#NE";"PARTIDO ISOLADO";14;"PTB";"Partido Trabalhista Brasileiro";-1;"#NULO#";"#NULO#";"#NULO#";30000050206;"PARTIDO ISOLADO";"PTB";"N";2112;"Válido";2112;1;"ELEITO"
"13/11/2024";"10:56:11";2018;2;"Eleição Ordinária";1;297;"ELEIÇÕES GERAIS ESTADUAIS 2018";"07/10/2018";"E";"AP";"AP";"AMAPÁ";6130;"LARANJAL DO JARI";7;5;"Senador";30000607892;147;"LUIZ CANTUÁRIA BARRETO";"LUCAS BARRETO";"#NULO#";12;"APTO";2;"DEFERIDO";-3;"#NE";-3;"#NE";-3;"#NE";"PARTIDO ISOLADO";14;"PTB";"Partido Trabalhista Brasileiro";-1;"#NULO#";"#NULO#";"#NULO#";30000050206;"PARTIDO ISOLADO";"PTB";"N";8162;"Válido";8162;1;"ELEITO"
"13/11/2024";"10:56:11";2018;2;"Eleição Ordinária";1;297;"ELEIÇÕES GERAIS ESTADUAIS 2018";"07/10/2018";"E";"AP";"AP";"AMAPÁ";6017;"AMAPÁ";1;5;"Senador";30000607892;147;"LUIZ CANTUÁRIA BARRETO";"LUCAS BARRETO";"#NULO#";12;"APTO";2;"DEFERIDO";-3;"#NE";-3;"#NE";-3;"#NE";"PARTIDO ISOLADO";14;"PTB";"Partido Trabalhista Brasileiro";-1;"#NULO#";"#NULO#";"#NULO#";30000050206;"PARTIDO ISOLADO";"PTB";"N";2072;"Válido";2072;1;"ELEITO"
"13/11/2024";"10:56:11";2018;2;"Eleição Ordinária";1;297;"ELEIÇÕES GERAIS ESTADUAIS 2018";"07/10/2018";"E";"AP";"AP";"AMAPÁ";6084;"PEDRA BRANCA DO AMAPARI";11;5;"Senador";30000607892;147;"LUIZ CANTUÁRIA BARRETO";"LUCAS BARRETO";"#NULO#";12;"APTO";2;"DEFERIDO";-3;"#NE";-3;"#NE";-3;"#NE";"PARTIDO ISOLADO";14;"PTB";"Partido Trabalhista Brasileiro";-1;"#NULO#";"#NULO#";"#NULO#";30000050206;"PARTIDO ISOLADO";"PTB";"N";1151;"Válido";1151;1;"ELEITO"
"13/11/2024";"10:56:11";2018;2;"Eleição Ordinária";1;297;"ELEIÇÕES GERAIS ESTADUAIS 2018";"07/10/2018";"E";"AP";"AP";"AMAPÁ";6041;"ITAUBAL";10;5;"Senador";30000607892;147;"LUIZ CANTUÁRIA BARRETO";"LUCAS BARRETO";"#NULO#";12;"APTO";2;"DEFERIDO";-3;"#NE";-3;"#NE";-3;"#NE";"PARTIDO ISOLADO";14;"PTB";"Partido Trabalhista Brasileiro";-1;"#NULO#";"#NULO#";"#NULO#";30000050206;"PARTIDO ISOLADO";"PTB";"N";1896;"Válido";1896;1;"ELEITO"
"13/11/2024";"10:56:11";2018;2;"Eleição Ordinária";1;297;"ELEIÇÕES GERAIS ESTADUAIS 2018";"07/10/2018";"E";"AP";"AP";"AMAPÁ";6092;"OIAPOQUE";4;5;"Senador";30000607892;147;"LUIZ CANTUÁRIA BARRETO";"LUCAS BARRETO";"#NULO#";12;"APTO";2;"DEFERIDO";-3;"#NE";-3;"#NE";-3;"#NE";"PARTIDO ISOLADO";14;"PTB";"Partido Trabalhista Brasileiro";-1;"#NULO#";"#NULO#";"#NULO#";30000050206;"PARTIDO ISOLADO";"PTB";"N";2808;"Válido";2808;1;"ELEITO"
"13/11/2024";"10:56:11";2018;2;"Eleição Ordinária";1;297;"ELEIÇÕES GERAIS ESTADUAIS 2018";"07/10/2018";"E";"AP";"AP";"AMAPÁ";6157;"SANTANA";6;5;"Senador";30000607892;147;"LUIZ CANTUÁRIA BARRETO";"LUCAS BARRETO";"#NULO#";12;"APTO";2;"DEFERIDO";-3;"#NE";-3;"#NE";-3;"#NE";"PARTIDO ISOLADO";14;"PTB";"Partido Trabalhista Brasileiro";-1;"#NULO#";"#NULO#";"#NULO#";30000050206;"PARTIDO ISOLADO";"PTB";"N";19519;"Válido";19519;1;"ELEITO"
"13/11/2024";"10:56:11";2018;2;"Eleição Ordinária";1;297;"ELEIÇÕES GERAIS ESTADUAIS 2018";"07/10/2018";"E";"AP";"AP";"AMAPÁ";6076;"MAZAGÃO";5;5;"Senador";30000607892;147;"LUIZ CANTUÁRIA BARRETO";"LUCAS BARRETO";"#NULO#";12;"APTO";2;"DEFERIDO";-3;"#NE";-3;"#NE";-3;"#NE";"PARTIDO ISOLADO";14;"PTB";"Partido Trabalhista Brasileiro";-1;"#NULO#";"#NULO#";"#NULO#";30000050206;"PARTIDO ISOLADO";"PTB";"N";4424;"Válido";4424;1;"ELEITO"
"13/11/2024";"10:56:11";2018;2;"Eleição Ordinária";1;297;"ELEIÇÕES GERAIS ESTADUAIS 2018";"07/10/2018";"E";"AP";"AP";"AMAPÁ";6068;"CUTIAS";10;5;"Senador";30000607892;147;"LUIZ CANTUÁRIA BARRETO";"LUCAS BARRETO";"#NULO#";12;"APTO";2;"DEFERIDO";-3;"#NE";-3;"#NE";-3;"#NE";"PARTIDO ISOLADO";14;"PTB";"Partido Trabalhista Brasileiro";-1;"#NULO#";"#NULO#";"#NULO#";30000050206;"PARTIDO ISOLADO";"PTB";"N";1525;"Válido";1525;1;"ELEITO"
"13/11/2024";"10:56:11";2018;2;"Eleição Ordinária";1;297;"ELEIÇÕES GERAIS ESTADUAIS 2018";"07/10/2018";"E";"AP";"AP";"AMAPÁ";6106;"SERRA DO NAVIO";11;5;"Senador";30000607892;147;"LUIZ CANTUÁRIA BARRETO";"LUCAS BARRETO";"#NULO#";12;"APTO";2;"DEFERIDO";-3;"#NE";-3;"#NE";-3;"#NE";"PARTIDO ISOLADO";14;"PTB";"Partido Trabalhista Brasileiro";-1;"#NULO#";"#NULO#";"#NULO#";30000050206;"PARTIDO ISOLADO";"PTB";"N";833;"Válido";833;1;"ELEITO"
"13/11/2024";"10:56:11";2018;2;"Eleição Ordinária";1;297;"ELEIÇÕES GERAIS ESTADUAIS 2018";"07/10/2018";"E";"AP";"AP";"AMAPÁ";6009;"PRACUÚBA";1;5;"Senador";30000607892;147;"LUIZ CANTUÁRIA BARRETO";"LUCAS BARRETO";"#NULO#";12;"APTO";2;"DEFERIDO";-3;"#NE";-3;"#NE";-3;"#NE";"PARTIDO ISOLADO";14;"PTB";"Partido Trabalhista Brasileiro";-1;"#NULO#";"#NULO#";"#NULO#";30000050206;"PARTIDO ISOLADO";"PTB";"N";1110;"Válido";1110;1;"ELEITO"
"13/11/2024";"10:56:11";2018;2;"Eleição Ordinária";1;297;"ELEIÇÕES GERAIS ESTADUAIS 2018";"07/10/2018";"E";"AP";"AP";"AMAPÁ";6173;"TARTARUGALZINHO";8;5;"Senador";30000607892;147;"LUIZ CANTUÁRIA BARRETO";"LUCAS BARRETO";"#NULO#";12;"APTO";2;"DEFERIDO";-3;"#NE";-3;"#NE";-3;"#NE";"PARTIDO ISOLADO";14;"PTB";"Partido Trabalhista Brasileiro";-1;"#NULO#";"#NULO#";"#NULO#";30000050206;"PARTIDO ISOLADO";"PTB";"N";3193;"Válido";3193;1;"ELEITO"
"13/11/2024";"10:56:11";2018;2;"Eleição Ordinária";1;297;"ELEIÇÕES GERAIS ESTADUAIS 2018";"07/10/2018";"E";"AP";"AP";"AMAPÁ";6122;"VITÓRIA DO JARI";7;5;"Senador";30000607892;147;"LUIZ CANTUÁRIA BARRETO";"LUCAS BARRETO";"#NULO#";12;"APTO";2;"DEFERIDO";-3;"#NE";-3;"#NE";-3;"#NE";"PARTIDO ISOLADO";14;"PTB";"Partido Trabalhista Brasileiro";-1;"#NULO#";"#NULO#";"#NULO#";30000050206;"PARTIDO ISOLADO";"PTB";"N";3224;"Válido";3224;1;"ELEITO"
"13/11/2024";"10:56:11";2018;2;"Eleição Ordinária";1;297;"ELEIÇÕES GERAIS ESTADUAIS 2018";"07/10/2018";"E";"AP";"AP";"AMAPÁ";6050;"MACAPÁ";2;5;"Senador";30000607892;147;"LUIZ CANTUÁRIA BARRETO";"LUCAS BARRETO";"#NULO#";12;"APTO";2;"DEFERIDO";-3;"#NE";-3;"#NE";-3;"#NE";"PARTIDO ISOLADO";14;"PTB";"Partido Trabalhista Brasileiro";-1;"#NULO#";"#NULO#";"#NULO#";30000050206;"PARTIDO ISOLADO";"PTB";"N";41310;"Válido";41310;1;"ELEITO"
"13/11/2024";"10:56:11";2018;2;"Eleição Ordinária";1;297;"ELEIÇÕES GERAIS ESTADUAIS 2018";"07/10/2018";"E";"AP";"AP";"AMAPÁ";6050;"MACAPÁ";10;5;"Senador";30000607892;147;"LUIZ CANTUÁRIA BARRETO";"LUCAS BARRETO";"#NULO#";12;"APTO";2;"DEFERIDO";-3;"#NE";-3;"#NE";-3;"#NE";"PARTIDO ISOLADO";14;"PTB";"Partido Trabalhista Brasileiro";-1;"#NULO#";"#NULO#";"#NULO#";30000050206;"PARTIDO ISOLADO";"PTB";"N";28700;"Válido";28700;1;"ELEITO"
"13/11/2024";"10:56:11";2018;2;"Eleição Ordinária";1;297;"ELEIÇÕES GERAIS ESTADUAIS 2018";"07/10/2018";"E";"AP";"AP";"AMAPÁ";6025;"PORTO GRANDE";12;5;"Senador";30000607892;147;"LUIZ CANTUÁRIA BARRETO";"LUCAS BARRETO";"#NULO#";12;"APTO";2;"DEFERIDO";-3;"#NE";-3;"#NE";-3;"#NE";"PARTIDO ISOLADO";14;"PTB";"Partido Trabalhista Brasileiro";-1;"#NULO#";"#NULO#";"#NULO#";30000050206;"PARTIDO ISOLADO";"PTB";"N";4093;"Válido";4093;1;"ELEITO"
"13/11/2024";"10:56:11";2018;2;"Eleição Ordinária";1;297;"ELEIÇÕES GERAIS ESTADUAIS 2018";"07/10/2018";"E";"AP";"AP";"AMAPÁ";6114;"FERREIRA GOMES";12;5;"Senador";30000607892;147;"LUIZ CANTUÁRIA BARRETO";"LUCAS BARRETO";"#NULO#";12;"APTO";2;"DEFERIDO";-3;"#NE";-3;"#NE";-3;"#NE";"PARTIDO ISOLADO";14;"PTB";"Partido Trabalhista Brasileiro";-1;"#NULO#";"#NULO#";"#NULO#";30000050206;"PARTIDO ISOLADO";"PTB";"N";2054;"Válido";2054;1;"ELEITO"
"13/11/2024";"10:56:11";2018;2;"Eleição Ordinária";1;297;"ELEIÇÕES GERAIS ESTADUAIS 2018";"07/10/2018";"E";"AP";"AP";"AMAPÁ";6033;"CALÇOENE";1;5;"Senador";30000620104;180;"RANDOLPH FREDERICH RODRIGUES ALVES";"RANDOLFE ";"#NULO#";12;"APTO";2;"DEFERIDO";-3;"#NE";-3;"#NE";-3;"#NE";"COLIGAÇÃO";18;"REDE";"Rede Sustentabilidade";-1;"#NULO#";"#NULO#";"#NULO#";30000050520;"TRABALHO E UNIÃO PELO AMAPÁ";"DEM / REDE / PSDB / PPL / PP / PSC / AVANTE / PSD / PODE / SOLIDARIEDADE";"N";4056;"Válido";4056;1;"ELEITO"
"13/11/2024";"10:56:11";2018;2;"Eleição Ordinária";1;297;"ELEIÇÕES GERAIS ESTADUAIS 2018";"07/10/2018";"E";"AP";"AP";"AMAPÁ";6084;"PEDRA BRANCA DO AMAPARI";11;5;"Senador";30000620104;180;"RANDOLPH FREDERICH RODRIGUES ALVES";"RANDOLFE ";"#NULO#";12;"APTO";2;"DEFERIDO";-3;"#NE";-3;"#NE";-3;"#NE";"COLIGAÇÃO";18;"REDE";"Rede Sustentabilidade";-1;"#NULO#";"#NULO#";"#NULO#";30000050520;"TRABALHO E UNIÃO PELO AMAPÁ";"DEM / REDE / PSDB / PPL / PP / PSC / AVANTE / PSD / PODE / SOLIDARIEDADE";"N";3890;"Válido";3890;1;"ELEITO"
"13/11/2024";"10:56:11";2018;2;"Eleição Ordinária";1;297;"ELEIÇÕES GERAIS ESTADUAIS 2018";"07/10/2018";"E";"AP";"AP";"AMAPÁ";6130;"LARANJAL DO JARI";7;5;"Senador";30000620104;180;"RANDOLPH FREDERICH RODRIGUES ALVES";"RANDOLFE ";"#NULO#";12;"APTO";2;"DEFERIDO";-3;"#NE";-3;"#NE";-3;"#NE";"COLIGAÇÃO";18;"REDE";"Rede Sustentabilidade";-1;"#NULO#";"#NULO#";"#NULO#";30000050520;"TRABALHO E UNIÃO PELO AMAPÁ";"DEM / REDE / PSDB / PPL / PP / PSC / AVANTE / PSD / PODE / SOLIDARIEDADE";"N";14161;"Válido";14161;1;"ELEITO"
"13/11/2024";"10:56:11";2018;2;"Eleição Ordinária";1;297;"ELEIÇÕES GERAIS ESTADUAIS 2018";"07/10/2018";"E";"AP";"AP";"AMAPÁ";6017;"AMAPÁ";1;5;"Senador";30000620104;180;"RANDOLPH FREDERICH RODRIGUES ALVES";"RANDOLFE ";"#NULO#";12;"APTO";2;"DEFERIDO";-3;"#NE";-3;"#NE";-3;"#NE";"COLIGAÇÃO";18;"REDE";"Rede Sustentabilidade";-1;"#NULO#";"#NULO#";"#NULO#";30000050520;"TRABALHO E UNIÃO PELO AMAPÁ";"DEM / REDE / PSDB / PPL / PP / PSC / AVANTE / PSD / PODE / SOLIDARIEDADE";"N";3458;"Válido";3458;1;"ELEITO"
"13/11/2024";"10:56:11";2018;2;"Eleição Ordinária";1;297;"ELEIÇÕES GERAIS ESTADUAIS 2018";"07/10/2018";"E";"AP";"AP";"AMAPÁ";6041;"ITAUBAL";10;5;"Senador";30000620104;180;"RANDOLPH FREDERICH RODRIGUES ALVES";"RANDOLFE ";"#NULO#";12;"APTO";2;"DEFERIDO";-3;"#NE";-3;"#NE";-3;"#NE";"COLIGAÇÃO";18;"REDE";"Rede Sustentabilidade";-1;"#NULO#";"#NULO#";"#NULO#";30000050520;"TRABALHO E UNIÃO PELO AMAPÁ";"DEM / REDE / PSDB / PPL / PP / PSC / AVANTE / PSD / PODE / SOLIDARIEDADE";"N";3313;"Válido";3313;1;"ELEITO"
"13/11/2024";"10:56:11";2018;2;"Eleição Ordinária";1;297;"ELEIÇÕES GERAIS ESTADUAIS 2018";"07/10/2018";"E";"AP";"AP";"AMAPÁ";6157;"SANTANA";6;5;"Senador";30000620104;180;"RANDOLPH FREDERICH RODRIGUES ALVES";"RANDOLFE ";"#NULO#";12;"APTO";2;"DEFERIDO";-3;"#NE";-3;"#NE";-3;"#NE";"COLIGAÇÃO";18;"REDE";"Rede Sustentabilidade";-1;"#NULO#";"#NULO#";"#NULO#";30000050520;"TRABALHO E UNIÃO PELO AMAPÁ";"DEM / REDE / PSDB / PPL / PP / PSC / AVANTE / PSD / PODE / SOLIDARIEDADE";"N";36525;"Válido";36525;1;"ELEITO"
"13/11/2024";"10:56:11";2018;2;"Eleição Ordinária";1;297;"ELEIÇÕES GERAIS ESTADUAIS 2018";"07/10/2018";"E";"AP";"AP";"AMAPÁ";6076;"MAZAGÃO";5;5;"Senador";30000620104;180;"RANDOLPH FREDERICH RODRIGUES ALVES";"RANDOLFE ";"#NULO#";12;"APTO";2;"DEFERIDO";-3;"#NE";-3;"#NE";-3;"#NE";"COLIGAÇÃO";18;"REDE";"Rede Sustentabilidade";-1;"#NULO#";"#NULO#";"#NULO#";30000050520;"TRABALHO E UNIÃO PELO AMAPÁ";"DEM / REDE / PSDB / PPL / PP / PSC / AVANTE / PSD / PODE / SOLIDARIEDADE";"N";9027;"Válido";9027;1;"ELEITO"
"13/11/2024";"10:56:11";2018;2;"Eleição Ordinária";1;297;"ELEIÇÕES GERAIS ESTADUAIS 2018";"07/10/2018";"E";"AP";"AP";"AMAPÁ";6068;"CUTIAS";10;5;"Senador";30000620104;180;"RANDOLPH FREDERICH RODRIGUES ALVES";"RANDOLFE ";"#NULO#";12;"APTO";2;"DEFERIDO";-3;"#NE";-3;"#NE";-3;"#NE";"COLIGAÇÃO";18;"REDE";"Rede Sustentabilidade";-1;"#NULO#";"#NULO#";"#NULO#";30000050520;"TRABALHO E UNIÃO PELO AMAPÁ";"DEM / REDE / PSDB / PPL / PP / PSC / AVANTE / PSD / PODE / SOLIDARIEDADE";"N";2277;"Válido";2277;1;"ELEITO"
"13/11/2024";"10:56:11";2018;2;"Eleição Ordinária";1;297;"ELEIÇÕES GERAIS ESTADUAIS 2018";"07/10/2018";"E";"AP";"AP";"AMAPÁ";6092;"OIAPOQUE";4;5;"Senador";30000620104;180;"RANDOLPH FREDERICH RODRIGUES ALVES";"RANDOLFE ";"#NULO#";12;"APTO";2;"DEFERIDO";-3;"#NE";-3;"#NE";-3;"#NE";"COLIGAÇÃO";18;"REDE";"Rede Sustentabilidade";-1;"#NULO#";"#NULO#";"#NULO#";30000050520;"TRABALHO E UNIÃO PELO AMAPÁ";"DEM / REDE / PSDB / PPL / PP / PSC / AVANTE / PSD / PODE / SOLIDARIEDADE";"N";7728;"Válido";7728;1;"ELEITO"
"13/11/2024";"10:56:11";2018;2;"Eleição Ordinária";1;297;"ELEIÇÕES GERAIS ESTADUAIS 2018";"07/10/2018";"E";"AP";"AP";"AMAPÁ";6106;"SERRA DO NAVIO";11;5;"Senador";30000620104;180;"RANDOLPH FREDERICH RODRIGUES ALVES";"RANDOLFE ";"#NULO#";12;"APTO";2;"DEFERIDO";-3;"#NE";-3;"#NE";-3;"#NE";"COLIGAÇÃO";18;"REDE";"Rede Sustentabilidade";-1;"#NULO#";"#NULO#";"#NULO#";30000050520;"TRABALHO E UNIÃO PELO AMAPÁ";"DEM / REDE / PSDB / PPL / PP / PSC / AVANTE / PSD / PODE / SOLIDARIEDADE";"N";1663;"Válido";1663;1;"ELEITO"
"13/11/2024";"10:56:11";2018;2;"Eleição Ordinária";1;297;"ELEIÇÕES GERAIS ESTADUAIS 2018";"07/10/2018";"E";"AP";"AP";"AMAPÁ";6009;"PRACUÚBA";1;5;"Senador";30000620104;180;"RANDOLPH FREDERICH RODRIGUES ALVES";"RANDOLFE ";"#NULO#";12;"APTO";2;"DEFERIDO";-3;"#NE";-3;"#NE";-3;"#NE";"COLIGAÇÃO";18;"REDE";"Rede Sustentabilidade";-1;"#NULO#";"#NULO#";"#NULO#";30000050520;"TRABALHO E UNIÃO PELO AMAPÁ";"DEM / REDE / PSDB / PPL / PP / PSC / AVANTE / PSD / PODE / SOLIDARIEDADE";"N";1941;"Válido";1941;1;"ELEITO"
"13/11/2024";"10:56:11";2018;2;"Eleição Ordinária";1;297;"ELEIÇÕES GERAIS ESTADUAIS 2018";"07/10/2018";"E";"AP";"AP";"AMAPÁ";6173;"TARTARUGALZINHO";8;5;"Senador";30000620104;180;"RANDOLPH FREDERICH RODRIGUES ALVES";"RANDOLFE ";"#NULO#";12;"APTO";2;"DEFERIDO";-3;"#NE";-3;"#NE";-3;"#NE";"COLIGAÇÃO";18;"REDE";"Rede Sustentabilidade";-1;"#NULO#";"#NULO#";"#NULO#";30000050520;"TRABALHO E UNIÃO PELO AMAPÁ";"DEM / REDE / PSDB / PPL / PP / PSC / AVANTE / PSD / PODE / SOLIDARIEDADE";"N";4601;"Válido";4601;1;"ELEITO"
"13/11/2024";"10:56:11";2018;2;"Eleição Ordinária";1;297;"ELEIÇÕES GERAIS ESTADUAIS 2018";"07/10/2018";"E";"AP";"AP";"AMAPÁ";6050;"MACAPÁ";2;5;"Senador";30000620104;180;"RANDOLPH FREDERICH RODRIGUES ALVES";"RANDOLFE ";"#NULO#";12;"APTO";2;"DEFERIDO";-3;"#NE";-3;"#NE";-3;"#NE";"COLIGAÇÃO";18;"REDE";"Rede Sustentabilidade";-1;"#NULO#";"#NULO#";"#NULO#";30000050520;"TRABALHO E UNIÃO PELO AMAPÁ";"DEM / REDE / PSDB / PPL / PP / PSC / AVANTE / PSD / PODE / SOLIDARIEDADE";"N";90045;"Válido";90045;1;"ELEITO"
"13/11/2024";"10:56:11";2018;2;"Eleição Ordinária";1;297;"ELEIÇÕES GERAIS ESTADUAIS 2018";"07/10/2018";"E";"AP";"AP";"AMAPÁ";6122;"VITÓRIA DO JARI";7;5;"Senador";30000620104;180;"RANDOLPH FREDERICH RODRIGUES ALVES";"RANDOLFE ";"#NULO#";12;"APTO";2;"DEFERIDO";-3;"#NE";-3;"#NE";-3;"#NE";"COLIGAÇÃO";18;"REDE";"Rede Sustentabilidade";-1;"#NULO#";"#NULO#";"#NULO#";30000050520;"TRABALHO E UNIÃO PELO AMAPÁ";"DEM / REDE / PSDB / PPL / PP / PSC / AVANTE / PSD / PODE / SOLIDARIEDADE";"N";4825;"Válido";4825;1;"ELEITO"
"13/11/2024";"10:56:11";2018;2;"Eleição Ordinária";1;297;"ELEIÇÕES GERAIS ESTADUAIS 2018";"07/10/2018";"E";"AP";"AP";"AMAPÁ";6025;"PORTO GRANDE";12;5;"Senador";30000620104;180;"RANDOLPH FREDERICH RODRIGUES ALVES";"RANDOLFE ";"#NULO#";12;"APTO";2;"DEFERIDO";-3;"#NE";-3;"#NE";-3;"#NE";"COLIGAÇÃO";18;"REDE";"Rede Sustentabilidade";-1;"#NULO#";"#NULO#";"#NULO#";30000050520;"TRABALHO E UNIÃO PELO AMAPÁ";"DEM / REDE / PSDB / PPL / PP / PSC / AVANTE / PSD / PODE / SOLIDARIEDADE";"N";6171;"Válido";6171;1;"ELEITO"
"13/11/2024";"10:56:11";2018;2;"Eleição Ordinária";1;297;"ELEIÇÕES GERAIS ESTADUAIS 2018";"07/10/2018";"E";"AP";"AP";"AMAPÁ";6050;"MACAPÁ";10;5;"Senador";30000620104;180;"RANDOLPH FREDERICH RODRIGUES ALVES";"RANDOLFE ";"#NULO#";12;"APTO";2;"DEFERIDO";-3;"#NE";-3;"#NE";-3;"#NE";"COLIGAÇÃO";18;"REDE";"Rede Sustentabilidade";-1;"#NULO#";"#NULO#";"#NULO#";30000050520;"TRABALHO E UNIÃO PELO AMAPÁ";"DEM / REDE / PSDB / PPL / PP / PSC / AVANTE / PSD / PODE / SOLIDARIEDADE";"N";67484;"Válido";67484;1;"ELEITO"
"13/11/2024";"10:56:11";2018;2;"Eleição Ordinária";1;297;"ELEIÇÕES GERAIS ESTADUAIS 2018";"07/10/2018";"E";"AP";"AP";"AMAPÁ";6114;"FERREIRA GOMES";12;5;"Senador";30000620104;180;"RANDOLPH FREDERICH RODRIGUES ALVES";"RANDOLFE ";"#NULO#";12;"APTO";2;"DEFERIDO";-3;"#NE";-3;"#NE";-3;"#NE";"COLIGAÇÃO";18;"REDE";"Rede Sustentabilidade";-1;"#NULO#";"#NULO#";"#NULO#";30000050520;"TRABALHO E UNIÃO PELO AMAPÁ";"DEM / REDE / PSDB / PPL / PP / PSC / AVANTE / PSD / PODE / SOLIDARIEDADE";"N";3633;"Válido";3633;1;"ELEITO"
"13/11/2024";"10:56:11";2018;2;"Eleição Ordinária";2;298;"ELEIÇÕES GERAIS ESTADUAIS 2018";"28/10/2018";"E";"AP";"AP";"AMAPÁ";6033;"CALÇOENE";1;3;"Governador";30000613618;12;"ANTONIO WALDEZ GÓES DA SILVA";"WALDEZ";"#NULO#";12;"APTO";2;"DEFERIDO";-3;"#NE";-3;"#NE";-3;"#NE";"COLIGAÇÃO";12;"PDT";"Partido Democrático Trabalhista";-1;"#NULO#";"#NULO#";"#NULO#";30000050363;"COM A FORÇA DO POVO POR MAIS CONQUISTAS";"PDT / PROS / PTB / MDB / DC / PRB / PRP / PC do B / PMB";"N";2444;"Válido";2444;1;"ELEITO"
"13/11/2024";"10:56:11";2018;2;"Eleição Ordinária";2;298;"ELEIÇÕES GERAIS ESTADUAIS 2018";"28/10/2018";"E";"AP";"AP";"AMAPÁ";6017;"AMAPÁ";1;3;"Governador";30000613618;12;"ANTONIO WALDEZ GÓES DA SILVA";"WALDEZ";"#NULO#";12;"APTO";2;"DEFERIDO";-3;"#NE";-3;"#NE";-3;"#NE";"COLIGAÇÃO";12;"PDT";"Partido Democrático Trabalhista";-1;"#NULO#";"#NULO#";"#NULO#";30000050363;"COM A FORÇA DO POVO POR MAIS CONQUISTAS";"PDT / PROS / PTB / MDB / DC / PRB / PRP / PC do B / PMB";"N";2207;"Válido";2207;1;"ELEITO"
"13/11/2024";"10:56:11";2018;2;"Eleição Ordinária";2;298;"ELEIÇÕES GERAIS ESTADUAIS 2018";"28/10/2018";"E";"AP";"AP";"AMAPÁ";6084;"PEDRA BRANCA DO AMAPARI";11;3;"Governador";30000613618;12;"ANTONIO WALDEZ GÓES DA SILVA";"WALDEZ";"#NULO#";12;"APTO";2;"DEFERIDO";-3;"#NE";-3;"#NE";-3;"#NE";"COLIGAÇÃO";12;"PDT";"Partido Democrático Trabalhista";-1;"#NULO#";"#NULO#";"#NULO#";30000050363;"COM A FORÇA DO POVO POR MAIS CONQUISTAS";"PDT / PROS / PTB / MDB / DC / PRB / PRP / PC do B / PMB";"N";2546;"Válido";2546;1;"ELEITO"
"13/11/2024";"10:56:11";2018;2;"Eleição Ordinária";2;298;"ELEIÇÕES GERAIS ESTADUAIS 2018";"28/10/2018";"E";"AP";"AP";"AMAPÁ";6130;"LARANJAL DO JARI";7;3;"Governador";30000613618;12;"ANTONIO WALDEZ GÓES DA SILVA";"WALDEZ";"#NULO#";12;"APTO";2;"DEFERIDO";-3;"#NE";-3;"#NE";-3;"#NE";"COLIGAÇÃO";12;"PDT";"Partido Democrático Trabalhista";-1;"#NULO#";"#NULO#";"#NULO#";30000050363;"COM A FORÇA DO POVO POR MAIS CONQUISTAS";"PDT / PROS / PTB / MDB / DC / PRB / PRP / PC do B / PMB";"N";7636;"Válido";7636;1;"ELEITO"
"13/11/2024";"10:56:11";2018;2;"Eleição Ordinária";2;298;"ELEIÇÕES GERAIS ESTADUAIS 2018";"28/10/2018";"E";"AP";"AP";"AMAPÁ";6041;"ITAUBAL";10;3;"Governador";30000613618;12;"ANTONIO WALDEZ GÓES DA SILVA";"WALDEZ";"#NULO#";12;"APTO";2;"DEFERIDO";-3;"#NE";-3;"#NE";-3;"#NE";"COLIGAÇÃO";12;"PDT";"Partido Democrático Trabalhista";-1;"#NULO#";"#NULO#";"#NULO#";30000050363;"COM A FORÇA DO POVO POR MAIS CONQUISTAS";"PDT / PROS / PTB / MDB / DC / PRB / PRP / PC do B / PMB";"N";1626;"Válido";1626;1;"ELEITO"
"13/11/2024";"10:56:11";2018;2;"Eleição Ordinária";2;298;"ELEIÇÕES GERAIS ESTADUAIS 2018";"28/10/2018";"E";"AP";"AP";"AMAPÁ";6157;"SANTANA";6;3;"Governador";30000613618;12;"ANTONIO WALDEZ GÓES DA SILVA";"WALDEZ";"#NULO#";12;"APTO";2;"DEFERIDO";-3;"#NE";-3;"#NE";-3;"#NE";"COLIGAÇÃO";12;"PDT";"Partido Democrático Trabalhista";-1;"#NULO#";"#NULO#";"#NULO#";30000050363;"COM A FORÇA DO POVO POR MAIS CONQUISTAS";"PDT / PROS / PTB / MDB / DC / PRB / PRP / PC do B / PMB";"N";37562;"Válido";37562;1;"ELEITO"
"13/11/2024";"10:56:11";2018;2;"Eleição Ordinária";1;297;"ELEIÇÕES GERAIS ESTADUAIS 2018";"07/10/2018";"E";"AP";"AP";"AMAPÁ";6041;"ITAUBAL";10;5;"Senador";30000620108;450;"SEBASTIÃO FERREIRA DA ROCHA";"BALA ROCHA";"#NULO#";12;"APTO";2;"DEFERIDO";-3;"#NE";-3;"#NE";-3;"#NE";"COLIGAÇÃO";45;"PSDB";"Partido da Social Democracia Brasileira";-1;"#NULO#";"#NULO#";"#NULO#";30000050520;"TRABALHO E UNIÃO PELO AMAPÁ";"DEM / REDE / PSDB / PPL / PP / PSC / AVANTE / PSD / PODE / SOLIDARIEDADE";"N";169;"Válido";169;4;"NÃO ELEITO"
"13/11/2024";"10:56:11";2018;2;"Eleição Ordinária";1;297;"ELEIÇÕES GERAIS ESTADUAIS 2018";"07/10/2018";"E";"AP";"AP";"AMAPÁ";6130;"LARANJAL DO JARI";7;5;"Senador";30000620108;450;"SEBASTIÃO FERREIRA DA ROCHA";"BALA ROCHA";"#NULO#";12;"APTO";2;"DEFERIDO";-3;"#NE";-3;"#NE";-3;"#NE";"COLIGAÇÃO";45;"PSDB";"Partido da Social Democracia Brasileira";-1;"#NULO#";"#NULO#";"#NULO#";30000050520;"TRABALHO E UNIÃO PELO AMAPÁ";"DEM / REDE / PSDB / PPL / PP / PSC / AVANTE / PSD / PODE / SOLIDARIEDADE";"N";898;"Válido";898;4;"NÃO ELEITO"
"13/11/2024";"10:56:11";2018;2;"Eleição Ordinária";1;297;"ELEIÇÕES GERAIS ESTADUAIS 2018";"07/10/2018";"E";"AP";"AP";"AMAPÁ";6084;"PEDRA BRANCA DO AMAPARI";11;5;"Senador";30000620108;450;"SEBASTIÃO FERREIRA DA ROCHA";"BALA ROCHA";"#NULO#";12;"APTO";2;"DEFERIDO";-3;"#NE";-3;"#NE";-3;"#NE";"COLIGAÇÃO";45;"PSDB";"Partido da Social Democracia Brasileira";-1;"#NULO#";"#NULO#";"#NULO#";30000050520;"TRABALHO E UNIÃO PELO AMAPÁ";"DEM / REDE / PSDB / PPL / PP / PSC / AVANTE / PSD / PODE / SOLIDARIEDADE";"N";392;"Válido";392;4;"NÃO ELEITO"
"13/11/2024";"10:56:11";2018;2;"Eleição Ordinária";1;297;"ELEIÇÕES GERAIS ESTADUAIS 2018";"07/10/2018";"E";"AP";"AP";"AMAPÁ";6017;"AMAPÁ";1;5;"Senador";30000620108;450;"SEBASTIÃO FERREIRA DA ROCHA";"BALA ROCHA";"#NULO#";12;"APTO";2;"DEFERIDO";-3;"#NE";-3;"#NE";-3;"#NE";"COLIGAÇÃO";45;"PSDB";"Partido da Social Democracia Brasileira";-1;"#NULO#";"#NULO#";"#NULO#";30000050520;"TRABALHO E UNIÃO PELO AMAPÁ";"DEM / REDE / PSDB / PPL / PP / PSC / AVANTE / PSD / PODE / SOLIDARIEDADE";"N";161;"Válido";161;4;"NÃO ELEITO"
"13/11/2024";"10:56:11";2018;2;"Eleição Ordinária";2;298;"ELEIÇÕES GERAIS ESTADUAIS 2018";"28/10/2018";"E";"AP";"AP";"AMAPÁ";6092;"OIAPOQUE";4;3;"Governador";30000613618;12;"ANTONIO WALDEZ GÓES DA SILVA";"WALDEZ";"#NULO#";12;"APTO";2;"DEFERIDO";-3;"#NE";-3;"#NE";-3;"#NE";"COLIGAÇÃO";12;"PDT";"Partido Democrático Trabalhista";-1;"#NULO#";"#NULO#";"#NULO#";30000050363;"COM A FORÇA DO POVO POR MAIS CONQUISTAS";"PDT / PROS / PTB / MDB / DC / PRB / PRP / PC do B / PMB";"N";5754;"Válido";5754;1;"ELEITO"
"13/11/2024";"10:56:11";2018;2;"Eleição Ordinária";2;298;"ELEIÇÕES GERAIS ESTADUAIS 2018";"28/10/2018";"E";"AP";"AP";"AMAPÁ";6068;"CUTIAS";10;3;"Governador";30000613618;12;"ANTONIO WALDEZ GÓES DA SILVA";"WALDEZ";"#NULO#";12;"APTO";2;"DEFERIDO";-3;"#NE";-3;"#NE";-3;"#NE";"COLIGAÇÃO";12;"PDT";"Partido Democrático Trabalhista";-1;"#NULO#";"#NULO#";"#NULO#";30000050363;"COM A FORÇA DO POVO POR MAIS CONQUISTAS";"PDT / PROS / PTB / MDB / DC / PRB / PRP / PC do B / PMB";"N";1279;"Válido";1279;1;"ELEITO"
"13/11/2024";"10:56:11";2018;2;"Eleição Ordinária";2;298;"ELEIÇÕES GERAIS ESTADUAIS 2018";"28/10/2018";"E";"AP";"AP";"AMAPÁ";6076;"MAZAGÃO";5;3;"Governador";30000613618;12;"ANTONIO WALDEZ GÓES DA SILVA";"WALDEZ";"#NULO#";12;"APTO";2;"DEFERIDO";-3;"#NE";-3;"#NE";-3;"#NE";"COLIGAÇÃO";12;"PDT";"Partido Democrático Trabalhista";-1;"#NULO#";"#NULO#";"#NULO#";30000050363;"COM A FORÇA DO POVO POR MAIS CONQUISTAS";"PDT / PROS / PTB / MDB / DC / PRB / PRP / PC do B / PMB";"N";5545;"Válido";5545;1;"ELEITO"
"13/11/2024";"10:56:11";2018;2;"Eleição Ordinária";2;298;"ELEIÇÕES GERAIS ESTADUAIS 2018";"28/10/2018";"E";"AP";"AP";"AMAPÁ";6106;"SERRA DO NAVIO";11;3;"Governador";30000613618;12;"ANTONIO WALDEZ GÓES DA SILVA";"WALDEZ";"#NULO#";12;"APTO";2;"DEFERIDO";-3;"#NE";-3;"#NE";-3;"#NE";"COLIGAÇÃO";12;"PDT";"Partido Democrático Trabalhista";-1;"#NULO#";"#NULO#";"#NULO#";30000050363;"COM A FORÇA DO POVO POR MAIS CONQUISTAS";"PDT / PROS / PTB / MDB / DC / PRB / PRP / PC do B / PMB";"N";1279;"Válido";1279;1;"ELEITO"
"13/11/2024";"10:56:11";2018;2;"Eleição Ordinária";2;298;"ELEIÇÕES GERAIS ESTADUAIS 2018";"28/10/2018";"E";"AP";"AP";"AMAPÁ";6173;"TARTARUGALZINHO";8;3;"Governador";30000613618;12;"ANTONIO WALDEZ GÓES DA SILVA";"WALDEZ";"#NULO#";12;"APTO";2;"DEFERIDO";-3;"#NE";-3;"#NE";-3;"#NE";"COLIGAÇÃO";12;"PDT";"Partido Democrático Trabalhista";-1;"#NULO#";"#NULO#";"#NULO#";30000050363;"COM A FORÇA DO POVO POR MAIS CONQUISTAS";"PDT / PROS / PTB / MDB / DC / PRB / PRP / PC do B / PMB";"N";3223;"Válido";3223;1;"ELEITO"
"13/11/2024";"10:56:11";2018;2;"Eleição Ordinária";2;298;"ELEIÇÕES GERAIS ESTADUAIS 2018";"28/10/2018";"E";"AP";"AP";"AMAPÁ";6009;"PRACUÚBA";1;3;"Governador";30000613618;12;"ANTONIO WALDEZ GÓES DA SILVA";"WALDEZ";"#NULO#";12;"APTO";2;"DEFERIDO";-3;"#NE";-3;"#NE";-3;"#NE";"COLIGAÇÃO";12;"PDT";"Partido Democrático Trabalhista";-1;"#NULO#";"#NULO#";"#NULO#";30000050363;"COM A FORÇA DO POVO POR MAIS CONQUISTAS";"PDT / PROS / PTB / MDB / DC / PRB / PRP / PC do B / PMB";"N";1196;"Válido";1196;1;"ELEITO"
"13/11/2024";"10:56:11";2018;2;"Eleição Ordinária";2;298;"ELEIÇÕES GERAIS ESTADUAIS 2018";"28/10/2018";"E";"AP";"AP";"AMAPÁ";6050;"MACAPÁ";10;3;"Governador";30000613618;12;"ANTONIO WALDEZ GÓES DA SILVA";"WALDEZ";"#NULO#";12;"APTO";2;"DEFERIDO";-3;"#NE";-3;"#NE";-3;"#NE";"COLIGAÇÃO";12;"PDT";"Partido Democrático Trabalhista";-1;"#NULO#";"#NULO#";"#NULO#";30000050363;"COM A FORÇA DO POVO POR MAIS CONQUISTAS";"PDT / PROS / PTB / MDB / DC / PRB / PRP / PC do B / PMB";"N";43268;"Válido";43268;1;"ELEITO"
"13/11/2024";"10:56:11";2018;2;"Eleição Ordinária";2;298;"ELEIÇÕES GERAIS ESTADUAIS 2018";"28/10/2018";"E";"AP";"AP";"AMAPÁ";6122;"VITÓRIA DO JARI";7;3;"Governador";30000613618;12;"ANTONIO WALDEZ GÓES DA SILVA";"WALDEZ";"#NULO#";12;"APTO";2;"DEFERIDO";-3;"#NE";-3;"#NE";-3;"#NE";"COLIGAÇÃO";12;"PDT";"Partido Democrático Trabalhista";-1;"#NULO#";"#NULO#";"#NULO#";30000050363;"COM A FORÇA DO POVO POR MAIS CONQUISTAS";"PDT / PROS / PTB / MDB / DC / PRB / PRP / PC do B / PMB";"N";3137;"Válido";3137;1;"ELEITO"
"13/11/2024";"10:56:11";2018;2;"Eleição Ordinária";2;298;"ELEIÇÕES GERAIS ESTADUAIS 2018";"28/10/2018";"E";"AP";"AP";"AMAPÁ";6050;"MACAPÁ";2;3;"Governador";30000613618;12;"ANTONIO WALDEZ GÓES DA SILVA";"WALDEZ";"#NULO#";12;"APTO";2;"DEFERIDO";-3;"#NE";-3;"#NE";-3;"#NE";"COLIGAÇÃO";12;"PDT";"Partido Democrático Trabalhista";-1;"#NULO#";"#NULO#";"#NULO#";30000050363;"COM A FORÇA DO POVO POR MAIS CONQUISTAS";"PDT / PROS / PTB / MDB / DC / PRB / PRP / PC do B / PMB";"N";65823;"Válido";65823;1;"ELEITO"
"13/11/2024";"10:56:11";2018;2;"Eleição Ordinária";2;298;"ELEIÇÕES GERAIS ESTADUAIS 2018";"28/10/2018";"E";"AP";"AP";"AMAPÁ";6025;"PORTO GRANDE";12;3;"Governador";30000613618;12;"ANTONIO WALDEZ GÓES DA SILVA";"WALDEZ";"#NULO#";12;"APTO";2;"DEFERIDO";-3;"#NE";-3;"#NE";-3;"#NE";"COLIGAÇÃO";12;"PDT";"Partido Democrático Trabalhista";-1;"#NULO#";"#NULO#";"#NULO#";30000050363;"COM A FORÇA DO POVO POR MAIS CONQUISTAS";"PDT / PROS / PTB / MDB / DC / PRB / PRP / PC do B / PMB";"N";5372;"Válido";5372;1;"ELEITO"
"13/11/2024";"10:56:11";2018;2;"Eleição Ordinária";2;298;"ELEIÇÕES GERAIS ESTADUAIS 2018";"28/10/2018";"E";"AP";"AP";"AMAPÁ";6114;"FERREIRA GOMES";12;3;"Governador";30000613618;12;"ANTONIO WALDEZ GÓES DA SILVA";"WALDEZ";"#NULO#";12;"APTO";2;"DEFERIDO";-3;"#NE";-3;"#NE";-3;"#NE";"COLIGAÇÃO";12;"PDT";"Partido Democrático Trabalhista";-1;"#NULO#";"#NULO#";"#NULO#";30000050363;"COM A FORÇA DO POVO POR MAIS CONQUISTAS";"PDT / PROS / PTB / MDB / DC / PRB / PRP / PC do B / PMB";"N";1844;"Válido";1844;1;"ELEITO"
"13/11/2024";"10:56:11";2018;2;"Eleição Ordinária";1;297;"ELEIÇÕES GERAIS ESTADUAIS 2018";"07/10/2018";"E";"AP";"AP";"AMAPÁ";6033;"CALÇOENE";1;5;"Senador";30000605843;152;"GILVAM PINHEIRO BORGES";"GILVAM BORGES";"#NULO#";12;"APTO";2;"DEFERIDO";-3;"#NE";-3;"#NE";-3;"#NE";"PARTIDO ISOLADO";15;"MDB";"Movimento Democrático Brasileiro";-1;"#NULO#";"#NULO#";"#NULO#";30000050168;"PARTIDO ISOLADO";"MDB";"N";411;"Válido";411;4;"NÃO ELEITO"
"13/11/2024";"10:56:11";2018;2;"Eleição Ordinária";1;297;"ELEIÇÕES GERAIS ESTADUAIS 2018";"07/10/2018";"E";"AP";"AP";"AMAPÁ";6033;"CALÇOENE";1;5;"Senador";30000605846;151;"FÁTIMA LÚCIA PELAES";"FÁTIMA PELAES";"#NULO#";12;"APTO";2;"DEFERIDO";-3;"#NE";-3;"#NE";-3;"#NE";"PARTIDO ISOLADO";15;"MDB";"Movimento Democrático Brasileiro";-1;"#NULO#";"#NULO#";"#NULO#";30000050168;"PARTIDO ISOLADO";"MDB";"N";484;"Válido";484;4;"NÃO ELEITO"
"13/11/2024";"10:56:11";2018;2;"Eleição Ordinária";1;297;"ELEIÇÕES GERAIS ESTADUAIS 2018";"07/10/2018";"E";"AP";"AP";"AMAPÁ";6033;"CALÇOENE";1;5;"Senador";30000623196;360;"GUARACY BATISTA DA SILVEIRA JUNIOR";"GUARACY";"#NULO#";12;"APTO";2;"DEFERIDO";-3;"#NE";-3;"#NE";-3;"#NE";"PARTIDO ISOLADO";36;"PTC";"Partido Trabalhista Cristão";-1;"#NULO#";"#NULO#";"#NULO#";30000050620;"PARTIDO ISOLADO";"PTC";"N";317;"Válido";317;4;"NÃO ELEITO"
"13/11/2024";"10:56:11";2018;2;"Eleição Ordinária";1;297;"ELEIÇÕES GERAIS ESTADUAIS 2018";"07/10/2018";"E";"AP";"AP";"AMAPÁ";6033;"CALÇOENE";1;3;"Governador";30000602696;17;"ANTONIO CIRILO FERNANDES BORGES";"CIRILO FERNANDES";"#NULO#";12;"APTO";2;"DEFERIDO";-3;"#NE";-3;"#NE";-3;"#NE";"COLIGAÇÃO";17;"PSL";"Partido Social Liberal";-1;"#NULO#";"#NULO#";"#NULO#";30000050080;"O AMAPÁ QUE QUEREMOS";"PPS / PHS / PR / PSL";"N";236;"Válido";236;4;"NÃO ELEITO"
"13/11/2024";"10:56:11";2018;2;"Eleição Ordinária";1;297;"ELEIÇÕES GERAIS ESTADUAIS 2018";"07/10/2018";"E";"AP";"AP";"AMAPÁ";6033;"CALÇOENE";1;5;"Senador";30000602700;177;"RICARDO GONÇALVES SANTOS";"DR RICARDO SANTOS";"#NULO#";12;"APTO";2;"DEFERIDO";-3;"#NE";-3;"#NE";-3;"#NE";"COLIGAÇÃO";17;"PSL";"Partido Social Liberal";-1;"#NULO#";"#NULO#";"#NULO#";30000050080;"O AMAPÁ QUE QUEREMOS";"PPS / PHS / PR / PSL";"N";47;"Válido";47;4;"NÃO ELEITO"
"13/11/2024";"10:56:11";2018;2;"Eleição Ordinária";1;297;"ELEIÇÕES GERAIS ESTADUAIS 2018";"07/10/2018";"E";"AP";"AP";"AMAPÁ";6041;"ITAUBAL";10;3;"Governador";30000620103;25;"DAVID SAMUEL ALCOLUMBRE TOBELEM";"DAVI";"#NULO#";12;"APTO";2;"DEFERIDO";-3;"#NE";-3;"#NE";-3;"#NE";"COLIGAÇÃO";25;"DEM";"Democratas";-1;"#NULO#";"#NULO#";"#NULO#";30000050520;"TRABALHO E UNIÃO PELO AMAPÁ";"DEM / REDE / PSDB / PPL / PP / PSC / AVANTE / PSD / PODE / SOLIDARIEDADE";"N";1388;"Válido";1388;4;"NÃO ELEITO"
"13/11/2024";"10:56:11";2018;2;"Eleição Ordinária";1;297;"ELEIÇÕES GERAIS ESTADUAIS 2018";"07/10/2018";"E";"AP";"AP";"AMAPÁ";6033;"CALÇOENE";1;3;"Governador";30000620103;25;"DAVID SAMUEL ALCOLUMBRE TOBELEM";"DAVI";"#NULO#";12;"APTO";2;"DEFERIDO";-3;"#NE";-3;"#NE";-3;"#NE";"COLIGAÇÃO";25;"DEM";"Democratas";-1;"#NULO#";"#NULO#";"#NULO#";30000050520;"TRABALHO E UNIÃO PELO AMAPÁ";"DEM / REDE / PSDB / PPL / PP / PSC / AVANTE / PSD / PODE / SOLIDARIEDADE";"N";1935;"Válido";1935;4;"NÃO ELEITO"
"13/11/2024";"10:56:11";2018;2;"Eleição Ordinária";1;297;"ELEIÇÕES GERAIS ESTADUAIS 2018";"07/10/2018";"E";"AP";"AP";"AMAPÁ";6130;"LARANJAL DO JARI";7;3;"Governador";30000620103;25;"DAVID SAMUEL ALCOLUMBRE TOBELEM";"DAVI";"#NULO#";12;"APTO";2;"DEFERIDO";-3;"#NE";-3;"#NE";-3;"#NE";"COLIGAÇÃO";25;"DEM";"Democratas";-1;"#NULO#";"#NULO#";"#NULO#";30000050520;"TRABALHO E UNIÃO PELO AMAPÁ";"DEM / REDE / PSDB / PPL / PP / PSC / AVANTE / PSD / PODE / SOLIDARIEDADE";"N";5457;"Válido";5457;4;"NÃO ELEITO"
"13/11/2024";"10:56:11";2018;2;"Eleição Ordinária";1;297;"ELEIÇÕES GERAIS ESTADUAIS 2018";"07/10/2018";"E";"AP";"AP";"AMAPÁ";6084;"PEDRA BRANCA DO AMAPARI";11;3;"Governador";30000620103;25;"DAVID SAMUEL ALCOLUMBRE TOBELEM";"DAVI";"#NULO#";12;"APTO";2;"DEFERIDO";-3;"#NE";-3;"#NE";-3;"#NE";"COLIGAÇÃO";25;"DEM";"Democratas";-1;"#NULO#";"#NULO#";"#NULO#";30000050520;"TRABALHO E UNIÃO PELO AMAPÁ";"DEM / REDE / PSDB / PPL / PP / PSC / AVANTE / PSD / PODE / SOLIDARIEDADE";"N";2167;"Válido";2167;4;"NÃO ELEITO"
"13/11/2024";"10:56:11";2018;2;"Eleição Ordinária";1;297;"ELEIÇÕES GERAIS ESTADUAIS 2018";"07/10/2018";"E";"AP";"AP";"AMAPÁ";6017;"AMAPÁ";1;3;"Governador";30000620103;25;"DAVID SAMUEL ALCOLUMBRE TOBELEM";"DAVI";"#NULO#";12;"APTO";2;"DEFERIDO";-3;"#NE";-3;"#NE";-3;"#NE";"COLIGAÇÃO";25;"DEM";"Democratas";-1;"#NULO#";"#NULO#";"#NULO#";30000050520;"TRABALHO E UNIÃO PELO AMAPÁ";"DEM / REDE / PSDB / PPL / PP / PSC / AVANTE / PSD / PODE / SOLIDARIEDADE";"N";1326;"Válido";1326;4;"NÃO ELEITO"
"13/11/2024";"10:56:11";2018;2;"Eleição Ordinária";1;297;"ELEIÇÕES GERAIS ESTADUAIS 2018";"07/10/2018";"E";"AP";"AP";"AMAPÁ";6068;"CUTIAS";10;3;"Governador";30000620103;25;"DAVID SAMUEL ALCOLUMBRE TOBELEM";"DAVI";"#NULO#";12;"APTO";2;"DEFERIDO";-3;"#NE";-3;"#NE";-3;"#NE";"COLIGAÇÃO";25;"DEM";"Democratas";-1;"#NULO#";"#NULO#";"#NULO#";30000050520;"TRABALHO E UNIÃO PELO AMAPÁ";"DEM / REDE / PSDB / PPL / PP / PSC / AVANTE / PSD / PODE / SOLIDARIEDADE";"N";1143;"Válido";1143;4;"NÃO ELEITO"
"13/11/2024";"10:56:11";2018;2;"Eleição Ordinária";1;297;"ELEIÇÕES GERAIS ESTADUAIS 2018";"07/10/2018";"E";"AP";"AP";"AMAPÁ";6092;"OIAPOQUE";4;3;"Governador";30000620103;25;"DAVID SAMUEL ALCOLUMBRE TOBELEM";"DAVI";"#NULO#";12;"APTO";2;"DEFERIDO";-3;"#NE";-3;"#NE";-3;"#NE";"COLIGAÇÃO";25;"DEM";"Democratas";-1;"#NULO#";"#NULO#";"#NULO#";30000050520;"TRABALHO E UNIÃO PELO AMAPÁ";"DEM / REDE / PSDB / PPL / PP / PSC / AVANTE / PSD / PODE / SOLIDARIEDADE";"N";4162;"Válido";4162;4;"NÃO ELEITO"
"13/11/2024";"10:56:11";2018;2;"Eleição Ordinária";1;297;"ELEIÇÕES GERAIS ESTADUAIS 2018";"07/10/2018";"E";"AP";"AP";"AMAPÁ";6157;"SANTANA";6;3;"Governador";30000620103;25;"DAVID SAMUEL ALCOLUMBRE TOBELEM";"DAVI";"#NULO#";12;"APTO";2;"DEFERIDO";-3;"#NE";-3;"#NE";-3;"#NE";"COLIGAÇÃO";25;"DEM";"Democratas";-1;"#NULO#";"#NULO#";"#NULO#";30000050520;"TRABALHO E UNIÃO PELO AMAPÁ";"DEM / REDE / PSDB / PPL / PP / PSC / AVANTE / PSD / PODE / SOLIDARIEDADE";"N";12057;"Válido";12057;4;"NÃO ELEITO"
"13/11/2024";"10:56:11";2018;2;"Eleição Ordinária";1;297;"ELEIÇÕES GERAIS ESTADUAIS 2018";"07/10/2018";"E";"AP";"AP";"AMAPÁ";6076;"MAZAGÃO";5;3;"Governador";30000620103;25;"DAVID SAMUEL ALCOLUMBRE TOBELEM";"DAVI";"#NULO#";12;"APTO";2;"DEFERIDO";-3;"#NE";-3;"#NE";-3;"#NE";"COLIGAÇÃO";25;"DEM";"Democratas";-1;"#NULO#";"#NULO#";"#NULO#";30000050520;"TRABALHO E UNIÃO PELO AMAPÁ";"DEM / REDE / PSDB / PPL / PP / PSC / AVANTE / PSD / PODE / SOLIDARIEDADE";"N";3228;"Válido";3228;4;"NÃO ELEITO"
"13/11/2024";"10:56:11";2018;2;"Eleição Ordinária";1;297;"ELEIÇÕES GERAIS ESTADUAIS 2018";"07/10/2018";"E";"AP";"AP";"AMAPÁ";6106;"SERRA DO NAVIO";11;3;"Governador";30000620103;25;"DAVID SAMUEL ALCOLUMBRE TOBELEM";"DAVI";"#NULO#";12;"APTO";2;"DEFERIDO";-3;"#NE";-3;"#NE";-3;"#NE";"COLIGAÇÃO";25;"DEM";"Democratas";-1;"#NULO#";"#NULO#";"#NULO#";30000050520;"TRABALHO E UNIÃO PELO AMAPÁ";"DEM / REDE / PSDB / PPL / PP / PSC / AVANTE / PSD / PODE / SOLIDARIEDADE";"N";849;"Válido";849;4;"NÃO ELEITO"
"13/11/2024";"10:56:11";2018;2;"Eleição Ordinária";1;297;"ELEIÇÕES GERAIS ESTADUAIS 2018";"07/10/2018";"E";"AP";"AP";"AMAPÁ";6130;"LARANJAL DO JARI";7;3;"Governador";30000602696;17;"ANTONIO CIRILO FERNANDES BORGES";"CIRILO FERNANDES";"#NULO#";12;"APTO";2;"DEFERIDO";-3;"#NE";-3;"#NE";-3;"#NE";"COLIGAÇÃO";17;"PSL";"Partido Social Liberal";-1;"#NULO#";"#NULO#";"#NULO#";30000050080;"O AMAPÁ QUE QUEREMOS";"PPS / PHS / PR / PSL";"N";1006;"Válido";1006;4;"NÃO ELEITO"
"13/11/2024";"10:56:11";2018;2;"Eleição Ordinária";1;297;"ELEIÇÕES GERAIS ESTADUAIS 2018";"07/10/2018";"E";"AP";"AP";"AMAPÁ";6084;"PEDRA BRANCA DO AMAPARI";11;3;"Governador";30000602696;17;"ANTONIO CIRILO FERNANDES BORGES";"CIRILO FERNANDES";"#NULO#";12;"APTO";2;"DEFERIDO";-3;"#NE";-3;"#NE";-3;"#NE";"COLIGAÇÃO";17;"PSL";"Partido Social Liberal";-1;"#NULO#";"#NULO#";"#NULO#";30000050080;"O AMAPÁ QUE QUEREMOS";"PPS / PHS / PR / PSL";"N";355;"Válido";355;4;"NÃO ELEITO"
"13/11/2024";"10:56:11";2018;2;"Eleição Ordinária";1;297;"ELEIÇÕES GERAIS ESTADUAIS 2018";"07/10/2018";"E";"AP";"AP";"AMAPÁ";6017;"AMAPÁ";1;3;"Governador";30000602696;17;"ANTONIO CIRILO FERNANDES BORGES";"CIRILO FERNANDES";"#NULO#";12;"APTO";2;"DEFERIDO";-3;"#NE";-3;"#NE";-3;"#NE";"COLIGAÇÃO";17;"PSL";"Partido Social Liberal";-1;"#NULO#";"#NULO#";"#NULO#";30000050080;"O AMAPÁ QUE QUEREMOS";"PPS / PHS / PR / PSL";"N";196;"Válido";196;4;"NÃO ELEITO"
"13/11/2024";"10:56:11";2018;2;"Eleição Ordinária";1;297;"ELEIÇÕES GERAIS ESTADUAIS 2018";"07/10/2018";"E";"AP";"AP";"AMAPÁ";6084;"PEDRA BRANCA DO AMAPARI";11;5;"Senador";30000602700;177;"RICARDO GONÇALVES SANTOS";"DR RICARDO SANTOS";"#NULO#";12;"APTO";2;"DEFERIDO";-3;"#NE";-3;"#NE";-3;"#NE";"COLIGAÇÃO";17;"PSL";"Partido Social Liberal";-1;"#NULO#";"#NULO#";"#NULO#";30000050080;"O AMAPÁ QUE QUEREMOS";"PPS / PHS / PR / PSL";"N";162;"Válido";162;4;"NÃO ELEITO"
"13/11/2024";"10:56:11";2018;2;"Eleição Ordinária";1;297;"ELEIÇÕES GERAIS ESTADUAIS 2018";"07/10/2018";"E";"AP";"AP";"AMAPÁ";6017;"AMAPÁ";1;5;"Senador";30000602700;177;"RICARDO GONÇALVES SANTOS";"DR RICARDO SANTOS";"#NULO#";12;"APTO";2;"DEFERIDO";-3;"#NE";-3;"#NE";-3;"#NE";"COLIGAÇÃO";17;"PSL";"Partido Social Liberal";-1;"#NULO#";"#NULO#";"#NULO#";30000050080;"O AMAPÁ QUE QUEREMOS";"PPS / PHS / PR / PSL";"N";91;"Válido";91;4;"NÃO ELEITO"
"13/11/2024";"10:56:11";2018;2;"Eleição Ordinária";1;297;"ELEIÇÕES GERAIS ESTADUAIS 2018";"07/10/2018";"E";"AP";"AP";"AMAPÁ";6130;"LARANJAL DO JARI";7;5;"Senador";30000602700;177;"RICARDO GONÇALVES SANTOS";"DR RICARDO SANTOS";"#NULO#";12;"APTO";2;"DEFERIDO";-3;"#NE";-3;"#NE";-3;"#NE";"COLIGAÇÃO";17;"PSL";"Partido Social Liberal";-1;"#NULO#";"#NULO#";"#NULO#";30000050080;"O AMAPÁ QUE QUEREMOS";"PPS / PHS / PR / PSL";"N";408;"Válido";408;4;"NÃO ELEITO"
"13/11/2024";"10:56:11";2018;2;"Eleição Ordinária";1;297;"ELEIÇÕES GERAIS ESTADUAIS 2018";"07/10/2018";"E";"AP";"AP";"AMAPÁ";6173;"TARTARUGALZINHO";8;3;"Governador";30000602696;17;"ANTONIO CIRILO FERNANDES BORGES";"CIRILO FERNANDES";"#NULO#";12;"APTO";2;"DEFERIDO";-3;"#NE";-3;"#NE";-3;"#NE";"COLIGAÇÃO";17;"PSL";"Partido Social Liberal";-1;"#NULO#";"#NULO#";"#NULO#";30000050080;"O AMAPÁ QUE QUEREMOS";"PPS / PHS / PR / PSL";"N";323;"Válido";323;4;"NÃO ELEITO"
"13/11/2024";"10:56:11";2018;2;"Eleição Ordinária";1;297;"ELEIÇÕES GERAIS ESTADUAIS 2018";"07/10/2018";"E";"AP";"AP";"AMAPÁ";6009;"PRACUÚBA";1;3;"Governador";30000602696;17;"ANTONIO CIRILO FERNANDES BORGES";"CIRILO FERNANDES";"#NULO#";12;"APTO";2;"DEFERIDO";-3;"#NE";-3;"#NE";-3;"#NE";"COLIGAÇÃO";17;"PSL";"Partido Social Liberal";-1;"#NULO#";"#NULO#";"#NULO#";30000050080;"O AMAPÁ QUE QUEREMOS";"PPS / PHS / PR / PSL";"N";142;"Válido";142;4;"NÃO ELEITO"
"13/11/2024";"10:56:11";2018;2;"Eleição Ordinária";1;297;"ELEIÇÕES GERAIS ESTADUAIS 2018";"07/10/2018";"E";"AP";"AP";"AMAPÁ";6106;"SERRA DO NAVIO";11;3;"Governador";30000602696;17;"ANTONIO CIRILO FERNANDES BORGES";"CIRILO FERNANDES";"#NULO#";12;"APTO";2;"DEFERIDO";-3;"#NE";-3;"#NE";-3;"#NE";"COLIGAÇÃO";17;"PSL";"Partido Social Liberal";-1;"#NULO#";"#NULO#";"#NULO#";30000050080;"O AMAPÁ QUE QUEREMOS";"PPS / PHS / PR / PSL";"N";139;"Válido";139;4;"NÃO ELEITO"
"13/11/2024";"10:56:11";2018;2;"Eleição Ordinária";1;297;"ELEIÇÕES GERAIS ESTADUAIS 2018";"07/10/2018";"E";"AP";"AP";"AMAPÁ";6106;"SERRA DO NAVIO";11;5;"Senador";30000602700;177;"RICARDO GONÇALVES SANTOS";"DR RICARDO SANTOS";"#NULO#";12;"APTO";2;"DEFERIDO";-3;"#NE";-3;"#NE";-3;"#NE";"COLIGAÇÃO";17;"PSL";"Partido Social Liberal";-1;"#NULO#";"#NULO#";"#NULO#";30000050080;"O AMAPÁ QUE QUEREMOS";"PPS / PHS / PR / PSL";"N";136;"Válido";136;4;"NÃO ELEITO"
"13/11/2024";"10:56:11";2018;2;"Eleição Ordinária";1;297;"ELEIÇÕES GERAIS ESTADUAIS 2018";"07/10/2018";"E";"AP";"AP";"AMAPÁ";6041;"ITAUBAL";10;3;"Governador";30000602696;17;"ANTONIO CIRILO FERNANDES BORGES";"CIRILO FERNANDES";"#NULO#";12;"APTO";2;"DEFERIDO";-3;"#NE";-3;"#NE";-3;"#NE";"COLIGAÇÃO";17;"PSL";"Partido Social Liberal";-1;"#NULO#";"#NULO#";"#NULO#";30000050080;"O AMAPÁ QUE QUEREMOS";"PPS / PHS / PR / PSL";"N";202;"Válido";202;4;"NÃO ELEITO"
"13/11/2024";"10:56:11";2018;2;"Eleição Ordinária";1;297;"ELEIÇÕES GERAIS ESTADUAIS 2018";"07/10/2018";"E";"AP";"AP";"AMAPÁ";6041;"ITAUBAL";10;5;"Senador";30000602700;177;"RICARDO GONÇALVES SANTOS";"DR RICARDO SANTOS";"#NULO#";12;"APTO";2;"DEFERIDO";-3;"#NE";-3;"#NE";-3;"#NE";"COLIGAÇÃO";17;"PSL";"Partido Social Liberal";-1;"#NULO#";"#NULO#";"#NULO#";30000050080;"O AMAPÁ QUE QUEREMOS";"PPS / PHS / PR / PSL";"N";35;"Válido";35;4;"NÃO ELEITO"
"13/11/2024";"10:56:11";2018;2;"Eleição Ordinária";1;297;"ELEIÇÕES GERAIS ESTADUAIS 2018";"07/10/2018";"E";"AP";"AP";"AMAPÁ";6157;"SANTANA";6;3;"Governador";30000602696;17;"ANTONIO CIRILO FERNANDES BORGES";"CIRILO FERNANDES";"#NULO#";12;"APTO";2;"DEFERIDO";-3;"#NE";-3;"#NE";-3;"#NE";"COLIGAÇÃO";17;"PSL";"Partido Social Liberal";-1;"#NULO#";"#NULO#";"#NULO#";30000050080;"O AMAPÁ QUE QUEREMOS";"PPS / PHS / PR / PSL";"N";6323;"Válido";6323;4;"NÃO ELEITO"
"13/11/2024";"10:56:11";2018;2;"Eleição Ordinária";1;297;"ELEIÇÕES GERAIS ESTADUAIS 2018";"07/10/2018";"E";"AP";"AP";"AMAPÁ";6068;"CUTIAS";10;3;"Governador";30000602696;17;"ANTONIO CIRILO FERNANDES BORGES";"CIRILO FERNANDES";"#NULO#";12;"APTO";2;"DEFERIDO";-3;"#NE";-3;"#NE";-3;"#NE";"COLIGAÇÃO";17;"PSL";"Partido Social Liberal";-1;"#NULO#";"#NULO#";"#NULO#";30000050080;"O AMAPÁ QUE QUEREMOS";"PPS / PHS / PR / PSL";"N";129;"Válido";129;4;"NÃO ELEITO"
"13/11/2024";"10:56:11";2018;2;"Eleição Ordinária";1;297;"ELEIÇÕES GERAIS ESTADUAIS 2018";"07/10/2018";"E";"AP";"AP";"AMAPÁ";6092;"OIAPOQUE";4;3;"Governador";30000602696;17;"ANTONIO CIRILO FERNANDES BORGES";"CIRILO FERNANDES";"#NULO#";12;"APTO";2;"DEFERIDO";-3;"#NE";-3;"#NE";-3;"#NE";"COLIGAÇÃO";17;"PSL";"Partido Social Liberal";-1;"#NULO#";"#NULO#";"#NULO#";30000050080;"O AMAPÁ QUE QUEREMOS";"PPS / PHS / PR / PSL";"N";561;"Válido";561;4;"NÃO ELEITO"
"13/11/2024";"10:56:11";2018;2;"Eleição Ordinária";1;297;"ELEIÇÕES GERAIS ESTADUAIS 2018";"07/10/2018";"E";"AP";"AP";"AMAPÁ";6076;"MAZAGÃO";5;3;"Governador";30000602696;17;"ANTONIO CIRILO FERNANDES BORGES";"CIRILO FERNANDES";"#NULO#";12;"APTO";2;"DEFERIDO";-3;"#NE";-3;"#NE";-3;"#NE";"COLIGAÇÃO";17;"PSL";"Partido Social Liberal";-1;"#NULO#";"#NULO#";"#NULO#";30000050080;"O AMAPÁ QUE QUEREMOS";"PPS / PHS / PR / PSL";"N";653;"Válido";653;4;"NÃO ELEITO"
"13/11/2024";"10:56:11";2018;2;"Eleição Ordinária";1;297;"ELEIÇÕES GERAIS ESTADUAIS 2018";"07/10/2018";"E";"AP";"AP";"AMAPÁ";6157;"SANTANA";6;5;"Senador";30000602700;177;"RICARDO GONÇALVES SANTOS";"DR RICARDO SANTOS";"#NULO#";12;"APTO";2;"DEFERIDO";-3;"#NE";-3;"#NE";-3;"#NE";"COLIGAÇÃO";17;"PSL";"Partido Social Liberal";-1;"#NULO#";"#NULO#";"#NULO#";30000050080;"O AMAPÁ QUE QUEREMOS";"PPS / PHS / PR / PSL";"N";1375;"Válido";1375;4;"NÃO ELEITO"
"13/11/2024";"10:56:11";2018;2;"Eleição Ordinária";1;297;"ELEIÇÕES GERAIS ESTADUAIS 2018";"07/10/2018";"E";"AP";"AP";"AMAPÁ";6068;"CUTIAS";10;5;"Senador";30000602700;177;"RICARDO GONÇALVES SANTOS";"DR RICARDO SANTOS";"#NULO#";12;"APTO";2;"DEFERIDO";-3;"#NE";-3;"#NE";-3;"#NE";"COLIGAÇÃO";17;"PSL";"Partido Social Liberal";-1;"#NULO#";"#NULO#";"#NULO#";30000050080;"O AMAPÁ QUE QUEREMOS";"PPS / PHS / PR / PSL";"N";34;"Válido";34;4;"NÃO ELEITO"
"13/11/2024";"10:56:11";2018;2;"Eleição Ordinária";1;297;"ELEIÇÕES GERAIS ESTADUAIS 2018";"07/10/2018";"E";"AP";"AP";"AMAPÁ";6076;"MAZAGÃO";5;5;"Senador";30000602700;177;"RICARDO GONÇALVES SANTOS";"DR RICARDO SANTOS";"#NULO#";12;"APTO";2;"DEFERIDO";-3;"#NE";-3;"#NE";-3;"#NE";"COLIGAÇÃO";17;"PSL";"Partido Social Liberal";-1;"#NULO#";"#NULO#";"#NULO#";30000050080;"O AMAPÁ QUE QUEREMOS";"PPS / PHS / PR / PSL";"N";123;"Válido";123;4;"NÃO ELEITO"
"13/11/2024";"10:56:11";2018;2;"Eleição Ordinária";1;297;"ELEIÇÕES GERAIS ESTADUAIS 2018";"07/10/2018";"E";"AP";"AP";"AMAPÁ";6092;"OIAPOQUE";4;5;"Senador";30000602700;177;"RICARDO GONÇALVES SANTOS";"DR RICARDO SANTOS";"#NULO#";12;"APTO";2;"DEFERIDO";-3;"#NE";-3;"#NE";-3;"#NE";"COLIGAÇÃO";17;"PSL";"Partido Social Liberal";-1;"#NULO#";"#NULO#";"#NULO#";30000050080;"O AMAPÁ QUE QUEREMOS";"PPS / PHS / PR / PSL";"N";353;"Válido";353;4;"NÃO ELEITO"
"13/11/2024";"10:56:11";2018;2;"Eleição Ordinária";1;297;"ELEIÇÕES GERAIS ESTADUAIS 2018";"07/10/2018";"E";"AP";"AP";"AMAPÁ";6173;"TARTARUGALZINHO";8;5;"Senador";30000602700;177;"RICARDO GONÇALVES SANTOS";"DR RICARDO SANTOS";"#NULO#";12;"APTO";2;"DEFERIDO";-3;"#NE";-3;"#NE";-3;"#NE";"COLIGAÇÃO";17;"PSL";"Partido Social Liberal";-1;"#NULO#";"#NULO#";"#NULO#";30000050080;"O AMAPÁ QUE QUEREMOS";"PPS / PHS / PR / PSL";"N";90;"Válido";90;4;"NÃO ELEITO"
"13/11/2024";"10:56:11";2018;2;"Eleição Ordinária";1;297;"ELEIÇÕES GERAIS ESTADUAIS 2018";"07/10/2018";"E";"AP";"AP";"AMAPÁ";6009;"PRACUÚBA";1;5;"Senador";30000602700;177;"RICARDO GONÇALVES SANTOS";"DR RICARDO SANTOS";"#NULO#";12;"APTO";2;"DEFERIDO";-3;"#NE";-3;"#NE";-3;"#NE";"COLIGAÇÃO";17;"PSL";"Partido Social Liberal";-1;"#NULO#";"#NULO#";"#NULO#";30000050080;"O AMAPÁ QUE QUEREMOS";"PPS / PHS / PR / PSL";"N";22;"Válido";22;4;"NÃO ELEITO"
"13/11/2024";"10:56:11";2018;2;"Eleição Ordinária";1;297;"ELEIÇÕES GERAIS ESTADUAIS 2018";"07/10/2018";"E";"AP";"AP";"AMAPÁ";6025;"PORTO GRANDE";12;3;"Governador";30000602696;17;"ANTONIO CIRILO FERNANDES BORGES";"CIRILO FERNANDES";"#NULO#";12;"APTO";2;"DEFERIDO";-3;"#NE";-3;"#NE";-3;"#NE";"COLIGAÇÃO";17;"PSL";"Partido Social Liberal";-1;"#NULO#";"#NULO#";"#NULO#";30000050080;"O AMAPÁ QUE QUEREMOS";"PPS / PHS / PR / PSL";"N";678;"Válido";678;4;"NÃO ELEITO"
"13/11/2024";"10:56:11";2018;2;"Eleição Ordinária";1;297;"ELEIÇÕES GERAIS ESTADUAIS 2018";"07/10/2018";"E";"AP";"AP";"AMAPÁ";6050;"MACAPÁ";10;3;"Governador";30000602696;17;"ANTONIO CIRILO FERNANDES BORGES";"CIRILO FERNANDES";"#NULO#";12;"APTO";2;"DEFERIDO";-3;"#NE";-3;"#NE";-3;"#NE";"COLIGAÇÃO";17;"PSL";"Partido Social Liberal";-1;"#NULO#";"#NULO#";"#NULO#";30000050080;"O AMAPÁ QUE QUEREMOS";"PPS / PHS / PR / PSL";"N";15108;"Válido";15108;4;"NÃO ELEITO"
"13/11/2024";"10:56:11";2018;2;"Eleição Ordinária";1;297;"ELEIÇÕES GERAIS ESTADUAIS 2018";"07/10/2018";"E";"AP";"AP";"AMAPÁ";6122;"VITÓRIA DO JARI";7;3;"Governador";30000602696;17;"ANTONIO CIRILO FERNANDES BORGES";"CIRILO FERNANDES";"#NULO#";12;"APTO";2;"DEFERIDO";-3;"#NE";-3;"#NE";-3;"#NE";"COLIGAÇÃO";17;"PSL";"Partido Social Liberal";-1;"#NULO#";"#NULO#";"#NULO#";30000050080;"O AMAPÁ QUE QUEREMOS";"PPS / PHS / PR / PSL";"N";151;"Válido";151;4;"NÃO ELEITO"
"13/11/2024";"10:56:11";2018;2;"Eleição Ordinária";1;297;"ELEIÇÕES GERAIS ESTADUAIS 2018";"07/10/2018";"E";"AP";"AP";"AMAPÁ";6050;"MACAPÁ";2;3;"Governador";30000602696;17;"ANTONIO CIRILO FERNANDES BORGES";"CIRILO FERNANDES";"#NULO#";12;"APTO";2;"DEFERIDO";-3;"#NE";-3;"#NE";-3;"#NE";"COLIGAÇÃO";17;"PSL";"Partido Social Liberal";-1;"#NULO#";"#NULO#";"#NULO#";30000050080;"O AMAPÁ QUE QUEREMOS";"PPS / PHS / PR / PSL";"N";18658;"Válido";18658;4;"NÃO ELEITO"
"13/11/2024";"10:56:11";2018;2;"Eleição Ordinária";1;297;"ELEIÇÕES GERAIS ESTADUAIS 2018";"07/10/2018";"E";"AP";"AP";"AMAPÁ";6025;"PORTO GRANDE";12;5;"Senador";30000602700;177;"RICARDO GONÇALVES SANTOS";"DR RICARDO SANTOS";"#NULO#";12;"APTO";2;"DEFERIDO";-3;"#NE";-3;"#NE";-3;"#NE";"COLIGAÇÃO";17;"PSL";"Partido Social Liberal";-1;"#NULO#";"#NULO#";"#NULO#";30000050080;"O AMAPÁ QUE QUEREMOS";"PPS / PHS / PR / PSL";"N";184;"Válido";184;4;"NÃO ELEITO"
"13/11/2024";"10:56:11";2018;2;"Eleição Ordinária";1;297;"ELEIÇÕES GERAIS ESTADUAIS 2018";"07/10/2018";"E";"AP";"AP";"AMAPÁ";6050;"MACAPÁ";10;5;"Senador";30000602700;177;"RICARDO GONÇALVES SANTOS";"DR RICARDO SANTOS";"#NULO#";12;"APTO";2;"DEFERIDO";-3;"#NE";-3;"#NE";-3;"#NE";"COLIGAÇÃO";17;"PSL";"Partido Social Liberal";-1;"#NULO#";"#NULO#";"#NULO#";30000050080;"O AMAPÁ QUE QUEREMOS";"PPS / PHS / PR / PSL";"N";3461;"Válido";3461;4;"NÃO ELEITO"
"13/11/2024";"10:56:11";2018;2;"Eleição Ordinária";1;297;"ELEIÇÕES GERAIS ESTADUAIS 2018";"07/10/2018";"E";"AP";"AP";"AMAPÁ";6050;"MACAPÁ";2;5;"Senador";30000602700;177;"RICARDO GONÇALVES SANTOS";"DR RICARDO SANTOS";"#NULO#";12;"APTO";2;"DEFERIDO";-3;"#NE";-3;"#NE";-3;"#NE";"COLIGAÇÃO";17;"PSL";"Partido Social Liberal";-1;"#NULO#";"#NULO#";"#NULO#";30000050080;"O AMAPÁ QUE QUEREMOS";"PPS / PHS / PR / PSL";"N";5202;"Válido";5202;4;"NÃO ELEITO"
"13/11/2024";"10:56:11";2018;2;"Eleição Ordinária";1;297;"ELEIÇÕES GERAIS ESTADUAIS 2018";"07/10/2018";"E";"AP";"AP";"AMAPÁ";6122;"VITÓRIA DO JARI";7;5;"Senador";30000602700;177;"RICARDO GONÇALVES SANTOS";"DR RICARDO SANTOS";"#NULO#";12;"APTO";2;"DEFERIDO";-3;"#NE";-3;"#NE";-3;"#NE";"COLIGAÇÃO";17;"PSL";"Partido Social Liberal";-1;"#NULO#";"#NULO#";"#NULO#";30000050080;"O AMAPÁ QUE QUEREMOS";"PPS / PHS / PR / PSL";"N";70;"Válido";70;4;"NÃO ELEITO"
"13/11/2024";"10:56:11";2018;2;"Eleição Ordinária";1;297;"ELEIÇÕES GERAIS ESTADUAIS 2018";"07/10/2018";"E";"AP";"AP";"AMAPÁ";6050;"MACAPÁ";2;5;"Senador";30000623196;360;"GUARACY BATISTA DA SILVEIRA JUNIOR";"GUARACY";"#NULO#";12;"APTO";2;"DEFERIDO";-3;"#NE";-3;"#NE";-3;"#NE";"PARTIDO ISOLADO";36;"PTC";"Partido Trabalhista Cristão";-1;"#NULO#";"#NULO#";"#NULO#";30000050620;"PARTIDO ISOLADO";"PTC";"N";13742;"Válido";13742;4;"NÃO ELEITO"
"13/11/2024";"10:56:11";2018;2;"Eleição Ordinária";1;297;"ELEIÇÕES GERAIS ESTADUAIS 2018";"07/10/2018";"E";"AP";"AP";"AMAPÁ";6050;"MACAPÁ";10;5;"Senador";30000623196;360;"GUARACY BATISTA DA SILVEIRA JUNIOR";"GUARACY";"#NULO#";12;"APTO";2;"DEFERIDO";-3;"#NE";-3;"#NE";-3;"#NE";"PARTIDO ISOLADO";36;"PTC";"Partido Trabalhista Cristão";-1;"#NULO#";"#NULO#";"#NULO#";30000050620;"PARTIDO ISOLADO";"PTC";"N";11372;"Válido";11372;4;"NÃO ELEITO"
"13/11/2024";"10:56:11";2018;2;"Eleição Ordinária";1;297;"ELEIÇÕES GERAIS ESTADUAIS 2018";"07/10/2018";"E";"AP";"AP";"AMAPÁ";6122;"VITÓRIA DO JARI";7;5;"Senador";30000623196;360;"GUARACY BATISTA DA SILVEIRA JUNIOR";"GUARACY";"#NULO#";12;"APTO";2;"DEFERIDO";-3;"#NE";-3;"#NE";-3;"#NE";"PARTIDO ISOLADO";36;"PTC";"Partido Trabalhista Cristão";-1;"#NULO#";"#NULO#";"#NULO#";30000050620;"PARTIDO ISOLADO";"PTC";"N";1090;"Válido";1090;4;"NÃO ELEITO"
"13/11/2024";"10:56:11";2018;2;"Eleição Ordinária";1;297;"ELEIÇÕES GERAIS ESTADUAIS 2018";"07/10/2018";"E";"AP";"AP";"AMAPÁ";6025;"PORTO GRANDE";12;5;"Senador";30000623196;360;"GUARACY BATISTA DA SILVEIRA JUNIOR";"GUARACY";"#NULO#";12;"APTO";2;"DEFERIDO";-3;"#NE";-3;"#NE";-3;"#NE";"PARTIDO ISOLADO";36;"PTC";"Partido Trabalhista Cristão";-1;"#NULO#";"#NULO#";"#NULO#";30000050620;"PARTIDO ISOLADO";"PTC";"N";944;"Válido";944;4;"NÃO ELEITO"
"13/11/2024";"10:56:11";2018;2;"Eleição Ordinária";1;297;"ELEIÇÕES GERAIS ESTADUAIS 2018";"07/10/2018";"E";"AP";"AP";"AMAPÁ";6009;"PRACUÚBA";1;3;"Governador";30000620103;25;"DAVID SAMUEL ALCOLUMBRE TOBELEM";"DAVI";"#NULO#";12;"APTO";2;"DEFERIDO";-3;"#NE";-3;"#NE";-3;"#NE";"COLIGAÇÃO";25;"DEM";"Democratas";-1;"#NULO#";"#NULO#";"#NULO#";30000050520;"TRABALHO E UNIÃO PELO AMAPÁ";"DEM / REDE / PSDB / PPL / PP / PSC / AVANTE / PSD / PODE / SOLIDARIEDADE";"N";850;"Válido";850;4;"NÃO ELEITO"
"13/11/2024";"10:56:11";2018;2;"Eleição Ordinária";1;297;"ELEIÇÕES GERAIS ESTADUAIS 2018";"07/10/2018";"E";"AP";"AP";"AMAPÁ";6173;"TARTARUGALZINHO";8;3;"Governador";30000620103;25;"DAVID SAMUEL ALCOLUMBRE TOBELEM";"DAVI";"#NULO#";12;"APTO";2;"DEFERIDO";-3;"#NE";-3;"#NE";-3;"#NE";"COLIGAÇÃO";25;"DEM";"Democratas";-1;"#NULO#";"#NULO#";"#NULO#";30000050520;"TRABALHO E UNIÃO PELO AMAPÁ";"DEM / REDE / PSDB / PPL / PP / PSC / AVANTE / PSD / PODE / SOLIDARIEDADE";"N";1920;"Válido";1920;4;"NÃO ELEITO"
"13/11/2024";"10:56:11";2018;2;"Eleição Ordinária";1;297;"ELEIÇÕES GERAIS ESTADUAIS 2018";"07/10/2018";"E";"AP";"AP";"AMAPÁ";6050;"MACAPÁ";10;3;"Governador";30000620103;25;"DAVID SAMUEL ALCOLUMBRE TOBELEM";"DAVI";"#NULO#";12;"APTO";2;"DEFERIDO";-3;"#NE";-3;"#NE";-3;"#NE";"COLIGAÇÃO";25;"DEM";"Democratas";-1;"#NULO#";"#NULO#";"#NULO#";30000050520;"TRABALHO E UNIÃO PELO AMAPÁ";"DEM / REDE / PSDB / PPL / PP / PSC / AVANTE / PSD / PODE / SOLIDARIEDADE";"N";20163;"Válido";20163;4;"NÃO ELEITO"
"13/11/2024";"10:56:11";2018;2;"Eleição Ordinária";1;297;"ELEIÇÕES GERAIS ESTADUAIS 2018";"07/10/2018";"E";"AP";"AP";"AMAPÁ";6122;"VITÓRIA DO JARI";7;3;"Governador";30000620103;25;"DAVID SAMUEL ALCOLUMBRE TOBELEM";"DAVI";"#NULO#";12;"APTO";2;"DEFERIDO";-3;"#NE";-3;"#NE";-3;"#NE";"COLIGAÇÃO";25;"DEM";"Democratas";-1;"#NULO#";"#NULO#";"#NULO#";30000050520;"TRABALHO E UNIÃO PELO AMAPÁ";"DEM / REDE / PSDB / PPL / PP / PSC / AVANTE / PSD / PODE / SOLIDARIEDADE";"N";2117;"Válido";2117;4;"NÃO ELEITO"
"13/11/2024";"10:56:11";2018;2;"Eleição Ordinária";1;297;"ELEIÇÕES GERAIS ESTADUAIS 2018";"07/10/2018";"E";"AP";"AP";"AMAPÁ";6050;"MACAPÁ";2;3;"Governador";30000620103;25;"DAVID SAMUEL ALCOLUMBRE TOBELEM";"DAVI";"#NULO#";12;"APTO";2;"DEFERIDO";-3;"#NE";-3;"#NE";-3;"#NE";"COLIGAÇÃO";25;"DEM";"Democratas";-1;"#NULO#";"#NULO#";"#NULO#";30000050520;"TRABALHO E UNIÃO PELO AMAPÁ";"DEM / REDE / PSDB / PPL / PP / PSC / AVANTE / PSD / PODE / SOLIDARIEDADE";"N";31433;"Válido";31433;4;"NÃO ELEITO"
"13/11/2024";"10:56:11";2018;2;"Eleição Ordinária";1;297;"ELEIÇÕES GERAIS ESTADUAIS 2018";"07/10/2018";"E";"AP";"AP";"AMAPÁ";6025;"PORTO GRANDE";12;3;"Governador";30000620103;25;"DAVID SAMUEL ALCOLUMBRE TOBELEM";"DAVI";"#NULO#";12;"APTO";2;"DEFERIDO";-3;"#NE";-3;"#NE";-3;"#NE";"COLIGAÇÃO";25;"DEM";"Democratas";-1;"#NULO#";"#NULO#";"#NULO#";30000050520;"TRABALHO E UNIÃO PELO AMAPÁ";"DEM / REDE / PSDB / PPL / PP / PSC / AVANTE / PSD / PODE / SOLIDARIEDADE";"N";2845;"Válido";2845;4;"NÃO ELEITO"
"13/11/2024";"10:56:11";2018;2;"Eleição Ordinária";1;297;"ELEIÇÕES GERAIS ESTADUAIS 2018";"07/10/2018";"E";"AP";"AP";"AMAPÁ";6114;"FERREIRA GOMES";12;3;"Governador";30000620103;25;"DAVID SAMUEL ALCOLUMBRE TOBELEM";"DAVI";"#NULO#";12;"APTO";2;"DEFERIDO";-3;"#NE";-3;"#NE";-3;"#NE";"COLIGAÇÃO";25;"DEM";"Democratas";-1;"#NULO#";"#NULO#";"#NULO#";30000050520;"TRABALHO E UNIÃO PELO AMAPÁ";"DEM / REDE / PSDB / PPL / PP / PSC / AVANTE / PSD / PODE / SOLIDARIEDADE";"N";1238;"Válido";1238;4;"NÃO ELEITO"
"13/11/2024";"10:56:11";2018;2;"Eleição Ordinária";1;297;"ELEIÇÕES GERAIS ESTADUAIS 2018";"07/10/2018";"E";"AP";"AP";"AMAPÁ";6009;"PRACUÚBA";1;5;"Senador";30000623196;360;"GUARACY BATISTA DA SILVEIRA JUNIOR";"GUARACY";"#NULO#";12;"APTO";2;"DEFERIDO";-3;"#NE";-3;"#NE";-3;"#NE";"PARTIDO ISOLADO";36;"PTC";"Partido Trabalhista Cristão";-1;"#NULO#";"#NULO#";"#NULO#";30000050620;"PARTIDO ISOLADO";"PTC";"N";237;"Válido";237;4;"NÃO ELEITO"
"13/11/2024";"10:56:11";2018;2;"Eleição Ordinária";1;297;"ELEIÇÕES GERAIS ESTADUAIS 2018";"07/10/2018";"E";"AP";"AP";"AMAPÁ";6106;"SERRA DO NAVIO";11;5;"Senador";30000623196;360;"GUARACY BATISTA DA SILVEIRA JUNIOR";"GUARACY";"#NULO#";12;"APTO";2;"DEFERIDO";-3;"#NE";-3;"#NE";-3;"#NE";"PARTIDO ISOLADO";36;"PTC";"Partido Trabalhista Cristão";-1;"#NULO#";"#NULO#";"#NULO#";30000050620;"PARTIDO ISOLADO";"PTC";"N";249;"Válido";249;4;"NÃO ELEITO"
"13/11/2024";"10:56:11";2018;2;"Eleição Ordinária";1;297;"ELEIÇÕES GERAIS ESTADUAIS 2018";"07/10/2018";"E";"AP";"AP";"AMAPÁ";6173;"TARTARUGALZINHO";8;5;"Senador";30000623196;360;"GUARACY BATISTA DA SILVEIRA JUNIOR";"GUARACY";"#NULO#";12;"APTO";2;"DEFERIDO";-3;"#NE";-3;"#NE";-3;"#NE";"PARTIDO ISOLADO";36;"PTC";"Partido Trabalhista Cristão";-1;"#NULO#";"#NULO#";"#NULO#";30000050620;"PARTIDO ISOLADO";"PTC";"N";550;"Válido";550;4;"NÃO ELEITO"
"13/11/2024";"10:56:11";2018;2;"Eleição Ordinária";1;297;"ELEIÇÕES GERAIS ESTADUAIS 2018";"07/10/2018";"E";"AP";"AP";"AMAPÁ";6017;"AMAPÁ";1;5;"Senador";30000610398;161;"DAVI IVÃ MARTINS DA SILVA";"DR. DAVI";"#NULO#";12;"APTO";2;"DEFERIDO";-3;"#NE";-3;"#NE";-3;"#NE";"PARTIDO ISOLADO";16;"PSTU";"Partido Socialista dos Trabalhadores Unificado";-1;"#NULO#";"#NULO#";"#NULO#";30000050277;"PARTIDO ISOLADO";"PSTU";"N";92;"Válido";92;4;"NÃO ELEITO"
"13/11/2024";"10:56:11";2018;2;"Eleição Ordinária";1;297;"ELEIÇÕES GERAIS ESTADUAIS 2018";"07/10/2018";"E";"AP";"AP";"AMAPÁ";6130;"LARANJAL DO JARI";7;5;"Senador";30000610398;161;"DAVI IVÃ MARTINS DA SILVA";"DR. DAVI";"#NULO#";12;"APTO";2;"DEFERIDO";-3;"#NE";-3;"#NE";-3;"#NE";"PARTIDO ISOLADO";16;"PSTU";"Partido Socialista dos Trabalhadores Unificado";-1;"#NULO#";"#NULO#";"#NULO#";30000050277;"PARTIDO ISOLADO";"PSTU";"N";432;"Válido";432;4;"NÃO ELEITO"
"13/11/2024";"10:56:11";2018;2;"Eleição Ordinária";1;297;"ELEIÇÕES GERAIS ESTADUAIS 2018";"07/10/2018";"E";"AP";"AP";"AMAPÁ";6084;"PEDRA BRANCA DO AMAPARI";11;5;"Senador";30000610398;161;"DAVI IVÃ MARTINS DA SILVA";"DR. DAVI";"#NULO#";12;"APTO";2;"DEFERIDO";-3;"#NE";-3;"#NE";-3;"#NE";"PARTIDO ISOLADO";16;"PSTU";"Partido Socialista dos Trabalhadores Unificado";-1;"#NULO#";"#NULO#";"#NULO#";30000050277;"PARTIDO ISOLADO";"PSTU";"N";18;"Válido";18;4;"NÃO ELEITO"
"13/11/2024";"10:56:11";2018;2;"Eleição Ordinária";1;297;"ELEIÇÕES GERAIS ESTADUAIS 2018";"07/10/2018";"E";"AP";"AP";"AMAPÁ";6130;"LARANJAL DO JARI";7;3;"Governador";30000610396;16;"GIANFRANCO GUSMÃO DE AZEVEDO";"GIANFRANCO";"#NULO#";12;"APTO";2;"DEFERIDO";-3;"#NE";-3;"#NE";-3;"#NE";"PARTIDO ISOLADO";16;"PSTU";"Partido Socialista dos Trabalhadores Unificado";-1;"#NULO#";"#NULO#";"#NULO#";30000050277;"PARTIDO ISOLADO";"PSTU";"N";52;"Válido";52;4;"NÃO ELEITO"
"13/11/2024";"10:56:11";2018;2;"Eleição Ordinária";1;297;"ELEIÇÕES GERAIS ESTADUAIS 2018";"07/10/2018";"E";"AP";"AP";"AMAPÁ";6084;"PEDRA BRANCA DO AMAPARI";11;3;"Governador";30000610396;16;"GIANFRANCO GUSMÃO DE AZEVEDO";"GIANFRANCO";"#NULO#";12;"APTO";2;"DEFERIDO";-3;"#NE";-3;"#NE";-3;"#NE";"PARTIDO ISOLADO";16;"PSTU";"Partido Socialista dos Trabalhadores Unificado";-1;"#NULO#";"#NULO#";"#NULO#";30000050277;"PARTIDO ISOLADO";"PSTU";"N";13;"Válido";13;4;"NÃO ELEITO"
"13/11/2024";"10:56:11";2018;2;"Eleição Ordinária";1;297;"ELEIÇÕES GERAIS ESTADUAIS 2018";"07/10/2018";"E";"AP";"AP";"AMAPÁ";6017;"AMAPÁ";1;3;"Governador";30000610396;16;"GIANFRANCO GUSMÃO DE AZEVEDO";"GIANFRANCO";"#NULO#";12;"APTO";2;"DEFERIDO";-3;"#NE";-3;"#NE";-3;"#NE";"PARTIDO ISOLADO";16;"PSTU";"Partido Socialista dos Trabalhadores Unificado";-1;"#NULO#";"#NULO#";"#NULO#";30000050277;"PARTIDO ISOLADO";"PSTU";"N";6;"Válido";6;4;"NÃO ELEITO"
"13/11/2024";"10:56:11";2018;2;"Eleição Ordinária";1;297;"ELEIÇÕES GERAIS ESTADUAIS 2018";"07/10/2018";"E";"AP";"AP";"AMAPÁ";6157;"SANTANA";6;5;"Senador";30000620108;450;"SEBASTIÃO FERREIRA DA ROCHA";"BALA ROCHA";"#NULO#";12;"APTO";2;"DEFERIDO";-3;"#NE";-3;"#NE";-3;"#NE";"COLIGAÇÃO";45;"PSDB";"Partido da Social Democracia Brasileira";-1;"#NULO#";"#NULO#";"#NULO#";30000050520;"TRABALHO E UNIÃO PELO AMAPÁ";"DEM / REDE / PSDB / PPL / PP / PSC / AVANTE / PSD / PODE / SOLIDARIEDADE";"N";23580;"Válido";23580;4;"NÃO ELEITO"
"13/11/2024";"10:56:11";2018;2;"Eleição Ordinária";1;297;"ELEIÇÕES GERAIS ESTADUAIS 2018";"07/10/2018";"E";"AP";"AP";"AMAPÁ";6076;"MAZAGÃO";5;5;"Senador";30000620108;450;"SEBASTIÃO FERREIRA DA ROCHA";"BALA ROCHA";"#NULO#";12;"APTO";2;"DEFERIDO";-3;"#NE";-3;"#NE";-3;"#NE";"COLIGAÇÃO";45;"PSDB";"Partido da Social Democracia Brasileira";-1;"#NULO#";"#NULO#";"#NULO#";30000050520;"TRABALHO E UNIÃO PELO AMAPÁ";"DEM / REDE / PSDB / PPL / PP / PSC / AVANTE / PSD / PODE / SOLIDARIEDADE";"N";1700;"Válido";1700;4;"NÃO ELEITO"
"13/11/2024";"10:56:11";2018;2;"Eleição Ordinária";1;297;"ELEIÇÕES GERAIS ESTADUAIS 2018";"07/10/2018";"E";"AP";"AP";"AMAPÁ";6068;"CUTIAS";10;5;"Senador";30000620108;450;"SEBASTIÃO FERREIRA DA ROCHA";"BALA ROCHA";"#NULO#";12;"APTO";2;"DEFERIDO";-3;"#NE";-3;"#NE";-3;"#NE";"COLIGAÇÃO";45;"PSDB";"Partido da Social Democracia Brasileira";-1;"#NULO#";"#NULO#";"#NULO#";30000050520;"TRABALHO E UNIÃO PELO AMAPÁ";"DEM / REDE / PSDB / PPL / PP / PSC / AVANTE / PSD / PODE / SOLIDARIEDADE";"N";121;"Válido";121;4;"NÃO ELEITO"
"13/11/2024";"10:56:11";2018;2;"Eleição Ordinária";1;297;"ELEIÇÕES GERAIS ESTADUAIS 2018";"07/10/2018";"E";"AP";"AP";"AMAPÁ";6092;"OIAPOQUE";4;5;"Senador";30000620108;450;"SEBASTIÃO FERREIRA DA ROCHA";"BALA ROCHA";"#NULO#";12;"APTO";2;"DEFERIDO";-3;"#NE";-3;"#NE";-3;"#NE";"COLIGAÇÃO";45;"PSDB";"Partido da Social Democracia Brasileira";-1;"#NULO#";"#NULO#";"#NULO#";30000050520;"TRABALHO E UNIÃO PELO AMAPÁ";"DEM / REDE / PSDB / PPL / PP / PSC / AVANTE / PSD / PODE / SOLIDARIEDADE";"N";636;"Válido";636;4;"NÃO ELEITO"
"13/11/2024";"10:56:11";2018;2;"Eleição Ordinária";1;297;"ELEIÇÕES GERAIS ESTADUAIS 2018";"07/10/2018";"E";"AP";"AP";"AMAPÁ";6173;"TARTARUGALZINHO";8;5;"Senador";30000620108;450;"SEBASTIÃO FERREIRA DA ROCHA";"BALA ROCHA";"#NULO#";12;"APTO";2;"DEFERIDO";-3;"#NE";-3;"#NE";-3;"#NE";"COLIGAÇÃO";45;"PSDB";"Partido da Social Democracia Brasileira";-1;"#NULO#";"#NULO#";"#NULO#";30000050520;"TRABALHO E UNIÃO PELO AMAPÁ";"DEM / REDE / PSDB / PPL / PP / PSC / AVANTE / PSD / PODE / SOLIDARIEDADE";"N";294;"Válido";294;4;"NÃO ELEITO"
"13/11/2024";"10:56:11";2018;2;"Eleição Ordinária";1;297;"ELEIÇÕES GERAIS ESTADUAIS 2018";"07/10/2018";"E";"AP";"AP";"AMAPÁ";6106;"SERRA DO NAVIO";11;5;"Senador";30000620108;450;"SEBASTIÃO FERREIRA DA ROCHA";"BALA ROCHA";"#NULO#";12;"APTO";2;"DEFERIDO";-3;"#NE";-3;"#NE";-3;"#NE";"COLIGAÇÃO";45;"PSDB";"Partido da Social Democracia Brasileira";-1;"#NULO#";"#NULO#";"#NULO#";30000050520;"TRABALHO E UNIÃO PELO AMAPÁ";"DEM / REDE / PSDB / PPL / PP / PSC / AVANTE / PSD / PODE / SOLIDARIEDADE";"N";173;"Válido";173;4;"NÃO ELEITO"
"13/11/2024";"10:56:11";2018;2;"Eleição Ordinária";1;297;"ELEIÇÕES GERAIS ESTADUAIS 2018";"07/10/2018";"E";"AP";"AP";"AMAPÁ";6009;"PRACUÚBA";1;5;"Senador";30000620108;450;"SEBASTIÃO FERREIRA DA ROCHA";"BALA ROCHA";"#NULO#";12;"APTO";2;"DEFERIDO";-3;"#NE";-3;"#NE";-3;"#NE";"COLIGAÇÃO";45;"PSDB";"Partido da Social Democracia Brasileira";-1;"#NULO#";"#NULO#";"#NULO#";30000050520;"TRABALHO E UNIÃO PELO AMAPÁ";"DEM / REDE / PSDB / PPL / PP / PSC / AVANTE / PSD / PODE / SOLIDARIEDADE";"N";115;"Válido";115;4;"NÃO ELEITO"
"13/11/2024";"10:56:11";2018;2;"Eleição Ordinária";1;297;"ELEIÇÕES GERAIS ESTADUAIS 2018";"07/10/2018";"E";"AP";"AP";"AMAPÁ";6130;"LARANJAL DO JARI";7;5;"Senador";30000605843;152;"GILVAM PINHEIRO BORGES";"GILVAM BORGES";"#NULO#";12;"APTO";2;"DEFERIDO";-3;"#NE";-3;"#NE";-3;"#NE";"PARTIDO ISOLADO";15;"MDB";"Movimento Democrático Brasileiro";-1;"#NULO#";"#NULO#";"#NULO#";30000050168;"PARTIDO ISOLADO";"MDB";"N";684;"Válido";684;4;"NÃO ELEITO"
"13/11/2024";"10:56:11";2018;2;"Eleição Ordinária";1;297;"ELEIÇÕES GERAIS ESTADUAIS 2018";"07/10/2018";"E";"AP";"AP";"AMAPÁ";6084;"PEDRA BRANCA DO AMAPARI";11;5;"Senador";30000605843;152;"GILVAM PINHEIRO BORGES";"GILVAM BORGES";"#NULO#";12;"APTO";2;"DEFERIDO";-3;"#NE";-3;"#NE";-3;"#NE";"PARTIDO ISOLADO";15;"MDB";"Movimento Democrático Brasileiro";-1;"#NULO#";"#NULO#";"#NULO#";30000050168;"PARTIDO ISOLADO";"MDB";"N";189;"Válido";189;4;"NÃO ELEITO"
"13/11/2024";"10:56:11";2018;2;"Eleição Ordinária";1;297;"ELEIÇÕES GERAIS ESTADUAIS 2018";"07/10/2018";"E";"AP";"AP";"AMAPÁ";6017;"AMAPÁ";1;5;"Senador";30000605843;152;"GILVAM PINHEIRO BORGES";"GILVAM BORGES";"#NULO#";12;"APTO";2;"DEFERIDO";-3;"#NE";-3;"#NE";-3;"#NE";"PARTIDO ISOLADO";15;"MDB";"Movimento Democrático Brasileiro";-1;"#NULO#";"#NULO#";"#NULO#";30000050168;"PARTIDO ISOLADO";"MDB";"N";104;"Válido";104;4;"NÃO ELEITO"
"13/11/2024";"10:56:11";2018;2;"Eleição Ordinária";1;297;"ELEIÇÕES GERAIS ESTADUAIS 2018";"07/10/2018";"E";"AP";"AP";"AMAPÁ";6084;"PEDRA BRANCA DO AMAPARI";11;5;"Senador";30000605846;151;"FÁTIMA LÚCIA PELAES";"FÁTIMA PELAES";"#NULO#";12;"APTO";2;"DEFERIDO";-3;"#NE";-3;"#NE";-3;"#NE";"PARTIDO ISOLADO";15;"MDB";"Movimento Democrático Brasileiro";-1;"#NULO#";"#NULO#";"#NULO#";30000050168;"PARTIDO ISOLADO";"MDB";"N";3855;"Válido";3855;4;"NÃO ELEITO"
"13/11/2024";"10:56:11";2018;2;"Eleição Ordinária";1;297;"ELEIÇÕES GERAIS ESTADUAIS 2018";"07/10/2018";"E";"AP";"AP";"AMAPÁ";6130;"LARANJAL DO JARI";7;5;"Senador";30000605846;151;"FÁTIMA LÚCIA PELAES";"FÁTIMA PELAES";"#NULO#";12;"APTO";2;"DEFERIDO";-3;"#NE";-3;"#NE";-3;"#NE";"PARTIDO ISOLADO";15;"MDB";"Movimento Democrático Brasileiro";-1;"#NULO#";"#NULO#";"#NULO#";30000050168;"PARTIDO ISOLADO";"MDB";"N";1996;"Válido";1996;4;"NÃO ELEITO"
"13/11/2024";"10:56:11";2018;2;"Eleição Ordinária";1;297;"ELEIÇÕES GERAIS ESTADUAIS 2018";"07/10/2018";"E";"AP";"AP";"AMAPÁ";6017;"AMAPÁ";1;5;"Senador";30000605846;151;"FÁTIMA LÚCIA PELAES";"FÁTIMA PELAES";"#NULO#";12;"APTO";2;"DEFERIDO";-3;"#NE";-3;"#NE";-3;"#NE";"PARTIDO ISOLADO";15;"MDB";"Movimento Democrático Brasileiro";-1;"#NULO#";"#NULO#";"#NULO#";30000050168;"PARTIDO ISOLADO";"MDB";"N";336;"Válido";336;4;"NÃO ELEITO"
"13/11/2024";"10:56:11";2018;2;"Eleição Ordinária";1;297;"ELEIÇÕES GERAIS ESTADUAIS 2018";"07/10/2018";"E";"AP";"AP";"AMAPÁ";6041;"ITAUBAL";10;5;"Senador";30000623196;360;"GUARACY BATISTA DA SILVEIRA JUNIOR";"GUARACY";"#NULO#";12;"APTO";2;"DEFERIDO";-3;"#NE";-3;"#NE";-3;"#NE";"PARTIDO ISOLADO";36;"PTC";"Partido Trabalhista Cristão";-1;"#NULO#";"#NULO#";"#NULO#";30000050620;"PARTIDO ISOLADO";"PTC";"N";341;"Válido";341;4;"NÃO ELEITO"
"13/11/2024";"10:56:11";2018;2;"Eleição Ordinária";1;297;"ELEIÇÕES GERAIS ESTADUAIS 2018";"07/10/2018";"E";"AP";"AP";"AMAPÁ";6033;"CALÇOENE";1;5;"Senador";30000610398;161;"DAVI IVÃ MARTINS DA SILVA";"DR. DAVI";"#NULO#";12;"APTO";2;"DEFERIDO";-3;"#NE";-3;"#NE";-3;"#NE";"PARTIDO ISOLADO";16;"PSTU";"Partido Socialista dos Trabalhadores Unificado";-1;"#NULO#";"#NULO#";"#NULO#";30000050277;"PARTIDO ISOLADO";"PSTU";"N";37;"Válido";37;4;"NÃO ELEITO"
"13/11/2024";"10:56:11";2018;2;"Eleição Ordinária";1;297;"ELEIÇÕES GERAIS ESTADUAIS 2018";"07/10/2018";"E";"AP";"AP";"AMAPÁ";6033;"CALÇOENE";1;3;"Governador";30000610396;16;"GIANFRANCO GUSMÃO DE AZEVEDO";"GIANFRANCO";"#NULO#";12;"APTO";2;"DEFERIDO";-3;"#NE";-3;"#NE";-3;"#NE";"PARTIDO ISOLADO";16;"PSTU";"Partido Socialista dos Trabalhadores Unificado";-1;"#NULO#";"#NULO#";"#NULO#";30000050277;"PARTIDO ISOLADO";"PSTU";"N";12;"Válido";12;4;"NÃO ELEITO"
"13/11/2024";"10:56:11";2018;2;"Eleição Ordinária";1;297;"ELEIÇÕES GERAIS ESTADUAIS 2018";"07/10/2018";"E";"AP";"AP";"AMAPÁ";6084;"PEDRA BRANCA DO AMAPARI";11;5;"Senador";30000623196;360;"GUARACY BATISTA DA SILVEIRA JUNIOR";"GUARACY";"#NULO#";12;"APTO";2;"DEFERIDO";-3;"#NE";-3;"#NE";-3;"#NE";"PARTIDO ISOLADO";36;"PTC";"Partido Trabalhista Cristão";-1;"#NULO#";"#NULO#";"#NULO#";30000050620;"PARTIDO ISOLADO";"PTC";"N";547;"Válido";547;4;"NÃO ELEITO"
"13/11/2024";"10:56:11";2018;2;"Eleição Ordinária";1;297;"ELEIÇÕES GERAIS ESTADUAIS 2018";"07/10/2018";"E";"AP";"AP";"AMAPÁ";6017;"AMAPÁ";1;5;"Senador";30000623196;360;"GUARACY BATISTA DA SILVEIRA JUNIOR";"GUARACY";"#NULO#";12;"APTO";2;"DEFERIDO";-3;"#NE";-3;"#NE";-3;"#NE";"PARTIDO ISOLADO";36;"PTC";"Partido Trabalhista Cristão";-1;"#NULO#";"#NULO#";"#NULO#";30000050620;"PARTIDO ISOLADO";"PTC";"N";324;"Válido";324;4;"NÃO ELEITO"
"13/11/2024";"10:56:11";2018;2;"Eleição Ordinária";1;297;"ELEIÇÕES GERAIS ESTADUAIS 2018";"07/10/2018";"E";"AP";"AP";"AMAPÁ";6130;"LARANJAL DO JARI";7;5;"Senador";30000623196;360;"GUARACY BATISTA DA SILVEIRA JUNIOR";"GUARACY";"#NULO#";12;"APTO";2;"DEFERIDO";-3;"#NE";-3;"#NE";-3;"#NE";"PARTIDO ISOLADO";36;"PTC";"Partido Trabalhista Cristão";-1;"#NULO#";"#NULO#";"#NULO#";30000050620;"PARTIDO ISOLADO";"PTC";"N";1981;"Válido";1981;4;"NÃO ELEITO"
"13/11/2024";"10:56:11";2018;2;"Eleição Ordinária";1;297;"ELEIÇÕES GERAIS ESTADUAIS 2018";"07/10/2018";"E";"AP";"AP";"AMAPÁ";6025;"PORTO GRANDE";12;5;"Senador";30000605843;152;"GILVAM PINHEIRO BORGES";"GILVAM BORGES";"#NULO#";12;"APTO";2;"DEFERIDO";-3;"#NE";-3;"#NE";-3;"#NE";"PARTIDO ISOLADO";15;"MDB";"Movimento Democrático Brasileiro";-1;"#NULO#";"#NULO#";"#NULO#";30000050168;"PARTIDO ISOLADO";"MDB";"N";1224;"Válido";1224;4;"NÃO ELEITO"
"13/11/2024";"10:56:11";2018;2;"Eleição Ordinária";1;297;"ELEIÇÕES GERAIS ESTADUAIS 2018";"07/10/2018";"E";"AP";"AP";"AMAPÁ";6050;"MACAPÁ";2;5;"Senador";30000605843;152;"GILVAM PINHEIRO BORGES";"GILVAM BORGES";"#NULO#";12;"APTO";2;"DEFERIDO";-3;"#NE";-3;"#NE";-3;"#NE";"PARTIDO ISOLADO";15;"MDB";"Movimento Democrático Brasileiro";-1;"#NULO#";"#NULO#";"#NULO#";30000050168;"PARTIDO ISOLADO";"MDB";"N";12006;"Válido";12006;4;"NÃO ELEITO"
"13/11/2024";"10:56:11";2018;2;"Eleição Ordinária";1;297;"ELEIÇÕES GERAIS ESTADUAIS 2018";"07/10/2018";"E";"AP";"AP";"AMAPÁ";6122;"VITÓRIA DO JARI";7;5;"Senador";30000605843;152;"GILVAM PINHEIRO BORGES";"GILVAM BORGES";"#NULO#";12;"APTO";2;"DEFERIDO";-3;"#NE";-3;"#NE";-3;"#NE";"PARTIDO ISOLADO";15;"MDB";"Movimento Democrático Brasileiro";-1;"#NULO#";"#NULO#";"#NULO#";30000050168;"PARTIDO ISOLADO";"MDB";"N";507;"Válido";507;4;"NÃO ELEITO"
"13/11/2024";"10:56:11";2018;2;"Eleição Ordinária";1;297;"ELEIÇÕES GERAIS ESTADUAIS 2018";"07/10/2018";"E";"AP";"AP";"AMAPÁ";6050;"MACAPÁ";10;5;"Senador";30000605843;152;"GILVAM PINHEIRO BORGES";"GILVAM BORGES";"#NULO#";12;"APTO";2;"DEFERIDO";-3;"#NE";-3;"#NE";-3;"#NE";"PARTIDO ISOLADO";15;"MDB";"Movimento Democrático Brasileiro";-1;"#NULO#";"#NULO#";"#NULO#";30000050168;"PARTIDO ISOLADO";"MDB";"N";6510;"Válido";6510;4;"NÃO ELEITO"
"13/11/2024";"10:56:11";2018;2;"Eleição Ordinária";1;297;"ELEIÇÕES GERAIS ESTADUAIS 2018";"07/10/2018";"E";"AP";"AP";"AMAPÁ";6050;"MACAPÁ";10;5;"Senador";30000605846;151;"FÁTIMA LÚCIA PELAES";"FÁTIMA PELAES";"#NULO#";12;"APTO";2;"DEFERIDO";-3;"#NE";-3;"#NE";-3;"#NE";"PARTIDO ISOLADO";15;"MDB";"Movimento Democrático Brasileiro";-1;"#NULO#";"#NULO#";"#NULO#";30000050168;"PARTIDO ISOLADO";"MDB";"N";7195;"Válido";7195;4;"NÃO ELEITO"
"13/11/2024";"10:56:11";2018;2;"Eleição Ordinária";1;297;"ELEIÇÕES GERAIS ESTADUAIS 2018";"07/10/2018";"E";"AP";"AP";"AMAPÁ";6025;"PORTO GRANDE";12;5;"Senador";30000605846;151;"FÁTIMA LÚCIA PELAES";"FÁTIMA PELAES";"#NULO#";12;"APTO";2;"DEFERIDO";-3;"#NE";-3;"#NE";-3;"#NE";"PARTIDO ISOLADO";15;"MDB";"Movimento Democrático Brasileiro";-1;"#NULO#";"#NULO#";"#NULO#";30000050168;"PARTIDO ISOLADO";"MDB";"N";1043;"Válido";1043;4;"NÃO ELEITO"
"13/11/2024";"10:56:11";2018;2;"Eleição Ordinária";1;297;"ELEIÇÕES GERAIS ESTADUAIS 2018";"07/10/2018";"E";"AP";"AP";"AMAPÁ";6050;"MACAPÁ";2;5;"Senador";30000605846;151;"FÁTIMA LÚCIA PELAES";"FÁTIMA PELAES";"#NULO#";12;"APTO";2;"DEFERIDO";-3;"#NE";-3;"#NE";-3;"#NE";"PARTIDO ISOLADO";15;"MDB";"Movimento Democrático Brasileiro";-1;"#NULO#";"#NULO#";"#NULO#";30000050168;"PARTIDO ISOLADO";"MDB";"N";10808;"Válido";10808;4;"NÃO ELEITO"
"13/11/2024";"10:56:11";2018;2;"Eleição Ordinária";1;297;"ELEIÇÕES GERAIS ESTADUAIS 2018";"07/10/2018";"E";"AP";"AP";"AMAPÁ";6122;"VITÓRIA DO JARI";7;5;"Senador";30000605846;151;"FÁTIMA LÚCIA PELAES";"FÁTIMA PELAES";"#NULO#";12;"APTO";2;"DEFERIDO";-3;"#NE";-3;"#NE";-3;"#NE";"PARTIDO ISOLADO";15;"MDB";"Movimento Democrático Brasileiro";-1;"#NULO#";"#NULO#";"#NULO#";30000050168;"PARTIDO ISOLADO";"MDB";"N";1204;"Válido";1204;4;"NÃO ELEITO"
"13/11/2024";"10:56:11";2018;2;"Eleição Ordinária";1;297;"ELEIÇÕES GERAIS ESTADUAIS 2018";"07/10/2018";"E";"AP";"AP";"AMAPÁ";6041;"ITAUBAL";10;5;"Senador";30000605843;152;"GILVAM PINHEIRO BORGES";"GILVAM BORGES";"#NULO#";12;"APTO";2;"DEFERIDO";-3;"#NE";-3;"#NE";-3;"#NE";"PARTIDO ISOLADO";15;"MDB";"Movimento Democrático Brasileiro";-1;"#NULO#";"#NULO#";"#NULO#";30000050168;"PARTIDO ISOLADO";"MDB";"N";173;"Válido";173;4;"NÃO ELEITO"
"13/11/2024";"10:56:11";2018;2;"Eleição Ordinária";1;297;"ELEIÇÕES GERAIS ESTADUAIS 2018";"07/10/2018";"E";"AP";"AP";"AMAPÁ";6041;"ITAUBAL";10;5;"Senador";30000605846;151;"FÁTIMA LÚCIA PELAES";"FÁTIMA PELAES";"#NULO#";12;"APTO";2;"DEFERIDO";-3;"#NE";-3;"#NE";-3;"#NE";"PARTIDO ISOLADO";15;"MDB";"Movimento Democrático Brasileiro";-1;"#NULO#";"#NULO#";"#NULO#";30000050168;"PARTIDO ISOLADO";"MDB";"N";222;"Válido";222;4;"NÃO ELEITO"
"13/11/2024";"10:56:11";2018;2;"Eleição Ordinária";1;297;"ELEIÇÕES GERAIS ESTADUAIS 2018";"07/10/2018";"E";"AP";"AP";"AMAPÁ";6033;"CALÇOENE";1;3;"Governador";30000613618;12;"ANTONIO WALDEZ GÓES DA SILVA";"WALDEZ";"#NULO#";12;"APTO";2;"DEFERIDO";-3;"#NE";-3;"#NE";-3;"#NE";"COLIGAÇÃO";12;"PDT";"Partido Democrático Trabalhista";-1;"#NULO#";"#NULO#";"#NULO#";30000050363;"COM A FORÇA DO POVO POR MAIS CONQUISTAS";"PDT / PROS / PTB / MDB / DC / PRB / PRP / PC do B / PMB";"N";1786;"Válido";1786;6;"2º TURNO"
"13/11/2024";"10:56:11";2018;2;"Eleição Ordinária";1;297;"ELEIÇÕES GERAIS ESTADUAIS 2018";"07/10/2018";"E";"AP";"AP";"AMAPÁ";6017;"AMAPÁ";1;3;"Governador";30000613618;12;"ANTONIO WALDEZ GÓES DA SILVA";"WALDEZ";"#NULO#";12;"APTO";2;"DEFERIDO";-3;"#NE";-3;"#NE";-3;"#NE";"COLIGAÇÃO";12;"PDT";"Partido Democrático Trabalhista";-1;"#NULO#";"#NULO#";"#NULO#";30000050363;"COM A FORÇA DO POVO POR MAIS CONQUISTAS";"PDT / PROS / PTB / MDB / DC / PRB / PRP / PC do B / PMB";"N";1691;"Válido";1691;6;"2º TURNO"
"13/11/2024";"10:56:11";2018;2;"Eleição Ordinária";1;297;"ELEIÇÕES GERAIS ESTADUAIS 2018";"07/10/2018";"E";"AP";"AP";"AMAPÁ";6130;"LARANJAL DO JARI";7;3;"Governador";30000613618;12;"ANTONIO WALDEZ GÓES DA SILVA";"WALDEZ";"#NULO#";12;"APTO";2;"DEFERIDO";-3;"#NE";-3;"#NE";-3;"#NE";"COLIGAÇÃO";12;"PDT";"Partido Democrático Trabalhista";-1;"#NULO#";"#NULO#";"#NULO#";30000050363;"COM A FORÇA DO POVO POR MAIS CONQUISTAS";"PDT / PROS / PTB / MDB / DC / PRB / PRP / PC do B / PMB";"N";5665;"Válido";5665;6;"2º TURNO"
"13/11/2024";"10:56:11";2018;2;"Eleição Ordinária";1;297;"ELEIÇÕES GERAIS ESTADUAIS 2018";"07/10/2018";"E";"AP";"AP";"AMAPÁ";6084;"PEDRA BRANCA DO AMAPARI";11;3;"Governador";30000613618;12;"ANTONIO WALDEZ GÓES DA SILVA";"WALDEZ";"#NULO#";12;"APTO";2;"DEFERIDO";-3;"#NE";-3;"#NE";-3;"#NE";"COLIGAÇÃO";12;"PDT";"Partido Democrático Trabalhista";-1;"#NULO#";"#NULO#";"#NULO#";30000050363;"COM A FORÇA DO POVO POR MAIS CONQUISTAS";"PDT / PROS / PTB / MDB / DC / PRB / PRP / PC do B / PMB";"N";2106;"Válido";2106;6;"2º TURNO"
"13/11/2024";"10:56:11";2018;2;"Eleição Ordinária";1;297;"ELEIÇÕES GERAIS ESTADUAIS 2018";"07/10/2018";"E";"AP";"AP";"AMAPÁ";6041;"ITAUBAL";10;3;"Governador";30000613618;12;"ANTONIO WALDEZ GÓES DA SILVA";"WALDEZ";"#NULO#";12;"APTO";2;"DEFERIDO";-3;"#NE";-3;"#NE";-3;"#NE";"COLIGAÇÃO";12;"PDT";"Partido Democrático Trabalhista";-1;"#NULO#";"#NULO#";"#NULO#";30000050363;"COM A FORÇA DO POVO POR MAIS CONQUISTAS";"PDT / PROS / PTB / MDB / DC / PRB / PRP / PC do B / PMB";"N";1027;"Válido";1027;6;"2º TURNO"
"13/11/2024";"10:56:11";2018;2;"Eleição Ordinária";1;297;"ELEIÇÕES GERAIS ESTADUAIS 2018";"07/10/2018";"E";"AP";"AP";"AMAPÁ";6068;"CUTIAS";10;3;"Governador";30000613618;12;"ANTONIO WALDEZ GÓES DA SILVA";"WALDEZ";"#NULO#";12;"APTO";2;"DEFERIDO";-3;"#NE";-3;"#NE";-3;"#NE";"COLIGAÇÃO";12;"PDT";"Partido Democrático Trabalhista";-1;"#NULO#";"#NULO#";"#NULO#";30000050363;"COM A FORÇA DO POVO POR MAIS CONQUISTAS";"PDT / PROS / PTB / MDB / DC / PRB / PRP / PC do B / PMB";"N";667;"Válido";667;6;"2º TURNO"
"13/11/2024";"10:56:11";2018;2;"Eleição Ordinária";1;297;"ELEIÇÕES GERAIS ESTADUAIS 2018";"07/10/2018";"E";"AP";"AP";"AMAPÁ";6076;"MAZAGÃO";5;3;"Governador";30000613618;12;"ANTONIO WALDEZ GÓES DA SILVA";"WALDEZ";"#NULO#";12;"APTO";2;"DEFERIDO";-3;"#NE";-3;"#NE";-3;"#NE";"COLIGAÇÃO";12;"PDT";"Partido Democrático Trabalhista";-1;"#NULO#";"#NULO#";"#NULO#";30000050363;"COM A FORÇA DO POVO POR MAIS CONQUISTAS";"PDT / PROS / PTB / MDB / DC / PRB / PRP / PC do B / PMB";"N";4242;"Válido";4242;6;"2º TURNO"
"13/11/2024";"10:56:11";2018;2;"Eleição Ordinária";1;297;"ELEIÇÕES GERAIS ESTADUAIS 2018";"07/10/2018";"E";"AP";"AP";"AMAPÁ";6092;"OIAPOQUE";4;3;"Governador";30000613618;12;"ANTONIO WALDEZ GÓES DA SILVA";"WALDEZ";"#NULO#";12;"APTO";2;"DEFERIDO";-3;"#NE";-3;"#NE";-3;"#NE";"COLIGAÇÃO";12;"PDT";"Partido Democrático Trabalhista";-1;"#NULO#";"#NULO#";"#NULO#";30000050363;"COM A FORÇA DO POVO POR MAIS CONQUISTAS";"PDT / PROS / PTB / MDB / DC / PRB / PRP / PC do B / PMB";"N";3167;"Válido";3167;6;"2º TURNO"
"13/11/2024";"10:56:11";2018;2;"Eleição Ordinária";1;297;"ELEIÇÕES GERAIS ESTADUAIS 2018";"07/10/2018";"E";"AP";"AP";"AMAPÁ";6157;"SANTANA";6;3;"Governador";30000613618;12;"ANTONIO WALDEZ GÓES DA SILVA";"WALDEZ";"#NULO#";12;"APTO";2;"DEFERIDO";-3;"#NE";-3;"#NE";-3;"#NE";"COLIGAÇÃO";12;"PDT";"Partido Democrático Trabalhista";-1;"#NULO#";"#NULO#";"#NULO#";30000050363;"COM A FORÇA DO POVO POR MAIS CONQUISTAS";"PDT / PROS / PTB / MDB / DC / PRB / PRP / PC do B / PMB";"N";28800;"Válido";28800;6;"2º TURNO"
"13/11/2024";"10:56:11";2018;2;"Eleição Ordinária";1;297;"ELEIÇÕES GERAIS ESTADUAIS 2018";"07/10/2018";"E";"AP";"AP";"AMAPÁ";6173;"TARTARUGALZINHO";8;3;"Governador";30000613618;12;"ANTONIO WALDEZ GÓES DA SILVA";"WALDEZ";"#NULO#";12;"APTO";2;"DEFERIDO";-3;"#NE";-3;"#NE";-3;"#NE";"COLIGAÇÃO";12;"PDT";"Partido Democrático Trabalhista";-1;"#NULO#";"#NULO#";"#NULO#";30000050363;"COM A FORÇA DO POVO POR MAIS CONQUISTAS";"PDT / PROS / PTB / MDB / DC / PRB / PRP / PC do B / PMB";"N";2662;"Válido";2662;6;"2º TURNO"
"13/11/2024";"10:56:11";2018;2;"Eleição Ordinária";1;297;"ELEIÇÕES GERAIS ESTADUAIS 2018";"07/10/2018";"E";"AP";"AP";"AMAPÁ";6106;"SERRA DO NAVIO";11;3;"Governador";30000613618;12;"ANTONIO WALDEZ GÓES DA SILVA";"WALDEZ";"#NULO#";12;"APTO";2;"DEFERIDO";-3;"#NE";-3;"#NE";-3;"#NE";"COLIGAÇÃO";12;"PDT";"Partido Democrático Trabalhista";-1;"#NULO#";"#NULO#";"#NULO#";30000050363;"COM A FORÇA DO POVO POR MAIS CONQUISTAS";"PDT / PROS / PTB / MDB / DC / PRB / PRP / PC do B / PMB";"N";1099;"Válido";1099;6;"2º TURNO"
"13/11/2024";"10:56:11";2018;2;"Eleição Ordinária";1;297;"ELEIÇÕES GERAIS ESTADUAIS 2018";"07/10/2018";"E";"AP";"AP";"AMAPÁ";6009;"PRACUÚBA";1;3;"Governador";30000613618;12;"ANTONIO WALDEZ GÓES DA SILVA";"WALDEZ";"#NULO#";12;"APTO";2;"DEFERIDO";-3;"#NE";-3;"#NE";-3;"#NE";"COLIGAÇÃO";12;"PDT";"Partido Democrático Trabalhista";-1;"#NULO#";"#NULO#";"#NULO#";30000050363;"COM A FORÇA DO POVO POR MAIS CONQUISTAS";"PDT / PROS / PTB / MDB / DC / PRB / PRP / PC do B / PMB";"N";959;"Válido";959;6;"2º TURNO"
"13/11/2024";"10:56:11";2018;2;"Eleição Ordinária";1;297;"ELEIÇÕES GERAIS ESTADUAIS 2018";"07/10/2018";"E";"AP";"AP";"AMAPÁ";6025;"PORTO GRANDE";12;3;"Governador";30000613618;12;"ANTONIO WALDEZ GÓES DA SILVA";"WALDEZ";"#NULO#";12;"APTO";2;"DEFERIDO";-3;"#NE";-3;"#NE";-3;"#NE";"COLIGAÇÃO";12;"PDT";"Partido Democrático Trabalhista";-1;"#NULO#";"#NULO#";"#NULO#";30000050363;"COM A FORÇA DO POVO POR MAIS CONQUISTAS";"PDT / PROS / PTB / MDB / DC / PRB / PRP / PC do B / PMB";"N";4106;"Válido";4106;6;"2º TURNO"
"13/11/2024";"10:56:11";2018;2;"Eleição Ordinária";1;297;"ELEIÇÕES GERAIS ESTADUAIS 2018";"07/10/2018";"E";"AP";"AP";"AMAPÁ";6122;"VITÓRIA DO JARI";7;3;"Governador";30000613618;12;"ANTONIO WALDEZ GÓES DA SILVA";"WALDEZ";"#NULO#";12;"APTO";2;"DEFERIDO";-3;"#NE";-3;"#NE";-3;"#NE";"COLIGAÇÃO";12;"PDT";"Partido Democrático Trabalhista";-1;"#NULO#";"#NULO#";"#NULO#";30000050363;"COM A FORÇA DO POVO POR MAIS CONQUISTAS";"PDT / PROS / PTB / MDB / DC / PRB / PRP / PC do B / PMB";"N";2866;"Válido";2866;6;"2º TURNO"
"13/11/2024";"10:56:11";2018;2;"Eleição Ordinária";1;297;"ELEIÇÕES GERAIS ESTADUAIS 2018";"07/10/2018";"E";"AP";"AP";"AMAPÁ";6050;"MACAPÁ";2;3;"Governador";30000613618;12;"ANTONIO WALDEZ GÓES DA SILVA";"WALDEZ";"#NULO#";12;"APTO";2;"DEFERIDO";-3;"#NE";-3;"#NE";-3;"#NE";"COLIGAÇÃO";12;"PDT";"Partido Democrático Trabalhista";-1;"#NULO#";"#NULO#";"#NULO#";30000050363;"COM A FORÇA DO POVO POR MAIS CONQUISTAS";"PDT / PROS / PTB / MDB / DC / PRB / PRP / PC do B / PMB";"N";43101;"Válido";43101;6;"2º TURNO"
"13/11/2024";"10:56:11";2018;2;"Eleição Ordinária";1;297;"ELEIÇÕES GERAIS ESTADUAIS 2018";"07/10/2018";"E";"AP";"AP";"AMAPÁ";6050;"MACAPÁ";10;3;"Governador";30000613618;12;"ANTONIO WALDEZ GÓES DA SILVA";"WALDEZ";"#NULO#";12;"APTO";2;"DEFERIDO";-3;"#NE";-3;"#NE";-3;"#NE";"COLIGAÇÃO";12;"PDT";"Partido Democrático Trabalhista";-1;"#NULO#";"#NULO#";"#NULO#";30000050363;"COM A FORÇA DO POVO POR MAIS CONQUISTAS";"PDT / PROS / PTB / MDB / DC / PRB / PRP / PC do B / PMB";"N";27501;"Válido";27501;6;"2º TURNO"
"13/11/2024";"10:56:11";2018;2;"Eleição Ordinária";1;297;"ELEIÇÕES GERAIS ESTADUAIS 2018";"07/10/2018";"E";"AP";"AP";"AMAPÁ";6114;"FERREIRA GOMES";12;3;"Governador";30000613618;12;"ANTONIO WALDEZ GÓES DA SILVA";"WALDEZ";"#NULO#";12;"APTO";2;"DEFERIDO";-3;"#NE";-3;"#NE";-3;"#NE";"COLIGAÇÃO";12;"PDT";"Partido Democrático Trabalhista";-1;"#NULO#";"#NULO#";"#NULO#";30000050363;"COM A FORÇA DO POVO POR MAIS CONQUISTAS";"PDT / PROS / PTB / MDB / DC / PRB / PRP / PC do B / PMB";"N";1769;"Válido";1769;6;"2º TURNO"
"13/11/2024";"10:56:11";2018;2;"Eleição Ordinária";1;297;"ELEIÇÕES GERAIS ESTADUAIS 2018";"07/10/2018";"E";"AP";"AP";"AMAPÁ";6033;"CALÇOENE";1;3;"Governador";30000620049;40;"JOAO ALBERTO RODRIGUES CAPIBERIBE";"CAPI 40";"#NULO#";12;"APTO";2;"DEFERIDO";-3;"#NE";-3;"#NE";-3;"#NE";"COLIGAÇÃO";40;"PSB";"Partido Socialista Brasileiro";-1;"#NULO#";"#NULO#";"#NULO#";30000050517;"COM O POVO PRA AVANÇAR";"PT / PSB";"N";1426;"Válido";1426;6;"2º TURNO"
"13/11/2024";"10:56:11";2018;2;"Eleição Ordinária";1;297;"ELEIÇÕES GERAIS ESTADUAIS 2018";"07/10/2018";"E";"AP";"AP";"AMAPÁ";6114;"FERREIRA GOMES";12;5;"Senador";30000623196;360;"GUARACY BATISTA DA SILVEIRA JUNIOR";"GUARACY";"#NULO#";12;"APTO";2;"DEFERIDO";-3;"#NE";-3;"#NE";-3;"#NE";"PARTIDO ISOLADO";36;"PTC";"Partido Trabalhista Cristão";-1;"#NULO#";"#NULO#";"#NULO#";30000050620;"PARTIDO ISOLADO";"PTC";"N";368;"Válido";368;4;"NÃO ELEITO"
"13/11/2024";"10:56:11";2018;2;"Eleição Ordinária";1;297;"ELEIÇÕES GERAIS ESTADUAIS 2018";"07/10/2018";"E";"AP";"AP";"AMAPÁ";6076;"MAZAGÃO";5;5;"Senador";30000605843;152;"GILVAM PINHEIRO BORGES";"GILVAM BORGES";"#NULO#";12;"APTO";2;"DEFERIDO";-3;"#NE";-3;"#NE";-3;"#NE";"PARTIDO ISOLADO";15;"MDB";"Movimento Democrático Brasileiro";-1;"#NULO#";"#NULO#";"#NULO#";30000050168;"PARTIDO ISOLADO";"MDB";"N";2222;"Válido";2222;4;"NÃO ELEITO"
"13/11/2024";"10:56:11";2018;2;"Eleição Ordinária";1;297;"ELEIÇÕES GERAIS ESTADUAIS 2018";"07/10/2018";"E";"AP";"AP";"AMAPÁ";6157;"SANTANA";6;5;"Senador";30000605843;152;"GILVAM PINHEIRO BORGES";"GILVAM BORGES";"#NULO#";12;"APTO";2;"DEFERIDO";-3;"#NE";-3;"#NE";-3;"#NE";"PARTIDO ISOLADO";15;"MDB";"Movimento Democrático Brasileiro";-1;"#NULO#";"#NULO#";"#NULO#";30000050168;"PARTIDO ISOLADO";"MDB";"N";3337;"Válido";3337;4;"NÃO ELEITO"
"13/11/2024";"10:56:11";2018;2;"Eleição Ordinária";1;297;"ELEIÇÕES GERAIS ESTADUAIS 2018";"07/10/2018";"E";"AP";"AP";"AMAPÁ";6068;"CUTIAS";10;5;"Senador";30000605843;152;"GILVAM PINHEIRO BORGES";"GILVAM BORGES";"#NULO#";12;"APTO";2;"DEFERIDO";-3;"#NE";-3;"#NE";-3;"#NE";"PARTIDO ISOLADO";15;"MDB";"Movimento Democrático Brasileiro";-1;"#NULO#";"#NULO#";"#NULO#";30000050168;"PARTIDO ISOLADO";"MDB";"N";116;"Válido";116;4;"NÃO ELEITO"
"13/11/2024";"10:56:11";2018;2;"Eleição Ordinária";1;297;"ELEIÇÕES GERAIS ESTADUAIS 2018";"07/10/2018";"E";"AP";"AP";"AMAPÁ";6092;"OIAPOQUE";4;5;"Senador";30000605843;152;"GILVAM PINHEIRO BORGES";"GILVAM BORGES";"#NULO#";12;"APTO";2;"DEFERIDO";-3;"#NE";-3;"#NE";-3;"#NE";"PARTIDO ISOLADO";15;"MDB";"Movimento Democrático Brasileiro";-1;"#NULO#";"#NULO#";"#NULO#";30000050168;"PARTIDO ISOLADO";"MDB";"N";583;"Válido";583;4;"NÃO ELEITO"
"13/11/2024";"10:56:11";2018;2;"Eleição Ordinária";1;297;"ELEIÇÕES GERAIS ESTADUAIS 2018";"07/10/2018";"E";"AP";"AP";"AMAPÁ";6076;"MAZAGÃO";5;5;"Senador";30000605846;151;"FÁTIMA LÚCIA PELAES";"FÁTIMA PELAES";"#NULO#";12;"APTO";2;"DEFERIDO";-3;"#NE";-3;"#NE";-3;"#NE";"PARTIDO ISOLADO";15;"MDB";"Movimento Democrático Brasileiro";-1;"#NULO#";"#NULO#";"#NULO#";30000050168;"PARTIDO ISOLADO";"MDB";"N";1342;"Válido";1342;4;"NÃO ELEITO"
"13/11/2024";"10:56:11";2018;2;"Eleição Ordinária";1;297;"ELEIÇÕES GERAIS ESTADUAIS 2018";"07/10/2018";"E";"AP";"AP";"AMAPÁ";6092;"OIAPOQUE";4;5;"Senador";30000605846;151;"FÁTIMA LÚCIA PELAES";"FÁTIMA PELAES";"#NULO#";12;"APTO";2;"DEFERIDO";-3;"#NE";-3;"#NE";-3;"#NE";"PARTIDO ISOLADO";15;"MDB";"Movimento Democrático Brasileiro";-1;"#NULO#";"#NULO#";"#NULO#";30000050168;"PARTIDO ISOLADO";"MDB";"N";749;"Válido";749;4;"NÃO ELEITO"
"13/11/2024";"10:56:11";2018;2;"Eleição Ordinária";1;297;"ELEIÇÕES GERAIS ESTADUAIS 2018";"07/10/2018";"E";"AP";"AP";"AMAPÁ";6068;"CUTIAS";10;5;"Senador";30000605846;151;"FÁTIMA LÚCIA PELAES";"FÁTIMA PELAES";"#NULO#";12;"APTO";2;"DEFERIDO";-3;"#NE";-3;"#NE";-3;"#NE";"PARTIDO ISOLADO";15;"MDB";"Movimento Democrático Brasileiro";-1;"#NULO#";"#NULO#";"#NULO#";30000050168;"PARTIDO ISOLADO";"MDB";"N";291;"Válido";291;4;"NÃO ELEITO"
"13/11/2024";"10:56:11";2018;2;"Eleição Ordinária";1;297;"ELEIÇÕES GERAIS ESTADUAIS 2018";"07/10/2018";"E";"AP";"AP";"AMAPÁ";6157;"SANTANA";6;5;"Senador";30000605846;151;"FÁTIMA LÚCIA PELAES";"FÁTIMA PELAES";"#NULO#";12;"APTO";2;"DEFERIDO";-3;"#NE";-3;"#NE";-3;"#NE";"PARTIDO ISOLADO";15;"MDB";"Movimento Democrático Brasileiro";-1;"#NULO#";"#NULO#";"#NULO#";30000050168;"PARTIDO ISOLADO";"MDB";"N";8052;"Válido";8052;4;"NÃO ELEITO"
"13/11/2024";"10:56:11";2018;2;"Eleição Ordinária";1;297;"ELEIÇÕES GERAIS ESTADUAIS 2018";"07/10/2018";"E";"AP";"AP";"AMAPÁ";6084;"PEDRA BRANCA DO AMAPARI";11;3;"Governador";30000620049;40;"JOAO ALBERTO RODRIGUES CAPIBERIBE";"CAPI 40";"#NULO#";12;"APTO";2;"DEFERIDO";-3;"#NE";-3;"#NE";-3;"#NE";"COLIGAÇÃO";40;"PSB";"Partido Socialista Brasileiro";-1;"#NULO#";"#NULO#";"#NULO#";30000050517;"COM O POVO PRA AVANÇAR";"PT / PSB";"N";1515;"Válido";1515;6;"2º TURNO"
"13/11/2024";"10:56:11";2018;2;"Eleição Ordinária";1;297;"ELEIÇÕES GERAIS ESTADUAIS 2018";"07/10/2018";"E";"AP";"AP";"AMAPÁ";6017;"AMAPÁ";1;3;"Governador";30000620049;40;"JOAO ALBERTO RODRIGUES CAPIBERIBE";"CAPI 40";"#NULO#";12;"APTO";2;"DEFERIDO";-3;"#NE";-3;"#NE";-3;"#NE";"COLIGAÇÃO";40;"PSB";"Partido Socialista Brasileiro";-1;"#NULO#";"#NULO#";"#NULO#";30000050517;"COM O POVO PRA AVANÇAR";"PT / PSB";"N";1339;"Válido";1339;6;"2º TURNO"
"13/11/2024";"10:56:11";2018;2;"Eleição Ordinária";1;297;"ELEIÇÕES GERAIS ESTADUAIS 2018";"07/10/2018";"E";"AP";"AP";"AMAPÁ";6130;"LARANJAL DO JARI";7;3;"Governador";30000620049;40;"JOAO ALBERTO RODRIGUES CAPIBERIBE";"CAPI 40";"#NULO#";12;"APTO";2;"DEFERIDO";-3;"#NE";-3;"#NE";-3;"#NE";"COLIGAÇÃO";40;"PSB";"Partido Socialista Brasileiro";-1;"#NULO#";"#NULO#";"#NULO#";30000050517;"COM O POVO PRA AVANÇAR";"PT / PSB";"N";8249;"Válido";8249;6;"2º TURNO"
"13/11/2024";"10:56:11";2018;2;"Eleição Ordinária";1;297;"ELEIÇÕES GERAIS ESTADUAIS 2018";"07/10/2018";"E";"AP";"AP";"AMAPÁ";6041;"ITAUBAL";10;3;"Governador";30000620049;40;"JOAO ALBERTO RODRIGUES CAPIBERIBE";"CAPI 40";"#NULO#";12;"APTO";2;"DEFERIDO";-3;"#NE";-3;"#NE";-3;"#NE";"COLIGAÇÃO";40;"PSB";"Partido Socialista Brasileiro";-1;"#NULO#";"#NULO#";"#NULO#";30000050517;"COM O POVO PRA AVANÇAR";"PT / PSB";"N";1883;"Válido";1883;6;"2º TURNO"
"13/11/2024";"10:56:11";2018;2;"Eleição Ordinária";1;297;"ELEIÇÕES GERAIS ESTADUAIS 2018";"07/10/2018";"E";"AP";"AP";"AMAPÁ";6157;"SANTANA";6;3;"Governador";30000620049;40;"JOAO ALBERTO RODRIGUES CAPIBERIBE";"CAPI 40";"#NULO#";12;"APTO";2;"DEFERIDO";-3;"#NE";-3;"#NE";-3;"#NE";"COLIGAÇÃO";40;"PSB";"Partido Socialista Brasileiro";-1;"#NULO#";"#NULO#";"#NULO#";30000050517;"COM O POVO PRA AVANÇAR";"PT / PSB";"N";15105;"Válido";15105;6;"2º TURNO"
"13/11/2024";"10:56:11";2018;2;"Eleição Ordinária";1;297;"ELEIÇÕES GERAIS ESTADUAIS 2018";"07/10/2018";"E";"AP";"AP";"AMAPÁ";6076;"MAZAGÃO";5;3;"Governador";30000620049;40;"JOAO ALBERTO RODRIGUES CAPIBERIBE";"CAPI 40";"#NULO#";12;"APTO";2;"DEFERIDO";-3;"#NE";-3;"#NE";-3;"#NE";"COLIGAÇÃO";40;"PSB";"Partido Socialista Brasileiro";-1;"#NULO#";"#NULO#";"#NULO#";30000050517;"COM O POVO PRA AVANÇAR";"PT / PSB";"N";4350;"Válido";4350;6;"2º TURNO"
"13/11/2024";"10:56:11";2018;2;"Eleição Ordinária";1;297;"ELEIÇÕES GERAIS ESTADUAIS 2018";"07/10/2018";"E";"AP";"AP";"AMAPÁ";6092;"OIAPOQUE";4;3;"Governador";30000620049;40;"JOAO ALBERTO RODRIGUES CAPIBERIBE";"CAPI 40";"#NULO#";12;"APTO";2;"DEFERIDO";-3;"#NE";-3;"#NE";-3;"#NE";"COLIGAÇÃO";40;"PSB";"Partido Socialista Brasileiro";-1;"#NULO#";"#NULO#";"#NULO#";30000050517;"COM O POVO PRA AVANÇAR";"PT / PSB";"N";3802;"Válido";3802;6;"2º TURNO"
"13/11/2024";"10:56:11";2018;2;"Eleição Ordinária";1;297;"ELEIÇÕES GERAIS ESTADUAIS 2018";"07/10/2018";"E";"AP";"AP";"AMAPÁ";6068;"CUTIAS";10;3;"Governador";30000620049;40;"JOAO ALBERTO RODRIGUES CAPIBERIBE";"CAPI 40";"#NULO#";12;"APTO";2;"DEFERIDO";-3;"#NE";-3;"#NE";-3;"#NE";"COLIGAÇÃO";40;"PSB";"Partido Socialista Brasileiro";-1;"#NULO#";"#NULO#";"#NULO#";30000050517;"COM O POVO PRA AVANÇAR";"PT / PSB";"N";1394;"Válido";1394;6;"2º TURNO"
"13/11/2024";"10:56:11";2018;2;"Eleição Ordinária";1;297;"ELEIÇÕES GERAIS ESTADUAIS 2018";"07/10/2018";"E";"AP";"AP";"AMAPÁ";6106;"SERRA DO NAVIO";11;3;"Governador";30000620049;40;"JOAO ALBERTO RODRIGUES CAPIBERIBE";"CAPI 40";"#NULO#";12;"APTO";2;"DEFERIDO";-3;"#NE";-3;"#NE";-3;"#NE";"COLIGAÇÃO";40;"PSB";"Partido Socialista Brasileiro";-1;"#NULO#";"#NULO#";"#NULO#";30000050517;"COM O POVO PRA AVANÇAR";"PT / PSB";"N";592;"Válido";592;6;"2º TURNO"
"13/11/2024";"10:56:11";2018;2;"Eleição Ordinária";1;297;"ELEIÇÕES GERAIS ESTADUAIS 2018";"07/10/2018";"E";"AP";"AP";"AMAPÁ";6173;"TARTARUGALZINHO";8;3;"Governador";30000620049;40;"JOAO ALBERTO RODRIGUES CAPIBERIBE";"CAPI 40";"#NULO#";12;"APTO";2;"DEFERIDO";-3;"#NE";-3;"#NE";-3;"#NE";"COLIGAÇÃO";40;"PSB";"Partido Socialista Brasileiro";-1;"#NULO#";"#NULO#";"#NULO#";30000050517;"COM O POVO PRA AVANÇAR";"PT / PSB";"N";1860;"Válido";1860;6;"2º TURNO"
"13/11/2024";"10:56:11";2018;2;"Eleição Ordinária";1;297;"ELEIÇÕES GERAIS ESTADUAIS 2018";"07/10/2018";"E";"AP";"AP";"AMAPÁ";6009;"PRACUÚBA";1;3;"Governador";30000620049;40;"JOAO ALBERTO RODRIGUES CAPIBERIBE";"CAPI 40";"#NULO#";12;"APTO";2;"DEFERIDO";-3;"#NE";-3;"#NE";-3;"#NE";"COLIGAÇÃO";40;"PSB";"Partido Socialista Brasileiro";-1;"#NULO#";"#NULO#";"#NULO#";30000050517;"COM O POVO PRA AVANÇAR";"PT / PSB";"N";605;"Válido";605;6;"2º TURNO"
"13/11/2024";"10:56:11";2018;2;"Eleição Ordinária";1;297;"ELEIÇÕES GERAIS ESTADUAIS 2018";"07/10/2018";"E";"AP";"AP";"AMAPÁ";6122;"VITÓRIA DO JARI";7;3;"Governador";30000620049;40;"JOAO ALBERTO RODRIGUES CAPIBERIBE";"CAPI 40";"#NULO#";12;"APTO";2;"DEFERIDO";-3;"#NE";-3;"#NE";-3;"#NE";"COLIGAÇÃO";40;"PSB";"Partido Socialista Brasileiro";-1;"#NULO#";"#NULO#";"#NULO#";30000050517;"COM O POVO PRA AVANÇAR";"PT / PSB";"N";2034;"Válido";2034;6;"2º TURNO"
"13/11/2024";"10:56:11";2018;2;"Eleição Ordinária";1;297;"ELEIÇÕES GERAIS ESTADUAIS 2018";"07/10/2018";"E";"AP";"AP";"AMAPÁ";6025;"PORTO GRANDE";12;3;"Governador";30000620049;40;"JOAO ALBERTO RODRIGUES CAPIBERIBE";"CAPI 40";"#NULO#";12;"APTO";2;"DEFERIDO";-3;"#NE";-3;"#NE";-3;"#NE";"COLIGAÇÃO";40;"PSB";"Partido Socialista Brasileiro";-1;"#NULO#";"#NULO#";"#NULO#";30000050517;"COM O POVO PRA AVANÇAR";"PT / PSB";"N";2114;"Válido";2114;6;"2º TURNO"
"13/11/2024";"10:56:11";2018;2;"Eleição Ordinária";1;297;"ELEIÇÕES GERAIS ESTADUAIS 2018";"07/10/2018";"E";"AP";"AP";"AMAPÁ";6050;"MACAPÁ";10;3;"Governador";30000620049;40;"JOAO ALBERTO RODRIGUES CAPIBERIBE";"CAPI 40";"#NULO#";12;"APTO";2;"DEFERIDO";-3;"#NE";-3;"#NE";-3;"#NE";"COLIGAÇÃO";40;"PSB";"Partido Socialista Brasileiro";-1;"#NULO#";"#NULO#";"#NULO#";30000050517;"COM O POVO PRA AVANÇAR";"PT / PSB";"N";33631;"Válido";33631;6;"2º TURNO"
"13/11/2024";"10:56:11";2018;2;"Eleição Ordinária";1;297;"ELEIÇÕES GERAIS ESTADUAIS 2018";"07/10/2018";"E";"AP";"AP";"AMAPÁ";6050;"MACAPÁ";2;3;"Governador";30000620049;40;"JOAO ALBERTO RODRIGUES CAPIBERIBE";"CAPI 40";"#NULO#";12;"APTO";2;"DEFERIDO";-3;"#NE";-3;"#NE";-3;"#NE";"COLIGAÇÃO";40;"PSB";"Partido Socialista Brasileiro";-1;"#NULO#";"#NULO#";"#NULO#";30000050517;"COM O POVO PRA AVANÇAR";"PT / PSB";"N";38168;"Válido";38168;6;"2º TURNO"
"13/11/2024";"10:56:11";2018;2;"Eleição Ordinária";1;297;"ELEIÇÕES GERAIS ESTADUAIS 2018";"07/10/2018";"E";"AP";"AP";"AMAPÁ";6114;"FERREIRA GOMES";12;3;"Governador";30000620049;40;"JOAO ALBERTO RODRIGUES CAPIBERIBE";"CAPI 40";"#NULO#";12;"APTO";2;"DEFERIDO";-3;"#NE";-3;"#NE";-3;"#NE";"COLIGAÇÃO";40;"PSB";"Partido Socialista Brasileiro";-1;"#NULO#";"#NULO#";"#NULO#";30000050517;"COM O POVO PRA AVANÇAR";"PT / PSB";"N";1433;"Válido";1433;6;"2º TURNO"
"13/11/2024";"10:56:11";2018;2;"Eleição Ordinária";1;297;"ELEIÇÕES GERAIS ESTADUAIS 2018";"07/10/2018";"E";"AP";"AP";"AMAPÁ";6157;"SANTANA";6;5;"Senador";30000623196;360;"GUARACY BATISTA DA SILVEIRA JUNIOR";"GUARACY";"#NULO#";12;"APTO";2;"DEFERIDO";-3;"#NE";-3;"#NE";-3;"#NE";"PARTIDO ISOLADO";36;"PTC";"Partido Trabalhista Cristão";-1;"#NULO#";"#NULO#";"#NULO#";30000050620;"PARTIDO ISOLADO";"PTC";"N";6565;"Válido";6565;4;"NÃO ELEITO"
"13/11/2024";"10:56:11";2018;2;"Eleição Ordinária";1;297;"ELEIÇÕES GERAIS ESTADUAIS 2018";"07/10/2018";"E";"AP";"AP";"AMAPÁ";6068;"CUTIAS";10;5;"Senador";30000623196;360;"GUARACY BATISTA DA SILVEIRA JUNIOR";"GUARACY";"#NULO#";12;"APTO";2;"DEFERIDO";-3;"#NE";-3;"#NE";-3;"#NE";"PARTIDO ISOLADO";36;"PTC";"Partido Trabalhista Cristão";-1;"#NULO#";"#NULO#";"#NULO#";30000050620;"PARTIDO ISOLADO";"PTC";"N";269;"Válido";269;4;"NÃO ELEITO"
"13/11/2024";"10:56:11";2018;2;"Eleição Ordinária";1;297;"ELEIÇÕES GERAIS ESTADUAIS 2018";"07/10/2018";"E";"AP";"AP";"AMAPÁ";6092;"OIAPOQUE";4;5;"Senador";30000623196;360;"GUARACY BATISTA DA SILVEIRA JUNIOR";"GUARACY";"#NULO#";12;"APTO";2;"DEFERIDO";-3;"#NE";-3;"#NE";-3;"#NE";"PARTIDO ISOLADO";36;"PTC";"Partido Trabalhista Cristão";-1;"#NULO#";"#NULO#";"#NULO#";30000050620;"PARTIDO ISOLADO";"PTC";"N";1015;"Válido";1015;4;"NÃO ELEITO"
"13/11/2024";"10:56:11";2018;2;"Eleição Ordinária";1;297;"ELEIÇÕES GERAIS ESTADUAIS 2018";"07/10/2018";"E";"AP";"AP";"AMAPÁ";6076;"MAZAGÃO";5;5;"Senador";30000623196;360;"GUARACY BATISTA DA SILVEIRA JUNIOR";"GUARACY";"#NULO#";12;"APTO";2;"DEFERIDO";-3;"#NE";-3;"#NE";-3;"#NE";"PARTIDO ISOLADO";36;"PTC";"Partido Trabalhista Cristão";-1;"#NULO#";"#NULO#";"#NULO#";30000050620;"PARTIDO ISOLADO";"PTC";"N";647;"Válido";647;4;"NÃO ELEITO"
"13/11/2024";"10:56:11";2018;2;"Eleição Ordinária";1;297;"ELEIÇÕES GERAIS ESTADUAIS 2018";"07/10/2018";"E";"AP";"AP";"AMAPÁ";6114;"FERREIRA GOMES";12;3;"Governador";30000602696;17;"ANTONIO CIRILO FERNANDES BORGES";"CIRILO FERNANDES";"#NULO#";12;"APTO";2;"DEFERIDO";-3;"#NE";-3;"#NE";-3;"#NE";"COLIGAÇÃO";17;"PSL";"Partido Social Liberal";-1;"#NULO#";"#NULO#";"#NULO#";30000050080;"O AMAPÁ QUE QUEREMOS";"PPS / PHS / PR / PSL";"N";337;"Válido";337;4;"NÃO ELEITO"
"13/11/2024";"10:56:11";2018;2;"Eleição Ordinária";1;297;"ELEIÇÕES GERAIS ESTADUAIS 2018";"07/10/2018";"E";"AP";"AP";"AMAPÁ";6114;"FERREIRA GOMES";12;5;"Senador";30000602700;177;"RICARDO GONÇALVES SANTOS";"DR RICARDO SANTOS";"#NULO#";12;"APTO";2;"DEFERIDO";-3;"#NE";-3;"#NE";-3;"#NE";"COLIGAÇÃO";17;"PSL";"Partido Social Liberal";-1;"#NULO#";"#NULO#";"#NULO#";30000050080;"O AMAPÁ QUE QUEREMOS";"PPS / PHS / PR / PSL";"N";89;"Válido";89;4;"NÃO ELEITO"
"13/11/2024";"10:56:11";2018;2;"Eleição Ordinária";1;297;"ELEIÇÕES GERAIS ESTADUAIS 2018";"07/10/2018";"E";"AP";"AP";"AMAPÁ";6033;"CALÇOENE";1;5;"Senador";30000622839;333;"JORGE WAGNER COSTA GOMES";"WAGNER GOMES";"#NULO#";12;"APTO";2;"DEFERIDO";-3;"#NE";-3;"#NE";-3;"#NE";"COLIGAÇÃO";33;"PMN";"Partido da Mobilização Nacional";-1;"#NULO#";"#NULO#";"#NULO#";30000050608;"FORÇA E TRABALHO";"PV / PMN / PSOL";"N";12;"Válido";12;4;"NÃO ELEITO"
"13/11/2024";"10:56:11";2018;2;"Eleição Ordinária";1;297;"ELEIÇÕES GERAIS ESTADUAIS 2018";"07/10/2018";"E";"AP";"AP";"AMAPÁ";6050;"MACAPÁ";2;5;"Senador";30000620108;450;"SEBASTIÃO FERREIRA DA ROCHA";"BALA ROCHA";"#NULO#";12;"APTO";2;"DEFERIDO";-3;"#NE";-3;"#NE";-3;"#NE";"COLIGAÇÃO";45;"PSDB";"Partido da Social Democracia Brasileira";-1;"#NULO#";"#NULO#";"#NULO#";30000050520;"TRABALHO E UNIÃO PELO AMAPÁ";"DEM / REDE / PSDB / PPL / PP / PSC / AVANTE / PSD / PODE / SOLIDARIEDADE";"N";10383;"Válido";10383;4;"NÃO ELEITO"
"13/11/2024";"10:56:11";2018;2;"Eleição Ordinária";1;297;"ELEIÇÕES GERAIS ESTADUAIS 2018";"07/10/2018";"E";"AP";"AP";"AMAPÁ";6025;"PORTO GRANDE";12;5;"Senador";30000620108;450;"SEBASTIÃO FERREIRA DA ROCHA";"BALA ROCHA";"#NULO#";12;"APTO";2;"DEFERIDO";-3;"#NE";-3;"#NE";-3;"#NE";"COLIGAÇÃO";45;"PSDB";"Partido da Social Democracia Brasileira";-1;"#NULO#";"#NULO#";"#NULO#";30000050520;"TRABALHO E UNIÃO PELO AMAPÁ";"DEM / REDE / PSDB / PPL / PP / PSC / AVANTE / PSD / PODE / SOLIDARIEDADE";"N";420;"Válido";420;4;"NÃO ELEITO"
"13/11/2024";"10:56:11";2018;2;"Eleição Ordinária";1;297;"ELEIÇÕES GERAIS ESTADUAIS 2018";"07/10/2018";"E";"AP";"AP";"AMAPÁ";6050;"MACAPÁ";10;5;"Senador";30000620108;450;"SEBASTIÃO FERREIRA DA ROCHA";"BALA ROCHA";"#NULO#";12;"APTO";2;"DEFERIDO";-3;"#NE";-3;"#NE";-3;"#NE";"COLIGAÇÃO";45;"PSDB";"Partido da Social Democracia Brasileira";-1;"#NULO#";"#NULO#";"#NULO#";30000050520;"TRABALHO E UNIÃO PELO AMAPÁ";"DEM / REDE / PSDB / PPL / PP / PSC / AVANTE / PSD / PODE / SOLIDARIEDADE";"N";6221;"Válido";6221;4;"NÃO ELEITO"
"13/11/2024";"10:56:11";2018;2;"Eleição Ordinária";1;297;"ELEIÇÕES GERAIS ESTADUAIS 2018";"07/10/2018";"E";"AP";"AP";"AMAPÁ";6122;"VITÓRIA DO JARI";7;5;"Senador";30000620108;450;"SEBASTIÃO FERREIRA DA ROCHA";"BALA ROCHA";"#NULO#";12;"APTO";2;"DEFERIDO";-3;"#NE";-3;"#NE";-3;"#NE";"COLIGAÇÃO";45;"PSDB";"Partido da Social Democracia Brasileira";-1;"#NULO#";"#NULO#";"#NULO#";30000050520;"TRABALHO E UNIÃO PELO AMAPÁ";"DEM / REDE / PSDB / PPL / PP / PSC / AVANTE / PSD / PODE / SOLIDARIEDADE";"N";242;"Válido";242;4;"NÃO ELEITO"
"13/11/2024";"10:56:11";2018;2;"Eleição Ordinária";1;297;"ELEIÇÕES GERAIS ESTADUAIS 2018";"07/10/2018";"E";"AP";"AP";"AMAPÁ";6041;"ITAUBAL";10;5;"Senador";30000610398;161;"DAVI IVÃ MARTINS DA SILVA";"DR. DAVI";"#NULO#";12;"APTO";2;"DEFERIDO";-3;"#NE";-3;"#NE";-3;"#NE";"PARTIDO ISOLADO";16;"PSTU";"Partido Socialista dos Trabalhadores Unificado";-1;"#NULO#";"#NULO#";"#NULO#";30000050277;"PARTIDO ISOLADO";"PSTU";"N";42;"Válido";42;4;"NÃO ELEITO"
"13/11/2024";"10:56:11";2018;2;"Eleição Ordinária";1;297;"ELEIÇÕES GERAIS ESTADUAIS 2018";"07/10/2018";"E";"AP";"AP";"AMAPÁ";6041;"ITAUBAL";10;3;"Governador";30000610396;16;"GIANFRANCO GUSMÃO DE AZEVEDO";"GIANFRANCO";"#NULO#";12;"APTO";2;"DEFERIDO";-3;"#NE";-3;"#NE";-3;"#NE";"PARTIDO ISOLADO";16;"PSTU";"Partido Socialista dos Trabalhadores Unificado";-1;"#NULO#";"#NULO#";"#NULO#";30000050277;"PARTIDO ISOLADO";"PSTU";"N";11;"Válido";11;4;"NÃO ELEITO"
"13/11/2024";"10:56:11";2018;2;"Eleição Ordinária";1;297;"ELEIÇÕES GERAIS ESTADUAIS 2018";"07/10/2018";"E";"AP";"AP";"AMAPÁ";6130;"LARANJAL DO JARI";7;5;"Senador";30000622839;333;"JORGE WAGNER COSTA GOMES";"WAGNER GOMES";"#NULO#";12;"APTO";2;"DEFERIDO";-3;"#NE";-3;"#NE";-3;"#NE";"COLIGAÇÃO";33;"PMN";"Partido da Mobilização Nacional";-1;"#NULO#";"#NULO#";"#NULO#";30000050608;"FORÇA E TRABALHO";"PV / PMN / PSOL";"N";75;"Válido";75;4;"NÃO ELEITO"
"13/11/2024";"10:56:11";2018;2;"Eleição Ordinária";1;297;"ELEIÇÕES GERAIS ESTADUAIS 2018";"07/10/2018";"E";"AP";"AP";"AMAPÁ";6017;"AMAPÁ";1;5;"Senador";30000622839;333;"JORGE WAGNER COSTA GOMES";"WAGNER GOMES";"#NULO#";12;"APTO";2;"DEFERIDO";-3;"#NE";-3;"#NE";-3;"#NE";"COLIGAÇÃO";33;"PMN";"Partido da Mobilização Nacional";-1;"#NULO#";"#NULO#";"#NULO#";30000050608;"FORÇA E TRABALHO";"PV / PMN / PSOL";"N";35;"Válido";35;4;"NÃO ELEITO"
"13/11/2024";"10:56:11";2018;2;"Eleição Ordinária";1;297;"ELEIÇÕES GERAIS ESTADUAIS 2018";"07/10/2018";"E";"AP";"AP";"AMAPÁ";6084;"PEDRA BRANCA DO AMAPARI";11;5;"Senador";30000622839;333;"JORGE WAGNER COSTA GOMES";"WAGNER GOMES";"#NULO#";12;"APTO";2;"DEFERIDO";-3;"#NE";-3;"#NE";-3;"#NE";"COLIGAÇÃO";33;"PMN";"Partido da Mobilização Nacional";-1;"#NULO#";"#NULO#";"#NULO#";30000050608;"FORÇA E TRABALHO";"PV / PMN / PSOL";"N";367;"Válido";367;4;"NÃO ELEITO"
"13/11/2024";"10:56:11";2018;2;"Eleição Ordinária";1;297;"ELEIÇÕES GERAIS ESTADUAIS 2018";"07/10/2018";"E";"AP";"AP";"AMAPÁ";6041;"ITAUBAL";10;5;"Senador";30000622839;333;"JORGE WAGNER COSTA GOMES";"WAGNER GOMES";"#NULO#";12;"APTO";2;"DEFERIDO";-3;"#NE";-3;"#NE";-3;"#NE";"COLIGAÇÃO";33;"PMN";"Partido da Mobilização Nacional";-1;"#NULO#";"#NULO#";"#NULO#";30000050608;"FORÇA E TRABALHO";"PV / PMN / PSOL";"N";22;"Válido";22;4;"NÃO ELEITO"
"13/11/2024";"10:56:11";2018;2;"Eleição Ordinária";1;297;"ELEIÇÕES GERAIS ESTADUAIS 2018";"07/10/2018";"E";"AP";"AP";"AMAPÁ";6092;"OIAPOQUE";4;5;"Senador";30000622839;333;"JORGE WAGNER COSTA GOMES";"WAGNER GOMES";"#NULO#";12;"APTO";2;"DEFERIDO";-3;"#NE";-3;"#NE";-3;"#NE";"COLIGAÇÃO";33;"PMN";"Partido da Mobilização Nacional";-1;"#NULO#";"#NULO#";"#NULO#";30000050608;"FORÇA E TRABALHO";"PV / PMN / PSOL";"N";86;"Válido";86;4;"NÃO ELEITO"
"13/11/2024";"10:56:11";2018;2;"Eleição Ordinária";1;297;"ELEIÇÕES GERAIS ESTADUAIS 2018";"07/10/2018";"E";"AP";"AP";"AMAPÁ";6106;"SERRA DO NAVIO";11;5;"Senador";30000605843;152;"GILVAM PINHEIRO BORGES";"GILVAM BORGES";"#NULO#";12;"APTO";2;"DEFERIDO";-3;"#NE";-3;"#NE";-3;"#NE";"PARTIDO ISOLADO";15;"MDB";"Movimento Democrático Brasileiro";-1;"#NULO#";"#NULO#";"#NULO#";30000050168;"PARTIDO ISOLADO";"MDB";"N";124;"Válido";124;4;"NÃO ELEITO"
"13/11/2024";"10:56:11";2018;2;"Eleição Ordinária";1;297;"ELEIÇÕES GERAIS ESTADUAIS 2018";"07/10/2018";"E";"AP";"AP";"AMAPÁ";6009;"PRACUÚBA";1;5;"Senador";30000605843;152;"GILVAM PINHEIRO BORGES";"GILVAM BORGES";"#NULO#";12;"APTO";2;"DEFERIDO";-3;"#NE";-3;"#NE";-3;"#NE";"PARTIDO ISOLADO";15;"MDB";"Movimento Democrático Brasileiro";-1;"#NULO#";"#NULO#";"#NULO#";30000050168;"PARTIDO ISOLADO";"MDB";"N";208;"Válido";208;4;"NÃO ELEITO"
"13/11/2024";"10:56:11";2018;2;"Eleição Ordinária";1;297;"ELEIÇÕES GERAIS ESTADUAIS 2018";"07/10/2018";"E";"AP";"AP";"AMAPÁ";6173;"TARTARUGALZINHO";8;5;"Senador";30000605843;152;"GILVAM PINHEIRO BORGES";"GILVAM BORGES";"#NULO#";12;"APTO";2;"DEFERIDO";-3;"#NE";-3;"#NE";-3;"#NE";"PARTIDO ISOLADO";15;"MDB";"Movimento Democrático Brasileiro";-1;"#NULO#";"#NULO#";"#NULO#";30000050168;"PARTIDO ISOLADO";"MDB";"N";674;"Válido";674;4;"NÃO ELEITO"
"13/11/2024";"10:56:11";2018;2;"Eleição Ordinária";1;297;"ELEIÇÕES GERAIS ESTADUAIS 2018";"07/10/2018";"E";"AP";"AP";"AMAPÁ";6106;"SERRA DO NAVIO";11;5;"Senador";30000605846;151;"FÁTIMA LÚCIA PELAES";"FÁTIMA PELAES";"#NULO#";12;"APTO";2;"DEFERIDO";-3;"#NE";-3;"#NE";-3;"#NE";"PARTIDO ISOLADO";15;"MDB";"Movimento Democrático Brasileiro";-1;"#NULO#";"#NULO#";"#NULO#";30000050168;"PARTIDO ISOLADO";"MDB";"N";733;"Válido";733;4;"NÃO ELEITO"
"13/11/2024";"10:56:11";2018;2;"Eleição Ordinária";1;297;"ELEIÇÕES GERAIS ESTADUAIS 2018";"07/10/2018";"E";"AP";"AP";"AMAPÁ";6009;"PRACUÚBA";1;5;"Senador";30000605846;151;"FÁTIMA LÚCIA PELAES";"FÁTIMA PELAES";"#NULO#";12;"APTO";2;"DEFERIDO";-3;"#NE";-3;"#NE";-3;"#NE";"PARTIDO ISOLADO";15;"MDB";"Movimento Democrático Brasileiro";-1;"#NULO#";"#NULO#";"#NULO#";30000050168;"PARTIDO ISOLADO";"MDB";"N";147;"Válido";147;4;"NÃO ELEITO"
"13/11/2024";"10:56:11";2018;2;"Eleição Ordinária";1;297;"ELEIÇÕES GERAIS ESTADUAIS 2018";"07/10/2018";"E";"AP";"AP";"AMAPÁ";6173;"TARTARUGALZINHO";8;5;"Senador";30000605846;151;"FÁTIMA LÚCIA PELAES";"FÁTIMA PELAES";"#NULO#";12;"APTO";2;"DEFERIDO";-3;"#NE";-3;"#NE";-3;"#NE";"PARTIDO ISOLADO";15;"MDB";"Movimento Democrático Brasileiro";-1;"#NULO#";"#NULO#";"#NULO#";30000050168;"PARTIDO ISOLADO";"MDB";"N";1035;"Válido";1035;4;"NÃO ELEITO"
"13/11/2024";"10:56:11";2018;2;"Eleição Ordinária";1;297;"ELEIÇÕES GERAIS ESTADUAIS 2018";"07/10/2018";"E";"AP";"AP";"AMAPÁ";6157;"SANTANA";6;5;"Senador";30000622839;333;"JORGE WAGNER COSTA GOMES";"WAGNER GOMES";"#NULO#";12;"APTO";2;"DEFERIDO";-3;"#NE";-3;"#NE";-3;"#NE";"COLIGAÇÃO";33;"PMN";"Partido da Mobilização Nacional";-1;"#NULO#";"#NULO#";"#NULO#";30000050608;"FORÇA E TRABALHO";"PV / PMN / PSOL";"N";313;"Válido";313;4;"NÃO ELEITO"
"13/11/2024";"10:56:11";2018;2;"Eleição Ordinária";1;297;"ELEIÇÕES GERAIS ESTADUAIS 2018";"07/10/2018";"E";"AP";"AP";"AMAPÁ";6076;"MAZAGÃO";5;5;"Senador";30000622839;333;"JORGE WAGNER COSTA GOMES";"WAGNER GOMES";"#NULO#";12;"APTO";2;"DEFERIDO";-3;"#NE";-3;"#NE";-3;"#NE";"COLIGAÇÃO";33;"PMN";"Partido da Mobilização Nacional";-1;"#NULO#";"#NULO#";"#NULO#";30000050608;"FORÇA E TRABALHO";"PV / PMN / PSOL";"N";51;"Válido";51;4;"NÃO ELEITO"
"13/11/2024";"10:56:11";2018;2;"Eleição Ordinária";1;297;"ELEIÇÕES GERAIS ESTADUAIS 2018";"07/10/2018";"E";"AP";"AP";"AMAPÁ";6068;"CUTIAS";10;5;"Senador";30000622839;333;"JORGE WAGNER COSTA GOMES";"WAGNER GOMES";"#NULO#";12;"APTO";2;"DEFERIDO";-3;"#NE";-3;"#NE";-3;"#NE";"COLIGAÇÃO";33;"PMN";"Partido da Mobilização Nacional";-1;"#NULO#";"#NULO#";"#NULO#";30000050608;"FORÇA E TRABALHO";"PV / PMN / PSOL";"N";43;"Válido";43;4;"NÃO ELEITO"
"13/11/2024";"10:56:11";2018;2;"Eleição Ordinária";1;297;"ELEIÇÕES GERAIS ESTADUAIS 2018";"07/10/2018";"E";"AP";"AP";"AMAPÁ";6173;"TARTARUGALZINHO";8;5;"Senador";30000622839;333;"JORGE WAGNER COSTA GOMES";"WAGNER GOMES";"#NULO#";12;"APTO";2;"DEFERIDO";-3;"#NE";-3;"#NE";-3;"#NE";"COLIGAÇÃO";33;"PMN";"Partido da Mobilização Nacional";-1;"#NULO#";"#NULO#";"#NULO#";30000050608;"FORÇA E TRABALHO";"PV / PMN / PSOL";"N";34;"Válido";34;4;"NÃO ELEITO"
"13/11/2024";"10:56:11";2018;2;"Eleição Ordinária";1;297;"ELEIÇÕES GERAIS ESTADUAIS 2018";"07/10/2018";"E";"AP";"AP";"AMAPÁ";6009;"PRACUÚBA";1;5;"Senador";30000622839;333;"JORGE WAGNER COSTA GOMES";"WAGNER GOMES";"#NULO#";12;"APTO";2;"DEFERIDO";-3;"#NE";-3;"#NE";-3;"#NE";"COLIGAÇÃO";33;"PMN";"Partido da Mobilização Nacional";-1;"#NULO#";"#NULO#";"#NULO#";30000050608;"FORÇA E TRABALHO";"PV / PMN / PSOL";"N";6;"Válido";6;4;"NÃO ELEITO"
"13/11/2024";"10:56:11";2018;2;"Eleição Ordinária";1;297;"ELEIÇÕES GERAIS ESTADUAIS 2018";"07/10/2018";"E";"AP";"AP";"AMAPÁ";6106;"SERRA DO NAVIO";11;5;"Senador";30000622839;333;"JORGE WAGNER COSTA GOMES";"WAGNER GOMES";"#NULO#";12;"APTO";2;"DEFERIDO";-3;"#NE";-3;"#NE";-3;"#NE";"COLIGAÇÃO";33;"PMN";"Partido da Mobilização Nacional";-1;"#NULO#";"#NULO#";"#NULO#";30000050608;"FORÇA E TRABALHO";"PV / PMN / PSOL";"N";467;"Válido";467;4;"NÃO ELEITO"
"13/11/2024";"10:56:11";2018;2;"Eleição Ordinária";1;297;"ELEIÇÕES GERAIS ESTADUAIS 2018";"07/10/2018";"E";"AP";"AP";"AMAPÁ";6114;"FERREIRA GOMES";12;5;"Senador";30000610398;161;"DAVI IVÃ MARTINS DA SILVA";"DR. DAVI";"#NULO#";12;"APTO";2;"DEFERIDO";-3;"#NE";-3;"#NE";-3;"#NE";"PARTIDO ISOLADO";16;"PSTU";"Partido Socialista dos Trabalhadores Unificado";-1;"#NULO#";"#NULO#";"#NULO#";30000050277;"PARTIDO ISOLADO";"PSTU";"N";29;"Válido";29;4;"NÃO ELEITO"
"13/11/2024";"10:56:11";2018;2;"Eleição Ordinária";1;297;"ELEIÇÕES GERAIS ESTADUAIS 2018";"07/10/2018";"E";"AP";"AP";"AMAPÁ";6114;"FERREIRA GOMES";12;3;"Governador";30000610396;16;"GIANFRANCO GUSMÃO DE AZEVEDO";"GIANFRANCO";"#NULO#";12;"APTO";2;"DEFERIDO";-3;"#NE";-3;"#NE";-3;"#NE";"PARTIDO ISOLADO";16;"PSTU";"Partido Socialista dos Trabalhadores Unificado";-1;"#NULO#";"#NULO#";"#NULO#";30000050277;"PARTIDO ISOLADO";"PSTU";"N";27;"Válido";27;4;"NÃO ELEITO"
"13/11/2024";"10:56:11";2018;2;"Eleição Ordinária";1;297;"ELEIÇÕES GERAIS ESTADUAIS 2018";"07/10/2018";"E";"AP";"AP";"AMAPÁ";6114;"FERREIRA GOMES";12;5;"Senador";30000605843;152;"GILVAM PINHEIRO BORGES";"GILVAM BORGES";"#NULO#";12;"APTO";2;"DEFERIDO";-3;"#NE";-3;"#NE";-3;"#NE";"PARTIDO ISOLADO";15;"MDB";"Movimento Democrático Brasileiro";-1;"#NULO#";"#NULO#";"#NULO#";30000050168;"PARTIDO ISOLADO";"MDB";"N";288;"Válido";288;4;"NÃO ELEITO"
"13/11/2024";"10:56:11";2018;2;"Eleição Ordinária";1;297;"ELEIÇÕES GERAIS ESTADUAIS 2018";"07/10/2018";"E";"AP";"AP";"AMAPÁ";6114;"FERREIRA GOMES";12;5;"Senador";30000605846;151;"FÁTIMA LÚCIA PELAES";"FÁTIMA PELAES";"#NULO#";12;"APTO";2;"DEFERIDO";-3;"#NE";-3;"#NE";-3;"#NE";"PARTIDO ISOLADO";15;"MDB";"Movimento Democrático Brasileiro";-1;"#NULO#";"#NULO#";"#NULO#";30000050168;"PARTIDO ISOLADO";"MDB";"N";911;"Válido";911;4;"NÃO ELEITO"
"13/11/2024";"10:56:11";2018;2;"Eleição Ordinária";1;297;"ELEIÇÕES GERAIS ESTADUAIS 2018";"07/10/2018";"E";"AP";"AP";"AMAPÁ";6092;"OIAPOQUE";4;5;"Senador";30000610398;161;"DAVI IVÃ MARTINS DA SILVA";"DR. DAVI";"#NULO#";12;"APTO";2;"DEFERIDO";-3;"#NE";-3;"#NE";-3;"#NE";"PARTIDO ISOLADO";16;"PSTU";"Partido Socialista dos Trabalhadores Unificado";-1;"#NULO#";"#NULO#";"#NULO#";30000050277;"PARTIDO ISOLADO";"PSTU";"N";285;"Válido";285;4;"NÃO ELEITO"
"13/11/2024";"10:56:11";2018;2;"Eleição Ordinária";1;297;"ELEIÇÕES GERAIS ESTADUAIS 2018";"07/10/2018";"E";"AP";"AP";"AMAPÁ";6157;"SANTANA";6;5;"Senador";30000610398;161;"DAVI IVÃ MARTINS DA SILVA";"DR. DAVI";"#NULO#";12;"APTO";2;"DEFERIDO";-3;"#NE";-3;"#NE";-3;"#NE";"PARTIDO ISOLADO";16;"PSTU";"Partido Socialista dos Trabalhadores Unificado";-1;"#NULO#";"#NULO#";"#NULO#";30000050277;"PARTIDO ISOLADO";"PSTU";"N";337;"Válido";337;4;"NÃO ELEITO"
"13/11/2024";"10:56:11";2018;2;"Eleição Ordinária";1;297;"ELEIÇÕES GERAIS ESTADUAIS 2018";"07/10/2018";"E";"AP";"AP";"AMAPÁ";6068;"CUTIAS";10;5;"Senador";30000610398;161;"DAVI IVÃ MARTINS DA SILVA";"DR. DAVI";"#NULO#";12;"APTO";2;"DEFERIDO";-3;"#NE";-3;"#NE";-3;"#NE";"PARTIDO ISOLADO";16;"PSTU";"Partido Socialista dos Trabalhadores Unificado";-1;"#NULO#";"#NULO#";"#NULO#";30000050277;"PARTIDO ISOLADO";"PSTU";"N";2;"Válido";2;4;"NÃO ELEITO"
"13/11/2024";"10:56:11";2018;2;"Eleição Ordinária";1;297;"ELEIÇÕES GERAIS ESTADUAIS 2018";"07/10/2018";"E";"AP";"AP";"AMAPÁ";6076;"MAZAGÃO";5;5;"Senador";30000610398;161;"DAVI IVÃ MARTINS DA SILVA";"DR. DAVI";"#NULO#";12;"APTO";2;"DEFERIDO";-3;"#NE";-3;"#NE";-3;"#NE";"PARTIDO ISOLADO";16;"PSTU";"Partido Socialista dos Trabalhadores Unificado";-1;"#NULO#";"#NULO#";"#NULO#";30000050277;"PARTIDO ISOLADO";"PSTU";"N";54;"Válido";54;4;"NÃO ELEITO"
"13/11/2024";"10:56:11";2018;2;"Eleição Ordinária";1;297;"ELEIÇÕES GERAIS ESTADUAIS 2018";"07/10/2018";"E";"AP";"AP";"AMAPÁ";6092;"OIAPOQUE";4;3;"Governador";30000610396;16;"GIANFRANCO GUSMÃO DE AZEVEDO";"GIANFRANCO";"#NULO#";12;"APTO";2;"DEFERIDO";-3;"#NE";-3;"#NE";-3;"#NE";"PARTIDO ISOLADO";16;"PSTU";"Partido Socialista dos Trabalhadores Unificado";-1;"#NULO#";"#NULO#";"#NULO#";30000050277;"PARTIDO ISOLADO";"PSTU";"N";35;"Válido";35;4;"NÃO ELEITO"
"13/11/2024";"10:56:11";2018;2;"Eleição Ordinária";1;297;"ELEIÇÕES GERAIS ESTADUAIS 2018";"07/10/2018";"E";"AP";"AP";"AMAPÁ";6157;"SANTANA";6;3;"Governador";30000610396;16;"GIANFRANCO GUSMÃO DE AZEVEDO";"GIANFRANCO";"#NULO#";12;"APTO";2;"DEFERIDO";-3;"#NE";-3;"#NE";-3;"#NE";"PARTIDO ISOLADO";16;"PSTU";"Partido Socialista dos Trabalhadores Unificado";-1;"#NULO#";"#NULO#";"#NULO#";30000050277;"PARTIDO ISOLADO";"PSTU";"N";489;"Válido";489;4;"NÃO ELEITO"
"13/11/2024";"10:56:11";2018;2;"Eleição Ordinária";1;297;"ELEIÇÕES GERAIS ESTADUAIS 2018";"07/10/2018";"E";"AP";"AP";"AMAPÁ";6076;"MAZAGÃO";5;3;"Governador";30000610396;16;"GIANFRANCO GUSMÃO DE AZEVEDO";"GIANFRANCO";"#NULO#";12;"APTO";2;"DEFERIDO";-3;"#NE";-3;"#NE";-3;"#NE";"PARTIDO ISOLADO";16;"PSTU";"Partido Socialista dos Trabalhadores Unificado";-1;"#NULO#";"#NULO#";"#NULO#";30000050277;"PARTIDO ISOLADO";"PSTU";"N";40;"Válido";40;4;"NÃO ELEITO"
"13/11/2024";"10:56:11";2018;2;"Eleição Ordinária";1;297;"ELEIÇÕES GERAIS ESTADUAIS 2018";"07/10/2018";"E";"AP";"AP";"AMAPÁ";6068;"CUTIAS";10;3;"Governador";30000610396;16;"GIANFRANCO GUSMÃO DE AZEVEDO";"GIANFRANCO";"#NULO#";12;"APTO";2;"DEFERIDO";-3;"#NE";-3;"#NE";-3;"#NE";"PARTIDO ISOLADO";16;"PSTU";"Partido Socialista dos Trabalhadores Unificado";-1;"#NULO#";"#NULO#";"#NULO#";30000050277;"PARTIDO ISOLADO";"PSTU";"N";0;"Válido";0;4;"NÃO ELEITO"
"13/11/2024";"10:56:11";2018;2;"Eleição Ordinária";1;297;"ELEIÇÕES GERAIS ESTADUAIS 2018";"07/10/2018";"E";"AP";"AP";"AMAPÁ";6114;"FERREIRA GOMES";12;5;"Senador";30000622839;333;"JORGE WAGNER COSTA GOMES";"WAGNER GOMES";"#NULO#";12;"APTO";2;"DEFERIDO";-3;"#NE";-3;"#NE";-3;"#NE";"COLIGAÇÃO";33;"PMN";"Partido da Mobilização Nacional";-1;"#NULO#";"#NULO#";"#NULO#";30000050608;"FORÇA E TRABALHO";"PV / PMN / PSOL";"N";41;"Válido";41;4;"NÃO ELEITO"
"13/11/2024";"10:56:11";2018;2;"Eleição Ordinária";1;297;"ELEIÇÕES GERAIS ESTADUAIS 2018";"07/10/2018";"E";"AP";"AP";"AMAPÁ";6025;"PORTO GRANDE";12;5;"Senador";30000622839;333;"JORGE WAGNER COSTA GOMES";"WAGNER GOMES";"#NULO#";12;"APTO";2;"DEFERIDO";-3;"#NE";-3;"#NE";-3;"#NE";"COLIGAÇÃO";33;"PMN";"Partido da Mobilização Nacional";-1;"#NULO#";"#NULO#";"#NULO#";30000050608;"FORÇA E TRABALHO";"PV / PMN / PSOL";"N";42;"Válido";42;4;"NÃO ELEITO"
"13/11/2024";"10:56:11";2018;2;"Eleição Ordinária";1;297;"ELEIÇÕES GERAIS ESTADUAIS 2018";"07/10/2018";"E";"AP";"AP";"AMAPÁ";6122;"VITÓRIA DO JARI";7;5;"Senador";30000622839;333;"JORGE WAGNER COSTA GOMES";"WAGNER GOMES";"#NULO#";12;"APTO";2;"DEFERIDO";-3;"#NE";-3;"#NE";-3;"#NE";"COLIGAÇÃO";33;"PMN";"Partido da Mobilização Nacional";-1;"#NULO#";"#NULO#";"#NULO#";30000050608;"FORÇA E TRABALHO";"PV / PMN / PSOL";"N";38;"Válido";38;4;"NÃO ELEITO"
"13/11/2024";"10:56:11";2018;2;"Eleição Ordinária";1;297;"ELEIÇÕES GERAIS ESTADUAIS 2018";"07/10/2018";"E";"AP";"AP";"AMAPÁ";6050;"MACAPÁ";2;5;"Senador";30000622839;333;"JORGE WAGNER COSTA GOMES";"WAGNER GOMES";"#NULO#";12;"APTO";2;"DEFERIDO";-3;"#NE";-3;"#NE";-3;"#NE";"COLIGAÇÃO";33;"PMN";"Partido da Mobilização Nacional";-1;"#NULO#";"#NULO#";"#NULO#";30000050608;"FORÇA E TRABALHO";"PV / PMN / PSOL";"N";2515;"Válido";2515;4;"NÃO ELEITO"
"13/11/2024";"10:56:11";2018;2;"Eleição Ordinária";1;297;"ELEIÇÕES GERAIS ESTADUAIS 2018";"07/10/2018";"E";"AP";"AP";"AMAPÁ";6050;"MACAPÁ";10;5;"Senador";30000622839;333;"JORGE WAGNER COSTA GOMES";"WAGNER GOMES";"#NULO#";12;"APTO";2;"DEFERIDO";-3;"#NE";-3;"#NE";-3;"#NE";"COLIGAÇÃO";33;"PMN";"Partido da Mobilização Nacional";-1;"#NULO#";"#NULO#";"#NULO#";30000050608;"FORÇA E TRABALHO";"PV / PMN / PSOL";"N";1458;"Válido";1458;4;"NÃO ELEITO"
"13/11/2024";"10:56:11";2018;2;"Eleição Ordinária";1;297;"ELEIÇÕES GERAIS ESTADUAIS 2018";"07/10/2018";"E";"AP";"AP";"AMAPÁ";6033;"CALÇOENE";1;5;"Senador";30000620108;450;"SEBASTIÃO FERREIRA DA ROCHA";"BALA ROCHA";"#NULO#";12;"APTO";2;"DEFERIDO";-3;"#NE";-3;"#NE";-3;"#NE";"COLIGAÇÃO";45;"PSDB";"Partido da Social Democracia Brasileira";-1;"#NULO#";"#NULO#";"#NULO#";30000050520;"TRABALHO E UNIÃO PELO AMAPÁ";"DEM / REDE / PSDB / PPL / PP / PSC / AVANTE / PSD / PODE / SOLIDARIEDADE";"N";270;"Válido";270;4;"NÃO ELEITO"
"13/11/2024";"10:56:11";2018;2;"Eleição Ordinária";1;297;"ELEIÇÕES GERAIS ESTADUAIS 2018";"07/10/2018";"E";"AP";"AP";"AMAPÁ";6173;"TARTARUGALZINHO";8;5;"Senador";30000610398;161;"DAVI IVÃ MARTINS DA SILVA";"DR. DAVI";"#NULO#";12;"APTO";2;"DEFERIDO";-3;"#NE";-3;"#NE";-3;"#NE";"PARTIDO ISOLADO";16;"PSTU";"Partido Socialista dos Trabalhadores Unificado";-1;"#NULO#";"#NULO#";"#NULO#";30000050277;"PARTIDO ISOLADO";"PSTU";"N";149;"Válido";149;4;"NÃO ELEITO"
"13/11/2024";"10:56:11";2018;2;"Eleição Ordinária";1;297;"ELEIÇÕES GERAIS ESTADUAIS 2018";"07/10/2018";"E";"AP";"AP";"AMAPÁ";6009;"PRACUÚBA";1;5;"Senador";30000610398;161;"DAVI IVÃ MARTINS DA SILVA";"DR. DAVI";"#NULO#";12;"APTO";2;"DEFERIDO";-3;"#NE";-3;"#NE";-3;"#NE";"PARTIDO ISOLADO";16;"PSTU";"Partido Socialista dos Trabalhadores Unificado";-1;"#NULO#";"#NULO#";"#NULO#";30000050277;"PARTIDO ISOLADO";"PSTU";"N";39;"Válido";39;4;"NÃO ELEITO"
"13/11/2024";"10:56:11";2018;2;"Eleição Ordinária";1;297;"ELEIÇÕES GERAIS ESTADUAIS 2018";"07/10/2018";"E";"AP";"AP";"AMAPÁ";6106;"SERRA DO NAVIO";11;5;"Senador";30000610398;161;"DAVI IVÃ MARTINS DA SILVA";"DR. DAVI";"#NULO#";12;"APTO";2;"DEFERIDO";-3;"#NE";-3;"#NE";-3;"#NE";"PARTIDO ISOLADO";16;"PSTU";"Partido Socialista dos Trabalhadores Unificado";-1;"#NULO#";"#NULO#";"#NULO#";30000050277;"PARTIDO ISOLADO";"PSTU";"N";35;"Válido";35;4;"NÃO ELEITO"
"13/11/2024";"10:56:11";2018;2;"Eleição Ordinária";1;297;"ELEIÇÕES GERAIS ESTADUAIS 2018";"07/10/2018";"E";"AP";"AP";"AMAPÁ";6009;"PRACUÚBA";1;3;"Governador";30000610396;16;"GIANFRANCO GUSMÃO DE AZEVEDO";"GIANFRANCO";"#NULO#";12;"APTO";2;"DEFERIDO";-3;"#NE";-3;"#NE";-3;"#NE";"PARTIDO ISOLADO";16;"PSTU";"Partido Socialista dos Trabalhadores Unificado";-1;"#NULO#";"#NULO#";"#NULO#";30000050277;"PARTIDO ISOLADO";"PSTU";"N";9;"Válido";9;4;"NÃO ELEITO"
"13/11/2024";"10:56:11";2018;2;"Eleição Ordinária";1;297;"ELEIÇÕES GERAIS ESTADUAIS 2018";"07/10/2018";"E";"AP";"AP";"AMAPÁ";6173;"TARTARUGALZINHO";8;3;"Governador";30000610396;16;"GIANFRANCO GUSMÃO DE AZEVEDO";"GIANFRANCO";"#NULO#";12;"APTO";2;"DEFERIDO";-3;"#NE";-3;"#NE";-3;"#NE";"PARTIDO ISOLADO";16;"PSTU";"Partido Socialista dos Trabalhadores Unificado";-1;"#NULO#";"#NULO#";"#NULO#";30000050277;"PARTIDO ISOLADO";"PSTU";"N";44;"Válido";44;4;"NÃO ELEITO"
"13/11/2024";"10:56:11";2018;2;"Eleição Ordinária";1;297;"ELEIÇÕES GERAIS ESTADUAIS 2018";"07/10/2018";"E";"AP";"AP";"AMAPÁ";6106;"SERRA DO NAVIO";11;3;"Governador";30000610396;16;"GIANFRANCO GUSMÃO DE AZEVEDO";"GIANFRANCO";"#NULO#";12;"APTO";2;"DEFERIDO";-3;"#NE";-3;"#NE";-3;"#NE";"PARTIDO ISOLADO";16;"PSTU";"Partido Socialista dos Trabalhadores Unificado";-1;"#NULO#";"#NULO#";"#NULO#";30000050277;"PARTIDO ISOLADO";"PSTU";"N";10;"Válido";10;4;"NÃO ELEITO"
"13/11/2024";"10:56:11";2018;2;"Eleição Ordinária";1;297;"ELEIÇÕES GERAIS ESTADUAIS 2018";"07/10/2018";"E";"AP";"AP";"AMAPÁ";6025;"PORTO GRANDE";12;5;"Senador";30000610398;161;"DAVI IVÃ MARTINS DA SILVA";"DR. DAVI";"#NULO#";12;"APTO";2;"DEFERIDO";-3;"#NE";-3;"#NE";-3;"#NE";"PARTIDO ISOLADO";16;"PSTU";"Partido Socialista dos Trabalhadores Unificado";-1;"#NULO#";"#NULO#";"#NULO#";30000050277;"PARTIDO ISOLADO";"PSTU";"N";71;"Válido";71;4;"NÃO ELEITO"
"13/11/2024";"10:56:11";2018;2;"Eleição Ordinária";1;297;"ELEIÇÕES GERAIS ESTADUAIS 2018";"07/10/2018";"E";"AP";"AP";"AMAPÁ";6122;"VITÓRIA DO JARI";7;5;"Senador";30000610398;161;"DAVI IVÃ MARTINS DA SILVA";"DR. DAVI";"#NULO#";12;"APTO";2;"DEFERIDO";-3;"#NE";-3;"#NE";-3;"#NE";"PARTIDO ISOLADO";16;"PSTU";"Partido Socialista dos Trabalhadores Unificado";-1;"#NULO#";"#NULO#";"#NULO#";30000050277;"PARTIDO ISOLADO";"PSTU";"N";82;"Válido";82;4;"NÃO ELEITO"
"13/11/2024";"10:56:11";2018;2;"Eleição Ordinária";1;297;"ELEIÇÕES GERAIS ESTADUAIS 2018";"07/10/2018";"E";"AP";"AP";"AMAPÁ";6050;"MACAPÁ";2;5;"Senador";30000610398;161;"DAVI IVÃ MARTINS DA SILVA";"DR. DAVI";"#NULO#";12;"APTO";2;"DEFERIDO";-3;"#NE";-3;"#NE";-3;"#NE";"PARTIDO ISOLADO";16;"PSTU";"Partido Socialista dos Trabalhadores Unificado";-1;"#NULO#";"#NULO#";"#NULO#";30000050277;"PARTIDO ISOLADO";"PSTU";"N";2228;"Válido";2228;4;"NÃO ELEITO"
"13/11/2024";"10:56:11";2018;2;"Eleição Ordinária";1;297;"ELEIÇÕES GERAIS ESTADUAIS 2018";"07/10/2018";"E";"AP";"AP";"AMAPÁ";6050;"MACAPÁ";10;5;"Senador";30000610398;161;"DAVI IVÃ MARTINS DA SILVA";"DR. DAVI";"#NULO#";12;"APTO";2;"DEFERIDO";-3;"#NE";-3;"#NE";-3;"#NE";"PARTIDO ISOLADO";16;"PSTU";"Partido Socialista dos Trabalhadores Unificado";-1;"#NULO#";"#NULO#";"#NULO#";30000050277;"PARTIDO ISOLADO";"PSTU";"N";1709;"Válido";1709;4;"NÃO ELEITO"
"13/11/2024";"10:56:11";2018;2;"Eleição Ordinária";1;297;"ELEIÇÕES GERAIS ESTADUAIS 2018";"07/10/2018";"E";"AP";"AP";"AMAPÁ";6122;"VITÓRIA DO JARI";7;3;"Governador";30000610396;16;"GIANFRANCO GUSMÃO DE AZEVEDO";"GIANFRANCO";"#NULO#";12;"APTO";2;"DEFERIDO";-3;"#NE";-3;"#NE";-3;"#NE";"PARTIDO ISOLADO";16;"PSTU";"Partido Socialista dos Trabalhadores Unificado";-1;"#NULO#";"#NULO#";"#NULO#";30000050277;"PARTIDO ISOLADO";"PSTU";"N";17;"Válido";17;4;"NÃO ELEITO"
"13/11/2024";"10:56:11";2018;2;"Eleição Ordinária";1;297;"ELEIÇÕES GERAIS ESTADUAIS 2018";"07/10/2018";"E";"AP";"AP";"AMAPÁ";6050;"MACAPÁ";2;3;"Governador";30000610396;16;"GIANFRANCO GUSMÃO DE AZEVEDO";"GIANFRANCO";"#NULO#";12;"APTO";2;"DEFERIDO";-3;"#NE";-3;"#NE";-3;"#NE";"PARTIDO ISOLADO";16;"PSTU";"Partido Socialista dos Trabalhadores Unificado";-1;"#NULO#";"#NULO#";"#NULO#";30000050277;"PARTIDO ISOLADO";"PSTU";"N";2254;"Válido";2254;4;"NÃO ELEITO"
"13/11/2024";"10:56:11";2018;2;"Eleição Ordinária";1;297;"ELEIÇÕES GERAIS ESTADUAIS 2018";"07/10/2018";"E";"AP";"AP";"AMAPÁ";6050;"MACAPÁ";10;3;"Governador";30000610396;16;"GIANFRANCO GUSMÃO DE AZEVEDO";"GIANFRANCO";"#NULO#";12;"APTO";2;"DEFERIDO";-3;"#NE";-3;"#NE";-3;"#NE";"PARTIDO ISOLADO";16;"PSTU";"Partido Socialista dos Trabalhadores Unificado";-1;"#NULO#";"#NULO#";"#NULO#";30000050277;"PARTIDO ISOLADO";"PSTU";"N";1754;"Válido";1754;4;"NÃO ELEITO"
"13/11/2024";"10:56:11";2018;2;"Eleição Ordinária";1;297;"ELEIÇÕES GERAIS ESTADUAIS 2018";"07/10/2018";"E";"AP";"AP";"AMAPÁ";6025;"PORTO GRANDE";12;3;"Governador";30000610396;16;"GIANFRANCO GUSMÃO DE AZEVEDO";"GIANFRANCO";"#NULO#";12;"APTO";2;"DEFERIDO";-3;"#NE";-3;"#NE";-3;"#NE";"PARTIDO ISOLADO";16;"PSTU";"Partido Socialista dos Trabalhadores Unificado";-1;"#NULO#";"#NULO#";"#NULO#";30000050277;"PARTIDO ISOLADO";"PSTU";"N";45;"Válido";45;4;"NÃO ELEITO"
"13/11/2024";"10:56:11";2018;2;"Eleição Ordinária";2;296;"ELEIÇÃO GERAL FEDERAL 2018";"28/10/2018";"F";"AP";"BR";"BRASIL";6033;"CALÇOENE";1;1;"Presidente";280000629808;13;"FERNANDO HADDAD";"FERNANDO HADDAD";"#NULO#";12;"APTO";2;"DEFERIDO";-3;"#NE";-3;"#NE";-3;"#NE";"COLIGAÇÃO";13;"PT";"Partido dos Trabalhadores";-1;"#NULO#";"#NULO#";"#NULO#";280000050703;"O POVO FELIZ DE NOVO";"PT / PC do B / PROS";"N";3140;"Válido";3140;4;"NÃO ELEITO"
"13/11/2024";"10:56:11";2018;2;"Eleição Ordinária";1;295;"ELEIÇÃO GERAL FEDERAL 2018";"07/10/2018";"F";"AP";"BR";"BRASIL";6033;"CALÇOENE";1;1;"Presidente";280000601016;50;"GUILHERME CASTRO BOULOS";"GUILHERME BOULOS";"#NULO#";12;"APTO";2;"DEFERIDO";-3;"#NE";-3;"#NE";-3;"#NE";"COLIGAÇÃO";50;"PSOL";"Partido Socialismo e Liberdade";-1;"#NULO#";"#NULO#";"#NULO#";280000050035;"VAMOS SEM MEDO DE MUDAR O BRASIL";"PSOL / PCB";"N";32;"Válido";32;4;"NÃO ELEITO"
"13/11/2024";"10:56:11";2018;2;"Eleição Ordinária";1;295;"ELEIÇÃO GERAL FEDERAL 2018";"07/10/2018";"F";"AP";"BR";"BRASIL";6130;"LARANJAL DO JARI";7;1;"Presidente";280000618462;19;"ALVARO FERNANDES DIAS";"ALVARO DIAS";"#NULO#";12;"APTO";2;"DEFERIDO";-3;"#NE";-3;"#NE";-3;"#NE";"COLIGAÇÃO";19;"PODE";"Podemos";-1;"#NULO#";"#NULO#";"#NULO#";280000050478;"MUDANÇA DE VERDADE";"PODE / PRP / PSC / PTC";"N";38;"Válido";38;4;"NÃO ELEITO"
"13/11/2024";"10:56:11";2018;2;"Eleição Ordinária";1;295;"ELEIÇÃO GERAL FEDERAL 2018";"07/10/2018";"F";"AP";"BR";"BRASIL";6084;"PEDRA BRANCA DO AMAPARI";11;1;"Presidente";280000618462;19;"ALVARO FERNANDES DIAS";"ALVARO DIAS";"#NULO#";12;"APTO";2;"DEFERIDO";-3;"#NE";-3;"#NE";-3;"#NE";"COLIGAÇÃO";19;"PODE";"Podemos";-1;"#NULO#";"#NULO#";"#NULO#";280000050478;"MUDANÇA DE VERDADE";"PODE / PRP / PSC / PTC";"N";4;"Válido";4;4;"NÃO ELEITO"
"13/11/2024";"10:56:11";2018;2;"Eleição Ordinária";1;295;"ELEIÇÃO GERAL FEDERAL 2018";"07/10/2018";"F";"AP";"BR";"BRASIL";6033;"CALÇOENE";1;1;"Presidente";280000622281;15;"HENRIQUE DE CAMPOS MEIRELLES";"HENRIQUE MEIRELLES";"#NULO#";12;"APTO";2;"DEFERIDO";-3;"#NE";-3;"#NE";-3;"#NE";"COLIGAÇÃO";15;"MDB";"Movimento Democrático Brasileiro";-1;"#NULO#";"#NULO#";"#NULO#";280000050592;"ESSA É A SOLUÇÃO";"MDB / PHS";"N";71;"Válido";71;4;"NÃO ELEITO"
"13/11/2024";"10:56:11";2018;2;"Eleição Ordinária";1;295;"ELEIÇÃO GERAL FEDERAL 2018";"07/10/2018";"F";"AP";"BR";"BRASIL";6033;"CALÇOENE";1;1;"Presidente";280000605589;12;"CIRO FERREIRA GOMES";"CIRO GOMES";"#NULO#";12;"APTO";2;"DEFERIDO";-3;"#NE";-3;"#NE";-3;"#NE";"COLIGAÇÃO";12;"PDT";"Partido Democrático Trabalhista";-1;"#NULO#";"#NULO#";"#NULO#";280000050163;"BRASIL SOBERANO";"PDT / AVANTE";"N";554;"Válido";554;4;"NÃO ELEITO"
"13/11/2024";"10:56:11";2018;2;"Eleição Ordinária";1;295;"ELEIÇÃO GERAL FEDERAL 2018";"07/10/2018";"F";"AP";"BR";"BRASIL";6017;"AMAPÁ";1;1;"Presidente";280000618462;19;"ALVARO FERNANDES DIAS";"ALVARO DIAS";"#NULO#";12;"APTO";2;"DEFERIDO";-3;"#NE";-3;"#NE";-3;"#NE";"COLIGAÇÃO";19;"PODE";"Podemos";-1;"#NULO#";"#NULO#";"#NULO#";280000050478;"MUDANÇA DE VERDADE";"PODE / PRP / PSC / PTC";"N";2;"Válido";2;4;"NÃO ELEITO"
"13/11/2024";"10:56:11";2018;2;"Eleição Ordinária";1;295;"ELEIÇÃO GERAL FEDERAL 2018";"07/10/2018";"F";"AP";"BR";"BRASIL";6033;"CALÇOENE";1;1;"Presidente";280000622171;18;"MARIA OSMARINA MARINA DA SILVA VAZ DE LIMA";"MARINA SILVA";"#NULO#";12;"APTO";2;"DEFERIDO";-3;"#NE";-3;"#NE";-3;"#NE";"COLIGAÇÃO";18;"REDE";"Rede Sustentabilidade";-1;"#NULO#";"#NULO#";"#NULO#";280000050589;"UNIDOS PARA TRANSFORMAR O BRASIL";"REDE / PV";"N";117;"Válido";117;4;"NÃO ELEITO"
"13/11/2024";"10:56:11";2018;2;"Eleição Ordinária";1;295;"ELEIÇÃO GERAL FEDERAL 2018";"07/10/2018";"F";"AP";"BR";"BRASIL";6033;"CALÇOENE";1;1;"Presidente";280000607640;30;"JOÃO DIONISIO FILGUEIRA BARRETO AMOEDO";"JOÃO AMOÊDO";"#NULO#";12;"APTO";2;"DEFERIDO";-3;"#NE";-3;"#NE";-3;"#NE";"PARTIDO ISOLADO";30;"NOVO";"Partido Novo";-1;"#NULO#";"#NULO#";"#NULO#";280000050199;"PARTIDO ISOLADO";"NOVO";"N";9;"Válido";9;4;"NÃO ELEITO"
"13/11/2024";"10:56:11";2018;2;"Eleição Ordinária";1;295;"ELEIÇÃO GERAL FEDERAL 2018";"07/10/2018";"F";"AP";"BR";"BRASIL";6033;"CALÇOENE";1;1;"Presidente";280000624085;27;"JOSE MARIA EYMAEL";"EYMAEL";"#NULO#";12;"APTO";2;"DEFERIDO";-3;"#NE";-3;"#NE";-3;"#NE";"PARTIDO ISOLADO";27;"DC";"Democracia Cristã";-1;"#NULO#";"#NULO#";"#NULO#";280000050639;"PARTIDO ISOLADO";"DC";"N";2;"Válido";2;4;"NÃO ELEITO"
"13/11/2024";"10:56:11";2018;2;"Eleição Ordinária";1;295;"ELEIÇÃO GERAL FEDERAL 2018";"07/10/2018";"F";"AP";"BR";"BRASIL";6033;"CALÇOENE";1;1;"Presidente";280000602477;45;"GERALDO JOSÉ RODRIGUES ALCKMIN FILHO";"GERALDO ALCKMIN";"#NULO#";12;"APTO";2;"DEFERIDO";-3;"#NE";-3;"#NE";-3;"#NE";"COLIGAÇÃO";45;"PSDB";"Partido da Social Democracia Brasileira";-1;"#NULO#";"#NULO#";"#NULO#";280000050070;"PARA UNIR O BRASIL";"PSDB / PTB / PP / PR / DEM / SOLIDARIEDADE / PPS / PRB / PSD";"N";224;"Válido";224;4;"NÃO ELEITO"
"13/11/2024";"10:56:11";2018;2;"Eleição Ordinária";1;295;"ELEIÇÃO GERAL FEDERAL 2018";"07/10/2018";"F";"AP";"BR";"BRASIL";6130;"LARANJAL DO JARI";7;1;"Presidente";280000601016;50;"GUILHERME CASTRO BOULOS";"GUILHERME BOULOS";"#NULO#";12;"APTO";2;"DEFERIDO";-3;"#NE";-3;"#NE";-3;"#NE";"COLIGAÇÃO";50;"PSOL";"Partido Socialismo e Liberdade";-1;"#NULO#";"#NULO#";"#NULO#";280000050035;"VAMOS SEM MEDO DE MUDAR O BRASIL";"PSOL / PCB";"N";108;"Válido";108;4;"NÃO ELEITO"
"13/11/2024";"10:56:11";2018;2;"Eleição Ordinária";1;295;"ELEIÇÃO GERAL FEDERAL 2018";"07/10/2018";"F";"AP";"BR";"BRASIL";6084;"PEDRA BRANCA DO AMAPARI";11;1;"Presidente";280000601016;50;"GUILHERME CASTRO BOULOS";"GUILHERME BOULOS";"#NULO#";12;"APTO";2;"DEFERIDO";-3;"#NE";-3;"#NE";-3;"#NE";"COLIGAÇÃO";50;"PSOL";"Partido Socialismo e Liberdade";-1;"#NULO#";"#NULO#";"#NULO#";280000050035;"VAMOS SEM MEDO DE MUDAR O BRASIL";"PSOL / PCB";"N";30;"Válido";30;4;"NÃO ELEITO"
"13/11/2024";"10:56:11";2018;2;"Eleição Ordinária";2;296;"ELEIÇÃO GERAL FEDERAL 2018";"28/10/2018";"F";"AP";"BR";"BRASIL";6017;"AMAPÁ";1;1;"Presidente";280000629808;13;"FERNANDO HADDAD";"FERNANDO HADDAD";"#NULO#";12;"APTO";2;"DEFERIDO";-3;"#NE";-3;"#NE";-3;"#NE";"COLIGAÇÃO";13;"PT";"Partido dos Trabalhadores";-1;"#NULO#";"#NULO#";"#NULO#";280000050703;"O POVO FELIZ DE NOVO";"PT / PC do B / PROS";"N";2610;"Válido";2610;4;"NÃO ELEITO"
"13/11/2024";"10:56:11";2018;2;"Eleição Ordinária";2;296;"ELEIÇÃO GERAL FEDERAL 2018";"28/10/2018";"F";"AP";"BR";"BRASIL";6084;"PEDRA BRANCA DO AMAPARI";11;1;"Presidente";280000629808;13;"FERNANDO HADDAD";"FERNANDO HADDAD";"#NULO#";12;"APTO";2;"DEFERIDO";-3;"#NE";-3;"#NE";-3;"#NE";"COLIGAÇÃO";13;"PT";"Partido dos Trabalhadores";-1;"#NULO#";"#NULO#";"#NULO#";280000050703;"O POVO FELIZ DE NOVO";"PT / PC do B / PROS";"N";3317;"Válido";3317;4;"NÃO ELEITO"
"13/11/2024";"10:56:11";2018;2;"Eleição Ordinária";1;295;"ELEIÇÃO GERAL FEDERAL 2018";"07/10/2018";"F";"AP";"BR";"BRASIL";6017;"AMAPÁ";1;1;"Presidente";280000605589;12;"CIRO FERREIRA GOMES";"CIRO GOMES";"#NULO#";12;"APTO";2;"DEFERIDO";-3;"#NE";-3;"#NE";-3;"#NE";"COLIGAÇÃO";12;"PDT";"Partido Democrático Trabalhista";-1;"#NULO#";"#NULO#";"#NULO#";280000050163;"BRASIL SOBERANO";"PDT / AVANTE";"N";401;"Válido";401;4;"NÃO ELEITO"
"13/11/2024";"10:56:11";2018;2;"Eleição Ordinária";1;295;"ELEIÇÃO GERAL FEDERAL 2018";"07/10/2018";"F";"AP";"BR";"BRASIL";6017;"AMAPÁ";1;1;"Presidente";280000622171;18;"MARIA OSMARINA MARINA DA SILVA VAZ DE LIMA";"MARINA SILVA";"#NULO#";12;"APTO";2;"DEFERIDO";-3;"#NE";-3;"#NE";-3;"#NE";"COLIGAÇÃO";18;"REDE";"Rede Sustentabilidade";-1;"#NULO#";"#NULO#";"#NULO#";280000050589;"UNIDOS PARA TRANSFORMAR O BRASIL";"REDE / PV";"N";57;"Válido";57;4;"NÃO ELEITO"
"13/11/2024";"10:56:11";2018;2;"Eleição Ordinária";2;296;"ELEIÇÃO GERAL FEDERAL 2018";"28/10/2018";"F";"AP";"BR";"BRASIL";6130;"LARANJAL DO JARI";7;1;"Presidente";280000629808;13;"FERNANDO HADDAD";"FERNANDO HADDAD";"#NULO#";12;"APTO";2;"DEFERIDO";-3;"#NE";-3;"#NE";-3;"#NE";"COLIGAÇÃO";13;"PT";"Partido dos Trabalhadores";-1;"#NULO#";"#NULO#";"#NULO#";280000050703;"O POVO FELIZ DE NOVO";"PT / PC do B / PROS";"N";11044;"Válido";11044;4;"NÃO ELEITO"
"13/11/2024";"10:56:11";2018;2;"Eleição Ordinária";1;295;"ELEIÇÃO GERAL FEDERAL 2018";"07/10/2018";"F";"AP";"BR";"BRASIL";6130;"LARANJAL DO JARI";7;1;"Presidente";280000622281;15;"HENRIQUE DE CAMPOS MEIRELLES";"HENRIQUE MEIRELLES";"#NULO#";12;"APTO";2;"DEFERIDO";-3;"#NE";-3;"#NE";-3;"#NE";"COLIGAÇÃO";15;"MDB";"Movimento Democrático Brasileiro";-1;"#NULO#";"#NULO#";"#NULO#";280000050592;"ESSA É A SOLUÇÃO";"MDB / PHS";"N";198;"Válido";198;4;"NÃO ELEITO"
"13/11/2024";"10:56:11";2018;2;"Eleição Ordinária";1;295;"ELEIÇÃO GERAL FEDERAL 2018";"07/10/2018";"F";"AP";"BR";"BRASIL";6084;"PEDRA BRANCA DO AMAPARI";11;1;"Presidente";280000622281;15;"HENRIQUE DE CAMPOS MEIRELLES";"HENRIQUE MEIRELLES";"#NULO#";12;"APTO";2;"DEFERIDO";-3;"#NE";-3;"#NE";-3;"#NE";"COLIGAÇÃO";15;"MDB";"Movimento Democrático Brasileiro";-1;"#NULO#";"#NULO#";"#NULO#";280000050592;"ESSA É A SOLUÇÃO";"MDB / PHS";"N";42;"Válido";42;4;"NÃO ELEITO"
"13/11/2024";"10:56:11";2018;2;"Eleição Ordinária";1;295;"ELEIÇÃO GERAL FEDERAL 2018";"07/10/2018";"F";"AP";"BR";"BRASIL";6017;"AMAPÁ";1;1;"Presidente";280000622281;15;"HENRIQUE DE CAMPOS MEIRELLES";"HENRIQUE MEIRELLES";"#NULO#";12;"APTO";2;"DEFERIDO";-3;"#NE";-3;"#NE";-3;"#NE";"COLIGAÇÃO";15;"MDB";"Movimento Democrático Brasileiro";-1;"#NULO#";"#NULO#";"#NULO#";280000050592;"ESSA É A SOLUÇÃO";"MDB / PHS";"N";36;"Válido";36;4;"NÃO ELEITO"
"13/11/2024";"10:56:11";2018;2;"Eleição Ordinária";1;295;"ELEIÇÃO GERAL FEDERAL 2018";"07/10/2018";"F";"AP";"BR";"BRASIL";6033;"CALÇOENE";1;1;"Presidente";280000618462;19;"ALVARO FERNANDES DIAS";"ALVARO DIAS";"#NULO#";12;"APTO";2;"DEFERIDO";-3;"#NE";-3;"#NE";-3;"#NE";"COLIGAÇÃO";19;"PODE";"Podemos";-1;"#NULO#";"#NULO#";"#NULO#";280000050478;"MUDANÇA DE VERDADE";"PODE / PRP / PSC / PTC";"N";12;"Válido";12;4;"NÃO ELEITO"
"13/11/2024";"10:56:11";2018;2;"Eleição Ordinária";1;295;"ELEIÇÃO GERAL FEDERAL 2018";"07/10/2018";"F";"AP";"BR";"BRASIL";6017;"AMAPÁ";1;1;"Presidente";280000601016;50;"GUILHERME CASTRO BOULOS";"GUILHERME BOULOS";"#NULO#";12;"APTO";2;"DEFERIDO";-3;"#NE";-3;"#NE";-3;"#NE";"COLIGAÇÃO";50;"PSOL";"Partido Socialismo e Liberdade";-1;"#NULO#";"#NULO#";"#NULO#";280000050035;"VAMOS SEM MEDO DE MUDAR O BRASIL";"PSOL / PCB";"N";39;"Válido";39;4;"NÃO ELEITO"
"13/11/2024";"10:56:11";2018;2;"Eleição Ordinária";1;295;"ELEIÇÃO GERAL FEDERAL 2018";"07/10/2018";"F";"AP";"BR";"BRASIL";6130;"LARANJAL DO JARI";7;1;"Presidente";280000607640;30;"JOÃO DIONISIO FILGUEIRA BARRETO AMOEDO";"JOÃO AMOÊDO";"#NULO#";12;"APTO";2;"DEFERIDO";-3;"#NE";-3;"#NE";-3;"#NE";"PARTIDO ISOLADO";30;"NOVO";"Partido Novo";-1;"#NULO#";"#NULO#";"#NULO#";280000050199;"PARTIDO ISOLADO";"NOVO";"N";125;"Válido";125;4;"NÃO ELEITO"
"13/11/2024";"10:56:11";2018;2;"Eleição Ordinária";1;295;"ELEIÇÃO GERAL FEDERAL 2018";"07/10/2018";"F";"AP";"BR";"BRASIL";6130;"LARANJAL DO JARI";7;1;"Presidente";280000605589;12;"CIRO FERREIRA GOMES";"CIRO GOMES";"#NULO#";12;"APTO";2;"DEFERIDO";-3;"#NE";-3;"#NE";-3;"#NE";"COLIGAÇÃO";12;"PDT";"Partido Democrático Trabalhista";-1;"#NULO#";"#NULO#";"#NULO#";280000050163;"BRASIL SOBERANO";"PDT / AVANTE";"N";1859;"Válido";1859;4;"NÃO ELEITO"
"13/11/2024";"10:56:11";2018;2;"Eleição Ordinária";1;295;"ELEIÇÃO GERAL FEDERAL 2018";"07/10/2018";"F";"AP";"BR";"BRASIL";6084;"PEDRA BRANCA DO AMAPARI";11;1;"Presidente";280000622171;18;"MARIA OSMARINA MARINA DA SILVA VAZ DE LIMA";"MARINA SILVA";"#NULO#";12;"APTO";2;"DEFERIDO";-3;"#NE";-3;"#NE";-3;"#NE";"COLIGAÇÃO";18;"REDE";"Rede Sustentabilidade";-1;"#NULO#";"#NULO#";"#NULO#";280000050589;"UNIDOS PARA TRANSFORMAR O BRASIL";"REDE / PV";"N";90;"Válido";90;4;"NÃO ELEITO"
"13/11/2024";"10:56:11";2018;2;"Eleição Ordinária";1;295;"ELEIÇÃO GERAL FEDERAL 2018";"07/10/2018";"F";"AP";"BR";"BRASIL";6130;"LARANJAL DO JARI";7;1;"Presidente";280000622171;18;"MARIA OSMARINA MARINA DA SILVA VAZ DE LIMA";"MARINA SILVA";"#NULO#";12;"APTO";2;"DEFERIDO";-3;"#NE";-3;"#NE";-3;"#NE";"COLIGAÇÃO";18;"REDE";"Rede Sustentabilidade";-1;"#NULO#";"#NULO#";"#NULO#";280000050589;"UNIDOS PARA TRANSFORMAR O BRASIL";"REDE / PV";"N";211;"Válido";211;4;"NÃO ELEITO"
"13/11/2024";"10:56:11";2018;2;"Eleição Ordinária";1;295;"ELEIÇÃO GERAL FEDERAL 2018";"07/10/2018";"F";"AP";"BR";"BRASIL";6084;"PEDRA BRANCA DO AMAPARI";11;1;"Presidente";280000605589;12;"CIRO FERREIRA GOMES";"CIRO GOMES";"#NULO#";12;"APTO";2;"DEFERIDO";-3;"#NE";-3;"#NE";-3;"#NE";"COLIGAÇÃO";12;"PDT";"Partido Democrático Trabalhista";-1;"#NULO#";"#NULO#";"#NULO#";280000050163;"BRASIL SOBERANO";"PDT / AVANTE";"N";476;"Válido";476;4;"NÃO ELEITO"
"13/11/2024";"10:56:11";2018;2;"Eleição Ordinária";1;295;"ELEIÇÃO GERAL FEDERAL 2018";"07/10/2018";"F";"AP";"BR";"BRASIL";6041;"ITAUBAL";10;1;"Presidente";280000618462;19;"ALVARO FERNANDES DIAS";"ALVARO DIAS";"#NULO#";12;"APTO";2;"DEFERIDO";-3;"#NE";-3;"#NE";-3;"#NE";"COLIGAÇÃO";19;"PODE";"Podemos";-1;"#NULO#";"#NULO#";"#NULO#";280000050478;"MUDANÇA DE VERDADE";"PODE / PRP / PSC / PTC";"N";11;"Válido";11;4;"NÃO ELEITO"
"13/11/2024";"10:56:11";2018;2;"Eleição Ordinária";1;295;"ELEIÇÃO GERAL FEDERAL 2018";"07/10/2018";"F";"AP";"BR";"BRASIL";6130;"LARANJAL DO JARI";7;1;"Presidente";280000624085;27;"JOSE MARIA EYMAEL";"EYMAEL";"#NULO#";12;"APTO";2;"DEFERIDO";-3;"#NE";-3;"#NE";-3;"#NE";"PARTIDO ISOLADO";27;"DC";"Democracia Cristã";-1;"#NULO#";"#NULO#";"#NULO#";280000050639;"PARTIDO ISOLADO";"DC";"N";15;"Válido";15;4;"NÃO ELEITO"
"13/11/2024";"10:56:11";2018;2;"Eleição Ordinária";1;295;"ELEIÇÃO GERAL FEDERAL 2018";"07/10/2018";"F";"AP";"BR";"BRASIL";6041;"ITAUBAL";10;1;"Presidente";280000605589;12;"CIRO FERREIRA GOMES";"CIRO GOMES";"#NULO#";12;"APTO";2;"DEFERIDO";-3;"#NE";-3;"#NE";-3;"#NE";"COLIGAÇÃO";12;"PDT";"Partido Democrático Trabalhista";-1;"#NULO#";"#NULO#";"#NULO#";280000050163;"BRASIL SOBERANO";"PDT / AVANTE";"N";298;"Válido";298;4;"NÃO ELEITO"
"13/11/2024";"10:56:11";2018;2;"Eleição Ordinária";1;295;"ELEIÇÃO GERAL FEDERAL 2018";"07/10/2018";"F";"AP";"BR";"BRASIL";6041;"ITAUBAL";10;1;"Presidente";280000622281;15;"HENRIQUE DE CAMPOS MEIRELLES";"HENRIQUE MEIRELLES";"#NULO#";12;"APTO";2;"DEFERIDO";-3;"#NE";-3;"#NE";-3;"#NE";"COLIGAÇÃO";15;"MDB";"Movimento Democrático Brasileiro";-1;"#NULO#";"#NULO#";"#NULO#";280000050592;"ESSA É A SOLUÇÃO";"MDB / PHS";"N";41;"Válido";41;4;"NÃO ELEITO"
"13/11/2024";"10:56:11";2018;2;"Eleição Ordinária";2;296;"ELEIÇÃO GERAL FEDERAL 2018";"28/10/2018";"F";"AP";"BR";"BRASIL";6041;"ITAUBAL";10;1;"Presidente";280000629808;13;"FERNANDO HADDAD";"FERNANDO HADDAD";"#NULO#";12;"APTO";2;"DEFERIDO";-3;"#NE";-3;"#NE";-3;"#NE";"COLIGAÇÃO";13;"PT";"Partido dos Trabalhadores";-1;"#NULO#";"#NULO#";"#NULO#";280000050703;"O POVO FELIZ DE NOVO";"PT / PC do B / PROS";"N";2530;"Válido";2530;4;"NÃO ELEITO"
"13/11/2024";"10:56:11";2018;2;"Eleição Ordinária";1;295;"ELEIÇÃO GERAL FEDERAL 2018";"07/10/2018";"F";"AP";"BR";"BRASIL";6017;"AMAPÁ";1;1;"Presidente";280000607640;30;"JOÃO DIONISIO FILGUEIRA BARRETO AMOEDO";"JOÃO AMOÊDO";"#NULO#";12;"APTO";2;"DEFERIDO";-3;"#NE";-3;"#NE";-3;"#NE";"PARTIDO ISOLADO";30;"NOVO";"Partido Novo";-1;"#NULO#";"#NULO#";"#NULO#";280000050199;"PARTIDO ISOLADO";"NOVO";"N";28;"Válido";28;4;"NÃO ELEITO"
"13/11/2024";"10:56:11";2018;2;"Eleição Ordinária";1;295;"ELEIÇÃO GERAL FEDERAL 2018";"07/10/2018";"F";"AP";"BR";"BRASIL";6017;"AMAPÁ";1;1;"Presidente";280000624085;27;"JOSE MARIA EYMAEL";"EYMAEL";"#NULO#";12;"APTO";2;"DEFERIDO";-3;"#NE";-3;"#NE";-3;"#NE";"PARTIDO ISOLADO";27;"DC";"Democracia Cristã";-1;"#NULO#";"#NULO#";"#NULO#";280000050639;"PARTIDO ISOLADO";"DC";"N";2;"Válido";2;4;"NÃO ELEITO"
"13/11/2024";"10:56:11";2018;2;"Eleição Ordinária";1;295;"ELEIÇÃO GERAL FEDERAL 2018";"07/10/2018";"F";"AP";"BR";"BRASIL";6041;"ITAUBAL";10;1;"Presidente";280000601016;50;"GUILHERME CASTRO BOULOS";"GUILHERME BOULOS";"#NULO#";12;"APTO";2;"DEFERIDO";-3;"#NE";-3;"#NE";-3;"#NE";"COLIGAÇÃO";50;"PSOL";"Partido Socialismo e Liberdade";-1;"#NULO#";"#NULO#";"#NULO#";280000050035;"VAMOS SEM MEDO DE MUDAR O BRASIL";"PSOL / PCB";"N";62;"Válido";62;4;"NÃO ELEITO"
"13/11/2024";"10:56:11";2018;2;"Eleição Ordinária";1;295;"ELEIÇÃO GERAL FEDERAL 2018";"07/10/2018";"F";"AP";"BR";"BRASIL";6084;"PEDRA BRANCA DO AMAPARI";11;1;"Presidente";280000607640;30;"JOÃO DIONISIO FILGUEIRA BARRETO AMOEDO";"JOÃO AMOÊDO";"#NULO#";12;"APTO";2;"DEFERIDO";-3;"#NE";-3;"#NE";-3;"#NE";"PARTIDO ISOLADO";30;"NOVO";"Partido Novo";-1;"#NULO#";"#NULO#";"#NULO#";280000050199;"PARTIDO ISOLADO";"NOVO";"N";38;"Válido";38;4;"NÃO ELEITO"
"13/11/2024";"10:56:11";2018;2;"Eleição Ordinária";1;295;"ELEIÇÃO GERAL FEDERAL 2018";"07/10/2018";"F";"AP";"BR";"BRASIL";6084;"PEDRA BRANCA DO AMAPARI";11;1;"Presidente";280000624085;27;"JOSE MARIA EYMAEL";"EYMAEL";"#NULO#";12;"APTO";2;"DEFERIDO";-3;"#NE";-3;"#NE";-3;"#NE";"PARTIDO ISOLADO";27;"DC";"Democracia Cristã";-1;"#NULO#";"#NULO#";"#NULO#";280000050639;"PARTIDO ISOLADO";"DC";"N";11;"Válido";11;4;"NÃO ELEITO"
"13/11/2024";"10:56:11";2018;2;"Eleição Ordinária";1;295;"ELEIÇÃO GERAL FEDERAL 2018";"07/10/2018";"F";"AP";"BR";"BRASIL";6084;"PEDRA BRANCA DO AMAPARI";11;1;"Presidente";280000602477;45;"GERALDO JOSÉ RODRIGUES ALCKMIN FILHO";"GERALDO ALCKMIN";"#NULO#";12;"APTO";2;"DEFERIDO";-3;"#NE";-3;"#NE";-3;"#NE";"COLIGAÇÃO";45;"PSDB";"Partido da Social Democracia Brasileira";-1;"#NULO#";"#NULO#";"#NULO#";280000050070;"PARA UNIR O BRASIL";"PSDB / PTB / PP / PR / DEM / SOLIDARIEDADE / PPS / PRB / PSD";"N";110;"Válido";110;4;"NÃO ELEITO"
"13/11/2024";"10:56:11";2018;2;"Eleição Ordinária";2;296;"ELEIÇÃO GERAL FEDERAL 2018";"28/10/2018";"F";"AP";"BR";"BRASIL";6092;"OIAPOQUE";4;1;"Presidente";280000629808;13;"FERNANDO HADDAD";"FERNANDO HADDAD";"#NULO#";12;"APTO";2;"DEFERIDO";-3;"#NE";-3;"#NE";-3;"#NE";"COLIGAÇÃO";13;"PT";"Partido dos Trabalhadores";-1;"#NULO#";"#NULO#";"#NULO#";280000050703;"O POVO FELIZ DE NOVO";"PT / PC do B / PROS";"N";7335;"Válido";7335;4;"NÃO ELEITO"
"13/11/2024";"10:56:11";2018;2;"Eleição Ordinária";2;296;"ELEIÇÃO GERAL FEDERAL 2018";"28/10/2018";"F";"AP";"BR";"BRASIL";6076;"MAZAGÃO";5;1;"Presidente";280000629808;13;"FERNANDO HADDAD";"FERNANDO HADDAD";"#NULO#";12;"APTO";2;"DEFERIDO";-3;"#NE";-3;"#NE";-3;"#NE";"COLIGAÇÃO";13;"PT";"Partido dos Trabalhadores";-1;"#NULO#";"#NULO#";"#NULO#";280000050703;"O POVO FELIZ DE NOVO";"PT / PC do B / PROS";"N";7628;"Válido";7628;4;"NÃO ELEITO"
"13/11/2024";"10:56:11";2018;2;"Eleição Ordinária";2;296;"ELEIÇÃO GERAL FEDERAL 2018";"28/10/2018";"F";"AP";"BR";"BRASIL";6068;"CUTIAS";10;1;"Presidente";280000629808;13;"FERNANDO HADDAD";"FERNANDO HADDAD";"#NULO#";12;"APTO";2;"DEFERIDO";-3;"#NE";-3;"#NE";-3;"#NE";"COLIGAÇÃO";13;"PT";"Partido dos Trabalhadores";-1;"#NULO#";"#NULO#";"#NULO#";280000050703;"O POVO FELIZ DE NOVO";"PT / PC do B / PROS";"N";1961;"Válido";1961;4;"NÃO ELEITO"
"13/11/2024";"10:56:11";2018;2;"Eleição Ordinária";1;295;"ELEIÇÃO GERAL FEDERAL 2018";"07/10/2018";"F";"AP";"BR";"BRASIL";6017;"AMAPÁ";1;1;"Presidente";280000602477;45;"GERALDO JOSÉ RODRIGUES ALCKMIN FILHO";"GERALDO ALCKMIN";"#NULO#";12;"APTO";2;"DEFERIDO";-3;"#NE";-3;"#NE";-3;"#NE";"COLIGAÇÃO";45;"PSDB";"Partido da Social Democracia Brasileira";-1;"#NULO#";"#NULO#";"#NULO#";280000050070;"PARA UNIR O BRASIL";"PSDB / PTB / PP / PR / DEM / SOLIDARIEDADE / PPS / PRB / PSD";"N";147;"Válido";147;4;"NÃO ELEITO"
"13/11/2024";"10:56:11";2018;2;"Eleição Ordinária";1;295;"ELEIÇÃO GERAL FEDERAL 2018";"07/10/2018";"F";"AP";"BR";"BRASIL";6092;"OIAPOQUE";4;1;"Presidente";280000622281;15;"HENRIQUE DE CAMPOS MEIRELLES";"HENRIQUE MEIRELLES";"#NULO#";12;"APTO";2;"DEFERIDO";-3;"#NE";-3;"#NE";-3;"#NE";"COLIGAÇÃO";15;"MDB";"Movimento Democrático Brasileiro";-1;"#NULO#";"#NULO#";"#NULO#";280000050592;"ESSA É A SOLUÇÃO";"MDB / PHS";"N";86;"Válido";86;4;"NÃO ELEITO"
"13/11/2024";"10:56:11";2018;2;"Eleição Ordinária";1;295;"ELEIÇÃO GERAL FEDERAL 2018";"07/10/2018";"F";"AP";"BR";"BRASIL";6041;"ITAUBAL";10;1;"Presidente";280000622171;18;"MARIA OSMARINA MARINA DA SILVA VAZ DE LIMA";"MARINA SILVA";"#NULO#";12;"APTO";2;"DEFERIDO";-3;"#NE";-3;"#NE";-3;"#NE";"COLIGAÇÃO";18;"REDE";"Rede Sustentabilidade";-1;"#NULO#";"#NULO#";"#NULO#";280000050589;"UNIDOS PARA TRANSFORMAR O BRASIL";"REDE / PV";"N";90;"Válido";90;4;"NÃO ELEITO"
"13/11/2024";"10:56:11";2018;2;"Eleição Ordinária";1;295;"ELEIÇÃO GERAL FEDERAL 2018";"07/10/2018";"F";"AP";"BR";"BRASIL";6068;"CUTIAS";10;1;"Presidente";280000601016;50;"GUILHERME CASTRO BOULOS";"GUILHERME BOULOS";"#NULO#";12;"APTO";2;"DEFERIDO";-3;"#NE";-3;"#NE";-3;"#NE";"COLIGAÇÃO";50;"PSOL";"Partido Socialismo e Liberdade";-1;"#NULO#";"#NULO#";"#NULO#";280000050035;"VAMOS SEM MEDO DE MUDAR O BRASIL";"PSOL / PCB";"N";24;"Válido";24;4;"NÃO ELEITO"
"13/11/2024";"10:56:11";2018;2;"Eleição Ordinária";1;295;"ELEIÇÃO GERAL FEDERAL 2018";"07/10/2018";"F";"AP";"BR";"BRASIL";6041;"ITAUBAL";10;1;"Presidente";280000607640;30;"JOÃO DIONISIO FILGUEIRA BARRETO AMOEDO";"JOÃO AMOÊDO";"#NULO#";12;"APTO";2;"DEFERIDO";-3;"#NE";-3;"#NE";-3;"#NE";"PARTIDO ISOLADO";30;"NOVO";"Partido Novo";-1;"#NULO#";"#NULO#";"#NULO#";280000050199;"PARTIDO ISOLADO";"NOVO";"N";19;"Válido";19;4;"NÃO ELEITO"
"13/11/2024";"10:56:11";2018;2;"Eleição Ordinária";1;295;"ELEIÇÃO GERAL FEDERAL 2018";"07/10/2018";"F";"AP";"BR";"BRASIL";6092;"OIAPOQUE";4;1;"Presidente";280000622171;18;"MARIA OSMARINA MARINA DA SILVA VAZ DE LIMA";"MARINA SILVA";"#NULO#";12;"APTO";2;"DEFERIDO";-3;"#NE";-3;"#NE";-3;"#NE";"COLIGAÇÃO";18;"REDE";"Rede Sustentabilidade";-1;"#NULO#";"#NULO#";"#NULO#";280000050589;"UNIDOS PARA TRANSFORMAR O BRASIL";"REDE / PV";"N";167;"Válido";167;4;"NÃO ELEITO"
"13/11/2024";"10:56:11";2018;2;"Eleição Ordinária";1;295;"ELEIÇÃO GERAL FEDERAL 2018";"07/10/2018";"F";"AP";"BR";"BRASIL";6009;"PRACUÚBA";1;1;"Presidente";280000605589;12;"CIRO FERREIRA GOMES";"CIRO GOMES";"#NULO#";12;"APTO";2;"DEFERIDO";-3;"#NE";-3;"#NE";-3;"#NE";"COLIGAÇÃO";12;"PDT";"Partido Democrático Trabalhista";-1;"#NULO#";"#NULO#";"#NULO#";280000050163;"BRASIL SOBERANO";"PDT / AVANTE";"N";177;"Válido";177;4;"NÃO ELEITO"
"13/11/2024";"10:56:11";2018;2;"Eleição Ordinária";1;295;"ELEIÇÃO GERAL FEDERAL 2018";"07/10/2018";"F";"AP";"BR";"BRASIL";6076;"MAZAGÃO";5;1;"Presidente";280000622171;18;"MARIA OSMARINA MARINA DA SILVA VAZ DE LIMA";"MARINA SILVA";"#NULO#";12;"APTO";2;"DEFERIDO";-3;"#NE";-3;"#NE";-3;"#NE";"COLIGAÇÃO";18;"REDE";"Rede Sustentabilidade";-1;"#NULO#";"#NULO#";"#NULO#";280000050589;"UNIDOS PARA TRANSFORMAR O BRASIL";"REDE / PV";"N";169;"Válido";169;4;"NÃO ELEITO"
"13/11/2024";"10:56:11";2018;2;"Eleição Ordinária";1;295;"ELEIÇÃO GERAL FEDERAL 2018";"07/10/2018";"F";"AP";"BR";"BRASIL";6068;"CUTIAS";10;1;"Presidente";280000622171;18;"MARIA OSMARINA MARINA DA SILVA VAZ DE LIMA";"MARINA SILVA";"#NULO#";12;"APTO";2;"DEFERIDO";-3;"#NE";-3;"#NE";-3;"#NE";"COLIGAÇÃO";18;"REDE";"Rede Sustentabilidade";-1;"#NULO#";"#NULO#";"#NULO#";280000050589;"UNIDOS PARA TRANSFORMAR O BRASIL";"REDE / PV";"N";48;"Válido";48;4;"NÃO ELEITO"
"13/11/2024";"10:56:11";2018;2;"Eleição Ordinária";1;295;"ELEIÇÃO GERAL FEDERAL 2018";"07/10/2018";"F";"AP";"BR";"BRASIL";6157;"SANTANA";6;1;"Presidente";280000622171;18;"MARIA OSMARINA MARINA DA SILVA VAZ DE LIMA";"MARINA SILVA";"#NULO#";12;"APTO";2;"DEFERIDO";-3;"#NE";-3;"#NE";-3;"#NE";"COLIGAÇÃO";18;"REDE";"Rede Sustentabilidade";-1;"#NULO#";"#NULO#";"#NULO#";280000050589;"UNIDOS PARA TRANSFORMAR O BRASIL";"REDE / PV";"N";1095;"Válido";1095;4;"NÃO ELEITO"
"13/11/2024";"10:56:11";2018;2;"Eleição Ordinária";1;295;"ELEIÇÃO GERAL FEDERAL 2018";"07/10/2018";"F";"AP";"BR";"BRASIL";6092;"OIAPOQUE";4;1;"Presidente";280000601016;50;"GUILHERME CASTRO BOULOS";"GUILHERME BOULOS";"#NULO#";12;"APTO";2;"DEFERIDO";-3;"#NE";-3;"#NE";-3;"#NE";"COLIGAÇÃO";50;"PSOL";"Partido Socialismo e Liberdade";-1;"#NULO#";"#NULO#";"#NULO#";280000050035;"VAMOS SEM MEDO DE MUDAR O BRASIL";"PSOL / PCB";"N";84;"Válido";84;4;"NÃO ELEITO"
"13/11/2024";"10:56:11";2018;2;"Eleição Ordinária";1;295;"ELEIÇÃO GERAL FEDERAL 2018";"07/10/2018";"F";"AP";"BR";"BRASIL";6130;"LARANJAL DO JARI";7;1;"Presidente";280000602477;45;"GERALDO JOSÉ RODRIGUES ALCKMIN FILHO";"GERALDO ALCKMIN";"#NULO#";12;"APTO";2;"DEFERIDO";-3;"#NE";-3;"#NE";-3;"#NE";"COLIGAÇÃO";45;"PSDB";"Partido da Social Democracia Brasileira";-1;"#NULO#";"#NULO#";"#NULO#";280000050070;"PARA UNIR O BRASIL";"PSDB / PTB / PP / PR / DEM / SOLIDARIEDADE / PPS / PRB / PSD";"N";570;"Válido";570;4;"NÃO ELEITO"
"13/11/2024";"10:56:11";2018;2;"Eleição Ordinária";2;296;"ELEIÇÃO GERAL FEDERAL 2018";"28/10/2018";"F";"AP";"BR";"BRASIL";6157;"SANTANA";6;1;"Presidente";280000629808;13;"FERNANDO HADDAD";"FERNANDO HADDAD";"#NULO#";12;"APTO";2;"DEFERIDO";-3;"#NE";-3;"#NE";-3;"#NE";"COLIGAÇÃO";13;"PT";"Partido dos Trabalhadores";-1;"#NULO#";"#NULO#";"#NULO#";280000050703;"O POVO FELIZ DE NOVO";"PT / PC do B / PROS";"N";27662;"Válido";27662;4;"NÃO ELEITO"
"13/11/2024";"10:56:11";2018;2;"Eleição Ordinária";1;295;"ELEIÇÃO GERAL FEDERAL 2018";"07/10/2018";"F";"AP";"BR";"BRASIL";6068;"CUTIAS";10;1;"Presidente";280000622281;15;"HENRIQUE DE CAMPOS MEIRELLES";"HENRIQUE MEIRELLES";"#NULO#";12;"APTO";2;"DEFERIDO";-3;"#NE";-3;"#NE";-3;"#NE";"COLIGAÇÃO";15;"MDB";"Movimento Democrático Brasileiro";-1;"#NULO#";"#NULO#";"#NULO#";280000050592;"ESSA É A SOLUÇÃO";"MDB / PHS";"N";24;"Válido";24;4;"NÃO ELEITO"
"13/11/2024";"10:56:11";2018;2;"Eleição Ordinária";1;295;"ELEIÇÃO GERAL FEDERAL 2018";"07/10/2018";"F";"AP";"BR";"BRASIL";6157;"SANTANA";6;1;"Presidente";280000605589;12;"CIRO FERREIRA GOMES";"CIRO GOMES";"#NULO#";12;"APTO";2;"DEFERIDO";-3;"#NE";-3;"#NE";-3;"#NE";"COLIGAÇÃO";12;"PDT";"Partido Democrático Trabalhista";-1;"#NULO#";"#NULO#";"#NULO#";280000050163;"BRASIL SOBERANO";"PDT / AVANTE";"N";7906;"Válido";7906;4;"NÃO ELEITO"
"13/11/2024";"10:56:11";2018;2;"Eleição Ordinária";1;295;"ELEIÇÃO GERAL FEDERAL 2018";"07/10/2018";"F";"AP";"BR";"BRASIL";6157;"SANTANA";6;1;"Presidente";280000607640;30;"JOÃO DIONISIO FILGUEIRA BARRETO AMOEDO";"JOÃO AMOÊDO";"#NULO#";12;"APTO";2;"DEFERIDO";-3;"#NE";-3;"#NE";-3;"#NE";"PARTIDO ISOLADO";30;"NOVO";"Partido Novo";-1;"#NULO#";"#NULO#";"#NULO#";280000050199;"PARTIDO ISOLADO";"NOVO";"N";1217;"Válido";1217;4;"NÃO ELEITO"
"13/11/2024";"10:56:11";2018;2;"Eleição Ordinária";1;295;"ELEIÇÃO GERAL FEDERAL 2018";"07/10/2018";"F";"AP";"BR";"BRASIL";6092;"OIAPOQUE";4;1;"Presidente";280000605589;12;"CIRO FERREIRA GOMES";"CIRO GOMES";"#NULO#";12;"APTO";2;"DEFERIDO";-3;"#NE";-3;"#NE";-3;"#NE";"COLIGAÇÃO";12;"PDT";"Partido Democrático Trabalhista";-1;"#NULO#";"#NULO#";"#NULO#";280000050163;"BRASIL SOBERANO";"PDT / AVANTE";"N";816;"Válido";816;4;"NÃO ELEITO"
"13/11/2024";"10:56:11";2018;2;"Eleição Ordinária";1;295;"ELEIÇÃO GERAL FEDERAL 2018";"07/10/2018";"F";"AP";"BR";"BRASIL";6157;"SANTANA";6;1;"Presidente";280000601016;50;"GUILHERME CASTRO BOULOS";"GUILHERME BOULOS";"#NULO#";12;"APTO";2;"DEFERIDO";-3;"#NE";-3;"#NE";-3;"#NE";"COLIGAÇÃO";50;"PSOL";"Partido Socialismo e Liberdade";-1;"#NULO#";"#NULO#";"#NULO#";280000050035;"VAMOS SEM MEDO DE MUDAR O BRASIL";"PSOL / PCB";"N";592;"Válido";592;4;"NÃO ELEITO"
"13/11/2024";"10:56:11";2018;2;"Eleição Ordinária";1;295;"ELEIÇÃO GERAL FEDERAL 2018";"07/10/2018";"F";"AP";"BR";"BRASIL";6076;"MAZAGÃO";5;1;"Presidente";280000622281;15;"HENRIQUE DE CAMPOS MEIRELLES";"HENRIQUE MEIRELLES";"#NULO#";12;"APTO";2;"DEFERIDO";-3;"#NE";-3;"#NE";-3;"#NE";"COLIGAÇÃO";15;"MDB";"Movimento Democrático Brasileiro";-1;"#NULO#";"#NULO#";"#NULO#";280000050592;"ESSA É A SOLUÇÃO";"MDB / PHS";"N";130;"Válido";130;4;"NÃO ELEITO"
"13/11/2024";"10:56:11";2018;2;"Eleição Ordinária";1;295;"ELEIÇÃO GERAL FEDERAL 2018";"07/10/2018";"F";"AP";"BR";"BRASIL";6076;"MAZAGÃO";5;1;"Presidente";280000605589;12;"CIRO FERREIRA GOMES";"CIRO GOMES";"#NULO#";12;"APTO";2;"DEFERIDO";-3;"#NE";-3;"#NE";-3;"#NE";"COLIGAÇÃO";12;"PDT";"Partido Democrático Trabalhista";-1;"#NULO#";"#NULO#";"#NULO#";280000050163;"BRASIL SOBERANO";"PDT / AVANTE";"N";862;"Válido";862;4;"NÃO ELEITO"
"13/11/2024";"10:56:11";2018;2;"Eleição Ordinária";1;295;"ELEIÇÃO GERAL FEDERAL 2018";"07/10/2018";"F";"AP";"BR";"BRASIL";6076;"MAZAGÃO";5;1;"Presidente";280000607640;30;"JOÃO DIONISIO FILGUEIRA BARRETO AMOEDO";"JOÃO AMOÊDO";"#NULO#";12;"APTO";2;"DEFERIDO";-3;"#NE";-3;"#NE";-3;"#NE";"PARTIDO ISOLADO";30;"NOVO";"Partido Novo";-1;"#NULO#";"#NULO#";"#NULO#";280000050199;"PARTIDO ISOLADO";"NOVO";"N";46;"Válido";46;4;"NÃO ELEITO"
"13/11/2024";"10:56:11";2018;2;"Eleição Ordinária";1;295;"ELEIÇÃO GERAL FEDERAL 2018";"07/10/2018";"F";"AP";"BR";"BRASIL";6106;"SERRA DO NAVIO";11;1;"Presidente";280000605589;12;"CIRO FERREIRA GOMES";"CIRO GOMES";"#NULO#";12;"APTO";2;"DEFERIDO";-3;"#NE";-3;"#NE";-3;"#NE";"COLIGAÇÃO";12;"PDT";"Partido Democrático Trabalhista";-1;"#NULO#";"#NULO#";"#NULO#";280000050163;"BRASIL SOBERANO";"PDT / AVANTE";"N";251;"Válido";251;4;"NÃO ELEITO"
"13/11/2024";"10:56:11";2018;2;"Eleição Ordinária";1;295;"ELEIÇÃO GERAL FEDERAL 2018";"07/10/2018";"F";"AP";"BR";"BRASIL";6076;"MAZAGÃO";5;1;"Presidente";280000601016;50;"GUILHERME CASTRO BOULOS";"GUILHERME BOULOS";"#NULO#";12;"APTO";2;"DEFERIDO";-3;"#NE";-3;"#NE";-3;"#NE";"COLIGAÇÃO";50;"PSOL";"Partido Socialismo e Liberdade";-1;"#NULO#";"#NULO#";"#NULO#";280000050035;"VAMOS SEM MEDO DE MUDAR O BRASIL";"PSOL / PCB";"N";75;"Válido";75;4;"NÃO ELEITO"
"13/11/2024";"10:56:11";2018;2;"Eleição Ordinária";1;295;"ELEIÇÃO GERAL FEDERAL 2018";"07/10/2018";"F";"AP";"BR";"BRASIL";6041;"ITAUBAL";10;1;"Presidente";280000624085;27;"JOSE MARIA EYMAEL";"EYMAEL";"#NULO#";12;"APTO";2;"DEFERIDO";-3;"#NE";-3;"#NE";-3;"#NE";"PARTIDO ISOLADO";27;"DC";"Democracia Cristã";-1;"#NULO#";"#NULO#";"#NULO#";280000050639;"PARTIDO ISOLADO";"DC";"N";1;"Válido";1;4;"NÃO ELEITO"
"13/11/2024";"10:56:11";2018;2;"Eleição Ordinária";1;295;"ELEIÇÃO GERAL FEDERAL 2018";"07/10/2018";"F";"AP";"BR";"BRASIL";6068;"CUTIAS";10;1;"Presidente";280000605589;12;"CIRO FERREIRA GOMES";"CIRO GOMES";"#NULO#";12;"APTO";2;"DEFERIDO";-3;"#NE";-3;"#NE";-3;"#NE";"COLIGAÇÃO";12;"PDT";"Partido Democrático Trabalhista";-1;"#NULO#";"#NULO#";"#NULO#";280000050163;"BRASIL SOBERANO";"PDT / AVANTE";"N";202;"Válido";202;4;"NÃO ELEITO"
"13/11/2024";"10:56:11";2018;2;"Eleição Ordinária";1;295;"ELEIÇÃO GERAL FEDERAL 2018";"07/10/2018";"F";"AP";"BR";"BRASIL";6157;"SANTANA";6;1;"Presidente";280000622281;15;"HENRIQUE DE CAMPOS MEIRELLES";"HENRIQUE MEIRELLES";"#NULO#";12;"APTO";2;"DEFERIDO";-3;"#NE";-3;"#NE";-3;"#NE";"COLIGAÇÃO";15;"MDB";"Movimento Democrático Brasileiro";-1;"#NULO#";"#NULO#";"#NULO#";280000050592;"ESSA É A SOLUÇÃO";"MDB / PHS";"N";909;"Válido";909;4;"NÃO ELEITO"
"13/11/2024";"10:56:11";2018;2;"Eleição Ordinária";1;295;"ELEIÇÃO GERAL FEDERAL 2018";"07/10/2018";"F";"AP";"BR";"BRASIL";6092;"OIAPOQUE";4;1;"Presidente";280000607640;30;"JOÃO DIONISIO FILGUEIRA BARRETO AMOEDO";"JOÃO AMOÊDO";"#NULO#";12;"APTO";2;"DEFERIDO";-3;"#NE";-3;"#NE";-3;"#NE";"PARTIDO ISOLADO";30;"NOVO";"Partido Novo";-1;"#NULO#";"#NULO#";"#NULO#";280000050199;"PARTIDO ISOLADO";"NOVO";"N";48;"Válido";48;4;"NÃO ELEITO"
"13/11/2024";"10:56:11";2018;2;"Eleição Ordinária";1;295;"ELEIÇÃO GERAL FEDERAL 2018";"07/10/2018";"F";"AP";"BR";"BRASIL";6009;"PRACUÚBA";1;1;"Presidente";280000622281;15;"HENRIQUE DE CAMPOS MEIRELLES";"HENRIQUE MEIRELLES";"#NULO#";12;"APTO";2;"DEFERIDO";-3;"#NE";-3;"#NE";-3;"#NE";"COLIGAÇÃO";15;"MDB";"Movimento Democrático Brasileiro";-1;"#NULO#";"#NULO#";"#NULO#";280000050592;"ESSA É A SOLUÇÃO";"MDB / PHS";"N";48;"Válido";48;4;"NÃO ELEITO"
"13/11/2024";"10:56:11";2018;2;"Eleição Ordinária";1;295;"ELEIÇÃO GERAL FEDERAL 2018";"07/10/2018";"F";"AP";"BR";"BRASIL";6068;"CUTIAS";10;1;"Presidente";280000607640;30;"JOÃO DIONISIO FILGUEIRA BARRETO AMOEDO";"JOÃO AMOÊDO";"#NULO#";12;"APTO";2;"DEFERIDO";-3;"#NE";-3;"#NE";-3;"#NE";"PARTIDO ISOLADO";30;"NOVO";"Partido Novo";-1;"#NULO#";"#NULO#";"#NULO#";280000050199;"PARTIDO ISOLADO";"NOVO";"N";5;"Válido";5;4;"NÃO ELEITO"
"13/11/2024";"10:56:11";2018;2;"Eleição Ordinária";1;295;"ELEIÇÃO GERAL FEDERAL 2018";"07/10/2018";"F";"AP";"BR";"BRASIL";6173;"TARTARUGALZINHO";8;1;"Presidente";280000605589;12;"CIRO FERREIRA GOMES";"CIRO GOMES";"#NULO#";12;"APTO";2;"DEFERIDO";-3;"#NE";-3;"#NE";-3;"#NE";"COLIGAÇÃO";12;"PDT";"Partido Democrático Trabalhista";-1;"#NULO#";"#NULO#";"#NULO#";280000050163;"BRASIL SOBERANO";"PDT / AVANTE";"N";505;"Válido";505;4;"NÃO ELEITO"
"13/11/2024";"10:56:11";2018;2;"Eleição Ordinária";1;295;"ELEIÇÃO GERAL FEDERAL 2018";"07/10/2018";"F";"AP";"BR";"BRASIL";6173;"TARTARUGALZINHO";8;1;"Presidente";280000601016;50;"GUILHERME CASTRO BOULOS";"GUILHERME BOULOS";"#NULO#";12;"APTO";2;"DEFERIDO";-3;"#NE";-3;"#NE";-3;"#NE";"COLIGAÇÃO";50;"PSOL";"Partido Socialismo e Liberdade";-1;"#NULO#";"#NULO#";"#NULO#";280000050035;"VAMOS SEM MEDO DE MUDAR O BRASIL";"PSOL / PCB";"N";52;"Válido";52;4;"NÃO ELEITO"
"13/11/2024";"10:56:11";2018;2;"Eleição Ordinária";1;295;"ELEIÇÃO GERAL FEDERAL 2018";"07/10/2018";"F";"AP";"BR";"BRASIL";6106;"SERRA DO NAVIO";11;1;"Presidente";280000601016;50;"GUILHERME CASTRO BOULOS";"GUILHERME BOULOS";"#NULO#";12;"APTO";2;"DEFERIDO";-3;"#NE";-3;"#NE";-3;"#NE";"COLIGAÇÃO";50;"PSOL";"Partido Socialismo e Liberdade";-1;"#NULO#";"#NULO#";"#NULO#";280000050035;"VAMOS SEM MEDO DE MUDAR O BRASIL";"PSOL / PCB";"N";16;"Válido";16;4;"NÃO ELEITO"
"13/11/2024";"10:56:11";2018;2;"Eleição Ordinária";1;295;"ELEIÇÃO GERAL FEDERAL 2018";"07/10/2018";"F";"AP";"BR";"BRASIL";6025;"PORTO GRANDE";12;1;"Presidente";280000605589;12;"CIRO FERREIRA GOMES";"CIRO GOMES";"#NULO#";12;"APTO";2;"DEFERIDO";-3;"#NE";-3;"#NE";-3;"#NE";"COLIGAÇÃO";12;"PDT";"Partido Democrático Trabalhista";-1;"#NULO#";"#NULO#";"#NULO#";280000050163;"BRASIL SOBERANO";"PDT / AVANTE";"N";909;"Válido";909;4;"NÃO ELEITO"
"13/11/2024";"10:56:11";2018;2;"Eleição Ordinária";1;295;"ELEIÇÃO GERAL FEDERAL 2018";"07/10/2018";"F";"AP";"BR";"BRASIL";6106;"SERRA DO NAVIO";11;1;"Presidente";280000607640;30;"JOÃO DIONISIO FILGUEIRA BARRETO AMOEDO";"JOÃO AMOÊDO";"#NULO#";12;"APTO";2;"DEFERIDO";-3;"#NE";-3;"#NE";-3;"#NE";"PARTIDO ISOLADO";30;"NOVO";"Partido Novo";-1;"#NULO#";"#NULO#";"#NULO#";280000050199;"PARTIDO ISOLADO";"NOVO";"N";34;"Válido";34;4;"NÃO ELEITO"
"13/11/2024";"10:56:11";2018;2;"Eleição Ordinária";1;295;"ELEIÇÃO GERAL FEDERAL 2018";"07/10/2018";"F";"AP";"BR";"BRASIL";6009;"PRACUÚBA";1;1;"Presidente";280000607640;30;"JOÃO DIONISIO FILGUEIRA BARRETO AMOEDO";"JOÃO AMOÊDO";"#NULO#";12;"APTO";2;"DEFERIDO";-3;"#NE";-3;"#NE";-3;"#NE";"PARTIDO ISOLADO";30;"NOVO";"Partido Novo";-1;"#NULO#";"#NULO#";"#NULO#";280000050199;"PARTIDO ISOLADO";"NOVO";"N";21;"Válido";21;4;"NÃO ELEITO"
"13/11/2024";"10:56:11";2018;2;"Eleição Ordinária";1;295;"ELEIÇÃO GERAL FEDERAL 2018";"07/10/2018";"F";"AP";"BR";"BRASIL";6050;"MACAPÁ";10;1;"Presidente";280000605589;12;"CIRO FERREIRA GOMES";"CIRO GOMES";"#NULO#";12;"APTO";2;"DEFERIDO";-3;"#NE";-3;"#NE";-3;"#NE";"COLIGAÇÃO";12;"PDT";"Partido Democrático Trabalhista";-1;"#NULO#";"#NULO#";"#NULO#";280000050163;"BRASIL SOBERANO";"PDT / AVANTE";"N";13230;"Válido";13230;4;"NÃO ELEITO"
"13/11/2024";"10:56:11";2018;2;"Eleição Ordinária";2;296;"ELEIÇÃO GERAL FEDERAL 2018";"28/10/2018";"F";"AP";"BR";"BRASIL";6009;"PRACUÚBA";1;1;"Presidente";280000629808;13;"FERNANDO HADDAD";"FERNANDO HADDAD";"#NULO#";12;"APTO";2;"DEFERIDO";-3;"#NE";-3;"#NE";-3;"#NE";"COLIGAÇÃO";13;"PT";"Partido dos Trabalhadores";-1;"#NULO#";"#NULO#";"#NULO#";280000050703;"O POVO FELIZ DE NOVO";"PT / PC do B / PROS";"N";1438;"Válido";1438;4;"NÃO ELEITO"
"13/11/2024";"10:56:11";2018;2;"Eleição Ordinária";1;295;"ELEIÇÃO GERAL FEDERAL 2018";"07/10/2018";"F";"AP";"BR";"BRASIL";6009;"PRACUÚBA";1;1;"Presidente";280000622171;18;"MARIA OSMARINA MARINA DA SILVA VAZ DE LIMA";"MARINA SILVA";"#NULO#";12;"APTO";2;"DEFERIDO";-3;"#NE";-3;"#NE";-3;"#NE";"COLIGAÇÃO";18;"REDE";"Rede Sustentabilidade";-1;"#NULO#";"#NULO#";"#NULO#";280000050589;"UNIDOS PARA TRANSFORMAR O BRASIL";"REDE / PV";"N";42;"Válido";42;4;"NÃO ELEITO"
"13/11/2024";"10:56:11";2018;2;"Eleição Ordinária";2;296;"ELEIÇÃO GERAL FEDERAL 2018";"28/10/2018";"F";"AP";"BR";"BRASIL";6173;"TARTARUGALZINHO";8;1;"Presidente";280000629808;13;"FERNANDO HADDAD";"FERNANDO HADDAD";"#NULO#";12;"APTO";2;"DEFERIDO";-3;"#NE";-3;"#NE";-3;"#NE";"COLIGAÇÃO";13;"PT";"Partido dos Trabalhadores";-1;"#NULO#";"#NULO#";"#NULO#";280000050703;"O POVO FELIZ DE NOVO";"PT / PC do B / PROS";"N";3670;"Válido";3670;4;"NÃO ELEITO"
"13/11/2024";"10:56:11";2018;2;"Eleição Ordinária";1;295;"ELEIÇÃO GERAL FEDERAL 2018";"07/10/2018";"F";"AP";"BR";"BRASIL";6009;"PRACUÚBA";1;1;"Presidente";280000601016;50;"GUILHERME CASTRO BOULOS";"GUILHERME BOULOS";"#NULO#";12;"APTO";2;"DEFERIDO";-3;"#NE";-3;"#NE";-3;"#NE";"COLIGAÇÃO";50;"PSOL";"Partido Socialismo e Liberdade";-1;"#NULO#";"#NULO#";"#NULO#";280000050035;"VAMOS SEM MEDO DE MUDAR O BRASIL";"PSOL / PCB";"N";7;"Válido";7;4;"NÃO ELEITO"
"13/11/2024";"10:56:11";2018;2;"Eleição Ordinária";2;296;"ELEIÇÃO GERAL FEDERAL 2018";"28/10/2018";"F";"AP";"BR";"BRASIL";6106;"SERRA DO NAVIO";11;1;"Presidente";280000629808;13;"FERNANDO HADDAD";"FERNANDO HADDAD";"#NULO#";12;"APTO";2;"DEFERIDO";-3;"#NE";-3;"#NE";-3;"#NE";"COLIGAÇÃO";13;"PT";"Partido dos Trabalhadores";-1;"#NULO#";"#NULO#";"#NULO#";280000050703;"O POVO FELIZ DE NOVO";"PT / PC do B / PROS";"N";1240;"Válido";1240;4;"NÃO ELEITO"
"13/11/2024";"10:56:11";2018;2;"Eleição Ordinária";2;296;"ELEIÇÃO GERAL FEDERAL 2018";"28/10/2018";"F";"AP";"BR";"BRASIL";6050;"MACAPÁ";2;1;"Presidente";280000629808;13;"FERNANDO HADDAD";"FERNANDO HADDAD";"#NULO#";12;"APTO";2;"DEFERIDO";-3;"#NE";-3;"#NE";-3;"#NE";"COLIGAÇÃO";13;"PT";"Partido dos Trabalhadores";-1;"#NULO#";"#NULO#";"#NULO#";280000050703;"O POVO FELIZ DE NOVO";"PT / PC do B / PROS";"N";55203;"Válido";55203;4;"NÃO ELEITO"
"13/11/2024";"10:56:11";2018;2;"Eleição Ordinária";1;295;"ELEIÇÃO GERAL FEDERAL 2018";"07/10/2018";"F";"AP";"BR";"BRASIL";6041;"ITAUBAL";10;1;"Presidente";280000602477;45;"GERALDO JOSÉ RODRIGUES ALCKMIN FILHO";"GERALDO ALCKMIN";"#NULO#";12;"APTO";2;"DEFERIDO";-3;"#NE";-3;"#NE";-3;"#NE";"COLIGAÇÃO";45;"PSDB";"Partido da Social Democracia Brasileira";-1;"#NULO#";"#NULO#";"#NULO#";280000050070;"PARA UNIR O BRASIL";"PSDB / PTB / PP / PR / DEM / SOLIDARIEDADE / PPS / PRB / PSD";"N";291;"Válido";291;4;"NÃO ELEITO"
"13/11/2024";"10:56:11";2018;2;"Eleição Ordinária";1;295;"ELEIÇÃO GERAL FEDERAL 2018";"07/10/2018";"F";"AP";"BR";"BRASIL";6173;"TARTARUGALZINHO";8;1;"Presidente";280000622281;15;"HENRIQUE DE CAMPOS MEIRELLES";"HENRIQUE MEIRELLES";"#NULO#";12;"APTO";2;"DEFERIDO";-3;"#NE";-3;"#NE";-3;"#NE";"COLIGAÇÃO";15;"MDB";"Movimento Democrático Brasileiro";-1;"#NULO#";"#NULO#";"#NULO#";280000050592;"ESSA É A SOLUÇÃO";"MDB / PHS";"N";66;"Válido";66;4;"NÃO ELEITO"
"13/11/2024";"10:56:11";2018;2;"Eleição Ordinária";1;295;"ELEIÇÃO GERAL FEDERAL 2018";"07/10/2018";"F";"AP";"BR";"BRASIL";6106;"SERRA DO NAVIO";11;1;"Presidente";280000622281;15;"HENRIQUE DE CAMPOS MEIRELLES";"HENRIQUE MEIRELLES";"#NULO#";12;"APTO";2;"DEFERIDO";-3;"#NE";-3;"#NE";-3;"#NE";"COLIGAÇÃO";15;"MDB";"Movimento Democrático Brasileiro";-1;"#NULO#";"#NULO#";"#NULO#";280000050592;"ESSA É A SOLUÇÃO";"MDB / PHS";"N";35;"Válido";35;4;"NÃO ELEITO"
"13/11/2024";"10:56:11";2018;2;"Eleição Ordinária";1;295;"ELEIÇÃO GERAL FEDERAL 2018";"07/10/2018";"F";"AP";"BR";"BRASIL";6106;"SERRA DO NAVIO";11;1;"Presidente";280000622171;18;"MARIA OSMARINA MARINA DA SILVA VAZ DE LIMA";"MARINA SILVA";"#NULO#";12;"APTO";2;"DEFERIDO";-3;"#NE";-3;"#NE";-3;"#NE";"COLIGAÇÃO";18;"REDE";"Rede Sustentabilidade";-1;"#NULO#";"#NULO#";"#NULO#";280000050589;"UNIDOS PARA TRANSFORMAR O BRASIL";"REDE / PV";"N";51;"Válido";51;4;"NÃO ELEITO"
"13/11/2024";"10:56:11";2018;2;"Eleição Ordinária";1;295;"ELEIÇÃO GERAL FEDERAL 2018";"07/10/2018";"F";"AP";"BR";"BRASIL";6122;"VITÓRIA DO JARI";7;1;"Presidente";280000605589;12;"CIRO FERREIRA GOMES";"CIRO GOMES";"#NULO#";12;"APTO";2;"DEFERIDO";-3;"#NE";-3;"#NE";-3;"#NE";"COLIGAÇÃO";12;"PDT";"Partido Democrático Trabalhista";-1;"#NULO#";"#NULO#";"#NULO#";280000050163;"BRASIL SOBERANO";"PDT / AVANTE";"N";391;"Válido";391;4;"NÃO ELEITO"
"13/11/2024";"10:56:11";2018;2;"Eleição Ordinária";1;295;"ELEIÇÃO GERAL FEDERAL 2018";"07/10/2018";"F";"AP";"BR";"BRASIL";6122;"VITÓRIA DO JARI";7;1;"Presidente";280000601016;50;"GUILHERME CASTRO BOULOS";"GUILHERME BOULOS";"#NULO#";12;"APTO";2;"DEFERIDO";-3;"#NE";-3;"#NE";-3;"#NE";"COLIGAÇÃO";50;"PSOL";"Partido Socialismo e Liberdade";-1;"#NULO#";"#NULO#";"#NULO#";280000050035;"VAMOS SEM MEDO DE MUDAR O BRASIL";"PSOL / PCB";"N";28;"Válido";28;4;"NÃO ELEITO"
"13/11/2024";"10:56:11";2018;2;"Eleição Ordinária";2;296;"ELEIÇÃO GERAL FEDERAL 2018";"28/10/2018";"F";"AP";"BR";"BRASIL";6122;"VITÓRIA DO JARI";7;1;"Presidente";280000629808;13;"FERNANDO HADDAD";"FERNANDO HADDAD";"#NULO#";12;"APTO";2;"DEFERIDO";-3;"#NE";-3;"#NE";-3;"#NE";"COLIGAÇÃO";13;"PT";"Partido dos Trabalhadores";-1;"#NULO#";"#NULO#";"#NULO#";280000050703;"O POVO FELIZ DE NOVO";"PT / PC do B / PROS";"N";4565;"Válido";4565;4;"NÃO ELEITO"
"13/11/2024";"10:56:11";2018;2;"Eleição Ordinária";1;295;"ELEIÇÃO GERAL FEDERAL 2018";"07/10/2018";"F";"AP";"BR";"BRASIL";6173;"TARTARUGALZINHO";8;1;"Presidente";280000622171;18;"MARIA OSMARINA MARINA DA SILVA VAZ DE LIMA";"MARINA SILVA";"#NULO#";12;"APTO";2;"DEFERIDO";-3;"#NE";-3;"#NE";-3;"#NE";"COLIGAÇÃO";18;"REDE";"Rede Sustentabilidade";-1;"#NULO#";"#NULO#";"#NULO#";280000050589;"UNIDOS PARA TRANSFORMAR O BRASIL";"REDE / PV";"N";108;"Válido";108;4;"NÃO ELEITO"
"13/11/2024";"10:56:11";2018;2;"Eleição Ordinária";1;295;"ELEIÇÃO GERAL FEDERAL 2018";"07/10/2018";"F";"AP";"BR";"BRASIL";6050;"MACAPÁ";10;1;"Presidente";280000601016;50;"GUILHERME CASTRO BOULOS";"GUILHERME BOULOS";"#NULO#";12;"APTO";2;"DEFERIDO";-3;"#NE";-3;"#NE";-3;"#NE";"COLIGAÇÃO";50;"PSOL";"Partido Socialismo e Liberdade";-1;"#NULO#";"#NULO#";"#NULO#";280000050035;"VAMOS SEM MEDO DE MUDAR O BRASIL";"PSOL / PCB";"N";1752;"Válido";1752;4;"NÃO ELEITO"
"13/11/2024";"10:56:11";2018;2;"Eleição Ordinária";2;296;"ELEIÇÃO GERAL FEDERAL 2018";"28/10/2018";"F";"AP";"BR";"BRASIL";6025;"PORTO GRANDE";12;1;"Presidente";280000629808;13;"FERNANDO HADDAD";"FERNANDO HADDAD";"#NULO#";12;"APTO";2;"DEFERIDO";-3;"#NE";-3;"#NE";-3;"#NE";"COLIGAÇÃO";13;"PT";"Partido dos Trabalhadores";-1;"#NULO#";"#NULO#";"#NULO#";280000050703;"O POVO FELIZ DE NOVO";"PT / PC do B / PROS";"N";5250;"Válido";5250;4;"NÃO ELEITO"
"13/11/2024";"10:56:11";2018;2;"Eleição Ordinária";1;295;"ELEIÇÃO GERAL FEDERAL 2018";"07/10/2018";"F";"AP";"BR";"BRASIL";6050;"MACAPÁ";2;1;"Presidente";280000605589;12;"CIRO FERREIRA GOMES";"CIRO GOMES";"#NULO#";12;"APTO";2;"DEFERIDO";-3;"#NE";-3;"#NE";-3;"#NE";"COLIGAÇÃO";12;"PDT";"Partido Democrático Trabalhista";-1;"#NULO#";"#NULO#";"#NULO#";280000050163;"BRASIL SOBERANO";"PDT / AVANTE";"N";21341;"Válido";21341;4;"NÃO ELEITO"
"13/11/2024";"10:56:11";2018;2;"Eleição Ordinária";1;295;"ELEIÇÃO GERAL FEDERAL 2018";"07/10/2018";"F";"AP";"BR";"BRASIL";6173;"TARTARUGALZINHO";8;1;"Presidente";280000607640;30;"JOÃO DIONISIO FILGUEIRA BARRETO AMOEDO";"JOÃO AMOÊDO";"#NULO#";12;"APTO";2;"DEFERIDO";-3;"#NE";-3;"#NE";-3;"#NE";"PARTIDO ISOLADO";30;"NOVO";"Partido Novo";-1;"#NULO#";"#NULO#";"#NULO#";280000050199;"PARTIDO ISOLADO";"NOVO";"N";42;"Válido";42;4;"NÃO ELEITO"
"13/11/2024";"10:56:11";2018;2;"Eleição Ordinária";1;295;"ELEIÇÃO GERAL FEDERAL 2018";"07/10/2018";"F";"AP";"BR";"BRASIL";6025;"PORTO GRANDE";12;1;"Presidente";280000607640;30;"JOÃO DIONISIO FILGUEIRA BARRETO AMOEDO";"JOÃO AMOÊDO";"#NULO#";12;"APTO";2;"DEFERIDO";-3;"#NE";-3;"#NE";-3;"#NE";"PARTIDO ISOLADO";30;"NOVO";"Partido Novo";-1;"#NULO#";"#NULO#";"#NULO#";280000050199;"PARTIDO ISOLADO";"NOVO";"N";215;"Válido";215;4;"NÃO ELEITO"
"13/11/2024";"10:56:11";2018;2;"Eleição Ordinária";1;295;"ELEIÇÃO GERAL FEDERAL 2018";"07/10/2018";"F";"AP";"BR";"BRASIL";6025;"PORTO GRANDE";12;1;"Presidente";280000622281;15;"HENRIQUE DE CAMPOS MEIRELLES";"HENRIQUE MEIRELLES";"#NULO#";12;"APTO";2;"DEFERIDO";-3;"#NE";-3;"#NE";-3;"#NE";"COLIGAÇÃO";15;"MDB";"Movimento Democrático Brasileiro";-1;"#NULO#";"#NULO#";"#NULO#";280000050592;"ESSA É A SOLUÇÃO";"MDB / PHS";"N";103;"Válido";103;4;"NÃO ELEITO"
"13/11/2024";"10:56:11";2018;2;"Eleição Ordinária";1;295;"ELEIÇÃO GERAL FEDERAL 2018";"07/10/2018";"F";"AP";"BR";"BRASIL";6025;"PORTO GRANDE";12;1;"Presidente";280000601016;50;"GUILHERME CASTRO BOULOS";"GUILHERME BOULOS";"#NULO#";12;"APTO";2;"DEFERIDO";-3;"#NE";-3;"#NE";-3;"#NE";"COLIGAÇÃO";50;"PSOL";"Partido Socialismo e Liberdade";-1;"#NULO#";"#NULO#";"#NULO#";280000050035;"VAMOS SEM MEDO DE MUDAR O BRASIL";"PSOL / PCB";"N";110;"Válido";110;4;"NÃO ELEITO"
"13/11/2024";"10:56:11";2018;2;"Eleição Ordinária";1;295;"ELEIÇÃO GERAL FEDERAL 2018";"07/10/2018";"F";"AP";"BR";"BRASIL";6122;"VITÓRIA DO JARI";7;1;"Presidente";280000607640;30;"JOÃO DIONISIO FILGUEIRA BARRETO AMOEDO";"JOÃO AMOÊDO";"#NULO#";12;"APTO";2;"DEFERIDO";-3;"#NE";-3;"#NE";-3;"#NE";"PARTIDO ISOLADO";30;"NOVO";"Partido Novo";-1;"#NULO#";"#NULO#";"#NULO#";280000050199;"PARTIDO ISOLADO";"NOVO";"N";10;"Válido";10;4;"NÃO ELEITO"
"13/11/2024";"10:56:11";2018;2;"Eleição Ordinária";2;296;"ELEIÇÃO GERAL FEDERAL 2018";"28/10/2018";"F";"AP";"BR";"BRASIL";6050;"MACAPÁ";10;1;"Presidente";280000629808;13;"FERNANDO HADDAD";"FERNANDO HADDAD";"#NULO#";12;"APTO";2;"DEFERIDO";-3;"#NE";-3;"#NE";-3;"#NE";"COLIGAÇÃO";13;"PT";"Partido dos Trabalhadores";-1;"#NULO#";"#NULO#";"#NULO#";280000050703;"O POVO FELIZ DE NOVO";"PT / PC do B / PROS";"N";42880;"Válido";42880;4;"NÃO ELEITO"
"13/11/2024";"10:56:11";2018;2;"Eleição Ordinária";1;295;"ELEIÇÃO GERAL FEDERAL 2018";"07/10/2018";"F";"AP";"BR";"BRASIL";6122;"VITÓRIA DO JARI";7;1;"Presidente";280000622171;18;"MARIA OSMARINA MARINA DA SILVA VAZ DE LIMA";"MARINA SILVA";"#NULO#";12;"APTO";2;"DEFERIDO";-3;"#NE";-3;"#NE";-3;"#NE";"COLIGAÇÃO";18;"REDE";"Rede Sustentabilidade";-1;"#NULO#";"#NULO#";"#NULO#";280000050589;"UNIDOS PARA TRANSFORMAR O BRASIL";"REDE / PV";"N";48;"Válido";48;4;"NÃO ELEITO"
"13/11/2024";"10:56:11";2018;2;"Eleição Ordinária";1;295;"ELEIÇÃO GERAL FEDERAL 2018";"07/10/2018";"F";"AP";"BR";"BRASIL";6122;"VITÓRIA DO JARI";7;1;"Presidente";280000622281;15;"HENRIQUE DE CAMPOS MEIRELLES";"HENRIQUE MEIRELLES";"#NULO#";12;"APTO";2;"DEFERIDO";-3;"#NE";-3;"#NE";-3;"#NE";"COLIGAÇÃO";15;"MDB";"Movimento Democrático Brasileiro";-1;"#NULO#";"#NULO#";"#NULO#";280000050592;"ESSA É A SOLUÇÃO";"MDB / PHS";"N";59;"Válido";59;4;"NÃO ELEITO"
"13/11/2024";"10:56:11";2018;2;"Eleição Ordinária";1;295;"ELEIÇÃO GERAL FEDERAL 2018";"07/10/2018";"F";"AP";"BR";"BRASIL";6092;"OIAPOQUE";4;1;"Presidente";280000624085;27;"JOSE MARIA EYMAEL";"EYMAEL";"#NULO#";12;"APTO";2;"DEFERIDO";-3;"#NE";-3;"#NE";-3;"#NE";"PARTIDO ISOLADO";27;"DC";"Democracia Cristã";-1;"#NULO#";"#NULO#";"#NULO#";280000050639;"PARTIDO ISOLADO";"DC";"N";8;"Válido";8;4;"NÃO ELEITO"
"13/11/2024";"10:56:11";2018;2;"Eleição Ordinária";1;295;"ELEIÇÃO GERAL FEDERAL 2018";"07/10/2018";"F";"AP";"BR";"BRASIL";6050;"MACAPÁ";2;1;"Presidente";280000622281;15;"HENRIQUE DE CAMPOS MEIRELLES";"HENRIQUE MEIRELLES";"#NULO#";12;"APTO";2;"DEFERIDO";-3;"#NE";-3;"#NE";-3;"#NE";"COLIGAÇÃO";15;"MDB";"Movimento Democrático Brasileiro";-1;"#NULO#";"#NULO#";"#NULO#";280000050592;"ESSA É A SOLUÇÃO";"MDB / PHS";"N";2018;"Válido";2018;4;"NÃO ELEITO"
"13/11/2024";"10:56:11";2018;2;"Eleição Ordinária";1;295;"ELEIÇÃO GERAL FEDERAL 2018";"07/10/2018";"F";"AP";"BR";"BRASIL";6157;"SANTANA";6;1;"Presidente";280000624085;27;"JOSE MARIA EYMAEL";"EYMAEL";"#NULO#";12;"APTO";2;"DEFERIDO";-3;"#NE";-3;"#NE";-3;"#NE";"PARTIDO ISOLADO";27;"DC";"Democracia Cristã";-1;"#NULO#";"#NULO#";"#NULO#";280000050639;"PARTIDO ISOLADO";"DC";"N";62;"Válido";62;4;"NÃO ELEITO"
"13/11/2024";"10:56:11";2018;2;"Eleição Ordinária";1;295;"ELEIÇÃO GERAL FEDERAL 2018";"07/10/2018";"F";"AP";"BR";"BRASIL";6050;"MACAPÁ";10;1;"Presidente";280000622171;18;"MARIA OSMARINA MARINA DA SILVA VAZ DE LIMA";"MARINA SILVA";"#NULO#";12;"APTO";2;"DEFERIDO";-3;"#NE";-3;"#NE";-3;"#NE";"COLIGAÇÃO";18;"REDE";"Rede Sustentabilidade";-1;"#NULO#";"#NULO#";"#NULO#";280000050589;"UNIDOS PARA TRANSFORMAR O BRASIL";"REDE / PV";"N";2853;"Válido";2853;4;"NÃO ELEITO"
"13/11/2024";"10:56:11";2018;2;"Eleição Ordinária";1;295;"ELEIÇÃO GERAL FEDERAL 2018";"07/10/2018";"F";"AP";"BR";"BRASIL";6050;"MACAPÁ";2;1;"Presidente";280000607640;30;"JOÃO DIONISIO FILGUEIRA BARRETO AMOEDO";"JOÃO AMOÊDO";"#NULO#";12;"APTO";2;"DEFERIDO";-3;"#NE";-3;"#NE";-3;"#NE";"PARTIDO ISOLADO";30;"NOVO";"Partido Novo";-1;"#NULO#";"#NULO#";"#NULO#";280000050199;"PARTIDO ISOLADO";"NOVO";"N";3509;"Válido";3509;4;"NÃO ELEITO"
"13/11/2024";"10:56:11";2018;2;"Eleição Ordinária";1;295;"ELEIÇÃO GERAL FEDERAL 2018";"07/10/2018";"F";"AP";"BR";"BRASIL";6050;"MACAPÁ";2;1;"Presidente";280000601016;50;"GUILHERME CASTRO BOULOS";"GUILHERME BOULOS";"#NULO#";12;"APTO";2;"DEFERIDO";-3;"#NE";-3;"#NE";-3;"#NE";"COLIGAÇÃO";50;"PSOL";"Partido Socialismo e Liberdade";-1;"#NULO#";"#NULO#";"#NULO#";280000050035;"VAMOS SEM MEDO DE MUDAR O BRASIL";"PSOL / PCB";"N";2335;"Válido";2335;4;"NÃO ELEITO"
"13/11/2024";"10:56:11";2018;2;"Eleição Ordinária";1;295;"ELEIÇÃO GERAL FEDERAL 2018";"07/10/2018";"F";"AP";"BR";"BRASIL";6050;"MACAPÁ";10;1;"Presidente";280000622281;15;"HENRIQUE DE CAMPOS MEIRELLES";"HENRIQUE MEIRELLES";"#NULO#";12;"APTO";2;"DEFERIDO";-3;"#NE";-3;"#NE";-3;"#NE";"COLIGAÇÃO";15;"MDB";"Movimento Democrático Brasileiro";-1;"#NULO#";"#NULO#";"#NULO#";280000050592;"ESSA É A SOLUÇÃO";"MDB / PHS";"N";1682;"Válido";1682;4;"NÃO ELEITO"
"13/11/2024";"10:56:11";2018;2;"Eleição Ordinária";1;295;"ELEIÇÃO GERAL FEDERAL 2018";"07/10/2018";"F";"AP";"BR";"BRASIL";6050;"MACAPÁ";2;1;"Presidente";280000622171;18;"MARIA OSMARINA MARINA DA SILVA VAZ DE LIMA";"MARINA SILVA";"#NULO#";12;"APTO";2;"DEFERIDO";-3;"#NE";-3;"#NE";-3;"#NE";"COLIGAÇÃO";18;"REDE";"Rede Sustentabilidade";-1;"#NULO#";"#NULO#";"#NULO#";280000050589;"UNIDOS PARA TRANSFORMAR O BRASIL";"REDE / PV";"N";3597;"Válido";3597;4;"NÃO ELEITO"
"13/11/2024";"10:56:11";2018;2;"Eleição Ordinária";1;295;"ELEIÇÃO GERAL FEDERAL 2018";"07/10/2018";"F";"AP";"BR";"BRASIL";6050;"MACAPÁ";10;1;"Presidente";280000607640;30;"JOÃO DIONISIO FILGUEIRA BARRETO AMOEDO";"JOÃO AMOÊDO";"#NULO#";12;"APTO";2;"DEFERIDO";-3;"#NE";-3;"#NE";-3;"#NE";"PARTIDO ISOLADO";30;"NOVO";"Partido Novo";-1;"#NULO#";"#NULO#";"#NULO#";280000050199;"PARTIDO ISOLADO";"NOVO";"N";2084;"Válido";2084;4;"NÃO ELEITO"
"13/11/2024";"10:56:11";2018;2;"Eleição Ordinária";1;295;"ELEIÇÃO GERAL FEDERAL 2018";"07/10/2018";"F";"AP";"BR";"BRASIL";6076;"MAZAGÃO";5;1;"Presidente";280000624085;27;"JOSE MARIA EYMAEL";"EYMAEL";"#NULO#";12;"APTO";2;"DEFERIDO";-3;"#NE";-3;"#NE";-3;"#NE";"PARTIDO ISOLADO";27;"DC";"Democracia Cristã";-1;"#NULO#";"#NULO#";"#NULO#";280000050639;"PARTIDO ISOLADO";"DC";"N";12;"Válido";12;4;"NÃO ELEITO"
"13/11/2024";"10:56:11";2018;2;"Eleição Ordinária";1;295;"ELEIÇÃO GERAL FEDERAL 2018";"07/10/2018";"F";"AP";"BR";"BRASIL";6092;"OIAPOQUE";4;1;"Presidente";280000602477;45;"GERALDO JOSÉ RODRIGUES ALCKMIN FILHO";"GERALDO ALCKMIN";"#NULO#";12;"APTO";2;"DEFERIDO";-3;"#NE";-3;"#NE";-3;"#NE";"COLIGAÇÃO";45;"PSDB";"Partido da Social Democracia Brasileira";-1;"#NULO#";"#NULO#";"#NULO#";280000050070;"PARA UNIR O BRASIL";"PSDB / PTB / PP / PR / DEM / SOLIDARIEDADE / PPS / PRB / PSD";"N";350;"Válido";350;4;"NÃO ELEITO"
"13/11/2024";"10:56:11";2018;2;"Eleição Ordinária";1;295;"ELEIÇÃO GERAL FEDERAL 2018";"07/10/2018";"F";"AP";"BR";"BRASIL";6025;"PORTO GRANDE";12;1;"Presidente";280000622171;18;"MARIA OSMARINA MARINA DA SILVA VAZ DE LIMA";"MARINA SILVA";"#NULO#";12;"APTO";2;"DEFERIDO";-3;"#NE";-3;"#NE";-3;"#NE";"COLIGAÇÃO";18;"REDE";"Rede Sustentabilidade";-1;"#NULO#";"#NULO#";"#NULO#";280000050589;"UNIDOS PARA TRANSFORMAR O BRASIL";"REDE / PV";"N";151;"Válido";151;4;"NÃO ELEITO"
"13/11/2024";"10:56:11";2018;2;"Eleição Ordinária";1;295;"ELEIÇÃO GERAL FEDERAL 2018";"07/10/2018";"F";"AP";"BR";"BRASIL";6157;"SANTANA";6;1;"Presidente";280000602477;45;"GERALDO JOSÉ RODRIGUES ALCKMIN FILHO";"GERALDO ALCKMIN";"#NULO#";12;"APTO";2;"DEFERIDO";-3;"#NE";-3;"#NE";-3;"#NE";"COLIGAÇÃO";45;"PSDB";"Partido da Social Democracia Brasileira";-1;"#NULO#";"#NULO#";"#NULO#";280000050070;"PARA UNIR O BRASIL";"PSDB / PTB / PP / PR / DEM / SOLIDARIEDADE / PPS / PRB / PSD";"N";3301;"Válido";3301;4;"NÃO ELEITO"
"13/11/2024";"10:56:11";2018;2;"Eleição Ordinária";1;295;"ELEIÇÃO GERAL FEDERAL 2018";"07/10/2018";"F";"AP";"BR";"BRASIL";6068;"CUTIAS";10;1;"Presidente";280000602477;45;"GERALDO JOSÉ RODRIGUES ALCKMIN FILHO";"GERALDO ALCKMIN";"#NULO#";12;"APTO";2;"DEFERIDO";-3;"#NE";-3;"#NE";-3;"#NE";"COLIGAÇÃO";45;"PSDB";"Partido da Social Democracia Brasileira";-1;"#NULO#";"#NULO#";"#NULO#";280000050070;"PARA UNIR O BRASIL";"PSDB / PTB / PP / PR / DEM / SOLIDARIEDADE / PPS / PRB / PSD";"N";190;"Válido";190;4;"NÃO ELEITO"
"13/11/2024";"10:56:11";2018;2;"Eleição Ordinária";1;295;"ELEIÇÃO GERAL FEDERAL 2018";"07/10/2018";"F";"AP";"BR";"BRASIL";6076;"MAZAGÃO";5;1;"Presidente";280000618462;19;"ALVARO FERNANDES DIAS";"ALVARO DIAS";"#NULO#";12;"APTO";2;"DEFERIDO";-3;"#NE";-3;"#NE";-3;"#NE";"COLIGAÇÃO";19;"PODE";"Podemos";-1;"#NULO#";"#NULO#";"#NULO#";280000050478;"MUDANÇA DE VERDADE";"PODE / PRP / PSC / PTC";"N";20;"Válido";20;4;"NÃO ELEITO"
"13/11/2024";"10:56:11";2018;2;"Eleição Ordinária";1;295;"ELEIÇÃO GERAL FEDERAL 2018";"07/10/2018";"F";"AP";"BR";"BRASIL";6114;"FERREIRA GOMES";12;1;"Presidente";280000605589;12;"CIRO FERREIRA GOMES";"CIRO GOMES";"#NULO#";12;"APTO";2;"DEFERIDO";-3;"#NE";-3;"#NE";-3;"#NE";"COLIGAÇÃO";12;"PDT";"Partido Democrático Trabalhista";-1;"#NULO#";"#NULO#";"#NULO#";280000050163;"BRASIL SOBERANO";"PDT / AVANTE";"N";375;"Válido";375;4;"NÃO ELEITO"
"13/11/2024";"10:56:11";2018;2;"Eleição Ordinária";1;295;"ELEIÇÃO GERAL FEDERAL 2018";"07/10/2018";"F";"AP";"BR";"BRASIL";6157;"SANTANA";6;1;"Presidente";280000618462;19;"ALVARO FERNANDES DIAS";"ALVARO DIAS";"#NULO#";12;"APTO";2;"DEFERIDO";-3;"#NE";-3;"#NE";-3;"#NE";"COLIGAÇÃO";19;"PODE";"Podemos";-1;"#NULO#";"#NULO#";"#NULO#";280000050478;"MUDANÇA DE VERDADE";"PODE / PRP / PSC / PTC";"N";197;"Válido";197;4;"NÃO ELEITO"
"13/11/2024";"10:56:11";2018;2;"Eleição Ordinária";1;295;"ELEIÇÃO GERAL FEDERAL 2018";"07/10/2018";"F";"AP";"BR";"BRASIL";6068;"CUTIAS";10;1;"Presidente";280000618462;19;"ALVARO FERNANDES DIAS";"ALVARO DIAS";"#NULO#";12;"APTO";2;"DEFERIDO";-3;"#NE";-3;"#NE";-3;"#NE";"COLIGAÇÃO";19;"PODE";"Podemos";-1;"#NULO#";"#NULO#";"#NULO#";280000050478;"MUDANÇA DE VERDADE";"PODE / PRP / PSC / PTC";"N";3;"Válido";3;4;"NÃO ELEITO"
"13/11/2024";"10:56:11";2018;2;"Eleição Ordinária";1;295;"ELEIÇÃO GERAL FEDERAL 2018";"07/10/2018";"F";"AP";"BR";"BRASIL";6076;"MAZAGÃO";5;1;"Presidente";280000602477;45;"GERALDO JOSÉ RODRIGUES ALCKMIN FILHO";"GERALDO ALCKMIN";"#NULO#";12;"APTO";2;"DEFERIDO";-3;"#NE";-3;"#NE";-3;"#NE";"COLIGAÇÃO";45;"PSDB";"Partido da Social Democracia Brasileira";-1;"#NULO#";"#NULO#";"#NULO#";280000050070;"PARA UNIR O BRASIL";"PSDB / PTB / PP / PR / DEM / SOLIDARIEDADE / PPS / PRB / PSD";"N";655;"Válido";655;4;"NÃO ELEITO"
"13/11/2024";"10:56:11";2018;2;"Eleição Ordinária";1;295;"ELEIÇÃO GERAL FEDERAL 2018";"07/10/2018";"F";"AP";"BR";"BRASIL";6092;"OIAPOQUE";4;1;"Presidente";280000618462;19;"ALVARO FERNANDES DIAS";"ALVARO DIAS";"#NULO#";12;"APTO";2;"DEFERIDO";-3;"#NE";-3;"#NE";-3;"#NE";"COLIGAÇÃO";19;"PODE";"Podemos";-1;"#NULO#";"#NULO#";"#NULO#";280000050478;"MUDANÇA DE VERDADE";"PODE / PRP / PSC / PTC";"N";17;"Válido";17;4;"NÃO ELEITO"
"13/11/2024";"10:56:11";2018;2;"Eleição Ordinária";1;295;"ELEIÇÃO GERAL FEDERAL 2018";"07/10/2018";"F";"AP";"BR";"BRASIL";6114;"FERREIRA GOMES";12;1;"Presidente";280000622281;15;"HENRIQUE DE CAMPOS MEIRELLES";"HENRIQUE MEIRELLES";"#NULO#";12;"APTO";2;"DEFERIDO";-3;"#NE";-3;"#NE";-3;"#NE";"COLIGAÇÃO";15;"MDB";"Movimento Democrático Brasileiro";-1;"#NULO#";"#NULO#";"#NULO#";280000050592;"ESSA É A SOLUÇÃO";"MDB / PHS";"N";63;"Válido";63;4;"NÃO ELEITO"
"13/11/2024";"10:56:11";2018;2;"Eleição Ordinária";1;295;"ELEIÇÃO GERAL FEDERAL 2018";"07/10/2018";"F";"AP";"BR";"BRASIL";6106;"SERRA DO NAVIO";11;1;"Presidente";280000618462;19;"ALVARO FERNANDES DIAS";"ALVARO DIAS";"#NULO#";12;"APTO";2;"DEFERIDO";-3;"#NE";-3;"#NE";-3;"#NE";"COLIGAÇÃO";19;"PODE";"Podemos";-1;"#NULO#";"#NULO#";"#NULO#";280000050478;"MUDANÇA DE VERDADE";"PODE / PRP / PSC / PTC";"N";4;"Válido";4;4;"NÃO ELEITO"
"13/11/2024";"10:56:11";2018;2;"Eleição Ordinária";2;296;"ELEIÇÃO GERAL FEDERAL 2018";"28/10/2018";"F";"AP";"BR";"BRASIL";6114;"FERREIRA GOMES";12;1;"Presidente";280000629808;13;"FERNANDO HADDAD";"FERNANDO HADDAD";"#NULO#";12;"APTO";2;"DEFERIDO";-3;"#NE";-3;"#NE";-3;"#NE";"COLIGAÇÃO";13;"PT";"Partido dos Trabalhadores";-1;"#NULO#";"#NULO#";"#NULO#";280000050703;"O POVO FELIZ DE NOVO";"PT / PC do B / PROS";"N";2143;"Válido";2143;4;"NÃO ELEITO"
"13/11/2024";"10:56:11";2018;2;"Eleição Ordinária";1;295;"ELEIÇÃO GERAL FEDERAL 2018";"07/10/2018";"F";"AP";"BR";"BRASIL";6173;"TARTARUGALZINHO";8;1;"Presidente";280000624085;27;"JOSE MARIA EYMAEL";"EYMAEL";"#NULO#";12;"APTO";2;"DEFERIDO";-3;"#NE";-3;"#NE";-3;"#NE";"PARTIDO ISOLADO";27;"DC";"Democracia Cristã";-1;"#NULO#";"#NULO#";"#NULO#";280000050639;"PARTIDO ISOLADO";"DC";"N";2;"Válido";2;4;"NÃO ELEITO"
"13/11/2024";"10:56:11";2018;2;"Eleição Ordinária";1;295;"ELEIÇÃO GERAL FEDERAL 2018";"07/10/2018";"F";"AP";"BR";"BRASIL";6173;"TARTARUGALZINHO";8;1;"Presidente";280000618462;19;"ALVARO FERNANDES DIAS";"ALVARO DIAS";"#NULO#";12;"APTO";2;"DEFERIDO";-3;"#NE";-3;"#NE";-3;"#NE";"COLIGAÇÃO";19;"PODE";"Podemos";-1;"#NULO#";"#NULO#";"#NULO#";280000050478;"MUDANÇA DE VERDADE";"PODE / PRP / PSC / PTC";"N";11;"Válido";11;4;"NÃO ELEITO"
"13/11/2024";"10:56:11";2018;2;"Eleição Ordinária";1;295;"ELEIÇÃO GERAL FEDERAL 2018";"07/10/2018";"F";"AP";"BR";"BRASIL";6092;"OIAPOQUE";4;1;"Presidente";280000624082;54;"JOÃO VICENTE FONTELLA GOULART";"JOÃO GOULART FILHO";"#NULO#";12;"APTO";2;"DEFERIDO";-3;"#NE";-3;"#NE";-3;"#NE";"PARTIDO ISOLADO";54;"PPL";"Partido Pátria Livre";-1;"#NULO#";"#NULO#";"#NULO#";280000050638;"PARTIDO ISOLADO";"PPL";"N";4;"Válido";4;4;"NÃO ELEITO"
"13/11/2024";"10:56:11";2018;2;"Eleição Ordinária";1;295;"ELEIÇÃO GERAL FEDERAL 2018";"07/10/2018";"F";"AP";"BR";"BRASIL";6114;"FERREIRA GOMES";12;1;"Presidente";280000601016;50;"GUILHERME CASTRO BOULOS";"GUILHERME BOULOS";"#NULO#";12;"APTO";2;"DEFERIDO";-3;"#NE";-3;"#NE";-3;"#NE";"COLIGAÇÃO";50;"PSOL";"Partido Socialismo e Liberdade";-1;"#NULO#";"#NULO#";"#NULO#";280000050035;"VAMOS SEM MEDO DE MUDAR O BRASIL";"PSOL / PCB";"N";86;"Válido";86;4;"NÃO ELEITO"
"13/11/2024";"10:56:11";2018;2;"Eleição Ordinária";1;295;"ELEIÇÃO GERAL FEDERAL 2018";"07/10/2018";"F";"AP";"BR";"BRASIL";6076;"MAZAGÃO";5;1;"Presidente";280000624082;54;"JOÃO VICENTE FONTELLA GOULART";"JOÃO GOULART FILHO";"#NULO#";12;"APTO";2;"DEFERIDO";-3;"#NE";-3;"#NE";-3;"#NE";"PARTIDO ISOLADO";54;"PPL";"Partido Pátria Livre";-1;"#NULO#";"#NULO#";"#NULO#";280000050638;"PARTIDO ISOLADO";"PPL";"N";2;"Válido";2;4;"NÃO ELEITO"
"13/11/2024";"10:56:11";2018;2;"Eleição Ordinária";1;295;"ELEIÇÃO GERAL FEDERAL 2018";"07/10/2018";"F";"AP";"BR";"BRASIL";6114;"FERREIRA GOMES";12;1;"Presidente";280000607640;30;"JOÃO DIONISIO FILGUEIRA BARRETO AMOEDO";"JOÃO AMOÊDO";"#NULO#";12;"APTO";2;"DEFERIDO";-3;"#NE";-3;"#NE";-3;"#NE";"PARTIDO ISOLADO";30;"NOVO";"Partido Novo";-1;"#NULO#";"#NULO#";"#NULO#";280000050199;"PARTIDO ISOLADO";"NOVO";"N";40;"Válido";40;4;"NÃO ELEITO"
"13/11/2024";"10:56:11";2018;2;"Eleição Ordinária";1;295;"ELEIÇÃO GERAL FEDERAL 2018";"07/10/2018";"F";"AP";"BR";"BRASIL";6009;"PRACUÚBA";1;1;"Presidente";280000618462;19;"ALVARO FERNANDES DIAS";"ALVARO DIAS";"#NULO#";12;"APTO";2;"DEFERIDO";-3;"#NE";-3;"#NE";-3;"#NE";"COLIGAÇÃO";19;"PODE";"Podemos";-1;"#NULO#";"#NULO#";"#NULO#";280000050478;"MUDANÇA DE VERDADE";"PODE / PRP / PSC / PTC";"N";3;"Válido";3;4;"NÃO ELEITO"
"13/11/2024";"10:56:11";2018;2;"Eleição Ordinária";1;295;"ELEIÇÃO GERAL FEDERAL 2018";"07/10/2018";"F";"AP";"BR";"BRASIL";6106;"SERRA DO NAVIO";11;1;"Presidente";280000624085;27;"JOSE MARIA EYMAEL";"EYMAEL";"#NULO#";12;"APTO";2;"DEFERIDO";-3;"#NE";-3;"#NE";-3;"#NE";"PARTIDO ISOLADO";27;"DC";"Democracia Cristã";-1;"#NULO#";"#NULO#";"#NULO#";280000050639;"PARTIDO ISOLADO";"DC";"N";3;"Válido";3;4;"NÃO ELEITO"
"13/11/2024";"10:56:11";2018;2;"Eleição Ordinária";1;295;"ELEIÇÃO GERAL FEDERAL 2018";"07/10/2018";"F";"AP";"BR";"BRASIL";6157;"SANTANA";6;1;"Presidente";280000624082;54;"JOÃO VICENTE FONTELLA GOULART";"JOÃO GOULART FILHO";"#NULO#";12;"APTO";2;"DEFERIDO";-3;"#NE";-3;"#NE";-3;"#NE";"PARTIDO ISOLADO";54;"PPL";"Partido Pátria Livre";-1;"#NULO#";"#NULO#";"#NULO#";280000050638;"PARTIDO ISOLADO";"PPL";"N";8;"Válido";8;4;"NÃO ELEITO"
"13/11/2024";"10:56:11";2018;2;"Eleição Ordinária";1;295;"ELEIÇÃO GERAL FEDERAL 2018";"07/10/2018";"F";"AP";"BR";"BRASIL";6009;"PRACUÚBA";1;1;"Presidente";280000624085;27;"JOSE MARIA EYMAEL";"EYMAEL";"#NULO#";12;"APTO";2;"DEFERIDO";-3;"#NE";-3;"#NE";-3;"#NE";"PARTIDO ISOLADO";27;"DC";"Democracia Cristã";-1;"#NULO#";"#NULO#";"#NULO#";280000050639;"PARTIDO ISOLADO";"DC";"N";4;"Válido";4;4;"NÃO ELEITO"
"13/11/2024";"10:56:11";2018;2;"Eleição Ordinária";1;295;"ELEIÇÃO GERAL FEDERAL 2018";"07/10/2018";"F";"AP";"BR";"BRASIL";6173;"TARTARUGALZINHO";8;1;"Presidente";280000624082;54;"JOÃO VICENTE FONTELLA GOULART";"JOÃO GOULART FILHO";"#NULO#";12;"APTO";2;"DEFERIDO";-3;"#NE";-3;"#NE";-3;"#NE";"PARTIDO ISOLADO";54;"PPL";"Partido Pátria Livre";-1;"#NULO#";"#NULO#";"#NULO#";280000050638;"PARTIDO ISOLADO";"PPL";"N";2;"Válido";2;4;"NÃO ELEITO"
"13/11/2024";"10:56:11";2018;2;"Eleição Ordinária";1;295;"ELEIÇÃO GERAL FEDERAL 2018";"07/10/2018";"F";"AP";"BR";"BRASIL";6106;"SERRA DO NAVIO";11;1;"Presidente";280000602477;45;"GERALDO JOSÉ RODRIGUES ALCKMIN FILHO";"GERALDO ALCKMIN";"#NULO#";12;"APTO";2;"DEFERIDO";-3;"#NE";-3;"#NE";-3;"#NE";"COLIGAÇÃO";45;"PSDB";"Partido da Social Democracia Brasileira";-1;"#NULO#";"#NULO#";"#NULO#";280000050070;"PARA UNIR O BRASIL";"PSDB / PTB / PP / PR / DEM / SOLIDARIEDADE / PPS / PRB / PSD";"N";103;"Válido";103;4;"NÃO ELEITO"
"13/11/2024";"10:56:11";2018;2;"Eleição Ordinária";1;295;"ELEIÇÃO GERAL FEDERAL 2018";"07/10/2018";"F";"AP";"BR";"BRASIL";6050;"MACAPÁ";2;1;"Presidente";280000618462;19;"ALVARO FERNANDES DIAS";"ALVARO DIAS";"#NULO#";12;"APTO";2;"DEFERIDO";-3;"#NE";-3;"#NE";-3;"#NE";"COLIGAÇÃO";19;"PODE";"Podemos";-1;"#NULO#";"#NULO#";"#NULO#";280000050478;"MUDANÇA DE VERDADE";"PODE / PRP / PSC / PTC";"N";686;"Válido";686;4;"NÃO ELEITO"
"13/11/2024";"10:56:11";2018;2;"Eleição Ordinária";1;295;"ELEIÇÃO GERAL FEDERAL 2018";"07/10/2018";"F";"AP";"BR";"BRASIL";6025;"PORTO GRANDE";12;1;"Presidente";280000618462;19;"ALVARO FERNANDES DIAS";"ALVARO DIAS";"#NULO#";12;"APTO";2;"DEFERIDO";-3;"#NE";-3;"#NE";-3;"#NE";"COLIGAÇÃO";19;"PODE";"Podemos";-1;"#NULO#";"#NULO#";"#NULO#";280000050478;"MUDANÇA DE VERDADE";"PODE / PRP / PSC / PTC";"N";28;"Válido";28;4;"NÃO ELEITO"
"13/11/2024";"10:56:11";2018;2;"Eleição Ordinária";1;295;"ELEIÇÃO GERAL FEDERAL 2018";"07/10/2018";"F";"AP";"BR";"BRASIL";6114;"FERREIRA GOMES";12;1;"Presidente";280000622171;18;"MARIA OSMARINA MARINA DA SILVA VAZ DE LIMA";"MARINA SILVA";"#NULO#";12;"APTO";2;"DEFERIDO";-3;"#NE";-3;"#NE";-3;"#NE";"COLIGAÇÃO";18;"REDE";"Rede Sustentabilidade";-1;"#NULO#";"#NULO#";"#NULO#";280000050589;"UNIDOS PARA TRANSFORMAR O BRASIL";"REDE / PV";"N";114;"Válido";114;4;"NÃO ELEITO"
"13/11/2024";"10:56:11";2018;2;"Eleição Ordinária";1;295;"ELEIÇÃO GERAL FEDERAL 2018";"07/10/2018";"F";"AP";"BR";"BRASIL";6122;"VITÓRIA DO JARI";7;1;"Presidente";280000618462;19;"ALVARO FERNANDES DIAS";"ALVARO DIAS";"#NULO#";12;"APTO";2;"DEFERIDO";-3;"#NE";-3;"#NE";-3;"#NE";"COLIGAÇÃO";19;"PODE";"Podemos";-1;"#NULO#";"#NULO#";"#NULO#";280000050478;"MUDANÇA DE VERDADE";"PODE / PRP / PSC / PTC";"N";7;"Válido";7;4;"NÃO ELEITO"
"13/11/2024";"10:56:11";2018;2;"Eleição Ordinária";1;295;"ELEIÇÃO GERAL FEDERAL 2018";"07/10/2018";"F";"AP";"BR";"BRASIL";6033;"CALÇOENE";1;1;"Presidente";280000614517;17;"JAIR MESSIAS BOLSONARO";"JAIR BOLSONARO";"#NULO#";12;"APTO";2;"DEFERIDO";-3;"#NE";-3;"#NE";-3;"#NE";"COLIGAÇÃO";17;"PSL";"Partido Social Liberal";-1;"#NULO#";"#NULO#";"#NULO#";280000050386;"BRASIL ACIMA DE TUDO, DEUS ACIMA DE TODOS";"PSL / PRTB";"N";1644;"Válido";1644;6;"2º TURNO"
"13/11/2024";"10:56:11";2018;2;"Eleição Ordinária";1;295;"ELEIÇÃO GERAL FEDERAL 2018";"07/10/2018";"F";"AP";"BR";"BRASIL";6033;"CALÇOENE";1;1;"Presidente";280000601173;16;"VERA LUCIA PEREIRA DA SILVA SALGADO";"VERA";"#NULO#";12;"APTO";2;"DEFERIDO";-3;"#NE";-3;"#NE";-3;"#NE";"PARTIDO ISOLADO";16;"PSTU";"Partido Socialista dos Trabalhadores Unificado";-1;"#NULO#";"#NULO#";"#NULO#";280000050040;"PARTIDO ISOLADO";"PSTU";"N";3;"Válido";3;4;"NÃO ELEITO"
"13/11/2024";"10:56:11";2018;2;"Eleição Ordinária";1;295;"ELEIÇÃO GERAL FEDERAL 2018";"07/10/2018";"F";"AP";"BR";"BRASIL";6173;"TARTARUGALZINHO";8;1;"Presidente";280000602477;45;"GERALDO JOSÉ RODRIGUES ALCKMIN FILHO";"GERALDO ALCKMIN";"#NULO#";12;"APTO";2;"DEFERIDO";-3;"#NE";-3;"#NE";-3;"#NE";"COLIGAÇÃO";45;"PSDB";"Partido da Social Democracia Brasileira";-1;"#NULO#";"#NULO#";"#NULO#";280000050070;"PARA UNIR O BRASIL";"PSDB / PTB / PP / PR / DEM / SOLIDARIEDADE / PPS / PRB / PSD";"N";285;"Válido";285;4;"NÃO ELEITO"
"13/11/2024";"10:56:11";2018;2;"Eleição Ordinária";2;296;"ELEIÇÃO GERAL FEDERAL 2018";"28/10/2018";"F";"AP";"BR";"BRASIL";6033;"CALÇOENE";1;1;"Presidente";280000614517;17;"JAIR MESSIAS BOLSONARO";"JAIR BOLSONARO";"#NULO#";12;"APTO";2;"DEFERIDO";-3;"#NE";-3;"#NE";-3;"#NE";"COLIGAÇÃO";17;"PSL";"Partido Social Liberal";-1;"#NULO#";"#NULO#";"#NULO#";280000050386;"BRASIL ACIMA DE TUDO, DEUS ACIMA DE TODOS";"PSL / PRTB";"N";1671;"Válido";1671;1;"ELEITO"
"13/11/2024";"10:56:11";2018;2;"Eleição Ordinária";1;295;"ELEIÇÃO GERAL FEDERAL 2018";"07/10/2018";"F";"AP";"BR";"BRASIL";6050;"MACAPÁ";10;1;"Presidente";280000618462;19;"ALVARO FERNANDES DIAS";"ALVARO DIAS";"#NULO#";12;"APTO";2;"DEFERIDO";-3;"#NE";-3;"#NE";-3;"#NE";"COLIGAÇÃO";19;"PODE";"Podemos";-1;"#NULO#";"#NULO#";"#NULO#";280000050478;"MUDANÇA DE VERDADE";"PODE / PRP / PSC / PTC";"N";379;"Válido";379;4;"NÃO ELEITO"
"13/11/2024";"10:56:11";2018;2;"Eleição Ordinária";1;295;"ELEIÇÃO GERAL FEDERAL 2018";"07/10/2018";"F";"AP";"BR";"BRASIL";6025;"PORTO GRANDE";12;1;"Presidente";280000624082;54;"JOÃO VICENTE FONTELLA GOULART";"JOÃO GOULART FILHO";"#NULO#";12;"APTO";2;"DEFERIDO";-3;"#NE";-3;"#NE";-3;"#NE";"PARTIDO ISOLADO";54;"PPL";"Partido Pátria Livre";-1;"#NULO#";"#NULO#";"#NULO#";280000050638;"PARTIDO ISOLADO";"PPL";"N";1;"Válido";1;4;"NÃO ELEITO"
"13/11/2024";"10:56:11";2018;2;"Eleição Ordinária";1;295;"ELEIÇÃO GERAL FEDERAL 2018";"07/10/2018";"F";"AP";"BR";"BRASIL";6009;"PRACUÚBA";1;1;"Presidente";280000602477;45;"GERALDO JOSÉ RODRIGUES ALCKMIN FILHO";"GERALDO ALCKMIN";"#NULO#";12;"APTO";2;"DEFERIDO";-3;"#NE";-3;"#NE";-3;"#NE";"COLIGAÇÃO";45;"PSDB";"Partido da Social Democracia Brasileira";-1;"#NULO#";"#NULO#";"#NULO#";280000050070;"PARA UNIR O BRASIL";"PSDB / PTB / PP / PR / DEM / SOLIDARIEDADE / PPS / PRB / PSD";"N";86;"Válido";86;4;"NÃO ELEITO"
"13/11/2024";"10:56:11";2018;2;"Eleição Ordinária";1;295;"ELEIÇÃO GERAL FEDERAL 2018";"07/10/2018";"F";"AP";"BR";"BRASIL";6033;"CALÇOENE";1;1;"Presidente";280000602500;51;"BENEVENUTO DACIOLO FONSECA DOS SANTOS";"CABO DACIOLO";"#NULO#";12;"APTO";2;"DEFERIDO";-3;"#NE";-3;"#NE";-3;"#NE";"PARTIDO ISOLADO";51;"PATRI";"Patriota";-1;"#NULO#";"#NULO#";"#NULO#";280000050072;"PARTIDO ISOLADO";"PATRI";"N";43;"Válido";43;4;"NÃO ELEITO"
"13/11/2024";"10:56:11";2018;2;"Eleição Ordinária";1;295;"ELEIÇÃO GERAL FEDERAL 2018";"07/10/2018";"F";"AP";"BR";"BRASIL";6050;"MACAPÁ";10;1;"Presidente";280000624082;54;"JOÃO VICENTE FONTELLA GOULART";"JOÃO GOULART FILHO";"#NULO#";12;"APTO";2;"DEFERIDO";-3;"#NE";-3;"#NE";-3;"#NE";"PARTIDO ISOLADO";54;"PPL";"Partido Pátria Livre";-1;"#NULO#";"#NULO#";"#NULO#";280000050638;"PARTIDO ISOLADO";"PPL";"N";29;"Válido";29;4;"NÃO ELEITO"
"13/11/2024";"10:56:11";2018;2;"Eleição Ordinária";1;295;"ELEIÇÃO GERAL FEDERAL 2018";"07/10/2018";"F";"AP";"BR";"BRASIL";6114;"FERREIRA GOMES";12;1;"Presidente";280000624085;27;"JOSE MARIA EYMAEL";"EYMAEL";"#NULO#";12;"APTO";2;"DEFERIDO";-3;"#NE";-3;"#NE";-3;"#NE";"PARTIDO ISOLADO";27;"DC";"Democracia Cristã";-1;"#NULO#";"#NULO#";"#NULO#";280000050639;"PARTIDO ISOLADO";"DC";"N";1;"Válido";1;4;"NÃO ELEITO"
"13/11/2024";"10:56:11";2018;2;"Eleição Ordinária";1;295;"ELEIÇÃO GERAL FEDERAL 2018";"07/10/2018";"F";"AP";"BR";"BRASIL";6084;"PEDRA BRANCA DO AMAPARI";11;1;"Presidente";280000614517;17;"JAIR MESSIAS BOLSONARO";"JAIR BOLSONARO";"#NULO#";12;"APTO";2;"DEFERIDO";-3;"#NE";-3;"#NE";-3;"#NE";"COLIGAÇÃO";17;"PSL";"Partido Social Liberal";-1;"#NULO#";"#NULO#";"#NULO#";280000050386;"BRASIL ACIMA DE TUDO, DEUS ACIMA DE TODOS";"PSL / PRTB";"N";2229;"Válido";2229;6;"2º TURNO"
"13/11/2024";"10:56:11";2018;2;"Eleição Ordinária";1;295;"ELEIÇÃO GERAL FEDERAL 2018";"07/10/2018";"F";"AP";"BR";"BRASIL";6130;"LARANJAL DO JARI";7;1;"Presidente";280000601173;16;"VERA LUCIA PEREIRA DA SILVA SALGADO";"VERA";"#NULO#";12;"APTO";2;"DEFERIDO";-3;"#NE";-3;"#NE";-3;"#NE";"PARTIDO ISOLADO";16;"PSTU";"Partido Socialista dos Trabalhadores Unificado";-1;"#NULO#";"#NULO#";"#NULO#";280000050040;"PARTIDO ISOLADO";"PSTU";"N";12;"Válido";12;4;"NÃO ELEITO"
"13/11/2024";"10:56:11";2018;2;"Eleição Ordinária";1;295;"ELEIÇÃO GERAL FEDERAL 2018";"07/10/2018";"F";"AP";"BR";"BRASIL";6050;"MACAPÁ";2;1;"Presidente";280000624082;54;"JOÃO VICENTE FONTELLA GOULART";"JOÃO GOULART FILHO";"#NULO#";12;"APTO";2;"DEFERIDO";-3;"#NE";-3;"#NE";-3;"#NE";"PARTIDO ISOLADO";54;"PPL";"Partido Pátria Livre";-1;"#NULO#";"#NULO#";"#NULO#";280000050638;"PARTIDO ISOLADO";"PPL";"N";26;"Válido";26;4;"NÃO ELEITO"
"13/11/2024";"10:56:11";2018;2;"Eleição Ordinária";1;295;"ELEIÇÃO GERAL FEDERAL 2018";"07/10/2018";"F";"AP";"BR";"BRASIL";6050;"MACAPÁ";10;1;"Presidente";280000624085;27;"JOSE MARIA EYMAEL";"EYMAEL";"#NULO#";12;"APTO";2;"DEFERIDO";-3;"#NE";-3;"#NE";-3;"#NE";"PARTIDO ISOLADO";27;"DC";"Democracia Cristã";-1;"#NULO#";"#NULO#";"#NULO#";280000050639;"PARTIDO ISOLADO";"DC";"N";53;"Válido";53;4;"NÃO ELEITO"
"13/11/2024";"10:56:11";2018;2;"Eleição Ordinária";1;295;"ELEIÇÃO GERAL FEDERAL 2018";"07/10/2018";"F";"AP";"BR";"BRASIL";6130;"LARANJAL DO JARI";7;1;"Presidente";280000614517;17;"JAIR MESSIAS BOLSONARO";"JAIR BOLSONARO";"#NULO#";12;"APTO";2;"DEFERIDO";-3;"#NE";-3;"#NE";-3;"#NE";"COLIGAÇÃO";17;"PSL";"Partido Social Liberal";-1;"#NULO#";"#NULO#";"#NULO#";280000050386;"BRASIL ACIMA DE TUDO, DEUS ACIMA DE TODOS";"PSL / PRTB";"N";7520;"Válido";7520;6;"2º TURNO"
"13/11/2024";"10:56:11";2018;2;"Eleição Ordinária";1;295;"ELEIÇÃO GERAL FEDERAL 2018";"07/10/2018";"F";"AP";"BR";"BRASIL";6068;"CUTIAS";10;1;"Presidente";280000602500;51;"BENEVENUTO DACIOLO FONSECA DOS SANTOS";"CABO DACIOLO";"#NULO#";12;"APTO";2;"DEFERIDO";-3;"#NE";-3;"#NE";-3;"#NE";"PARTIDO ISOLADO";51;"PATRI";"Patriota";-1;"#NULO#";"#NULO#";"#NULO#";280000050072;"PARTIDO ISOLADO";"PATRI";"N";20;"Válido";20;4;"NÃO ELEITO"
"13/11/2024";"10:56:11";2018;2;"Eleição Ordinária";1;295;"ELEIÇÃO GERAL FEDERAL 2018";"07/10/2018";"F";"AP";"BR";"BRASIL";6050;"MACAPÁ";2;1;"Presidente";280000624085;27;"JOSE MARIA EYMAEL";"EYMAEL";"#NULO#";12;"APTO";2;"DEFERIDO";-3;"#NE";-3;"#NE";-3;"#NE";"PARTIDO ISOLADO";27;"DC";"Democracia Cristã";-1;"#NULO#";"#NULO#";"#NULO#";280000050639;"PARTIDO ISOLADO";"DC";"N";67;"Válido";67;4;"NÃO ELEITO"
"13/11/2024";"10:56:11";2018;2;"Eleição Ordinária";1;295;"ELEIÇÃO GERAL FEDERAL 2018";"07/10/2018";"F";"AP";"BR";"BRASIL";6084;"PEDRA BRANCA DO AMAPARI";11;1;"Presidente";280000601173;16;"VERA LUCIA PEREIRA DA SILVA SALGADO";"VERA";"#NULO#";12;"APTO";2;"DEFERIDO";-3;"#NE";-3;"#NE";-3;"#NE";"PARTIDO ISOLADO";16;"PSTU";"Partido Socialista dos Trabalhadores Unificado";-1;"#NULO#";"#NULO#";"#NULO#";280000050040;"PARTIDO ISOLADO";"PSTU";"N";1;"Válido";1;4;"NÃO ELEITO"
"13/11/2024";"10:56:11";2018;2;"Eleição Ordinária";2;296;"ELEIÇÃO GERAL FEDERAL 2018";"28/10/2018";"F";"AP";"BR";"BRASIL";6017;"AMAPÁ";1;1;"Presidente";280000614517;17;"JAIR MESSIAS BOLSONARO";"JAIR BOLSONARO";"#NULO#";12;"APTO";2;"DEFERIDO";-3;"#NE";-3;"#NE";-3;"#NE";"COLIGAÇÃO";17;"PSL";"Partido Social Liberal";-1;"#NULO#";"#NULO#";"#NULO#";280000050386;"BRASIL ACIMA DE TUDO, DEUS ACIMA DE TODOS";"PSL / PRTB";"N";1423;"Válido";1423;1;"ELEITO"
"13/11/2024";"10:56:11";2018;2;"Eleição Ordinária";1;295;"ELEIÇÃO GERAL FEDERAL 2018";"07/10/2018";"F";"AP";"BR";"BRASIL";6017;"AMAPÁ";1;1;"Presidente";280000602500;51;"BENEVENUTO DACIOLO FONSECA DOS SANTOS";"CABO DACIOLO";"#NULO#";12;"APTO";2;"DEFERIDO";-3;"#NE";-3;"#NE";-3;"#NE";"PARTIDO ISOLADO";51;"PATRI";"Patriota";-1;"#NULO#";"#NULO#";"#NULO#";280000050072;"PARTIDO ISOLADO";"PATRI";"N";68;"Válido";68;4;"NÃO ELEITO"
"13/11/2024";"10:56:11";2018;2;"Eleição Ordinária";1;295;"ELEIÇÃO GERAL FEDERAL 2018";"07/10/2018";"F";"AP";"BR";"BRASIL";6122;"VITÓRIA DO JARI";7;1;"Presidente";280000624085;27;"JOSE MARIA EYMAEL";"EYMAEL";"#NULO#";12;"APTO";2;"DEFERIDO";-3;"#NE";-3;"#NE";-3;"#NE";"PARTIDO ISOLADO";27;"DC";"Democracia Cristã";-1;"#NULO#";"#NULO#";"#NULO#";280000050639;"PARTIDO ISOLADO";"DC";"N";2;"Válido";2;4;"NÃO ELEITO"
"13/11/2024";"10:56:11";2018;2;"Eleição Ordinária";1;295;"ELEIÇÃO GERAL FEDERAL 2018";"07/10/2018";"F";"AP";"BR";"BRASIL";6092;"OIAPOQUE";4;1;"Presidente";280000602500;51;"BENEVENUTO DACIOLO FONSECA DOS SANTOS";"CABO DACIOLO";"#NULO#";12;"APTO";2;"DEFERIDO";-3;"#NE";-3;"#NE";-3;"#NE";"PARTIDO ISOLADO";51;"PATRI";"Patriota";-1;"#NULO#";"#NULO#";"#NULO#";280000050072;"PARTIDO ISOLADO";"PATRI";"N";161;"Válido";161;4;"NÃO ELEITO"
"13/11/2024";"10:56:11";2018;2;"Eleição Ordinária";1;295;"ELEIÇÃO GERAL FEDERAL 2018";"07/10/2018";"F";"AP";"BR";"BRASIL";6025;"PORTO GRANDE";12;1;"Presidente";280000624085;27;"JOSE MARIA EYMAEL";"EYMAEL";"#NULO#";12;"APTO";2;"DEFERIDO";-3;"#NE";-3;"#NE";-3;"#NE";"PARTIDO ISOLADO";27;"DC";"Democracia Cristã";-1;"#NULO#";"#NULO#";"#NULO#";280000050639;"PARTIDO ISOLADO";"DC";"N";2;"Válido";2;4;"NÃO ELEITO"
"13/11/2024";"10:56:11";2018;2;"Eleição Ordinária";1;295;"ELEIÇÃO GERAL FEDERAL 2018";"07/10/2018";"F";"AP";"BR";"BRASIL";6017;"AMAPÁ";1;1;"Presidente";280000614517;17;"JAIR MESSIAS BOLSONARO";"JAIR BOLSONARO";"#NULO#";12;"APTO";2;"DEFERIDO";-3;"#NE";-3;"#NE";-3;"#NE";"COLIGAÇÃO";17;"PSL";"Partido Social Liberal";-1;"#NULO#";"#NULO#";"#NULO#";280000050386;"BRASIL ACIMA DE TUDO, DEUS ACIMA DE TODOS";"PSL / PRTB";"N";1404;"Válido";1404;6;"2º TURNO"
"13/11/2024";"10:56:11";2018;2;"Eleição Ordinária";1;295;"ELEIÇÃO GERAL FEDERAL 2018";"07/10/2018";"F";"AP";"BR";"BRASIL";6041;"ITAUBAL";10;1;"Presidente";280000601173;16;"VERA LUCIA PEREIRA DA SILVA SALGADO";"VERA";"#NULO#";12;"APTO";2;"DEFERIDO";-3;"#NE";-3;"#NE";-3;"#NE";"PARTIDO ISOLADO";16;"PSTU";"Partido Socialista dos Trabalhadores Unificado";-1;"#NULO#";"#NULO#";"#NULO#";280000050040;"PARTIDO ISOLADO";"PSTU";"N";4;"Válido";4;4;"NÃO ELEITO"
"13/11/2024";"10:56:11";2018;2;"Eleição Ordinária";1;295;"ELEIÇÃO GERAL FEDERAL 2018";"07/10/2018";"F";"AP";"BR";"BRASIL";6130;"LARANJAL DO JARI";7;1;"Presidente";280000602500;51;"BENEVENUTO DACIOLO FONSECA DOS SANTOS";"CABO DACIOLO";"#NULO#";12;"APTO";2;"DEFERIDO";-3;"#NE";-3;"#NE";-3;"#NE";"PARTIDO ISOLADO";51;"PATRI";"Patriota";-1;"#NULO#";"#NULO#";"#NULO#";280000050072;"PARTIDO ISOLADO";"PATRI";"N";486;"Válido";486;4;"NÃO ELEITO"
"13/11/2024";"10:56:11";2018;2;"Eleição Ordinária";1;295;"ELEIÇÃO GERAL FEDERAL 2018";"07/10/2018";"F";"AP";"BR";"BRASIL";6084;"PEDRA BRANCA DO AMAPARI";11;1;"Presidente";280000602500;51;"BENEVENUTO DACIOLO FONSECA DOS SANTOS";"CABO DACIOLO";"#NULO#";12;"APTO";2;"DEFERIDO";-3;"#NE";-3;"#NE";-3;"#NE";"PARTIDO ISOLADO";51;"PATRI";"Patriota";-1;"#NULO#";"#NULO#";"#NULO#";280000050072;"PARTIDO ISOLADO";"PATRI";"N";80;"Válido";80;4;"NÃO ELEITO"
"13/11/2024";"10:56:11";2018;2;"Eleição Ordinária";1;295;"ELEIÇÃO GERAL FEDERAL 2018";"07/10/2018";"F";"AP";"BR";"BRASIL";6025;"PORTO GRANDE";12;1;"Presidente";280000602477;45;"GERALDO JOSÉ RODRIGUES ALCKMIN FILHO";"GERALDO ALCKMIN";"#NULO#";12;"APTO";2;"DEFERIDO";-3;"#NE";-3;"#NE";-3;"#NE";"COLIGAÇÃO";45;"PSDB";"Partido da Social Democracia Brasileira";-1;"#NULO#";"#NULO#";"#NULO#";280000050070;"PARA UNIR O BRASIL";"PSDB / PTB / PP / PR / DEM / SOLIDARIEDADE / PPS / PRB / PSD";"N";420;"Válido";420;4;"NÃO ELEITO"
"13/11/2024";"10:56:11";2018;2;"Eleição Ordinária";1;295;"ELEIÇÃO GERAL FEDERAL 2018";"07/10/2018";"F";"AP";"BR";"BRASIL";6157;"SANTANA";6;1;"Presidente";280000602500;51;"BENEVENUTO DACIOLO FONSECA DOS SANTOS";"CABO DACIOLO";"#NULO#";12;"APTO";2;"DEFERIDO";-3;"#NE";-3;"#NE";-3;"#NE";"PARTIDO ISOLADO";51;"PATRI";"Patriota";-1;"#NULO#";"#NULO#";"#NULO#";280000050072;"PARTIDO ISOLADO";"PATRI";"N";1574;"Válido";1574;4;"NÃO ELEITO"
"13/11/2024";"10:56:11";2018;2;"Eleição Ordinária";2;296;"ELEIÇÃO GERAL FEDERAL 2018";"28/10/2018";"F";"AP";"BR";"BRASIL";6130;"LARANJAL DO JARI";7;1;"Presidente";280000614517;17;"JAIR MESSIAS BOLSONARO";"JAIR BOLSONARO";"#NULO#";12;"APTO";2;"DEFERIDO";-3;"#NE";-3;"#NE";-3;"#NE";"COLIGAÇÃO";17;"PSL";"Partido Social Liberal";-1;"#NULO#";"#NULO#";"#NULO#";280000050386;"BRASIL ACIMA DE TUDO, DEUS ACIMA DE TODOS";"PSL / PRTB";"N";7703;"Válido";7703;1;"ELEITO"
"13/11/2024";"10:56:11";2018;2;"Eleição Ordinária";1;295;"ELEIÇÃO GERAL FEDERAL 2018";"07/10/2018";"F";"AP";"BR";"BRASIL";6114;"FERREIRA GOMES";12;1;"Presidente";280000602477;45;"GERALDO JOSÉ RODRIGUES ALCKMIN FILHO";"GERALDO ALCKMIN";"#NULO#";12;"APTO";2;"DEFERIDO";-3;"#NE";-3;"#NE";-3;"#NE";"COLIGAÇÃO";45;"PSDB";"Partido da Social Democracia Brasileira";-1;"#NULO#";"#NULO#";"#NULO#";280000050070;"PARA UNIR O BRASIL";"PSDB / PTB / PP / PR / DEM / SOLIDARIEDADE / PPS / PRB / PSD";"N";185;"Válido";185;4;"NÃO ELEITO"
"13/11/2024";"10:56:11";2018;2;"Eleição Ordinária";2;296;"ELEIÇÃO GERAL FEDERAL 2018";"28/10/2018";"F";"AP";"BR";"BRASIL";6084;"PEDRA BRANCA DO AMAPARI";11;1;"Presidente";280000614517;17;"JAIR MESSIAS BOLSONARO";"JAIR BOLSONARO";"#NULO#";12;"APTO";2;"DEFERIDO";-3;"#NE";-3;"#NE";-3;"#NE";"COLIGAÇÃO";17;"PSL";"Partido Social Liberal";-1;"#NULO#";"#NULO#";"#NULO#";280000050386;"BRASIL ACIMA DE TUDO, DEUS ACIMA DE TODOS";"PSL / PRTB";"N";2234;"Válido";2234;1;"ELEITO"
"13/11/2024";"10:56:11";2018;2;"Eleição Ordinária";1;295;"ELEIÇÃO GERAL FEDERAL 2018";"07/10/2018";"F";"AP";"BR";"BRASIL";6076;"MAZAGÃO";5;1;"Presidente";280000602500;51;"BENEVENUTO DACIOLO FONSECA DOS SANTOS";"CABO DACIOLO";"#NULO#";12;"APTO";2;"DEFERIDO";-3;"#NE";-3;"#NE";-3;"#NE";"PARTIDO ISOLADO";51;"PATRI";"Patriota";-1;"#NULO#";"#NULO#";"#NULO#";280000050072;"PARTIDO ISOLADO";"PATRI";"N";180;"Válido";180;4;"NÃO ELEITO"
"13/11/2024";"10:56:11";2018;2;"Eleição Ordinária";1;295;"ELEIÇÃO GERAL FEDERAL 2018";"07/10/2018";"F";"AP";"BR";"BRASIL";6106;"SERRA DO NAVIO";11;1;"Presidente";280000602500;51;"BENEVENUTO DACIOLO FONSECA DOS SANTOS";"CABO DACIOLO";"#NULO#";12;"APTO";2;"DEFERIDO";-3;"#NE";-3;"#NE";-3;"#NE";"PARTIDO ISOLADO";51;"PATRI";"Patriota";-1;"#NULO#";"#NULO#";"#NULO#";280000050072;"PARTIDO ISOLADO";"PATRI";"N";32;"Válido";32;4;"NÃO ELEITO"
"13/11/2024";"10:56:11";2018;2;"Eleição Ordinária";1;295;"ELEIÇÃO GERAL FEDERAL 2018";"07/10/2018";"F";"AP";"BR";"BRASIL";6122;"VITÓRIA DO JARI";7;1;"Presidente";280000602477;45;"GERALDO JOSÉ RODRIGUES ALCKMIN FILHO";"GERALDO ALCKMIN";"#NULO#";12;"APTO";2;"DEFERIDO";-3;"#NE";-3;"#NE";-3;"#NE";"COLIGAÇÃO";45;"PSDB";"Partido da Social Democracia Brasileira";-1;"#NULO#";"#NULO#";"#NULO#";280000050070;"PARA UNIR O BRASIL";"PSDB / PTB / PP / PR / DEM / SOLIDARIEDADE / PPS / PRB / PSD";"N";210;"Válido";210;4;"NÃO ELEITO"
"13/11/2024";"10:56:11";2018;2;"Eleição Ordinária";1;295;"ELEIÇÃO GERAL FEDERAL 2018";"07/10/2018";"F";"AP";"BR";"BRASIL";6041;"ITAUBAL";10;1;"Presidente";280000602500;51;"BENEVENUTO DACIOLO FONSECA DOS SANTOS";"CABO DACIOLO";"#NULO#";12;"APTO";2;"DEFERIDO";-3;"#NE";-3;"#NE";-3;"#NE";"PARTIDO ISOLADO";51;"PATRI";"Patriota";-1;"#NULO#";"#NULO#";"#NULO#";280000050072;"PARTIDO ISOLADO";"PATRI";"N";107;"Válido";107;4;"NÃO ELEITO"
"13/11/2024";"10:56:11";2018;2;"Eleição Ordinária";1;295;"ELEIÇÃO GERAL FEDERAL 2018";"07/10/2018";"F";"AP";"BR";"BRASIL";6009;"PRACUÚBA";1;1;"Presidente";280000602500;51;"BENEVENUTO DACIOLO FONSECA DOS SANTOS";"CABO DACIOLO";"#NULO#";12;"APTO";2;"DEFERIDO";-3;"#NE";-3;"#NE";-3;"#NE";"PARTIDO ISOLADO";51;"PATRI";"Patriota";-1;"#NULO#";"#NULO#";"#NULO#";280000050072;"PARTIDO ISOLADO";"PATRI";"N";23;"Válido";23;4;"NÃO ELEITO"
"13/11/2024";"10:56:11";2018;2;"Eleição Ordinária";1;295;"ELEIÇÃO GERAL FEDERAL 2018";"07/10/2018";"F";"AP";"BR";"BRASIL";6157;"SANTANA";6;1;"Presidente";280000601173;16;"VERA LUCIA PEREIRA DA SILVA SALGADO";"VERA";"#NULO#";12;"APTO";2;"DEFERIDO";-3;"#NE";-3;"#NE";-3;"#NE";"PARTIDO ISOLADO";16;"PSTU";"Partido Socialista dos Trabalhadores Unificado";-1;"#NULO#";"#NULO#";"#NULO#";280000050040;"PARTIDO ISOLADO";"PSTU";"N";41;"Válido";41;4;"NÃO ELEITO"
"13/11/2024";"10:56:11";2018;2;"Eleição Ordinária";1;295;"ELEIÇÃO GERAL FEDERAL 2018";"07/10/2018";"F";"AP";"BR";"BRASIL";6041;"ITAUBAL";10;1;"Presidente";280000614517;17;"JAIR MESSIAS BOLSONARO";"JAIR BOLSONARO";"#NULO#";12;"APTO";2;"DEFERIDO";-3;"#NE";-3;"#NE";-3;"#NE";"COLIGAÇÃO";17;"PSL";"Partido Social Liberal";-1;"#NULO#";"#NULO#";"#NULO#";280000050386;"BRASIL ACIMA DE TUDO, DEUS ACIMA DE TODOS";"PSL / PRTB";"N";1224;"Válido";1224;6;"2º TURNO"
"13/11/2024";"10:56:11";2018;2;"Eleição Ordinária";1;295;"ELEIÇÃO GERAL FEDERAL 2018";"07/10/2018";"F";"AP";"BR";"BRASIL";6050;"MACAPÁ";10;1;"Presidente";280000602477;45;"GERALDO JOSÉ RODRIGUES ALCKMIN FILHO";"GERALDO ALCKMIN";"#NULO#";12;"APTO";2;"DEFERIDO";-3;"#NE";-3;"#NE";-3;"#NE";"COLIGAÇÃO";45;"PSDB";"Partido da Social Democracia Brasileira";-1;"#NULO#";"#NULO#";"#NULO#";280000050070;"PARA UNIR O BRASIL";"PSDB / PTB / PP / PR / DEM / SOLIDARIEDADE / PPS / PRB / PSD";"N";5146;"Válido";5146;4;"NÃO ELEITO"
"13/11/2024";"10:56:11";2018;2;"Eleição Ordinária";1;295;"ELEIÇÃO GERAL FEDERAL 2018";"07/10/2018";"F";"AP";"BR";"BRASIL";6076;"MAZAGÃO";5;1;"Presidente";280000601173;16;"VERA LUCIA PEREIRA DA SILVA SALGADO";"VERA";"#NULO#";12;"APTO";2;"DEFERIDO";-3;"#NE";-3;"#NE";-3;"#NE";"PARTIDO ISOLADO";16;"PSTU";"Partido Socialista dos Trabalhadores Unificado";-1;"#NULO#";"#NULO#";"#NULO#";280000050040;"PARTIDO ISOLADO";"PSTU";"N";13;"Válido";13;4;"NÃO ELEITO"
"13/11/2024";"10:56:11";2018;2;"Eleição Ordinária";1;295;"ELEIÇÃO GERAL FEDERAL 2018";"07/10/2018";"F";"AP";"BR";"BRASIL";6050;"MACAPÁ";2;1;"Presidente";280000602477;45;"GERALDO JOSÉ RODRIGUES ALCKMIN FILHO";"GERALDO ALCKMIN";"#NULO#";12;"APTO";2;"DEFERIDO";-3;"#NE";-3;"#NE";-3;"#NE";"COLIGAÇÃO";45;"PSDB";"Partido da Social Democracia Brasileira";-1;"#NULO#";"#NULO#";"#NULO#";280000050070;"PARA UNIR O BRASIL";"PSDB / PTB / PP / PR / DEM / SOLIDARIEDADE / PPS / PRB / PSD";"N";6968;"Válido";6968;4;"NÃO ELEITO"
"13/11/2024";"10:56:11";2018;2;"Eleição Ordinária";1;295;"ELEIÇÃO GERAL FEDERAL 2018";"07/10/2018";"F";"AP";"BR";"BRASIL";6173;"TARTARUGALZINHO";8;1;"Presidente";280000602500;51;"BENEVENUTO DACIOLO FONSECA DOS SANTOS";"CABO DACIOLO";"#NULO#";12;"APTO";2;"DEFERIDO";-3;"#NE";-3;"#NE";-3;"#NE";"PARTIDO ISOLADO";51;"PATRI";"Patriota";-1;"#NULO#";"#NULO#";"#NULO#";280000050072;"PARTIDO ISOLADO";"PATRI";"N";64;"Válido";64;4;"NÃO ELEITO"
"13/11/2024";"10:56:11";2018;2;"Eleição Ordinária";1;295;"ELEIÇÃO GERAL FEDERAL 2018";"07/10/2018";"F";"AP";"BR";"BRASIL";6033;"CALÇOENE";1;1;"Presidente";280000624082;54;"JOÃO VICENTE FONTELLA GOULART";"JOÃO GOULART FILHO";"#NULO#";12;"APTO";2;"DEFERIDO";-3;"#NE";-3;"#NE";-3;"#NE";"PARTIDO ISOLADO";54;"PPL";"Partido Pátria Livre";-1;"#NULO#";"#NULO#";"#NULO#";280000050638;"PARTIDO ISOLADO";"PPL";"N";2;"Válido";2;4;"NÃO ELEITO"
"13/11/2024";"10:56:11";2018;2;"Eleição Ordinária";1;295;"ELEIÇÃO GERAL FEDERAL 2018";"07/10/2018";"F";"AP";"BR";"BRASIL";6068;"CUTIAS";10;1;"Presidente";280000601173;16;"VERA LUCIA PEREIRA DA SILVA SALGADO";"VERA";"#NULO#";12;"APTO";2;"DEFERIDO";-3;"#NE";-3;"#NE";-3;"#NE";"PARTIDO ISOLADO";16;"PSTU";"Partido Socialista dos Trabalhadores Unificado";-1;"#NULO#";"#NULO#";"#NULO#";280000050040;"PARTIDO ISOLADO";"PSTU";"N";2;"Válido";2;4;"NÃO ELEITO"
"13/11/2024";"10:56:11";2018;2;"Eleição Ordinária";2;296;"ELEIÇÃO GERAL FEDERAL 2018";"28/10/2018";"F";"AP";"BR";"BRASIL";6041;"ITAUBAL";10;1;"Presidente";280000614517;17;"JAIR MESSIAS BOLSONARO";"JAIR BOLSONARO";"#NULO#";12;"APTO";2;"DEFERIDO";-3;"#NE";-3;"#NE";-3;"#NE";"COLIGAÇÃO";17;"PSL";"Partido Social Liberal";-1;"#NULO#";"#NULO#";"#NULO#";280000050386;"BRASIL ACIMA DE TUDO, DEUS ACIMA DE TODOS";"PSL / PRTB";"N";1250;"Válido";1250;1;"ELEITO"
"13/11/2024";"10:56:11";2018;2;"Eleição Ordinária";1;295;"ELEIÇÃO GERAL FEDERAL 2018";"07/10/2018";"F";"AP";"BR";"BRASIL";6092;"OIAPOQUE";4;1;"Presidente";280000601173;16;"VERA LUCIA PEREIRA DA SILVA SALGADO";"VERA";"#NULO#";12;"APTO";2;"DEFERIDO";-3;"#NE";-3;"#NE";-3;"#NE";"PARTIDO ISOLADO";16;"PSTU";"Partido Socialista dos Trabalhadores Unificado";-1;"#NULO#";"#NULO#";"#NULO#";280000050040;"PARTIDO ISOLADO";"PSTU";"N";10;"Válido";10;4;"NÃO ELEITO"
"13/11/2024";"10:56:11";2018;2;"Eleição Ordinária";2;296;"ELEIÇÃO GERAL FEDERAL 2018";"28/10/2018";"F";"AP";"BR";"BRASIL";6092;"OIAPOQUE";4;1;"Presidente";280000614517;17;"JAIR MESSIAS BOLSONARO";"JAIR BOLSONARO";"#NULO#";12;"APTO";2;"DEFERIDO";-3;"#NE";-3;"#NE";-3;"#NE";"COLIGAÇÃO";17;"PSL";"Partido Social Liberal";-1;"#NULO#";"#NULO#";"#NULO#";280000050386;"BRASIL ACIMA DE TUDO, DEUS ACIMA DE TODOS";"PSL / PRTB";"N";3589;"Válido";3589;1;"ELEITO"
"13/11/2024";"10:56:11";2018;2;"Eleição Ordinária";1;295;"ELEIÇÃO GERAL FEDERAL 2018";"07/10/2018";"F";"AP";"BR";"BRASIL";6114;"FERREIRA GOMES";12;1;"Presidente";280000618462;19;"ALVARO FERNANDES DIAS";"ALVARO DIAS";"#NULO#";12;"APTO";2;"DEFERIDO";-3;"#NE";-3;"#NE";-3;"#NE";"COLIGAÇÃO";19;"PODE";"Podemos";-1;"#NULO#";"#NULO#";"#NULO#";280000050478;"MUDANÇA DE VERDADE";"PODE / PRP / PSC / PTC";"N";13;"Válido";13;4;"NÃO ELEITO"
"13/11/2024";"10:56:11";2018;2;"Eleição Ordinária";1;295;"ELEIÇÃO GERAL FEDERAL 2018";"07/10/2018";"F";"AP";"BR";"BRASIL";6025;"PORTO GRANDE";12;1;"Presidente";280000602500;51;"BENEVENUTO DACIOLO FONSECA DOS SANTOS";"CABO DACIOLO";"#NULO#";12;"APTO";2;"DEFERIDO";-3;"#NE";-3;"#NE";-3;"#NE";"PARTIDO ISOLADO";51;"PATRI";"Patriota";-1;"#NULO#";"#NULO#";"#NULO#";280000050072;"PARTIDO ISOLADO";"PATRI";"N";135;"Válido";135;4;"NÃO ELEITO"
"13/11/2024";"10:56:11";2018;2;"Eleição Ordinária";1;295;"ELEIÇÃO GERAL FEDERAL 2018";"07/10/2018";"F";"AP";"BR";"BRASIL";6157;"SANTANA";6;1;"Presidente";280000614517;17;"JAIR MESSIAS BOLSONARO";"JAIR BOLSONARO";"#NULO#";12;"APTO";2;"DEFERIDO";-3;"#NE";-3;"#NE";-3;"#NE";"COLIGAÇÃO";17;"PSL";"Partido Social Liberal";-1;"#NULO#";"#NULO#";"#NULO#";280000050386;"BRASIL ACIMA DE TUDO, DEUS ACIMA DE TODOS";"PSL / PRTB";"N";28181;"Válido";28181;6;"2º TURNO"
"13/11/2024";"10:56:11";2018;2;"Eleição Ordinária";1;295;"ELEIÇÃO GERAL FEDERAL 2018";"07/10/2018";"F";"AP";"BR";"BRASIL";6068;"CUTIAS";10;1;"Presidente";280000614517;17;"JAIR MESSIAS BOLSONARO";"JAIR BOLSONARO";"#NULO#";12;"APTO";2;"DEFERIDO";-3;"#NE";-3;"#NE";-3;"#NE";"COLIGAÇÃO";17;"PSL";"Partido Social Liberal";-1;"#NULO#";"#NULO#";"#NULO#";280000050386;"BRASIL ACIMA DE TUDO, DEUS ACIMA DE TODOS";"PSL / PRTB";"N";953;"Válido";953;6;"2º TURNO"
"13/11/2024";"10:56:11";2018;2;"Eleição Ordinária";1;295;"ELEIÇÃO GERAL FEDERAL 2018";"07/10/2018";"F";"AP";"BR";"BRASIL";6076;"MAZAGÃO";5;1;"Presidente";280000614517;17;"JAIR MESSIAS BOLSONARO";"JAIR BOLSONARO";"#NULO#";12;"APTO";2;"DEFERIDO";-3;"#NE";-3;"#NE";-3;"#NE";"COLIGAÇÃO";17;"PSL";"Partido Social Liberal";-1;"#NULO#";"#NULO#";"#NULO#";280000050386;"BRASIL ACIMA DE TUDO, DEUS ACIMA DE TODOS";"PSL / PRTB";"N";3141;"Válido";3141;6;"2º TURNO"
"13/11/2024";"10:56:11";2018;2;"Eleição Ordinária";2;296;"ELEIÇÃO GERAL FEDERAL 2018";"28/10/2018";"F";"AP";"BR";"BRASIL";6157;"SANTANA";6;1;"Presidente";280000614517;17;"JAIR MESSIAS BOLSONARO";"JAIR BOLSONARO";"#NULO#";12;"APTO";2;"DEFERIDO";-3;"#NE";-3;"#NE";-3;"#NE";"COLIGAÇÃO";17;"PSL";"Partido Social Liberal";-1;"#NULO#";"#NULO#";"#NULO#";280000050386;"BRASIL ACIMA DE TUDO, DEUS ACIMA DE TODOS";"PSL / PRTB";"N";31383;"Válido";31383;1;"ELEITO"
"13/11/2024";"10:56:11";2018;2;"Eleição Ordinária";1;295;"ELEIÇÃO GERAL FEDERAL 2018";"07/10/2018";"F";"AP";"BR";"BRASIL";6173;"TARTARUGALZINHO";8;1;"Presidente";280000601173;16;"VERA LUCIA PEREIRA DA SILVA SALGADO";"VERA";"#NULO#";12;"APTO";2;"DEFERIDO";-3;"#NE";-3;"#NE";-3;"#NE";"PARTIDO ISOLADO";16;"PSTU";"Partido Socialista dos Trabalhadores Unificado";-1;"#NULO#";"#NULO#";"#NULO#";280000050040;"PARTIDO ISOLADO";"PSTU";"N";5;"Válido";5;4;"NÃO ELEITO"
"13/11/2024";"10:56:11";2018;2;"Eleição Ordinária";1;295;"ELEIÇÃO GERAL FEDERAL 2018";"07/10/2018";"F";"AP";"BR";"BRASIL";6092;"OIAPOQUE";4;1;"Presidente";280000614517;17;"JAIR MESSIAS BOLSONARO";"JAIR BOLSONARO";"#NULO#";12;"APTO";2;"DEFERIDO";-3;"#NE";-3;"#NE";-3;"#NE";"COLIGAÇÃO";17;"PSL";"Partido Social Liberal";-1;"#NULO#";"#NULO#";"#NULO#";280000050386;"BRASIL ACIMA DE TUDO, DEUS ACIMA DE TODOS";"PSL / PRTB";"N";3620;"Válido";3620;6;"2º TURNO"
"13/11/2024";"10:56:11";2018;2;"Eleição Ordinária";1;295;"ELEIÇÃO GERAL FEDERAL 2018";"07/10/2018";"F";"AP";"BR";"BRASIL";6084;"PEDRA BRANCA DO AMAPARI";11;1;"Presidente";280000624082;54;"JOÃO VICENTE FONTELLA GOULART";"JOÃO GOULART FILHO";"#NULO#";12;"APTO";2;"DEFERIDO";-3;"#NE";-3;"#NE";-3;"#NE";"PARTIDO ISOLADO";54;"PPL";"Partido Pátria Livre";-1;"#NULO#";"#NULO#";"#NULO#";280000050638;"PARTIDO ISOLADO";"PPL";"N";1;"Válido";1;4;"NÃO ELEITO"
"13/11/2024";"10:56:11";2018;2;"Eleição Ordinária";1;295;"ELEIÇÃO GERAL FEDERAL 2018";"07/10/2018";"F";"AP";"BR";"BRASIL";6050;"MACAPÁ";2;1;"Presidente";280000602500;51;"BENEVENUTO DACIOLO FONSECA DOS SANTOS";"CABO DACIOLO";"#NULO#";12;"APTO";2;"DEFERIDO";-3;"#NE";-3;"#NE";-3;"#NE";"PARTIDO ISOLADO";51;"PATRI";"Patriota";-1;"#NULO#";"#NULO#";"#NULO#";280000050072;"PARTIDO ISOLADO";"PATRI";"N";2923;"Válido";2923;4;"NÃO ELEITO"
"13/11/2024";"10:56:11";2018;2;"Eleição Ordinária";1;295;"ELEIÇÃO GERAL FEDERAL 2018";"07/10/2018";"F";"AP";"BR";"BRASIL";6009;"PRACUÚBA";1;1;"Presidente";280000601173;16;"VERA LUCIA PEREIRA DA SILVA SALGADO";"VERA";"#NULO#";12;"APTO";2;"DEFERIDO";-3;"#NE";-3;"#NE";-3;"#NE";"PARTIDO ISOLADO";16;"PSTU";"Partido Socialista dos Trabalhadores Unificado";-1;"#NULO#";"#NULO#";"#NULO#";280000050040;"PARTIDO ISOLADO";"PSTU";"N";1;"Válido";1;4;"NÃO ELEITO"
"13/11/2024";"10:56:11";2018;2;"Eleição Ordinária";1;295;"ELEIÇÃO GERAL FEDERAL 2018";"07/10/2018";"F";"AP";"BR";"BRASIL";6130;"LARANJAL DO JARI";7;1;"Presidente";280000624082;54;"JOÃO VICENTE FONTELLA GOULART";"JOÃO GOULART FILHO";"#NULO#";12;"APTO";2;"DEFERIDO";-3;"#NE";-3;"#NE";-3;"#NE";"PARTIDO ISOLADO";54;"PPL";"Partido Pátria Livre";-1;"#NULO#";"#NULO#";"#NULO#";280000050638;"PARTIDO ISOLADO";"PPL";"N";1;"Válido";1;4;"NÃO ELEITO"
"13/11/2024";"10:56:11";2018;2;"Eleição Ordinária";1;295;"ELEIÇÃO GERAL FEDERAL 2018";"07/10/2018";"F";"AP";"BR";"BRASIL";6122;"VITÓRIA DO JARI";7;1;"Presidente";280000602500;51;"BENEVENUTO DACIOLO FONSECA DOS SANTOS";"CABO DACIOLO";"#NULO#";12;"APTO";2;"DEFERIDO";-3;"#NE";-3;"#NE";-3;"#NE";"PARTIDO ISOLADO";51;"PATRI";"Patriota";-1;"#NULO#";"#NULO#";"#NULO#";280000050072;"PARTIDO ISOLADO";"PATRI";"N";364;"Válido";364;4;"NÃO ELEITO"
"13/11/2024";"10:56:11";2018;2;"Eleição Ordinária";1;295;"ELEIÇÃO GERAL FEDERAL 2018";"07/10/2018";"F";"AP";"BR";"BRASIL";6050;"MACAPÁ";10;1;"Presidente";280000602500;51;"BENEVENUTO DACIOLO FONSECA DOS SANTOS";"CABO DACIOLO";"#NULO#";12;"APTO";2;"DEFERIDO";-3;"#NE";-3;"#NE";-3;"#NE";"PARTIDO ISOLADO";51;"PATRI";"Patriota";-1;"#NULO#";"#NULO#";"#NULO#";280000050072;"PARTIDO ISOLADO";"PATRI";"N";2467;"Válido";2467;4;"NÃO ELEITO"
"13/11/2024";"10:56:11";2018;2;"Eleição Ordinária";2;296;"ELEIÇÃO GERAL FEDERAL 2018";"28/10/2018";"F";"AP";"BR";"BRASIL";6076;"MAZAGÃO";5;1;"Presidente";280000614517;17;"JAIR MESSIAS BOLSONARO";"JAIR BOLSONARO";"#NULO#";12;"APTO";2;"DEFERIDO";-3;"#NE";-3;"#NE";-3;"#NE";"COLIGAÇÃO";17;"PSL";"Partido Social Liberal";-1;"#NULO#";"#NULO#";"#NULO#";280000050386;"BRASIL ACIMA DE TUDO, DEUS ACIMA DE TODOS";"PSL / PRTB";"N";3361;"Válido";3361;1;"ELEITO"
"13/11/2024";"10:56:11";2018;2;"Eleição Ordinária";2;296;"ELEIÇÃO GERAL FEDERAL 2018";"28/10/2018";"F";"AP";"BR";"BRASIL";6068;"CUTIAS";10;1;"Presidente";280000614517;17;"JAIR MESSIAS BOLSONARO";"JAIR BOLSONARO";"#NULO#";12;"APTO";2;"DEFERIDO";-3;"#NE";-3;"#NE";-3;"#NE";"COLIGAÇÃO";17;"PSL";"Partido Social Liberal";-1;"#NULO#";"#NULO#";"#NULO#";280000050386;"BRASIL ACIMA DE TUDO, DEUS ACIMA DE TODOS";"PSL / PRTB";"N";800;"Válido";800;1;"ELEITO"
"13/11/2024";"10:56:11";2018;2;"Eleição Ordinária";1;295;"ELEIÇÃO GERAL FEDERAL 2018";"07/10/2018";"F";"AP";"BR";"BRASIL";6050;"MACAPÁ";2;1;"Presidente";280000601173;16;"VERA LUCIA PEREIRA DA SILVA SALGADO";"VERA";"#NULO#";12;"APTO";2;"DEFERIDO";-3;"#NE";-3;"#NE";-3;"#NE";"PARTIDO ISOLADO";16;"PSTU";"Partido Socialista dos Trabalhadores Unificado";-1;"#NULO#";"#NULO#";"#NULO#";280000050040;"PARTIDO ISOLADO";"PSTU";"N";205;"Válido";205;4;"NÃO ELEITO"
"13/11/2024";"10:56:11";2018;2;"Eleição Ordinária";1;295;"ELEIÇÃO GERAL FEDERAL 2018";"07/10/2018";"F";"AP";"BR";"BRASIL";6050;"MACAPÁ";10;1;"Presidente";280000601173;16;"VERA LUCIA PEREIRA DA SILVA SALGADO";"VERA";"#NULO#";12;"APTO";2;"DEFERIDO";-3;"#NE";-3;"#NE";-3;"#NE";"PARTIDO ISOLADO";16;"PSTU";"Partido Socialista dos Trabalhadores Unificado";-1;"#NULO#";"#NULO#";"#NULO#";280000050040;"PARTIDO ISOLADO";"PSTU";"N";244;"Válido";244;4;"NÃO ELEITO"
"13/11/2024";"10:56:11";2018;2;"Eleição Ordinária";2;296;"ELEIÇÃO GERAL FEDERAL 2018";"28/10/2018";"F";"AP";"BR";"BRASIL";6106;"SERRA DO NAVIO";11;1;"Presidente";280000614517;17;"JAIR MESSIAS BOLSONARO";"JAIR BOLSONARO";"#NULO#";12;"APTO";2;"DEFERIDO";-3;"#NE";-3;"#NE";-3;"#NE";"COLIGAÇÃO";17;"PSL";"Partido Social Liberal";-1;"#NULO#";"#NULO#";"#NULO#";280000050386;"BRASIL ACIMA DE TUDO, DEUS ACIMA DE TODOS";"PSL / PRTB";"N";1196;"Válido";1196;1;"ELEITO"
"13/11/2024";"10:56:11";2018;2;"Eleição Ordinária";1;295;"ELEIÇÃO GERAL FEDERAL 2018";"07/10/2018";"F";"AP";"BR";"BRASIL";6173;"TARTARUGALZINHO";8;1;"Presidente";280000614517;17;"JAIR MESSIAS BOLSONARO";"JAIR BOLSONARO";"#NULO#";12;"APTO";2;"DEFERIDO";-3;"#NE";-3;"#NE";-3;"#NE";"COLIGAÇÃO";17;"PSL";"Partido Social Liberal";-1;"#NULO#";"#NULO#";"#NULO#";280000050386;"BRASIL ACIMA DE TUDO, DEUS ACIMA DE TODOS";"PSL / PRTB";"N";2196;"Válido";2196;6;"2º TURNO"
"13/11/2024";"10:56:11";2018;2;"Eleição Ordinária";1;295;"ELEIÇÃO GERAL FEDERAL 2018";"07/10/2018";"F";"AP";"BR";"BRASIL";6025;"PORTO GRANDE";12;1;"Presidente";280000601173;16;"VERA LUCIA PEREIRA DA SILVA SALGADO";"VERA";"#NULO#";12;"APTO";2;"DEFERIDO";-3;"#NE";-3;"#NE";-3;"#NE";"PARTIDO ISOLADO";16;"PSTU";"Partido Socialista dos Trabalhadores Unificado";-1;"#NULO#";"#NULO#";"#NULO#";280000050040;"PARTIDO ISOLADO";"PSTU";"N";7;"Válido";7;4;"NÃO ELEITO"
"13/11/2024";"10:56:11";2018;2;"Eleição Ordinária";1;295;"ELEIÇÃO GERAL FEDERAL 2018";"07/10/2018";"F";"AP";"BR";"BRASIL";6122;"VITÓRIA DO JARI";7;1;"Presidente";280000601173;16;"VERA LUCIA PEREIRA DA SILVA SALGADO";"VERA";"#NULO#";12;"APTO";2;"DEFERIDO";-3;"#NE";-3;"#NE";-3;"#NE";"PARTIDO ISOLADO";16;"PSTU";"Partido Socialista dos Trabalhadores Unificado";-1;"#NULO#";"#NULO#";"#NULO#";280000050040;"PARTIDO ISOLADO";"PSTU";"N";4;"Válido";4;4;"NÃO ELEITO"
"13/11/2024";"10:56:11";2018;2;"Eleição Ordinária";1;295;"ELEIÇÃO GERAL FEDERAL 2018";"07/10/2018";"F";"AP";"BR";"BRASIL";6106;"SERRA DO NAVIO";11;1;"Presidente";280000614517;17;"JAIR MESSIAS BOLSONARO";"JAIR BOLSONARO";"#NULO#";12;"APTO";2;"DEFERIDO";-3;"#NE";-3;"#NE";-3;"#NE";"COLIGAÇÃO";17;"PSL";"Partido Social Liberal";-1;"#NULO#";"#NULO#";"#NULO#";280000050386;"BRASIL ACIMA DE TUDO, DEUS ACIMA DE TODOS";"PSL / PRTB";"N";1153;"Válido";1153;6;"2º TURNO"
"13/11/2024";"10:56:11";2018;2;"Eleição Ordinária";1;295;"ELEIÇÃO GERAL FEDERAL 2018";"07/10/2018";"F";"AP";"BR";"BRASIL";6009;"PRACUÚBA";1;1;"Presidente";280000614517;17;"JAIR MESSIAS BOLSONARO";"JAIR BOLSONARO";"#NULO#";12;"APTO";2;"DEFERIDO";-3;"#NE";-3;"#NE";-3;"#NE";"COLIGAÇÃO";17;"PSL";"Partido Social Liberal";-1;"#NULO#";"#NULO#";"#NULO#";280000050386;"BRASIL ACIMA DE TUDO, DEUS ACIMA DE TODOS";"PSL / PRTB";"N";858;"Válido";858;6;"2º TURNO"
"13/11/2024";"10:56:11";2018;2;"Eleição Ordinária";2;296;"ELEIÇÃO GERAL FEDERAL 2018";"28/10/2018";"F";"AP";"BR";"BRASIL";6173;"TARTARUGALZINHO";8;1;"Presidente";280000614517;17;"JAIR MESSIAS BOLSONARO";"JAIR BOLSONARO";"#NULO#";12;"APTO";2;"DEFERIDO";-3;"#NE";-3;"#NE";-3;"#NE";"COLIGAÇÃO";17;"PSL";"Partido Social Liberal";-1;"#NULO#";"#NULO#";"#NULO#";280000050386;"BRASIL ACIMA DE TUDO, DEUS ACIMA DE TODOS";"PSL / PRTB";"N";2092;"Válido";2092;1;"ELEITO"
"13/11/2024";"10:56:11";2018;2;"Eleição Ordinária";2;296;"ELEIÇÃO GERAL FEDERAL 2018";"28/10/2018";"F";"AP";"BR";"BRASIL";6009;"PRACUÚBA";1;1;"Presidente";280000614517;17;"JAIR MESSIAS BOLSONARO";"JAIR BOLSONARO";"#NULO#";12;"APTO";2;"DEFERIDO";-3;"#NE";-3;"#NE";-3;"#NE";"COLIGAÇÃO";17;"PSL";"Partido Social Liberal";-1;"#NULO#";"#NULO#";"#NULO#";280000050386;"BRASIL ACIMA DE TUDO, DEUS ACIMA DE TODOS";"PSL / PRTB";"N";747;"Válido";747;1;"ELEITO"
"13/11/2024";"10:56:11";2018;2;"Eleição Ordinária";1;295;"ELEIÇÃO GERAL FEDERAL 2018";"07/10/2018";"F";"AP";"BR";"BRASIL";6114;"FERREIRA GOMES";12;1;"Presidente";280000602500;51;"BENEVENUTO DACIOLO FONSECA DOS SANTOS";"CABO DACIOLO";"#NULO#";12;"APTO";2;"DEFERIDO";-3;"#NE";-3;"#NE";-3;"#NE";"PARTIDO ISOLADO";51;"PATRI";"Patriota";-1;"#NULO#";"#NULO#";"#NULO#";280000050072;"PARTIDO ISOLADO";"PATRI";"N";155;"Válido";155;4;"NÃO ELEITO"
"13/11/2024";"10:56:11";2018;2;"Eleição Ordinária";1;295;"ELEIÇÃO GERAL FEDERAL 2018";"07/10/2018";"F";"AP";"BR";"BRASIL";6122;"VITÓRIA DO JARI";7;1;"Presidente";280000614517;17;"JAIR MESSIAS BOLSONARO";"JAIR BOLSONARO";"#NULO#";12;"APTO";2;"DEFERIDO";-3;"#NE";-3;"#NE";-3;"#NE";"COLIGAÇÃO";17;"PSL";"Partido Social Liberal";-1;"#NULO#";"#NULO#";"#NULO#";280000050386;"BRASIL ACIMA DE TUDO, DEUS ACIMA DE TODOS";"PSL / PRTB";"N";1528;"Válido";1528;6;"2º TURNO"
"13/11/2024";"10:56:11";2018;2;"Eleição Ordinária";2;296;"ELEIÇÃO GERAL FEDERAL 2018";"28/10/2018";"F";"AP";"BR";"BRASIL";6050;"MACAPÁ";2;1;"Presidente";280000614517;17;"JAIR MESSIAS BOLSONARO";"JAIR BOLSONARO";"#NULO#";12;"APTO";2;"DEFERIDO";-3;"#NE";-3;"#NE";-3;"#NE";"COLIGAÇÃO";17;"PSL";"Partido Social Liberal";-1;"#NULO#";"#NULO#";"#NULO#";280000050386;"BRASIL ACIMA DE TUDO, DEUS ACIMA DE TODOS";"PSL / PRTB";"N";70796;"Válido";70796;1;"ELEITO"
"13/11/2024";"10:56:11";2018;2;"Eleição Ordinária";1;295;"ELEIÇÃO GERAL FEDERAL 2018";"07/10/2018";"F";"AP";"BR";"BRASIL";6050;"MACAPÁ";2;1;"Presidente";280000614517;17;"JAIR MESSIAS BOLSONARO";"JAIR BOLSONARO";"#NULO#";12;"APTO";2;"DEFERIDO";-3;"#NE";-3;"#NE";-3;"#NE";"COLIGAÇÃO";17;"PSL";"Partido Social Liberal";-1;"#NULO#";"#NULO#";"#NULO#";280000050386;"BRASIL ACIMA DE TUDO, DEUS ACIMA DE TODOS";"PSL / PRTB";"N";62015;"Válido";62015;6;"2º TURNO"
"13/11/2024";"10:56:11";2018;2;"Eleição Ordinária";1;295;"ELEIÇÃO GERAL FEDERAL 2018";"07/10/2018";"F";"AP";"BR";"BRASIL";6025;"PORTO GRANDE";12;1;"Presidente";280000614517;17;"JAIR MESSIAS BOLSONARO";"JAIR BOLSONARO";"#NULO#";12;"APTO";2;"DEFERIDO";-3;"#NE";-3;"#NE";-3;"#NE";"COLIGAÇÃO";17;"PSL";"Partido Social Liberal";-1;"#NULO#";"#NULO#";"#NULO#";280000050386;"BRASIL ACIMA DE TUDO, DEUS ACIMA DE TODOS";"PSL / PRTB";"N";3489;"Válido";3489;6;"2º TURNO"
"13/11/2024";"10:56:11";2018;2;"Eleição Ordinária";2;296;"ELEIÇÃO GERAL FEDERAL 2018";"28/10/2018";"F";"AP";"BR";"BRASIL";6025;"PORTO GRANDE";12;1;"Presidente";280000614517;17;"JAIR MESSIAS BOLSONARO";"JAIR BOLSONARO";"#NULO#";12;"APTO";2;"DEFERIDO";-3;"#NE";-3;"#NE";-3;"#NE";"COLIGAÇÃO";17;"PSL";"Partido Social Liberal";-1;"#NULO#";"#NULO#";"#NULO#";280000050386;"BRASIL ACIMA DE TUDO, DEUS ACIMA DE TODOS";"PSL / PRTB";"N";3681;"Válido";3681;1;"ELEITO"
"13/11/2024";"10:56:11";2018;2;"Eleição Ordinária";1;295;"ELEIÇÃO GERAL FEDERAL 2018";"07/10/2018";"F";"AP";"BR";"BRASIL";6050;"MACAPÁ";10;1;"Presidente";280000614517;17;"JAIR MESSIAS BOLSONARO";"JAIR BOLSONARO";"#NULO#";12;"APTO";2;"DEFERIDO";-3;"#NE";-3;"#NE";-3;"#NE";"COLIGAÇÃO";17;"PSL";"Partido Social Liberal";-1;"#NULO#";"#NULO#";"#NULO#";280000050386;"BRASIL ACIMA DE TUDO, DEUS ACIMA DE TODOS";"PSL / PRTB";"N";44002;"Válido";44002;6;"2º TURNO"
"13/11/2024";"10:56:11";2018;2;"Eleição Ordinária";2;296;"ELEIÇÃO GERAL FEDERAL 2018";"28/10/2018";"F";"AP";"BR";"BRASIL";6050;"MACAPÁ";10;1;"Presidente";280000614517;17;"JAIR MESSIAS BOLSONARO";"JAIR BOLSONARO";"#NULO#";12;"APTO";2;"DEFERIDO";-3;"#NE";-3;"#NE";-3;"#NE";"COLIGAÇÃO";17;"PSL";"Partido Social Liberal";-1;"#NULO#";"#NULO#";"#NULO#";280000050386;"BRASIL ACIMA DE TUDO, DEUS ACIMA DE TODOS";"PSL / PRTB";"N";49807;"Válido";49807;1;"ELEITO"
"13/11/2024";"10:56:11";2018;2;"Eleição Ordinária";1;295;"ELEIÇÃO GERAL FEDERAL 2018";"07/10/2018";"F";"AP";"BR";"BRASIL";6114;"FERREIRA GOMES";12;1;"Presidente";280000601173;16;"VERA LUCIA PEREIRA DA SILVA SALGADO";"VERA";"#NULO#";12;"APTO";2;"DEFERIDO";-3;"#NE";-3;"#NE";-3;"#NE";"PARTIDO ISOLADO";16;"PSTU";"Partido Socialista dos Trabalhadores Unificado";-1;"#NULO#";"#NULO#";"#NULO#";280000050040;"PARTIDO ISOLADO";"PSTU";"N";8;"Válido";8;4;"NÃO ELEITO"
"13/11/2024";"10:56:11";2018;2;"Eleição Ordinária";2;296;"ELEIÇÃO GERAL FEDERAL 2018";"28/10/2018";"F";"AP";"BR";"BRASIL";6122;"VITÓRIA DO JARI";7;1;"Presidente";280000614517;17;"JAIR MESSIAS BOLSONARO";"JAIR BOLSONARO";"#NULO#";12;"APTO";2;"DEFERIDO";-3;"#NE";-3;"#NE";-3;"#NE";"COLIGAÇÃO";17;"PSL";"Partido Social Liberal";-1;"#NULO#";"#NULO#";"#NULO#";280000050386;"BRASIL ACIMA DE TUDO, DEUS ACIMA DE TODOS";"PSL / PRTB";"N";1704;"Válido";1704;1;"ELEITO"
"13/11/2024";"10:56:11";2018;2;"Eleição Ordinária";2;296;"ELEIÇÃO GERAL FEDERAL 2018";"28/10/2018";"F";"AP";"BR";"BRASIL";6114;"FERREIRA GOMES";12;1;"Presidente";280000614517;17;"JAIR MESSIAS BOLSONARO";"JAIR BOLSONARO";"#NULO#";12;"APTO";2;"DEFERIDO";-3;"#NE";-3;"#NE";-3;"#NE";"COLIGAÇÃO";17;"PSL";"Partido Social Liberal";-1;"#NULO#";"#NULO#";"#NULO#";280000050386;"BRASIL ACIMA DE TUDO, DEUS ACIMA DE TODOS";"PSL / PRTB";"N";1659;"Válido";1659;1;"ELEITO"
"13/11/2024";"10:56:11";2018;2;"Eleição Ordinária";1;295;"ELEIÇÃO GERAL FEDERAL 2018";"07/10/2018";"F";"AP";"BR";"BRASIL";6114;"FERREIRA GOMES";12;1;"Presidente";280000614517;17;"JAIR MESSIAS BOLSONARO";"JAIR BOLSONARO";"#NULO#";12;"APTO";2;"DEFERIDO";-3;"#NE";-3;"#NE";-3;"#NE";"COLIGAÇÃO";17;"PSL";"Partido Social Liberal";-1;"#NULO#";"#NULO#";"#NULO#";280000050386;"BRASIL ACIMA DE TUDO, DEUS ACIMA DE TODOS";"PSL / PRTB";"N";1778;"Válido";1778;6;"2º TURNO"
"13/11/2024";"10:56:11";2018;2;"Eleição Ordinária";1;295;"ELEIÇÃO GERAL FEDERAL 2018";"07/10/2018";"F";"AP";"BR";"BRASIL";6033;"CALÇOENE";1;1;"Presidente";280000629808;13;"FERNANDO HADDAD";"FERNANDO HADDAD";"#NULO#";12;"APTO";2;"DEFERIDO";-3;"#NE";-3;"#NE";-3;"#NE";"COLIGAÇÃO";13;"PT";"Partido dos Trabalhadores";-1;"#NULO#";"#NULO#";"#NULO#";280000050703;"O POVO FELIZ DE NOVO";"PT / PC do B / PROS";"N";2841;"Válido";2841;6;"2º TURNO"
"13/11/2024";"10:56:11";2018;2;"Eleição Ordinária";1;295;"ELEIÇÃO GERAL FEDERAL 2018";"07/10/2018";"F";"AP";"BR";"BRASIL";6017;"AMAPÁ";1;1;"Presidente";280000629808;13;"FERNANDO HADDAD";"FERNANDO HADDAD";"#NULO#";12;"APTO";2;"DEFERIDO";-3;"#NE";-3;"#NE";-3;"#NE";"COLIGAÇÃO";13;"PT";"Partido dos Trabalhadores";-1;"#NULO#";"#NULO#";"#NULO#";280000050703;"O POVO FELIZ DE NOVO";"PT / PC do B / PROS";"N";2519;"Válido";2519;6;"2º TURNO"
"13/11/2024";"10:56:11";2018;2;"Eleição Ordinária";1;295;"ELEIÇÃO GERAL FEDERAL 2018";"07/10/2018";"F";"AP";"BR";"BRASIL";6130;"LARANJAL DO JARI";7;1;"Presidente";280000629808;13;"FERNANDO HADDAD";"FERNANDO HADDAD";"#NULO#";12;"APTO";2;"DEFERIDO";-3;"#NE";-3;"#NE";-3;"#NE";"COLIGAÇÃO";13;"PT";"Partido dos Trabalhadores";-1;"#NULO#";"#NULO#";"#NULO#";280000050703;"O POVO FELIZ DE NOVO";"PT / PC do B / PROS";"N";10329;"Válido";10329;6;"2º TURNO"
"13/11/2024";"10:56:11";2018;2;"Eleição Ordinária";1;295;"ELEIÇÃO GERAL FEDERAL 2018";"07/10/2018";"F";"AP";"BR";"BRASIL";6084;"PEDRA BRANCA DO AMAPARI";11;1;"Presidente";280000629808;13;"FERNANDO HADDAD";"FERNANDO HADDAD";"#NULO#";12;"APTO";2;"DEFERIDO";-3;"#NE";-3;"#NE";-3;"#NE";"COLIGAÇÃO";13;"PT";"Partido dos Trabalhadores";-1;"#NULO#";"#NULO#";"#NULO#";280000050703;"O POVO FELIZ DE NOVO";"PT / PC do B / PROS";"N";3323;"Válido";3323;6;"2º TURNO"
"13/11/2024";"10:56:11";2018;2;"Eleição Ordinária";1;295;"ELEIÇÃO GERAL FEDERAL 2018";"07/10/2018";"F";"AP";"BR";"BRASIL";6041;"ITAUBAL";10;1;"Presidente";280000629808;13;"FERNANDO HADDAD";"FERNANDO HADDAD";"#NULO#";12;"APTO";2;"DEFERIDO";-3;"#NE";-3;"#NE";-3;"#NE";"COLIGAÇÃO";13;"PT";"Partido dos Trabalhadores";-1;"#NULO#";"#NULO#";"#NULO#";280000050703;"O POVO FELIZ DE NOVO";"PT / PC do B / PROS";"N";2469;"Válido";2469;6;"2º TURNO"
"13/11/2024";"10:56:11";2018;2;"Eleição Ordinária";1;295;"ELEIÇÃO GERAL FEDERAL 2018";"07/10/2018";"F";"AP";"BR";"BRASIL";6076;"MAZAGÃO";5;1;"Presidente";280000629808;13;"FERNANDO HADDAD";"FERNANDO HADDAD";"#NULO#";12;"APTO";2;"DEFERIDO";-3;"#NE";-3;"#NE";-3;"#NE";"COLIGAÇÃO";13;"PT";"Partido dos Trabalhadores";-1;"#NULO#";"#NULO#";"#NULO#";280000050703;"O POVO FELIZ DE NOVO";"PT / PC do B / PROS";"N";7568;"Válido";7568;6;"2º TURNO"
"13/11/2024";"10:56:11";2018;2;"Eleição Ordinária";1;295;"ELEIÇÃO GERAL FEDERAL 2018";"07/10/2018";"F";"AP";"BR";"BRASIL";6157;"SANTANA";6;1;"Presidente";280000629808;13;"FERNANDO HADDAD";"FERNANDO HADDAD";"#NULO#";12;"APTO";2;"DEFERIDO";-3;"#NE";-3;"#NE";-3;"#NE";"COLIGAÇÃO";13;"PT";"Partido dos Trabalhadores";-1;"#NULO#";"#NULO#";"#NULO#";280000050703;"O POVO FELIZ DE NOVO";"PT / PC do B / PROS";"N";19705;"Válido";19705;6;"2º TURNO"
"13/11/2024";"10:56:11";2018;2;"Eleição Ordinária";1;295;"ELEIÇÃO GERAL FEDERAL 2018";"07/10/2018";"F";"AP";"BR";"BRASIL";6092;"OIAPOQUE";4;1;"Presidente";280000629808;13;"FERNANDO HADDAD";"FERNANDO HADDAD";"#NULO#";12;"APTO";2;"DEFERIDO";-3;"#NE";-3;"#NE";-3;"#NE";"COLIGAÇÃO";13;"PT";"Partido dos Trabalhadores";-1;"#NULO#";"#NULO#";"#NULO#";280000050703;"O POVO FELIZ DE NOVO";"PT / PC do B / PROS";"N";7070;"Válido";7070;6;"2º TURNO"
"13/11/2024";"10:56:11";2018;2;"Eleição Ordinária";1;295;"ELEIÇÃO GERAL FEDERAL 2018";"07/10/2018";"F";"AP";"BR";"BRASIL";6068;"CUTIAS";10;1;"Presidente";280000629808;13;"FERNANDO HADDAD";"FERNANDO HADDAD";"#NULO#";12;"APTO";2;"DEFERIDO";-3;"#NE";-3;"#NE";-3;"#NE";"COLIGAÇÃO";13;"PT";"Partido dos Trabalhadores";-1;"#NULO#";"#NULO#";"#NULO#";280000050703;"O POVO FELIZ DE NOVO";"PT / PC do B / PROS";"N";1944;"Válido";1944;6;"2º TURNO"
"13/11/2024";"10:56:11";2018;2;"Eleição Ordinária";1;295;"ELEIÇÃO GERAL FEDERAL 2018";"07/10/2018";"F";"AP";"BR";"BRASIL";6173;"TARTARUGALZINHO";8;1;"Presidente";280000629808;13;"FERNANDO HADDAD";"FERNANDO HADDAD";"#NULO#";12;"APTO";2;"DEFERIDO";-3;"#NE";-3;"#NE";-3;"#NE";"COLIGAÇÃO";13;"PT";"Partido dos Trabalhadores";-1;"#NULO#";"#NULO#";"#NULO#";280000050703;"O POVO FELIZ DE NOVO";"PT / PC do B / PROS";"N";3707;"Válido";3707;6;"2º TURNO"
"13/11/2024";"10:56:11";2018;2;"Eleição Ordinária";1;295;"ELEIÇÃO GERAL FEDERAL 2018";"07/10/2018";"F";"AP";"BR";"BRASIL";6106;"SERRA DO NAVIO";11;1;"Presidente";280000629808;13;"FERNANDO HADDAD";"FERNANDO HADDAD";"#NULO#";12;"APTO";2;"DEFERIDO";-3;"#NE";-3;"#NE";-3;"#NE";"COLIGAÇÃO";13;"PT";"Partido dos Trabalhadores";-1;"#NULO#";"#NULO#";"#NULO#";280000050703;"O POVO FELIZ DE NOVO";"PT / PC do B / PROS";"N";1121;"Válido";1121;6;"2º TURNO"
"13/11/2024";"10:56:11";2018;2;"Eleição Ordinária";1;295;"ELEIÇÃO GERAL FEDERAL 2018";"07/10/2018";"F";"AP";"BR";"BRASIL";6009;"PRACUÚBA";1;1;"Presidente";280000629808;13;"FERNANDO HADDAD";"FERNANDO HADDAD";"#NULO#";12;"APTO";2;"DEFERIDO";-3;"#NE";-3;"#NE";-3;"#NE";"COLIGAÇÃO";13;"PT";"Partido dos Trabalhadores";-1;"#NULO#";"#NULO#";"#NULO#";280000050703;"O POVO FELIZ DE NOVO";"PT / PC do B / PROS";"N";1376;"Válido";1376;6;"2º TURNO"
"13/11/2024";"10:56:11";2018;2;"Eleição Ordinária";1;295;"ELEIÇÃO GERAL FEDERAL 2018";"07/10/2018";"F";"AP";"BR";"BRASIL";6025;"PORTO GRANDE";12;1;"Presidente";280000629808;13;"FERNANDO HADDAD";"FERNANDO HADDAD";"#NULO#";12;"APTO";2;"DEFERIDO";-3;"#NE";-3;"#NE";-3;"#NE";"COLIGAÇÃO";13;"PT";"Partido dos Trabalhadores";-1;"#NULO#";"#NULO#";"#NULO#";280000050703;"O POVO FELIZ DE NOVO";"PT / PC do B / PROS";"N";4581;"Válido";4581;6;"2º TURNO"
"13/11/2024";"10:56:11";2018;2;"Eleição Ordinária";1;295;"ELEIÇÃO GERAL FEDERAL 2018";"07/10/2018";"F";"AP";"BR";"BRASIL";6050;"MACAPÁ";2;1;"Presidente";280000629808;13;"FERNANDO HADDAD";"FERNANDO HADDAD";"#NULO#";12;"APTO";2;"DEFERIDO";-3;"#NE";-3;"#NE";-3;"#NE";"COLIGAÇÃO";13;"PT";"Partido dos Trabalhadores";-1;"#NULO#";"#NULO#";"#NULO#";280000050703;"O POVO FELIZ DE NOVO";"PT / PC do B / PROS";"N";31714;"Válido";31714;6;"2º TURNO"
"13/11/2024";"10:56:11";2018;2;"Eleição Ordinária";1;295;"ELEIÇÃO GERAL FEDERAL 2018";"07/10/2018";"F";"AP";"BR";"BRASIL";6122;"VITÓRIA DO JARI";7;1;"Presidente";280000629808;13;"FERNANDO HADDAD";"FERNANDO HADDAD";"#NULO#";12;"APTO";2;"DEFERIDO";-3;"#NE";-3;"#NE";-3;"#NE";"COLIGAÇÃO";13;"PT";"Partido dos Trabalhadores";-1;"#NULO#";"#NULO#";"#NULO#";280000050703;"O POVO FELIZ DE NOVO";"PT / PC do B / PROS";"N";4854;"Válido";4854;6;"2º TURNO"
"13/11/2024";"10:56:11";2018;2;"Eleição Ordinária";1;295;"ELEIÇÃO GERAL FEDERAL 2018";"07/10/2018";"F";"AP";"BR";"BRASIL";6050;"MACAPÁ";10;1;"Presidente";280000629808;13;"FERNANDO HADDAD";"FERNANDO HADDAD";"#NULO#";12;"APTO";2;"DEFERIDO";-3;"#NE";-3;"#NE";-3;"#NE";"COLIGAÇÃO";13;"PT";"Partido dos Trabalhadores";-1;"#NULO#";"#NULO#";"#NULO#";280000050703;"O POVO FELIZ DE NOVO";"PT / PC do B / PROS";"N";27056;"Válido";27056;6;"2º TURNO"
"13/11/2024";"10:56:11";2018;2;"Eleição Ordinária";1;295;"ELEIÇÃO GERAL FEDERAL 2018";"07/10/2018";"F";"AP";"BR";"BRASIL";6114;"FERREIRA GOMES";12;1;"Presidente";280000629808;13;"FERNANDO HADDAD";"FERNANDO HADDAD";"#NULO#";12;"APTO";2;"DEFERIDO";-3;"#NE";-3;"#NE";-3;"#NE";"COLIGAÇÃO";13;"PT";"Partido dos Trabalhadores";-1;"#NULO#";"#NULO#";"#NULO#";280000050703;"O POVO FELIZ DE NOVO";"PT / PC do B / PROS";"N";2110;"Válido";2110;6;"2º TURNO"
"13/11/2024";"10:56:11";2018;2;"Eleição Ordinária";1;295;"ELEIÇÃO GERAL FEDERAL 2018";"07/10/2018";"F";"AP";"BR";"BRASIL";6041;"ITAUBAL";10;1;"Presidente";280000624082;54;"JOÃO VICENTE FONTELLA GOULART";"JOÃO GOULART FILHO";"#NULO#";12;"APTO";2;"DEFERIDO";-3;"#NE";-3;"#NE";-3;"#NE";"PARTIDO ISOLADO";54;"PPL";"Partido Pátria Livre";-1;"#NULO#";"#NULO#";"#NULO#";280000050638;"PARTIDO ISOLADO";"PPL";"N";0;"Válido";0;4;"NÃO ELEITO"
"13/11/2024";"10:56:11";2018;2;"Eleição Ordinária";1;295;"ELEIÇÃO GERAL FEDERAL 2018";"07/10/2018";"F";"AP";"BR";"BRASIL";6068;"CUTIAS";10;1;"Presidente";280000624082;54;"JOÃO VICENTE FONTELLA GOULART";"JOÃO GOULART FILHO";"#NULO#";12;"APTO";2;"DEFERIDO";-3;"#NE";-3;"#NE";-3;"#NE";"PARTIDO ISOLADO";54;"PPL";"Partido Pátria Livre";-1;"#NULO#";"#NULO#";"#NULO#";280000050638;"PARTIDO ISOLADO";"PPL";"N";0;"Válido";0;4;"NÃO ELEITO"
"13/11/2024";"10:56:11";2018;2;"Eleição Ordinária";1;295;"ELEIÇÃO GERAL FEDERAL 2018";"07/10/2018";"F";"AP";"BR";"BRASIL";6009;"PRACUÚBA";1;1;"Presidente";280000624082;54;"JOÃO VICENTE FONTELLA GOULART";"JOÃO GOULART FILHO";"#NULO#";12;"APTO";2;"DEFERIDO";-3;"#NE";-3;"#NE";-3;"#NE";"PARTIDO ISOLADO";54;"PPL";"Partido Pátria Livre";-1;"#NULO#";"#NULO#";"#NULO#";280000050638;"PARTIDO ISOLADO";"PPL";"N";0;"Válido";0;4;"NÃO ELEITO"
"13/11/2024";"10:56:11";2018;2;"Eleição Ordinária";1;295;"ELEIÇÃO GERAL FEDERAL 2018";"07/10/2018";"F";"AP";"BR";"BRASIL";6106;"SERRA DO NAVIO";11;1;"Presidente";280000601173;16;"VERA LUCIA PEREIRA DA SILVA SALGADO";"VERA";"#NULO#";12;"APTO";2;"DEFERIDO";-3;"#NE";-3;"#NE";-3;"#NE";"PARTIDO ISOLADO";16;"PSTU";"Partido Socialista dos Trabalhadores Unificado";-1;"#NULO#";"#NULO#";"#NULO#";280000050040;"PARTIDO ISOLADO";"PSTU";"N";0;"Válido";0;4;"NÃO ELEITO"
"13/11/2024";"10:56:11";2018;2;"Eleição Ordinária";1;295;"ELEIÇÃO GERAL FEDERAL 2018";"07/10/2018";"F";"AP";"BR";"BRASIL";6017;"AMAPÁ";1;1;"Presidente";280000624082;54;"JOÃO VICENTE FONTELLA GOULART";"JOÃO GOULART FILHO";"#NULO#";12;"APTO";2;"DEFERIDO";-3;"#NE";-3;"#NE";-3;"#NE";"PARTIDO ISOLADO";54;"PPL";"Partido Pátria Livre";-1;"#NULO#";"#NULO#";"#NULO#";280000050638;"PARTIDO ISOLADO";"PPL";"N";0;"Válido";0;4;"NÃO ELEITO"
"13/11/2024";"10:56:11";2018;2;"Eleição Ordinária";1;295;"ELEIÇÃO GERAL FEDERAL 2018";"07/10/2018";"F";"AP";"BR";"BRASIL";6017;"AMAPÁ";1;1;"Presidente";280000601173;16;"VERA LUCIA PEREIRA DA SILVA SALGADO";"VERA";"#NULO#";12;"APTO";2;"DEFERIDO";-3;"#NE";-3;"#NE";-3;"#NE";"PARTIDO ISOLADO";16;"PSTU";"Partido Socialista dos Trabalhadores Unificado";-1;"#NULO#";"#NULO#";"#NULO#";280000050040;"PARTIDO ISOLADO";"PSTU";"N";0;"Válido";0;4;"NÃO ELEITO"
"13/11/2024";"10:56:11";2018;2;"Eleição Ordinária";1;295;"ELEIÇÃO GERAL FEDERAL 2018";"07/10/2018";"F";"AP";"BR";"BRASIL";6122;"VITÓRIA DO JARI";7;1;"Presidente";280000624082;54;"JOÃO VICENTE FONTELLA GOULART";"JOÃO GOULART FILHO";"#NULO#";12;"APTO";2;"DEFERIDO";-3;"#NE";-3;"#NE";-3;"#NE";"PARTIDO ISOLADO";54;"PPL";"Partido Pátria Livre";-1;"#NULO#";"#NULO#";"#NULO#";280000050638;"PARTIDO ISOLADO";"PPL";"N";0;"Válido";0;4;"NÃO ELEITO"
"13/11/2024";"10:56:11";2018;2;"Eleição Ordinária";1;295;"ELEIÇÃO GERAL FEDERAL 2018";"07/10/2018";"F";"AP";"BR";"BRASIL";6068;"CUTIAS";10;1;"Presidente";280000624085;27;"JOSE MARIA EYMAEL";"EYMAEL";"#NULO#";12;"APTO";2;"DEFERIDO";-3;"#NE";-3;"#NE";-3;"#NE";"PARTIDO ISOLADO";27;"DC";"Democracia Cristã";-1;"#NULO#";"#NULO#";"#NULO#";280000050639;"PARTIDO ISOLADO";"DC";"N";0;"Válido";0;4;"NÃO ELEITO"
"13/11/2024";"10:56:11";2018;2;"Eleição Ordinária";1;295;"ELEIÇÃO GERAL FEDERAL 2018";"07/10/2018";"F";"AP";"BR";"BRASIL";6106;"SERRA DO NAVIO";11;1;"Presidente";280000624082;54;"JOÃO VICENTE FONTELLA GOULART";"JOÃO GOULART FILHO";"#NULO#";12;"APTO";2;"DEFERIDO";-3;"#NE";-3;"#NE";-3;"#NE";"PARTIDO ISOLADO";54;"PPL";"Partido Pátria Livre";-1;"#NULO#";"#NULO#";"#NULO#";280000050638;"PARTIDO ISOLADO";"PPL";"N";0;"Válido";0;4;"NÃO ELEITO"
"13/11/2024";"10:56:11";2018;2;"Eleição Ordinária";1;295;"ELEIÇÃO GERAL FEDERAL 2018";"07/10/2018";"F";"AP";"BR";"BRASIL";6114;"FERREIRA GOMES";12;1;"Presidente";280000624082;54;"JOÃO VICENTE FONTELLA GOULART";"JOÃO GOULART FILHO";"#NULO#";12;"APTO";2;"DEFERIDO";-3;"#NE";-3;"#NE";-3;"#NE";"PARTIDO ISOLADO";54;"PPL";"Partido Pátria Livre";-1;"#NULO#";"#NULO#";"#NULO#";280000050638;"PARTIDO ISOLADO";"PPL";"N";0;"Válido";0;4;"NÃO ELEITO"
