"DT_GERACAO";"HH_GERACAO";"ANO_ELEICAO";"CD_TIPO_ELEICAO";"NM_TIPO_ELEICAO";"NR_TURNO";"CD_ELEICAO";"DS_ELEICAO";"DT_ELEICAO";"TP_ABRANGENCIA";"SG_UF";"SG_UE";"NM_UE";"CD_MUNICIPIO";"NM_MUNICIPIO";"NR_ZONA";"CD_CARGO";"DS_CARGO";"SQ_CANDIDATO";"NR_CANDIDATO";"NM_CANDIDATO";"NM_URNA_CANDIDATO";"NM_SOCIAL_CANDIDATO";"CD_SITUACAO_CANDIDATURA";"DS_SITUACAO_CANDIDATURA";"CD_DETALHE_SITUACAO_CAND";"DS_DETALHE_SITUACAO_CAND";"CD_SITUACAO_JULGAMENTO";"DS_SITUACAO_JULGAMENTO";"CD_SITUACAO_CASSACAO";"DS_SITUACAO_CASSACAO";"CD_SITUACAO_DIPLOMA";"DS_SITUACAO_DIPLOMA";"TP_AGREMIACAO";"NR_PARTIDO";"SG_PARTIDO";"NM_PARTIDO";"NR_FEDERACAO";"NM_FEDERACAO";"SG_FEDERACAO";"DS_COMPOSICAO_FEDERACAO";"SQ_COLIGACAO";"NM_COLIGACAO";"DS_COMPOSICAO_COLIGACAO";"ST_VOTO_EM_TRANSITO";"QT_VOTOS_NOMINAIS";"NM_TIPO_DESTINACAO_VOTOS";"QT_VOTOS_NOMINAIS_VALIDOS";"CD_SIT_TOT_TURNO";"DS_SIT_TOT_TURNO"
"13/11/2024";"10:56:11";2018;2;"Eleição Ordinária";1;297;"ELEIÇÕES GERAIS ESTADUAIS 2018";"07/10/2018";"E";"RO";"RO";"RONDÔNIA";175;"OURO PRETO DO OESTE";13;5;"Senador";220000600266;300;"FABRICIO GRISI MÉDICI JURADO";"FABRICIO JURADO";"#NULO#";12;"APTO";2;"DEFERIDO";-3;"#NE";-3;"#NE";-3;"#NE";"PARTIDO ISOLADO";30;"NOVO";"Partido Novo";-1;"#NULO#";"#NULO#";"#NULO#";220000050014;"PARTIDO ISOLADO";"NOVO";"N";702;"Válido";702;4;"NÃO ELEITO"
"13/11/2024";"10:56:11";2018;2;"Eleição Ordinária";1;297;"ELEIÇÕES GERAIS ESTADUAIS 2018";"07/10/2018";"E";"RO";"RO";"RONDÔNIA";353;"SANTA LUZIA D OESTE";19;5;"Senador";220000600266;300;"FABRICIO GRISI MÉDICI JURADO";"FABRICIO JURADO";"#NULO#";12;"APTO";2;"DEFERIDO";-3;"#NE";-3;"#NE";-3;"#NE";"PARTIDO ISOLADO";30;"NOVO";"Partido Novo";-1;"#NULO#";"#NULO#";"#NULO#";220000050014;"PARTIDO ISOLADO";"NOVO";"N";111;"Válido";111;4;"NÃO ELEITO"
"13/11/2024";"10:56:11";2018;2;"Eleição Ordinária";1;297;"ELEIÇÕES GERAIS ESTADUAIS 2018";"07/10/2018";"E";"RO";"RO";"RONDÔNIA";299;"ROLIM DE MOURA";29;5;"Senador";220000600266;300;"FABRICIO GRISI MÉDICI JURADO";"FABRICIO JURADO";"#NULO#";12;"APTO";2;"DEFERIDO";-3;"#NE";-3;"#NE";-3;"#NE";"PARTIDO ISOLADO";30;"NOVO";"Partido Novo";-1;"#NULO#";"#NULO#";"#NULO#";220000050014;"PARTIDO ISOLADO";"NOVO";"N";1063;"Válido";1063;4;"NÃO ELEITO"
"13/11/2024";"10:56:11";2018;2;"Eleição Ordinária";1;297;"ELEIÇÕES GERAIS ESTADUAIS 2018";"07/10/2018";"E";"RO";"RO";"RONDÔNIA";191;"PRESIDENTE MÉDICI";3;5;"Senador";220000600266;300;"FABRICIO GRISI MÉDICI JURADO";"FABRICIO JURADO";"#NULO#";12;"APTO";2;"DEFERIDO";-3;"#NE";-3;"#NE";-3;"#NE";"PARTIDO ISOLADO";30;"NOVO";"Partido Novo";-1;"#NULO#";"#NULO#";"#NULO#";220000050014;"PARTIDO ISOLADO";"NOVO";"N";217;"Válido";217;4;"NÃO ELEITO"
"13/11/2024";"10:56:11";2018;2;"Eleição Ordinária";1;297;"ELEIÇÕES GERAIS ESTADUAIS 2018";"07/10/2018";"E";"RO";"RO";"RONDÔNIA";337;"ALVORADA DO OESTE";18;5;"Senador";220000600266;300;"FABRICIO GRISI MÉDICI JURADO";"FABRICIO JURADO";"#NULO#";12;"APTO";2;"DEFERIDO";-3;"#NE";-3;"#NE";-3;"#NE";"PARTIDO ISOLADO";30;"NOVO";"Partido Novo";-1;"#NULO#";"#NULO#";"#NULO#";220000050014;"PARTIDO ISOLADO";"NOVO";"N";71;"Válido";71;4;"NÃO ELEITO"
"13/11/2024";"10:56:11";2018;2;"Eleição Ordinária";1;297;"ELEIÇÕES GERAIS ESTADUAIS 2018";"07/10/2018";"E";"RO";"RO";"RONDÔNIA";19;"GUAJARÁ-MIRIM";1;5;"Senador";220000600266;300;"FABRICIO GRISI MÉDICI JURADO";"FABRICIO JURADO";"#NULO#";12;"APTO";2;"DEFERIDO";-3;"#NE";-3;"#NE";-3;"#NE";"PARTIDO ISOLADO";30;"NOVO";"Partido Novo";-1;"#NULO#";"#NULO#";"#NULO#";220000050014;"PARTIDO ISOLADO";"NOVO";"N";422;"Válido";422;4;"NÃO ELEITO"
"13/11/2024";"10:56:11";2018;2;"Eleição Ordinária";1;297;"ELEIÇÕES GERAIS ESTADUAIS 2018";"07/10/2018";"E";"RO";"RO";"RONDÔNIA";590;"THEOBROMA";27;5;"Senador";220000600266;300;"FABRICIO GRISI MÉDICI JURADO";"FABRICIO JURADO";"#NULO#";12;"APTO";2;"DEFERIDO";-3;"#NE";-3;"#NE";-3;"#NE";"PARTIDO ISOLADO";30;"NOVO";"Partido Novo";-1;"#NULO#";"#NULO#";"#NULO#";220000050014;"PARTIDO ISOLADO";"NOVO";"N";101;"Válido";101;4;"NÃO ELEITO"
"13/11/2024";"10:56:11";2018;2;"Eleição Ordinária";1;297;"ELEIÇÕES GERAIS ESTADUAIS 2018";"07/10/2018";"E";"RO";"RO";"RONDÔNIA";663;"MONTE NEGRO";25;5;"Senador";220000600266;300;"FABRICIO GRISI MÉDICI JURADO";"FABRICIO JURADO";"#NULO#";12;"APTO";2;"DEFERIDO";-3;"#NE";-3;"#NE";-3;"#NE";"PARTIDO ISOLADO";30;"NOVO";"Partido Novo";-1;"#NULO#";"#NULO#";"#NULO#";220000050014;"PARTIDO ISOLADO";"NOVO";"N";117;"Válido";117;4;"NÃO ELEITO"
"13/11/2024";"10:56:11";2018;2;"Eleição Ordinária";1;297;"ELEIÇÕES GERAIS ESTADUAIS 2018";"07/10/2018";"E";"RO";"RO";"RONDÔNIA";809;"CHUPINGUAIA";8;3;"Governador";220000622271;50;"NASCIMENTO ANTONIO DA SILVA";"PIMENTA DE RONDONIA";"#NULO#";12;"APTO";2;"DEFERIDO";-3;"#NE";-3;"#NE";-3;"#NE";"COLIGAÇÃO";50;"PSOL";"Partido Socialismo e Liberdade";-1;"#NULO#";"#NULO#";"#NULO#";220000050591;"SEM MEDO DE SER FELIZ";"PT / PSOL";"N";72;"Válido";72;4;"NÃO ELEITO"
"13/11/2024";"10:56:11";2018;2;"Eleição Ordinária";1;297;"ELEIÇÕES GERAIS ESTADUAIS 2018";"07/10/2018";"E";"RO";"RO";"RONDÔNIA";728;"PRIMAVERA DE RONDÔNIA";9;3;"Governador";220000622271;50;"NASCIMENTO ANTONIO DA SILVA";"PIMENTA DE RONDONIA";"#NULO#";12;"APTO";2;"DEFERIDO";-3;"#NE";-3;"#NE";-3;"#NE";"COLIGAÇÃO";50;"PSOL";"Partido Socialismo e Liberdade";-1;"#NULO#";"#NULO#";"#NULO#";220000050591;"SEM MEDO DE SER FELIZ";"PT / PSOL";"N";62;"Válido";62;4;"NÃO ELEITO"
"13/11/2024";"10:56:11";2018;2;"Eleição Ordinária";1;297;"ELEIÇÕES GERAIS ESTADUAIS 2018";"07/10/2018";"E";"RO";"RO";"RONDÔNIA";566;"URUPÁ";18;3;"Governador";220000622271;50;"NASCIMENTO ANTONIO DA SILVA";"PIMENTA DE RONDONIA";"#NULO#";12;"APTO";2;"DEFERIDO";-3;"#NE";-3;"#NE";-3;"#NE";"COLIGAÇÃO";50;"PSOL";"Partido Socialismo e Liberdade";-1;"#NULO#";"#NULO#";"#NULO#";220000050591;"SEM MEDO DE SER FELIZ";"PT / PSOL";"N";497;"Válido";497;4;"NÃO ELEITO"
"13/11/2024";"10:56:11";2018;2;"Eleição Ordinária";1;297;"ELEIÇÕES GERAIS ESTADUAIS 2018";"07/10/2018";"E";"RO";"RO";"RONDÔNIA";310;"ALTA FLORESTA D OESTE";17;3;"Governador";220000622271;50;"NASCIMENTO ANTONIO DA SILVA";"PIMENTA DE RONDONIA";"#NULO#";12;"APTO";2;"DEFERIDO";-3;"#NE";-3;"#NE";-3;"#NE";"COLIGAÇÃO";50;"PSOL";"Partido Socialismo e Liberdade";-1;"#NULO#";"#NULO#";"#NULO#";220000050591;"SEM MEDO DE SER FELIZ";"PT / PSOL";"N";466;"Válido";466;4;"NÃO ELEITO"
"13/11/2024";"10:56:11";2018;2;"Eleição Ordinária";1;297;"ELEIÇÕES GERAIS ESTADUAIS 2018";"07/10/2018";"E";"RO";"RO";"RONDÔNIA";558;"VALE DO PARAÍSO";28;3;"Governador";220000622271;50;"NASCIMENTO ANTONIO DA SILVA";"PIMENTA DE RONDONIA";"#NULO#";12;"APTO";2;"DEFERIDO";-3;"#NE";-3;"#NE";-3;"#NE";"COLIGAÇÃO";50;"PSOL";"Partido Socialismo e Liberdade";-1;"#NULO#";"#NULO#";"#NULO#";220000050591;"SEM MEDO DE SER FELIZ";"PT / PSOL";"N";444;"Válido";444;4;"NÃO ELEITO"
"13/11/2024";"10:56:11";2018;2;"Eleição Ordinária";1;297;"ELEIÇÕES GERAIS ESTADUAIS 2018";"07/10/2018";"E";"RO";"RO";"RONDÔNIA";19;"GUAJARÁ-MIRIM";1;3;"Governador";220000622271;50;"NASCIMENTO ANTONIO DA SILVA";"PIMENTA DE RONDONIA";"#NULO#";12;"APTO";2;"DEFERIDO";-3;"#NE";-3;"#NE";-3;"#NE";"COLIGAÇÃO";50;"PSOL";"Partido Socialismo e Liberdade";-1;"#NULO#";"#NULO#";"#NULO#";220000050591;"SEM MEDO DE SER FELIZ";"PT / PSOL";"N";402;"Válido";402;4;"NÃO ELEITO"
"13/11/2024";"10:56:11";2018;2;"Eleição Ordinária";1;297;"ELEIÇÕES GERAIS ESTADUAIS 2018";"07/10/2018";"E";"RO";"RO";"RONDÔNIA";663;"MONTE NEGRO";25;3;"Governador";220000622271;50;"NASCIMENTO ANTONIO DA SILVA";"PIMENTA DE RONDONIA";"#NULO#";12;"APTO";2;"DEFERIDO";-3;"#NE";-3;"#NE";-3;"#NE";"COLIGAÇÃO";50;"PSOL";"Partido Socialismo e Liberdade";-1;"#NULO#";"#NULO#";"#NULO#";220000050591;"SEM MEDO DE SER FELIZ";"PT / PSOL";"N";161;"Válido";161;4;"NÃO ELEITO"
"13/11/2024";"10:56:11";2018;2;"Eleição Ordinária";1;297;"ELEIÇÕES GERAIS ESTADUAIS 2018";"07/10/2018";"E";"RO";"RO";"RONDÔNIA";256;"ESPIGÃO DO OESTE";12;3;"Governador";220000622271;50;"NASCIMENTO ANTONIO DA SILVA";"PIMENTA DE RONDONIA";"#NULO#";12;"APTO";2;"DEFERIDO";-3;"#NE";-3;"#NE";-3;"#NE";"COLIGAÇÃO";50;"PSOL";"Partido Socialismo e Liberdade";-1;"#NULO#";"#NULO#";"#NULO#";220000050591;"SEM MEDO DE SER FELIZ";"PT / PSOL";"N";557;"Válido";557;4;"NÃO ELEITO"
"13/11/2024";"10:56:11";2018;2;"Eleição Ordinária";1;297;"ELEIÇÕES GERAIS ESTADUAIS 2018";"07/10/2018";"E";"RO";"RO";"RONDÔNIA";175;"OURO PRETO DO OESTE";13;3;"Governador";220000622271;50;"NASCIMENTO ANTONIO DA SILVA";"PIMENTA DE RONDONIA";"#NULO#";12;"APTO";2;"DEFERIDO";-3;"#NE";-3;"#NE";-3;"#NE";"COLIGAÇÃO";50;"PSOL";"Partido Socialismo e Liberdade";-1;"#NULO#";"#NULO#";"#NULO#";220000050591;"SEM MEDO DE SER FELIZ";"PT / PSOL";"N";987;"Válido";987;4;"NÃO ELEITO"
"13/11/2024";"10:56:11";2018;2;"Eleição Ordinária";1;297;"ELEIÇÕES GERAIS ESTADUAIS 2018";"07/10/2018";"E";"RO";"RO";"RONDÔNIA";353;"SANTA LUZIA D OESTE";19;3;"Governador";220000622271;50;"NASCIMENTO ANTONIO DA SILVA";"PIMENTA DE RONDONIA";"#NULO#";12;"APTO";2;"DEFERIDO";-3;"#NE";-3;"#NE";-3;"#NE";"COLIGAÇÃO";50;"PSOL";"Partido Socialismo e Liberdade";-1;"#NULO#";"#NULO#";"#NULO#";220000050591;"SEM MEDO DE SER FELIZ";"PT / PSOL";"N";199;"Válido";199;4;"NÃO ELEITO"
"13/11/2024";"10:56:11";2018;2;"Eleição Ordinária";1;297;"ELEIÇÕES GERAIS ESTADUAIS 2018";"07/10/2018";"E";"RO";"RO";"RONDÔNIA";299;"ROLIM DE MOURA";29;3;"Governador";220000622271;50;"NASCIMENTO ANTONIO DA SILVA";"PIMENTA DE RONDONIA";"#NULO#";12;"APTO";2;"DEFERIDO";-3;"#NE";-3;"#NE";-3;"#NE";"COLIGAÇÃO";50;"PSOL";"Partido Socialismo e Liberdade";-1;"#NULO#";"#NULO#";"#NULO#";220000050591;"SEM MEDO DE SER FELIZ";"PT / PSOL";"N";727;"Válido";727;4;"NÃO ELEITO"
"13/11/2024";"10:56:11";2018;2;"Eleição Ordinária";1;297;"ELEIÇÕES GERAIS ESTADUAIS 2018";"07/10/2018";"E";"RO";"RO";"RONDÔNIA";590;"THEOBROMA";27;3;"Governador";220000622271;50;"NASCIMENTO ANTONIO DA SILVA";"PIMENTA DE RONDONIA";"#NULO#";12;"APTO";2;"DEFERIDO";-3;"#NE";-3;"#NE";-3;"#NE";"COLIGAÇÃO";50;"PSOL";"Partido Socialismo e Liberdade";-1;"#NULO#";"#NULO#";"#NULO#";220000050591;"SEM MEDO DE SER FELIZ";"PT / PSOL";"N";321;"Válido";321;4;"NÃO ELEITO"
"13/11/2024";"10:56:11";2018;2;"Eleição Ordinária";1;297;"ELEIÇÕES GERAIS ESTADUAIS 2018";"07/10/2018";"E";"RO";"RO";"RONDÔNIA";191;"PRESIDENTE MÉDICI";3;3;"Governador";220000622271;50;"NASCIMENTO ANTONIO DA SILVA";"PIMENTA DE RONDONIA";"#NULO#";12;"APTO";2;"DEFERIDO";-3;"#NE";-3;"#NE";-3;"#NE";"COLIGAÇÃO";50;"PSOL";"Partido Socialismo e Liberdade";-1;"#NULO#";"#NULO#";"#NULO#";220000050591;"SEM MEDO DE SER FELIZ";"PT / PSOL";"N";445;"Válido";445;4;"NÃO ELEITO"
"13/11/2024";"10:56:11";2018;2;"Eleição Ordinária";1;297;"ELEIÇÕES GERAIS ESTADUAIS 2018";"07/10/2018";"E";"RO";"RO";"RONDÔNIA";337;"ALVORADA DO OESTE";18;3;"Governador";220000622271;50;"NASCIMENTO ANTONIO DA SILVA";"PIMENTA DE RONDONIA";"#NULO#";12;"APTO";2;"DEFERIDO";-3;"#NE";-3;"#NE";-3;"#NE";"COLIGAÇÃO";50;"PSOL";"Partido Socialismo e Liberdade";-1;"#NULO#";"#NULO#";"#NULO#";220000050591;"SEM MEDO DE SER FELIZ";"PT / PSOL";"N";573;"Válido";573;4;"NÃO ELEITO"
"13/11/2024";"10:56:11";2018;2;"Eleição Ordinária";1;297;"ELEIÇÕES GERAIS ESTADUAIS 2018";"07/10/2018";"E";"RO";"RO";"RONDÔNIA";213;"COSTA MARQUES";5;3;"Governador";220000622271;50;"NASCIMENTO ANTONIO DA SILVA";"PIMENTA DE RONDONIA";"#NULO#";12;"APTO";2;"DEFERIDO";-3;"#NE";-3;"#NE";-3;"#NE";"COLIGAÇÃO";50;"PSOL";"Partido Socialismo e Liberdade";-1;"#NULO#";"#NULO#";"#NULO#";220000050591;"SEM MEDO DE SER FELIZ";"PT / PSOL";"N";82;"Válido";82;4;"NÃO ELEITO"
"13/11/2024";"10:56:11";2018;2;"Eleição Ordinária";1;297;"ELEIÇÕES GERAIS ESTADUAIS 2018";"07/10/2018";"E";"RO";"RO";"RONDÔNIA";213;"COSTA MARQUES";5;5;"Senador";220000600266;300;"FABRICIO GRISI MÉDICI JURADO";"FABRICIO JURADO";"#NULO#";12;"APTO";2;"DEFERIDO";-3;"#NE";-3;"#NE";-3;"#NE";"PARTIDO ISOLADO";30;"NOVO";"Partido Novo";-1;"#NULO#";"#NULO#";"#NULO#";220000050014;"PARTIDO ISOLADO";"NOVO";"N";60;"Válido";60;4;"NÃO ELEITO"
"13/11/2024";"10:56:11";2018;2;"Eleição Ordinária";1;297;"ELEIÇÕES GERAIS ESTADUAIS 2018";"07/10/2018";"E";"RO";"RO";"RONDÔNIA";256;"ESPIGÃO DO OESTE";12;5;"Senador";220000600266;300;"FABRICIO GRISI MÉDICI JURADO";"FABRICIO JURADO";"#NULO#";12;"APTO";2;"DEFERIDO";-3;"#NE";-3;"#NE";-3;"#NE";"PARTIDO ISOLADO";30;"NOVO";"Partido Novo";-1;"#NULO#";"#NULO#";"#NULO#";220000050014;"PARTIDO ISOLADO";"NOVO";"N";425;"Válido";425;4;"NÃO ELEITO"
"13/11/2024";"10:56:11";2018;2;"Eleição Ordinária";1;297;"ELEIÇÕES GERAIS ESTADUAIS 2018";"07/10/2018";"E";"RO";"RO";"RONDÔNIA";78;"ARIQUEMES";7;5;"Senador";220000600266;300;"FABRICIO GRISI MÉDICI JURADO";"FABRICIO JURADO";"#NULO#";12;"APTO";2;"DEFERIDO";-3;"#NE";-3;"#NE";-3;"#NE";"PARTIDO ISOLADO";30;"NOVO";"Partido Novo";-1;"#NULO#";"#NULO#";"#NULO#";220000050014;"PARTIDO ISOLADO";"NOVO";"N";2212;"Válido";2212;4;"NÃO ELEITO"
"13/11/2024";"10:56:11";2018;2;"Eleição Ordinária";1;297;"ELEIÇÕES GERAIS ESTADUAIS 2018";"07/10/2018";"E";"RO";"RO";"RONDÔNIA";132;"VILHENA";4;5;"Senador";220000600266;300;"FABRICIO GRISI MÉDICI JURADO";"FABRICIO JURADO";"#NULO#";12;"APTO";2;"DEFERIDO";-3;"#NE";-3;"#NE";-3;"#NE";"PARTIDO ISOLADO";30;"NOVO";"Partido Novo";-1;"#NULO#";"#NULO#";"#NULO#";220000050014;"PARTIDO ISOLADO";"NOVO";"N";1507;"Válido";1507;4;"NÃO ELEITO"
"13/11/2024";"10:56:11";2018;2;"Eleição Ordinária";1;297;"ELEIÇÕES GERAIS ESTADUAIS 2018";"07/10/2018";"E";"RO";"RO";"RONDÔNIA";710;"SÃO FELIPE D OESTE";19;5;"Senador";220000600266;300;"FABRICIO GRISI MÉDICI JURADO";"FABRICIO JURADO";"#NULO#";12;"APTO";2;"DEFERIDO";-3;"#NE";-3;"#NE";-3;"#NE";"PARTIDO ISOLADO";30;"NOVO";"Partido Novo";-1;"#NULO#";"#NULO#";"#NULO#";220000050014;"PARTIDO ISOLADO";"NOVO";"N";96;"Válido";96;4;"NÃO ELEITO"
"13/11/2024";"10:56:11";2018;2;"Eleição Ordinária";1;297;"ELEIÇÕES GERAIS ESTADUAIS 2018";"07/10/2018";"E";"RO";"RO";"RONDÔNIA";35;"PORTO VELHO";2;5;"Senador";220000600266;300;"FABRICIO GRISI MÉDICI JURADO";"FABRICIO JURADO";"#NULO#";12;"APTO";2;"DEFERIDO";-3;"#NE";-3;"#NE";-3;"#NE";"PARTIDO ISOLADO";30;"NOVO";"Partido Novo";-1;"#NULO#";"#NULO#";"#NULO#";220000050014;"PARTIDO ISOLADO";"NOVO";"N";6494;"Válido";6494;4;"NÃO ELEITO"
"13/11/2024";"10:56:11";2018;2;"Eleição Ordinária";1;297;"ELEIÇÕES GERAIS ESTADUAIS 2018";"07/10/2018";"E";"RO";"RO";"RONDÔNIA";35;"PORTO VELHO";20;5;"Senador";220000600266;300;"FABRICIO GRISI MÉDICI JURADO";"FABRICIO JURADO";"#NULO#";12;"APTO";2;"DEFERIDO";-3;"#NE";-3;"#NE";-3;"#NE";"PARTIDO ISOLADO";30;"NOVO";"Partido Novo";-1;"#NULO#";"#NULO#";"#NULO#";220000050014;"PARTIDO ISOLADO";"NOVO";"N";4690;"Válido";4690;4;"NÃO ELEITO"
"13/11/2024";"10:56:11";2018;2;"Eleição Ordinária";1;297;"ELEIÇÕES GERAIS ESTADUAIS 2018";"07/10/2018";"E";"RO";"RO";"RONDÔNIA";35;"PORTO VELHO";6;5;"Senador";220000600266;300;"FABRICIO GRISI MÉDICI JURADO";"FABRICIO JURADO";"#NULO#";12;"APTO";2;"DEFERIDO";-3;"#NE";-3;"#NE";-3;"#NE";"PARTIDO ISOLADO";30;"NOVO";"Partido Novo";-1;"#NULO#";"#NULO#";"#NULO#";220000050014;"PARTIDO ISOLADO";"NOVO";"N";3371;"Válido";3371;4;"NÃO ELEITO"
"13/11/2024";"10:56:11";2018;2;"Eleição Ordinária";1;297;"ELEIÇÕES GERAIS ESTADUAIS 2018";"07/10/2018";"E";"RO";"RO";"RONDÔNIA";35;"PORTO VELHO";21;5;"Senador";220000600266;300;"FABRICIO GRISI MÉDICI JURADO";"FABRICIO JURADO";"#NULO#";12;"APTO";2;"DEFERIDO";-3;"#NE";-3;"#NE";-3;"#NE";"PARTIDO ISOLADO";30;"NOVO";"Partido Novo";-1;"#NULO#";"#NULO#";"#NULO#";220000050014;"PARTIDO ISOLADO";"NOVO";"N";2562;"Válido";2562;4;"NÃO ELEITO"
"13/11/2024";"10:56:11";2018;2;"Eleição Ordinária";1;297;"ELEIÇÕES GERAIS ESTADUAIS 2018";"07/10/2018";"E";"RO";"RO";"RONDÔNIA";736;"ALTO ALEGRE DOS PARECIS";19;5;"Senador";220000600266;300;"FABRICIO GRISI MÉDICI JURADO";"FABRICIO JURADO";"#NULO#";12;"APTO";2;"DEFERIDO";-3;"#NE";-3;"#NE";-3;"#NE";"PARTIDO ISOLADO";30;"NOVO";"Partido Novo";-1;"#NULO#";"#NULO#";"#NULO#";220000050014;"PARTIDO ISOLADO";"NOVO";"N";104;"Válido";104;4;"NÃO ELEITO"
"13/11/2024";"10:56:11";2018;2;"Eleição Ordinária";1;297;"ELEIÇÕES GERAIS ESTADUAIS 2018";"07/10/2018";"E";"RO";"RO";"RONDÔNIA";51;"JI-PARANÁ";30;3;"Governador";220000622271;50;"NASCIMENTO ANTONIO DA SILVA";"PIMENTA DE RONDONIA";"#NULO#";12;"APTO";2;"DEFERIDO";-3;"#NE";-3;"#NE";-3;"#NE";"COLIGAÇÃO";50;"PSOL";"Partido Socialismo e Liberdade";-1;"#NULO#";"#NULO#";"#NULO#";220000050591;"SEM MEDO DE SER FELIZ";"PT / PSOL";"N";1350;"Válido";1350;4;"NÃO ELEITO"
"13/11/2024";"10:56:11";2018;2;"Eleição Ordinária";1;297;"ELEIÇÕES GERAIS ESTADUAIS 2018";"07/10/2018";"E";"RO";"RO";"RONDÔNIA";582;"SERINGUEIRAS";35;3;"Governador";220000622271;50;"NASCIMENTO ANTONIO DA SILVA";"PIMENTA DE RONDONIA";"#NULO#";12;"APTO";2;"DEFERIDO";-3;"#NE";-3;"#NE";-3;"#NE";"COLIGAÇÃO";50;"PSOL";"Partido Socialismo e Liberdade";-1;"#NULO#";"#NULO#";"#NULO#";220000050591;"SEM MEDO DE SER FELIZ";"PT / PSOL";"N";392;"Válido";392;4;"NÃO ELEITO"
"13/11/2024";"10:56:11";2018;2;"Eleição Ordinária";1;297;"ELEIÇÕES GERAIS ESTADUAIS 2018";"07/10/2018";"E";"RO";"RO";"RONDÔNIA";787;"PIMENTEIRAS DO OESTE";16;3;"Governador";220000622271;50;"NASCIMENTO ANTONIO DA SILVA";"PIMENTA DE RONDONIA";"#NULO#";12;"APTO";2;"DEFERIDO";-3;"#NE";-3;"#NE";-3;"#NE";"COLIGAÇÃO";50;"PSOL";"Partido Socialismo e Liberdade";-1;"#NULO#";"#NULO#";"#NULO#";220000050591;"SEM MEDO DE SER FELIZ";"PT / PSOL";"N";13;"Válido";13;4;"NÃO ELEITO"
"13/11/2024";"10:56:11";2018;2;"Eleição Ordinária";1;297;"ELEIÇÕES GERAIS ESTADUAIS 2018";"07/10/2018";"E";"RO";"RO";"RONDÔNIA";752;"TEIXEIRÓPOLIS";13;3;"Governador";220000622271;50;"NASCIMENTO ANTONIO DA SILVA";"PIMENTA DE RONDONIA";"#NULO#";12;"APTO";2;"DEFERIDO";-3;"#NE";-3;"#NE";-3;"#NE";"COLIGAÇÃO";50;"PSOL";"Partido Socialismo e Liberdade";-1;"#NULO#";"#NULO#";"#NULO#";220000050591;"SEM MEDO DE SER FELIZ";"PT / PSOL";"N";458;"Válido";458;4;"NÃO ELEITO"
"13/11/2024";"10:56:11";2018;2;"Eleição Ordinária";1;297;"ELEIÇÕES GERAIS ESTADUAIS 2018";"07/10/2018";"E";"RO";"RO";"RONDÔNIA";744;"NOVA UNIÃO";28;3;"Governador";220000622271;50;"NASCIMENTO ANTONIO DA SILVA";"PIMENTA DE RONDONIA";"#NULO#";12;"APTO";2;"DEFERIDO";-3;"#NE";-3;"#NE";-3;"#NE";"COLIGAÇÃO";50;"PSOL";"Partido Socialismo e Liberdade";-1;"#NULO#";"#NULO#";"#NULO#";220000050591;"SEM MEDO DE SER FELIZ";"PT / PSOL";"N";638;"Válido";638;4;"NÃO ELEITO"
"13/11/2024";"10:56:11";2018;2;"Eleição Ordinária";1;297;"ELEIÇÕES GERAIS ESTADUAIS 2018";"07/10/2018";"E";"RO";"RO";"RONDÔNIA";418;"SÃO MIGUEL DO GUAPORÉ";35;3;"Governador";220000622271;50;"NASCIMENTO ANTONIO DA SILVA";"PIMENTA DE RONDONIA";"#NULO#";12;"APTO";2;"DEFERIDO";-3;"#NE";-3;"#NE";-3;"#NE";"COLIGAÇÃO";50;"PSOL";"Partido Socialismo e Liberdade";-1;"#NULO#";"#NULO#";"#NULO#";220000050591;"SEM MEDO DE SER FELIZ";"PT / PSOL";"N";397;"Válido";397;4;"NÃO ELEITO"
"13/11/2024";"10:56:11";2018;2;"Eleição Ordinária";1;297;"ELEIÇÕES GERAIS ESTADUAIS 2018";"07/10/2018";"E";"RO";"RO";"RONDÔNIA";51;"JI-PARANÁ";3;3;"Governador";220000622271;50;"NASCIMENTO ANTONIO DA SILVA";"PIMENTA DE RONDONIA";"#NULO#";12;"APTO";2;"DEFERIDO";-3;"#NE";-3;"#NE";-3;"#NE";"COLIGAÇÃO";50;"PSOL";"Partido Socialismo e Liberdade";-1;"#NULO#";"#NULO#";"#NULO#";220000050591;"SEM MEDO DE SER FELIZ";"PT / PSOL";"N";727;"Válido";727;4;"NÃO ELEITO"
"13/11/2024";"10:56:11";2018;2;"Eleição Ordinária";1;297;"ELEIÇÕES GERAIS ESTADUAIS 2018";"07/10/2018";"E";"RO";"RO";"RONDÔNIA";450;"CABIXI";8;3;"Governador";220000622271;50;"NASCIMENTO ANTONIO DA SILVA";"PIMENTA DE RONDONIA";"#NULO#";12;"APTO";2;"DEFERIDO";-3;"#NE";-3;"#NE";-3;"#NE";"COLIGAÇÃO";50;"PSOL";"Partido Socialismo e Liberdade";-1;"#NULO#";"#NULO#";"#NULO#";220000050591;"SEM MEDO DE SER FELIZ";"PT / PSOL";"N";203;"Válido";203;4;"NÃO ELEITO"
"13/11/2024";"10:56:11";2018;2;"Eleição Ordinária";1;297;"ELEIÇÕES GERAIS ESTADUAIS 2018";"07/10/2018";"E";"RO";"RO";"RONDÔNIA";272;"CEREJEIRAS";16;3;"Governador";220000622271;50;"NASCIMENTO ANTONIO DA SILVA";"PIMENTA DE RONDONIA";"#NULO#";12;"APTO";2;"DEFERIDO";-3;"#NE";-3;"#NE";-3;"#NE";"COLIGAÇÃO";50;"PSOL";"Partido Socialismo e Liberdade";-1;"#NULO#";"#NULO#";"#NULO#";220000050591;"SEM MEDO DE SER FELIZ";"PT / PSOL";"N";282;"Válido";282;4;"NÃO ELEITO"
"13/11/2024";"10:56:11";2018;2;"Eleição Ordinária";1;297;"ELEIÇÕES GERAIS ESTADUAIS 2018";"07/10/2018";"E";"RO";"RO";"RONDÔNIA";434;"NOVA MAMORÉ";1;3;"Governador";220000622271;50;"NASCIMENTO ANTONIO DA SILVA";"PIMENTA DE RONDONIA";"#NULO#";12;"APTO";2;"DEFERIDO";-3;"#NE";-3;"#NE";-3;"#NE";"COLIGAÇÃO";50;"PSOL";"Partido Socialismo e Liberdade";-1;"#NULO#";"#NULO#";"#NULO#";220000050591;"SEM MEDO DE SER FELIZ";"PT / PSOL";"N";561;"Válido";561;4;"NÃO ELEITO"
"13/11/2024";"10:56:11";2018;2;"Eleição Ordinária";1;297;"ELEIÇÕES GERAIS ESTADUAIS 2018";"07/10/2018";"E";"RO";"RO";"RONDÔNIA";493;"ITAPUÃ DO OESTE";2;3;"Governador";220000622271;50;"NASCIMENTO ANTONIO DA SILVA";"PIMENTA DE RONDONIA";"#NULO#";12;"APTO";2;"DEFERIDO";-3;"#NE";-3;"#NE";-3;"#NE";"COLIGAÇÃO";50;"PSOL";"Partido Socialismo e Liberdade";-1;"#NULO#";"#NULO#";"#NULO#";220000050591;"SEM MEDO DE SER FELIZ";"PT / PSOL";"N";103;"Válido";103;4;"NÃO ELEITO"
"13/11/2024";"10:56:11";2018;2;"Eleição Ordinária";1;297;"ELEIÇÕES GERAIS ESTADUAIS 2018";"07/10/2018";"E";"RO";"RO";"RONDÔNIA";671;"CAMPO NOVO DE RONDÔNIA";34;3;"Governador";220000622271;50;"NASCIMENTO ANTONIO DA SILVA";"PIMENTA DE RONDONIA";"#NULO#";12;"APTO";2;"DEFERIDO";-3;"#NE";-3;"#NE";-3;"#NE";"COLIGAÇÃO";50;"PSOL";"Partido Socialismo e Liberdade";-1;"#NULO#";"#NULO#";"#NULO#";220000050591;"SEM MEDO DE SER FELIZ";"PT / PSOL";"N";162;"Válido";162;4;"NÃO ELEITO"
"13/11/2024";"10:56:11";2018;2;"Eleição Ordinária";1;297;"ELEIÇÕES GERAIS ESTADUAIS 2018";"07/10/2018";"E";"RO";"RO";"RONDÔNIA";779;"BURITIS";34;3;"Governador";220000622271;50;"NASCIMENTO ANTONIO DA SILVA";"PIMENTA DE RONDONIA";"#NULO#";12;"APTO";2;"DEFERIDO";-3;"#NE";-3;"#NE";-3;"#NE";"COLIGAÇÃO";50;"PSOL";"Partido Socialismo e Liberdade";-1;"#NULO#";"#NULO#";"#NULO#";220000050591;"SEM MEDO DE SER FELIZ";"PT / PSOL";"N";451;"Válido";451;4;"NÃO ELEITO"
"13/11/2024";"10:56:11";2018;2;"Eleição Ordinária";1;297;"ELEIÇÕES GERAIS ESTADUAIS 2018";"07/10/2018";"E";"RO";"RO";"RONDÔNIA";574;"MIRANTE DA SERRA";28;3;"Governador";220000622271;50;"NASCIMENTO ANTONIO DA SILVA";"PIMENTA DE RONDONIA";"#NULO#";12;"APTO";2;"DEFERIDO";-3;"#NE";-3;"#NE";-3;"#NE";"COLIGAÇÃO";50;"PSOL";"Partido Socialismo e Liberdade";-1;"#NULO#";"#NULO#";"#NULO#";220000050591;"SEM MEDO DE SER FELIZ";"PT / PSOL";"N";565;"Válido";565;4;"NÃO ELEITO"
"13/11/2024";"10:56:11";2018;2;"Eleição Ordinária";1;297;"ELEIÇÕES GERAIS ESTADUAIS 2018";"07/10/2018";"E";"RO";"RO";"RONDÔNIA";698;"VALE DO ANARI";32;3;"Governador";220000622271;50;"NASCIMENTO ANTONIO DA SILVA";"PIMENTA DE RONDONIA";"#NULO#";12;"APTO";2;"DEFERIDO";-3;"#NE";-3;"#NE";-3;"#NE";"COLIGAÇÃO";50;"PSOL";"Partido Socialismo e Liberdade";-1;"#NULO#";"#NULO#";"#NULO#";220000050591;"SEM MEDO DE SER FELIZ";"PT / PSOL";"N";277;"Válido";277;4;"NÃO ELEITO"
"13/11/2024";"10:56:11";2018;2;"Eleição Ordinária";1;297;"ELEIÇÕES GERAIS ESTADUAIS 2018";"07/10/2018";"E";"RO";"RO";"RONDÔNIA";531;"CASTANHEIRAS";15;3;"Governador";220000622271;50;"NASCIMENTO ANTONIO DA SILVA";"PIMENTA DE RONDONIA";"#NULO#";12;"APTO";2;"DEFERIDO";-3;"#NE";-3;"#NE";-3;"#NE";"COLIGAÇÃO";50;"PSOL";"Partido Socialismo e Liberdade";-1;"#NULO#";"#NULO#";"#NULO#";220000050591;"SEM MEDO DE SER FELIZ";"PT / PSOL";"N";82;"Válido";82;4;"NÃO ELEITO"
"13/11/2024";"10:56:11";2018;2;"Eleição Ordinária";1;297;"ELEIÇÕES GERAIS ESTADUAIS 2018";"07/10/2018";"E";"RO";"RO";"RONDÔNIA";604;"MINISTRO ANDREAZZA";11;3;"Governador";220000622271;50;"NASCIMENTO ANTONIO DA SILVA";"PIMENTA DE RONDONIA";"#NULO#";12;"APTO";2;"DEFERIDO";-3;"#NE";-3;"#NE";-3;"#NE";"COLIGAÇÃO";50;"PSOL";"Partido Socialismo e Liberdade";-1;"#NULO#";"#NULO#";"#NULO#";220000050591;"SEM MEDO DE SER FELIZ";"PT / PSOL";"N";222;"Válido";222;4;"NÃO ELEITO"
"13/11/2024";"10:56:11";2018;2;"Eleição Ordinária";1;297;"ELEIÇÕES GERAIS ESTADUAIS 2018";"07/10/2018";"E";"RO";"RO";"RONDÔNIA";795;"SÃO FRANCISCO DO GUAPORÉ";5;3;"Governador";220000622271;50;"NASCIMENTO ANTONIO DA SILVA";"PIMENTA DE RONDONIA";"#NULO#";12;"APTO";2;"DEFERIDO";-3;"#NE";-3;"#NE";-3;"#NE";"COLIGAÇÃO";50;"PSOL";"Partido Socialismo e Liberdade";-1;"#NULO#";"#NULO#";"#NULO#";220000050591;"SEM MEDO DE SER FELIZ";"PT / PSOL";"N";294;"Válido";294;4;"NÃO ELEITO"
"13/11/2024";"10:56:11";2018;2;"Eleição Ordinária";1;297;"ELEIÇÕES GERAIS ESTADUAIS 2018";"07/10/2018";"E";"RO";"RO";"RONDÔNIA";396;"MACHADINHO D OESTE";32;3;"Governador";220000622271;50;"NASCIMENTO ANTONIO DA SILVA";"PIMENTA DE RONDONIA";"#NULO#";12;"APTO";2;"DEFERIDO";-3;"#NE";-3;"#NE";-3;"#NE";"COLIGAÇÃO";50;"PSOL";"Partido Socialismo e Liberdade";-1;"#NULO#";"#NULO#";"#NULO#";220000050591;"SEM MEDO DE SER FELIZ";"PT / PSOL";"N";434;"Válido";434;4;"NÃO ELEITO"
"13/11/2024";"10:56:11";2018;2;"Eleição Ordinária";1;297;"ELEIÇÕES GERAIS ESTADUAIS 2018";"07/10/2018";"E";"RO";"RO";"RONDÔNIA";698;"VALE DO ANARI";32;5;"Senador";220000604628;111;"CARLOS MAGNO RAMOS";"CARLOS MAGNO";"#NULO#";12;"APTO";2;"DEFERIDO";-3;"#NE";-3;"#NE";-3;"#NE";"COLIGAÇÃO";11;"PP";"Partido Progressista";-1;"#NULO#";"#NULO#";"#NULO#";220000050134;"JUNTOS POR UM NOVO TEMPO PARA RONDONIA";"PDT / PSB / PTB / DC / PP / PR / SOLIDARIEDADE / PTC / PT";"N";1729;"Válido";1729;4;"NÃO ELEITO"
"13/11/2024";"10:56:11";2018;2;"Eleição Ordinária";1;297;"ELEIÇÕES GERAIS ESTADUAIS 2018";"07/10/2018";"E";"RO";"RO";"RONDÔNIA";795;"SÃO FRANCISCO DO GUAPORÉ";5;5;"Senador";220000604628;111;"CARLOS MAGNO RAMOS";"CARLOS MAGNO";"#NULO#";12;"APTO";2;"DEFERIDO";-3;"#NE";-3;"#NE";-3;"#NE";"COLIGAÇÃO";11;"PP";"Partido Progressista";-1;"#NULO#";"#NULO#";"#NULO#";220000050134;"JUNTOS POR UM NOVO TEMPO PARA RONDONIA";"PDT / PSB / PTB / DC / PP / PR / SOLIDARIEDADE / PTC / PT";"N";1144;"Válido";1144;4;"NÃO ELEITO"
"13/11/2024";"10:56:11";2018;2;"Eleição Ordinária";1;297;"ELEIÇÕES GERAIS ESTADUAIS 2018";"07/10/2018";"E";"RO";"RO";"RONDÔNIA";531;"CASTANHEIRAS";15;5;"Senador";220000604628;111;"CARLOS MAGNO RAMOS";"CARLOS MAGNO";"#NULO#";12;"APTO";2;"DEFERIDO";-3;"#NE";-3;"#NE";-3;"#NE";"COLIGAÇÃO";11;"PP";"Partido Progressista";-1;"#NULO#";"#NULO#";"#NULO#";220000050134;"JUNTOS POR UM NOVO TEMPO PARA RONDONIA";"PDT / PSB / PTB / DC / PP / PR / SOLIDARIEDADE / PTC / PT";"N";596;"Válido";596;4;"NÃO ELEITO"
"13/11/2024";"10:56:11";2018;2;"Eleição Ordinária";1;297;"ELEIÇÕES GERAIS ESTADUAIS 2018";"07/10/2018";"E";"RO";"RO";"RONDÔNIA";604;"MINISTRO ANDREAZZA";11;5;"Senador";220000604628;111;"CARLOS MAGNO RAMOS";"CARLOS MAGNO";"#NULO#";12;"APTO";2;"DEFERIDO";-3;"#NE";-3;"#NE";-3;"#NE";"COLIGAÇÃO";11;"PP";"Partido Progressista";-1;"#NULO#";"#NULO#";"#NULO#";220000050134;"JUNTOS POR UM NOVO TEMPO PARA RONDONIA";"PDT / PSB / PTB / DC / PP / PR / SOLIDARIEDADE / PTC / PT";"N";518;"Válido";518;4;"NÃO ELEITO"
"13/11/2024";"10:56:11";2018;2;"Eleição Ordinária";1;297;"ELEIÇÕES GERAIS ESTADUAIS 2018";"07/10/2018";"E";"RO";"RO";"RONDÔNIA";396;"MACHADINHO D OESTE";32;5;"Senador";220000604628;111;"CARLOS MAGNO RAMOS";"CARLOS MAGNO";"#NULO#";12;"APTO";2;"DEFERIDO";-3;"#NE";-3;"#NE";-3;"#NE";"COLIGAÇÃO";11;"PP";"Partido Progressista";-1;"#NULO#";"#NULO#";"#NULO#";220000050134;"JUNTOS POR UM NOVO TEMPO PARA RONDONIA";"PDT / PSB / PTB / DC / PP / PR / SOLIDARIEDADE / PTC / PT";"N";4558;"Válido";4558;4;"NÃO ELEITO"
"13/11/2024";"10:56:11";2018;2;"Eleição Ordinária";1;297;"ELEIÇÕES GERAIS ESTADUAIS 2018";"07/10/2018";"E";"RO";"RO";"RONDÔNIA";230;"COLORADO DO OESTE";8;5;"Senador";220000600266;300;"FABRICIO GRISI MÉDICI JURADO";"FABRICIO JURADO";"#NULO#";12;"APTO";2;"DEFERIDO";-3;"#NE";-3;"#NE";-3;"#NE";"PARTIDO ISOLADO";30;"NOVO";"Partido Novo";-1;"#NULO#";"#NULO#";"#NULO#";220000050014;"PARTIDO ISOLADO";"NOVO";"N";268;"Válido";268;4;"NÃO ELEITO"
"13/11/2024";"10:56:11";2018;2;"Eleição Ordinária";1;297;"ELEIÇÕES GERAIS ESTADUAIS 2018";"07/10/2018";"E";"RO";"RO";"RONDÔNIA";353;"SANTA LUZIA D OESTE";19;5;"Senador";220000604628;111;"CARLOS MAGNO RAMOS";"CARLOS MAGNO";"#NULO#";12;"APTO";2;"DEFERIDO";-3;"#NE";-3;"#NE";-3;"#NE";"COLIGAÇÃO";11;"PP";"Partido Progressista";-1;"#NULO#";"#NULO#";"#NULO#";220000050134;"JUNTOS POR UM NOVO TEMPO PARA RONDONIA";"PDT / PSB / PTB / DC / PP / PR / SOLIDARIEDADE / PTC / PT";"N";1129;"Válido";1129;4;"NÃO ELEITO"
"13/11/2024";"10:56:11";2018;2;"Eleição Ordinária";1;297;"ELEIÇÕES GERAIS ESTADUAIS 2018";"07/10/2018";"E";"RO";"RO";"RONDÔNIA";256;"ESPIGÃO DO OESTE";12;5;"Senador";220000604628;111;"CARLOS MAGNO RAMOS";"CARLOS MAGNO";"#NULO#";12;"APTO";2;"DEFERIDO";-3;"#NE";-3;"#NE";-3;"#NE";"COLIGAÇÃO";11;"PP";"Partido Progressista";-1;"#NULO#";"#NULO#";"#NULO#";220000050134;"JUNTOS POR UM NOVO TEMPO PARA RONDONIA";"PDT / PSB / PTB / DC / PP / PR / SOLIDARIEDADE / PTC / PT";"N";4573;"Válido";4573;4;"NÃO ELEITO"
"13/11/2024";"10:56:11";2018;2;"Eleição Ordinária";1;297;"ELEIÇÕES GERAIS ESTADUAIS 2018";"07/10/2018";"E";"RO";"RO";"RONDÔNIA";175;"OURO PRETO DO OESTE";13;5;"Senador";220000604628;111;"CARLOS MAGNO RAMOS";"CARLOS MAGNO";"#NULO#";12;"APTO";2;"DEFERIDO";-3;"#NE";-3;"#NE";-3;"#NE";"COLIGAÇÃO";11;"PP";"Partido Progressista";-1;"#NULO#";"#NULO#";"#NULO#";220000050134;"JUNTOS POR UM NOVO TEMPO PARA RONDONIA";"PDT / PSB / PTB / DC / PP / PR / SOLIDARIEDADE / PTC / PT";"N";8671;"Válido";8671;4;"NÃO ELEITO"
"13/11/2024";"10:56:11";2018;2;"Eleição Ordinária";1;297;"ELEIÇÕES GERAIS ESTADUAIS 2018";"07/10/2018";"E";"RO";"RO";"RONDÔNIA";213;"COSTA MARQUES";5;5;"Senador";220000604628;111;"CARLOS MAGNO RAMOS";"CARLOS MAGNO";"#NULO#";12;"APTO";2;"DEFERIDO";-3;"#NE";-3;"#NE";-3;"#NE";"COLIGAÇÃO";11;"PP";"Partido Progressista";-1;"#NULO#";"#NULO#";"#NULO#";220000050134;"JUNTOS POR UM NOVO TEMPO PARA RONDONIA";"PDT / PSB / PTB / DC / PP / PR / SOLIDARIEDADE / PTC / PT";"N";1388;"Válido";1388;4;"NÃO ELEITO"
"13/11/2024";"10:56:11";2018;2;"Eleição Ordinária";1;297;"ELEIÇÕES GERAIS ESTADUAIS 2018";"07/10/2018";"E";"RO";"RO";"RONDÔNIA";663;"MONTE NEGRO";25;5;"Senador";220000604628;111;"CARLOS MAGNO RAMOS";"CARLOS MAGNO";"#NULO#";12;"APTO";2;"DEFERIDO";-3;"#NE";-3;"#NE";-3;"#NE";"COLIGAÇÃO";11;"PP";"Partido Progressista";-1;"#NULO#";"#NULO#";"#NULO#";220000050134;"JUNTOS POR UM NOVO TEMPO PARA RONDONIA";"PDT / PSB / PTB / DC / PP / PR / SOLIDARIEDADE / PTC / PT";"N";2032;"Válido";2032;4;"NÃO ELEITO"
"13/11/2024";"10:56:11";2018;2;"Eleição Ordinária";1;297;"ELEIÇÕES GERAIS ESTADUAIS 2018";"07/10/2018";"E";"RO";"RO";"RONDÔNIA";19;"GUAJARÁ-MIRIM";1;5;"Senador";220000604628;111;"CARLOS MAGNO RAMOS";"CARLOS MAGNO";"#NULO#";12;"APTO";2;"DEFERIDO";-3;"#NE";-3;"#NE";-3;"#NE";"COLIGAÇÃO";11;"PP";"Partido Progressista";-1;"#NULO#";"#NULO#";"#NULO#";220000050134;"JUNTOS POR UM NOVO TEMPO PARA RONDONIA";"PDT / PSB / PTB / DC / PP / PR / SOLIDARIEDADE / PTC / PT";"N";2672;"Válido";2672;4;"NÃO ELEITO"
"13/11/2024";"10:56:11";2018;2;"Eleição Ordinária";1;297;"ELEIÇÕES GERAIS ESTADUAIS 2018";"07/10/2018";"E";"RO";"RO";"RONDÔNIA";191;"PRESIDENTE MÉDICI";3;5;"Senador";220000604628;111;"CARLOS MAGNO RAMOS";"CARLOS MAGNO";"#NULO#";12;"APTO";2;"DEFERIDO";-3;"#NE";-3;"#NE";-3;"#NE";"COLIGAÇÃO";11;"PP";"Partido Progressista";-1;"#NULO#";"#NULO#";"#NULO#";220000050134;"JUNTOS POR UM NOVO TEMPO PARA RONDONIA";"PDT / PSB / PTB / DC / PP / PR / SOLIDARIEDADE / PTC / PT";"N";2166;"Válido";2166;4;"NÃO ELEITO"
"13/11/2024";"10:56:11";2018;2;"Eleição Ordinária";1;297;"ELEIÇÕES GERAIS ESTADUAIS 2018";"07/10/2018";"E";"RO";"RO";"RONDÔNIA";299;"ROLIM DE MOURA";29;5;"Senador";220000604628;111;"CARLOS MAGNO RAMOS";"CARLOS MAGNO";"#NULO#";12;"APTO";2;"DEFERIDO";-3;"#NE";-3;"#NE";-3;"#NE";"COLIGAÇÃO";11;"PP";"Partido Progressista";-1;"#NULO#";"#NULO#";"#NULO#";220000050134;"JUNTOS POR UM NOVO TEMPO PARA RONDONIA";"PDT / PSB / PTB / DC / PP / PR / SOLIDARIEDADE / PTC / PT";"N";4457;"Válido";4457;4;"NÃO ELEITO"
"13/11/2024";"10:56:11";2018;2;"Eleição Ordinária";1;297;"ELEIÇÕES GERAIS ESTADUAIS 2018";"07/10/2018";"E";"RO";"RO";"RONDÔNIA";590;"THEOBROMA";27;5;"Senador";220000604628;111;"CARLOS MAGNO RAMOS";"CARLOS MAGNO";"#NULO#";12;"APTO";2;"DEFERIDO";-3;"#NE";-3;"#NE";-3;"#NE";"COLIGAÇÃO";11;"PP";"Partido Progressista";-1;"#NULO#";"#NULO#";"#NULO#";220000050134;"JUNTOS POR UM NOVO TEMPO PARA RONDONIA";"PDT / PSB / PTB / DC / PP / PR / SOLIDARIEDADE / PTC / PT";"N";2624;"Válido";2624;4;"NÃO ELEITO"
"13/11/2024";"10:56:11";2018;2;"Eleição Ordinária";1;297;"ELEIÇÕES GERAIS ESTADUAIS 2018";"07/10/2018";"E";"RO";"RO";"RONDÔNIA";337;"ALVORADA DO OESTE";18;5;"Senador";220000604628;111;"CARLOS MAGNO RAMOS";"CARLOS MAGNO";"#NULO#";12;"APTO";2;"DEFERIDO";-3;"#NE";-3;"#NE";-3;"#NE";"COLIGAÇÃO";11;"PP";"Partido Progressista";-1;"#NULO#";"#NULO#";"#NULO#";220000050134;"JUNTOS POR UM NOVO TEMPO PARA RONDONIA";"PDT / PSB / PTB / DC / PP / PR / SOLIDARIEDADE / PTC / PT";"N";1479;"Válido";1479;4;"NÃO ELEITO"
"13/11/2024";"10:56:11";2018;2;"Eleição Ordinária";1;297;"ELEIÇÕES GERAIS ESTADUAIS 2018";"07/10/2018";"E";"RO";"RO";"RONDÔNIA";558;"VALE DO PARAÍSO";28;5;"Senador";220000604628;111;"CARLOS MAGNO RAMOS";"CARLOS MAGNO";"#NULO#";12;"APTO";2;"DEFERIDO";-3;"#NE";-3;"#NE";-3;"#NE";"COLIGAÇÃO";11;"PP";"Partido Progressista";-1;"#NULO#";"#NULO#";"#NULO#";220000050134;"JUNTOS POR UM NOVO TEMPO PARA RONDONIA";"PDT / PSB / PTB / DC / PP / PR / SOLIDARIEDADE / PTC / PT";"N";1548;"Válido";1548;4;"NÃO ELEITO"
"13/11/2024";"10:56:11";2018;2;"Eleição Ordinária";1;297;"ELEIÇÕES GERAIS ESTADUAIS 2018";"07/10/2018";"E";"RO";"RO";"RONDÔNIA";728;"PRIMAVERA DE RONDÔNIA";9;5;"Senador";220000604628;111;"CARLOS MAGNO RAMOS";"CARLOS MAGNO";"#NULO#";12;"APTO";2;"DEFERIDO";-3;"#NE";-3;"#NE";-3;"#NE";"COLIGAÇÃO";11;"PP";"Partido Progressista";-1;"#NULO#";"#NULO#";"#NULO#";220000050134;"JUNTOS POR UM NOVO TEMPO PARA RONDONIA";"PDT / PSB / PTB / DC / PP / PR / SOLIDARIEDADE / PTC / PT";"N";417;"Válido";417;4;"NÃO ELEITO"
"13/11/2024";"10:56:11";2018;2;"Eleição Ordinária";1;297;"ELEIÇÕES GERAIS ESTADUAIS 2018";"07/10/2018";"E";"RO";"RO";"RONDÔNIA";310;"ALTA FLORESTA D OESTE";17;5;"Senador";220000604628;111;"CARLOS MAGNO RAMOS";"CARLOS MAGNO";"#NULO#";12;"APTO";2;"DEFERIDO";-3;"#NE";-3;"#NE";-3;"#NE";"COLIGAÇÃO";11;"PP";"Partido Progressista";-1;"#NULO#";"#NULO#";"#NULO#";220000050134;"JUNTOS POR UM NOVO TEMPO PARA RONDONIA";"PDT / PSB / PTB / DC / PP / PR / SOLIDARIEDADE / PTC / PT";"N";3318;"Válido";3318;4;"NÃO ELEITO"
"13/11/2024";"10:56:11";2018;2;"Eleição Ordinária";1;297;"ELEIÇÕES GERAIS ESTADUAIS 2018";"07/10/2018";"E";"RO";"RO";"RONDÔNIA";566;"URUPÁ";18;5;"Senador";220000604628;111;"CARLOS MAGNO RAMOS";"CARLOS MAGNO";"#NULO#";12;"APTO";2;"DEFERIDO";-3;"#NE";-3;"#NE";-3;"#NE";"COLIGAÇÃO";11;"PP";"Partido Progressista";-1;"#NULO#";"#NULO#";"#NULO#";220000050134;"JUNTOS POR UM NOVO TEMPO PARA RONDONIA";"PDT / PSB / PTB / DC / PP / PR / SOLIDARIEDADE / PTC / PT";"N";1694;"Válido";1694;4;"NÃO ELEITO"
"13/11/2024";"10:56:11";2018;2;"Eleição Ordinária";1;297;"ELEIÇÕES GERAIS ESTADUAIS 2018";"07/10/2018";"E";"RO";"RO";"RONDÔNIA";809;"CHUPINGUAIA";8;5;"Senador";220000604628;111;"CARLOS MAGNO RAMOS";"CARLOS MAGNO";"#NULO#";12;"APTO";2;"DEFERIDO";-3;"#NE";-3;"#NE";-3;"#NE";"COLIGAÇÃO";11;"PP";"Partido Progressista";-1;"#NULO#";"#NULO#";"#NULO#";220000050134;"JUNTOS POR UM NOVO TEMPO PARA RONDONIA";"PDT / PSB / PTB / DC / PP / PR / SOLIDARIEDADE / PTC / PT";"N";848;"Válido";848;4;"NÃO ELEITO"
"13/11/2024";"10:56:11";2018;2;"Eleição Ordinária";1;297;"ELEIÇÕES GERAIS ESTADUAIS 2018";"07/10/2018";"E";"RO";"RO";"RONDÔNIA";78;"ARIQUEMES";7;5;"Senador";220000604628;111;"CARLOS MAGNO RAMOS";"CARLOS MAGNO";"#NULO#";12;"APTO";2;"DEFERIDO";-3;"#NE";-3;"#NE";-3;"#NE";"COLIGAÇÃO";11;"PP";"Partido Progressista";-1;"#NULO#";"#NULO#";"#NULO#";220000050134;"JUNTOS POR UM NOVO TEMPO PARA RONDONIA";"PDT / PSB / PTB / DC / PP / PR / SOLIDARIEDADE / PTC / PT";"N";7799;"Válido";7799;4;"NÃO ELEITO"
"13/11/2024";"10:56:11";2018;2;"Eleição Ordinária";1;297;"ELEIÇÕES GERAIS ESTADUAIS 2018";"07/10/2018";"E";"RO";"RO";"RONDÔNIA";132;"VILHENA";4;5;"Senador";220000604628;111;"CARLOS MAGNO RAMOS";"CARLOS MAGNO";"#NULO#";12;"APTO";2;"DEFERIDO";-3;"#NE";-3;"#NE";-3;"#NE";"COLIGAÇÃO";11;"PP";"Partido Progressista";-1;"#NULO#";"#NULO#";"#NULO#";220000050134;"JUNTOS POR UM NOVO TEMPO PARA RONDONIA";"PDT / PSB / PTB / DC / PP / PR / SOLIDARIEDADE / PTC / PT";"N";5191;"Válido";5191;4;"NÃO ELEITO"
"13/11/2024";"10:56:11";2018;2;"Eleição Ordinária";1;297;"ELEIÇÕES GERAIS ESTADUAIS 2018";"07/10/2018";"E";"RO";"RO";"RONDÔNIA";159;"JARU";10;5;"Senador";220000600266;300;"FABRICIO GRISI MÉDICI JURADO";"FABRICIO JURADO";"#NULO#";12;"APTO";2;"DEFERIDO";-3;"#NE";-3;"#NE";-3;"#NE";"PARTIDO ISOLADO";30;"NOVO";"Partido Novo";-1;"#NULO#";"#NULO#";"#NULO#";220000050014;"PARTIDO ISOLADO";"NOVO";"N";1499;"Válido";1499;4;"NÃO ELEITO"
"13/11/2024";"10:56:11";2018;2;"Eleição Ordinária";1;297;"ELEIÇÕES GERAIS ESTADUAIS 2018";"07/10/2018";"E";"RO";"RO";"RONDÔNIA";710;"SÃO FELIPE D OESTE";19;5;"Senador";220000604628;111;"CARLOS MAGNO RAMOS";"CARLOS MAGNO";"#NULO#";12;"APTO";2;"DEFERIDO";-3;"#NE";-3;"#NE";-3;"#NE";"COLIGAÇÃO";11;"PP";"Partido Progressista";-1;"#NULO#";"#NULO#";"#NULO#";220000050134;"JUNTOS POR UM NOVO TEMPO PARA RONDONIA";"PDT / PSB / PTB / DC / PP / PR / SOLIDARIEDADE / PTC / PT";"N";562;"Válido";562;4;"NÃO ELEITO"
"13/11/2024";"10:56:11";2018;2;"Eleição Ordinária";1;297;"ELEIÇÕES GERAIS ESTADUAIS 2018";"07/10/2018";"E";"RO";"RO";"RONDÔNIA";574;"MIRANTE DA SERRA";28;5;"Senador";220000600266;300;"FABRICIO GRISI MÉDICI JURADO";"FABRICIO JURADO";"#NULO#";12;"APTO";2;"DEFERIDO";-3;"#NE";-3;"#NE";-3;"#NE";"PARTIDO ISOLADO";30;"NOVO";"Partido Novo";-1;"#NULO#";"#NULO#";"#NULO#";220000050014;"PARTIDO ISOLADO";"NOVO";"N";131;"Válido";131;4;"NÃO ELEITO"
"13/11/2024";"10:56:11";2018;2;"Eleição Ordinária";1;297;"ELEIÇÕES GERAIS ESTADUAIS 2018";"07/10/2018";"E";"RO";"RO";"RONDÔNIA";35;"PORTO VELHO";2;5;"Senador";220000604628;111;"CARLOS MAGNO RAMOS";"CARLOS MAGNO";"#NULO#";12;"APTO";2;"DEFERIDO";-3;"#NE";-3;"#NE";-3;"#NE";"COLIGAÇÃO";11;"PP";"Partido Progressista";-1;"#NULO#";"#NULO#";"#NULO#";220000050134;"JUNTOS POR UM NOVO TEMPO PARA RONDONIA";"PDT / PSB / PTB / DC / PP / PR / SOLIDARIEDADE / PTC / PT";"N";7022;"Válido";7022;4;"NÃO ELEITO"
"13/11/2024";"10:56:11";2018;2;"Eleição Ordinária";1;297;"ELEIÇÕES GERAIS ESTADUAIS 2018";"07/10/2018";"E";"RO";"RO";"RONDÔNIA";35;"PORTO VELHO";21;5;"Senador";220000604628;111;"CARLOS MAGNO RAMOS";"CARLOS MAGNO";"#NULO#";12;"APTO";2;"DEFERIDO";-3;"#NE";-3;"#NE";-3;"#NE";"COLIGAÇÃO";11;"PP";"Partido Progressista";-1;"#NULO#";"#NULO#";"#NULO#";220000050134;"JUNTOS POR UM NOVO TEMPO PARA RONDONIA";"PDT / PSB / PTB / DC / PP / PR / SOLIDARIEDADE / PTC / PT";"N";4535;"Válido";4535;4;"NÃO ELEITO"
"13/11/2024";"10:56:11";2018;2;"Eleição Ordinária";1;297;"ELEIÇÕES GERAIS ESTADUAIS 2018";"07/10/2018";"E";"RO";"RO";"RONDÔNIA";35;"PORTO VELHO";20;5;"Senador";220000604628;111;"CARLOS MAGNO RAMOS";"CARLOS MAGNO";"#NULO#";12;"APTO";2;"DEFERIDO";-3;"#NE";-3;"#NE";-3;"#NE";"COLIGAÇÃO";11;"PP";"Partido Progressista";-1;"#NULO#";"#NULO#";"#NULO#";220000050134;"JUNTOS POR UM NOVO TEMPO PARA RONDONIA";"PDT / PSB / PTB / DC / PP / PR / SOLIDARIEDADE / PTC / PT";"N";6709;"Válido";6709;4;"NÃO ELEITO"
"13/11/2024";"10:56:11";2018;2;"Eleição Ordinária";1;297;"ELEIÇÕES GERAIS ESTADUAIS 2018";"07/10/2018";"E";"RO";"RO";"RONDÔNIA";35;"PORTO VELHO";6;5;"Senador";220000604628;111;"CARLOS MAGNO RAMOS";"CARLOS MAGNO";"#NULO#";12;"APTO";2;"DEFERIDO";-3;"#NE";-3;"#NE";-3;"#NE";"COLIGAÇÃO";11;"PP";"Partido Progressista";-1;"#NULO#";"#NULO#";"#NULO#";220000050134;"JUNTOS POR UM NOVO TEMPO PARA RONDONIA";"PDT / PSB / PTB / DC / PP / PR / SOLIDARIEDADE / PTC / PT";"N";9962;"Válido";9962;4;"NÃO ELEITO"
"13/11/2024";"10:56:11";2018;2;"Eleição Ordinária";1;297;"ELEIÇÕES GERAIS ESTADUAIS 2018";"07/10/2018";"E";"RO";"RO";"RONDÔNIA";736;"ALTO ALEGRE DOS PARECIS";19;5;"Senador";220000604628;111;"CARLOS MAGNO RAMOS";"CARLOS MAGNO";"#NULO#";12;"APTO";2;"DEFERIDO";-3;"#NE";-3;"#NE";-3;"#NE";"COLIGAÇÃO";11;"PP";"Partido Progressista";-1;"#NULO#";"#NULO#";"#NULO#";220000050134;"JUNTOS POR UM NOVO TEMPO PARA RONDONIA";"PDT / PSB / PTB / DC / PP / PR / SOLIDARIEDADE / PTC / PT";"N";1923;"Válido";1923;4;"NÃO ELEITO"
"13/11/2024";"10:56:11";2018;2;"Eleição Ordinária";1;297;"ELEIÇÕES GERAIS ESTADUAIS 2018";"07/10/2018";"E";"RO";"RO";"RONDÔNIA";779;"BURITIS";34;5;"Senador";220000600266;300;"FABRICIO GRISI MÉDICI JURADO";"FABRICIO JURADO";"#NULO#";12;"APTO";2;"DEFERIDO";-3;"#NE";-3;"#NE";-3;"#NE";"PARTIDO ISOLADO";30;"NOVO";"Partido Novo";-1;"#NULO#";"#NULO#";"#NULO#";220000050014;"PARTIDO ISOLADO";"NOVO";"N";292;"Válido";292;4;"NÃO ELEITO"
"13/11/2024";"10:56:11";2018;2;"Eleição Ordinária";1;297;"ELEIÇÕES GERAIS ESTADUAIS 2018";"07/10/2018";"E";"RO";"RO";"RONDÔNIA";671;"CAMPO NOVO DE RONDÔNIA";34;5;"Senador";220000600266;300;"FABRICIO GRISI MÉDICI JURADO";"FABRICIO JURADO";"#NULO#";12;"APTO";2;"DEFERIDO";-3;"#NE";-3;"#NE";-3;"#NE";"PARTIDO ISOLADO";30;"NOVO";"Partido Novo";-1;"#NULO#";"#NULO#";"#NULO#";220000050014;"PARTIDO ISOLADO";"NOVO";"N";46;"Válido";46;4;"NÃO ELEITO"
"13/11/2024";"10:56:11";2018;2;"Eleição Ordinária";1;297;"ELEIÇÕES GERAIS ESTADUAIS 2018";"07/10/2018";"E";"RO";"RO";"RONDÔNIA";230;"COLORADO DO OESTE";8;3;"Governador";220000622271;50;"NASCIMENTO ANTONIO DA SILVA";"PIMENTA DE RONDONIA";"#NULO#";12;"APTO";2;"DEFERIDO";-3;"#NE";-3;"#NE";-3;"#NE";"COLIGAÇÃO";50;"PSOL";"Partido Socialismo e Liberdade";-1;"#NULO#";"#NULO#";"#NULO#";220000050591;"SEM MEDO DE SER FELIZ";"PT / PSOL";"N";473;"Válido";473;4;"NÃO ELEITO"
"13/11/2024";"10:56:11";2018;2;"Eleição Ordinária";1;297;"ELEIÇÕES GERAIS ESTADUAIS 2018";"07/10/2018";"E";"RO";"RO";"RONDÔNIA";159;"JARU";10;3;"Governador";220000622271;50;"NASCIMENTO ANTONIO DA SILVA";"PIMENTA DE RONDONIA";"#NULO#";12;"APTO";2;"DEFERIDO";-3;"#NE";-3;"#NE";-3;"#NE";"COLIGAÇÃO";50;"PSOL";"Partido Socialismo e Liberdade";-1;"#NULO#";"#NULO#";"#NULO#";220000050591;"SEM MEDO DE SER FELIZ";"PT / PSOL";"N";1419;"Válido";1419;4;"NÃO ELEITO"
"13/11/2024";"10:56:11";2018;2;"Eleição Ordinária";1;297;"ELEIÇÕES GERAIS ESTADUAIS 2018";"07/10/2018";"E";"RO";"RO";"RONDÔNIA";78;"ARIQUEMES";7;3;"Governador";220000622271;50;"NASCIMENTO ANTONIO DA SILVA";"PIMENTA DE RONDONIA";"#NULO#";12;"APTO";2;"DEFERIDO";-3;"#NE";-3;"#NE";-3;"#NE";"COLIGAÇÃO";50;"PSOL";"Partido Socialismo e Liberdade";-1;"#NULO#";"#NULO#";"#NULO#";220000050591;"SEM MEDO DE SER FELIZ";"PT / PSOL";"N";1827;"Válido";1827;4;"NÃO ELEITO"
"13/11/2024";"10:56:11";2018;2;"Eleição Ordinária";1;297;"ELEIÇÕES GERAIS ESTADUAIS 2018";"07/10/2018";"E";"RO";"RO";"RONDÔNIA";132;"VILHENA";4;3;"Governador";220000622271;50;"NASCIMENTO ANTONIO DA SILVA";"PIMENTA DE RONDONIA";"#NULO#";12;"APTO";2;"DEFERIDO";-3;"#NE";-3;"#NE";-3;"#NE";"COLIGAÇÃO";50;"PSOL";"Partido Socialismo e Liberdade";-1;"#NULO#";"#NULO#";"#NULO#";220000050591;"SEM MEDO DE SER FELIZ";"PT / PSOL";"N";1110;"Válido";1110;4;"NÃO ELEITO"
"13/11/2024";"10:56:11";2018;2;"Eleição Ordinária";1;297;"ELEIÇÕES GERAIS ESTADUAIS 2018";"07/10/2018";"E";"RO";"RO";"RONDÔNIA";787;"PIMENTEIRAS DO OESTE";16;5;"Senador";220000600266;300;"FABRICIO GRISI MÉDICI JURADO";"FABRICIO JURADO";"#NULO#";12;"APTO";2;"DEFERIDO";-3;"#NE";-3;"#NE";-3;"#NE";"PARTIDO ISOLADO";30;"NOVO";"Partido Novo";-1;"#NULO#";"#NULO#";"#NULO#";220000050014;"PARTIDO ISOLADO";"NOVO";"N";11;"Válido";11;4;"NÃO ELEITO"
"13/11/2024";"10:56:11";2018;2;"Eleição Ordinária";1;297;"ELEIÇÕES GERAIS ESTADUAIS 2018";"07/10/2018";"E";"RO";"RO";"RONDÔNIA";450;"CABIXI";8;5;"Senador";220000600266;300;"FABRICIO GRISI MÉDICI JURADO";"FABRICIO JURADO";"#NULO#";12;"APTO";2;"DEFERIDO";-3;"#NE";-3;"#NE";-3;"#NE";"PARTIDO ISOLADO";30;"NOVO";"Partido Novo";-1;"#NULO#";"#NULO#";"#NULO#";220000050014;"PARTIDO ISOLADO";"NOVO";"N";74;"Válido";74;4;"NÃO ELEITO"
"13/11/2024";"10:56:11";2018;2;"Eleição Ordinária";1;297;"ELEIÇÕES GERAIS ESTADUAIS 2018";"07/10/2018";"E";"RO";"RO";"RONDÔNIA";51;"JI-PARANÁ";30;5;"Senador";220000600266;300;"FABRICIO GRISI MÉDICI JURADO";"FABRICIO JURADO";"#NULO#";12;"APTO";2;"DEFERIDO";-3;"#NE";-3;"#NE";-3;"#NE";"PARTIDO ISOLADO";30;"NOVO";"Partido Novo";-1;"#NULO#";"#NULO#";"#NULO#";220000050014;"PARTIDO ISOLADO";"NOVO";"N";1265;"Válido";1265;4;"NÃO ELEITO"
"13/11/2024";"10:56:11";2018;2;"Eleição Ordinária";1;297;"ELEIÇÕES GERAIS ESTADUAIS 2018";"07/10/2018";"E";"RO";"RO";"RONDÔNIA";744;"NOVA UNIÃO";28;5;"Senador";220000600266;300;"FABRICIO GRISI MÉDICI JURADO";"FABRICIO JURADO";"#NULO#";12;"APTO";2;"DEFERIDO";-3;"#NE";-3;"#NE";-3;"#NE";"PARTIDO ISOLADO";30;"NOVO";"Partido Novo";-1;"#NULO#";"#NULO#";"#NULO#";220000050014;"PARTIDO ISOLADO";"NOVO";"N";69;"Válido";69;4;"NÃO ELEITO"
"13/11/2024";"10:56:11";2018;2;"Eleição Ordinária";1;297;"ELEIÇÕES GERAIS ESTADUAIS 2018";"07/10/2018";"E";"RO";"RO";"RONDÔNIA";582;"SERINGUEIRAS";35;5;"Senador";220000600266;300;"FABRICIO GRISI MÉDICI JURADO";"FABRICIO JURADO";"#NULO#";12;"APTO";2;"DEFERIDO";-3;"#NE";-3;"#NE";-3;"#NE";"PARTIDO ISOLADO";30;"NOVO";"Partido Novo";-1;"#NULO#";"#NULO#";"#NULO#";220000050014;"PARTIDO ISOLADO";"NOVO";"N";60;"Válido";60;4;"NÃO ELEITO"
"13/11/2024";"10:56:11";2018;2;"Eleição Ordinária";1;297;"ELEIÇÕES GERAIS ESTADUAIS 2018";"07/10/2018";"E";"RO";"RO";"RONDÔNIA";272;"CEREJEIRAS";16;5;"Senador";220000600266;300;"FABRICIO GRISI MÉDICI JURADO";"FABRICIO JURADO";"#NULO#";12;"APTO";2;"DEFERIDO";-3;"#NE";-3;"#NE";-3;"#NE";"PARTIDO ISOLADO";30;"NOVO";"Partido Novo";-1;"#NULO#";"#NULO#";"#NULO#";220000050014;"PARTIDO ISOLADO";"NOVO";"N";199;"Válido";199;4;"NÃO ELEITO"
"13/11/2024";"10:56:11";2018;2;"Eleição Ordinária";1;297;"ELEIÇÕES GERAIS ESTADUAIS 2018";"07/10/2018";"E";"RO";"RO";"RONDÔNIA";493;"ITAPUÃ DO OESTE";2;5;"Senador";220000600266;300;"FABRICIO GRISI MÉDICI JURADO";"FABRICIO JURADO";"#NULO#";12;"APTO";2;"DEFERIDO";-3;"#NE";-3;"#NE";-3;"#NE";"PARTIDO ISOLADO";30;"NOVO";"Partido Novo";-1;"#NULO#";"#NULO#";"#NULO#";220000050014;"PARTIDO ISOLADO";"NOVO";"N";71;"Válido";71;4;"NÃO ELEITO"
"13/11/2024";"10:56:11";2018;2;"Eleição Ordinária";1;297;"ELEIÇÕES GERAIS ESTADUAIS 2018";"07/10/2018";"E";"RO";"RO";"RONDÔNIA";434;"NOVA MAMORÉ";1;5;"Senador";220000600266;300;"FABRICIO GRISI MÉDICI JURADO";"FABRICIO JURADO";"#NULO#";12;"APTO";2;"DEFERIDO";-3;"#NE";-3;"#NE";-3;"#NE";"PARTIDO ISOLADO";30;"NOVO";"Partido Novo";-1;"#NULO#";"#NULO#";"#NULO#";220000050014;"PARTIDO ISOLADO";"NOVO";"N";198;"Válido";198;4;"NÃO ELEITO"
"13/11/2024";"10:56:11";2018;2;"Eleição Ordinária";1;297;"ELEIÇÕES GERAIS ESTADUAIS 2018";"07/10/2018";"E";"RO";"RO";"RONDÔNIA";51;"JI-PARANÁ";3;5;"Senador";220000600266;300;"FABRICIO GRISI MÉDICI JURADO";"FABRICIO JURADO";"#NULO#";12;"APTO";2;"DEFERIDO";-3;"#NE";-3;"#NE";-3;"#NE";"PARTIDO ISOLADO";30;"NOVO";"Partido Novo";-1;"#NULO#";"#NULO#";"#NULO#";220000050014;"PARTIDO ISOLADO";"NOVO";"N";562;"Válido";562;4;"NÃO ELEITO"
"13/11/2024";"10:56:11";2018;2;"Eleição Ordinária";1;297;"ELEIÇÕES GERAIS ESTADUAIS 2018";"07/10/2018";"E";"RO";"RO";"RONDÔNIA";418;"SÃO MIGUEL DO GUAPORÉ";35;5;"Senador";220000600266;300;"FABRICIO GRISI MÉDICI JURADO";"FABRICIO JURADO";"#NULO#";12;"APTO";2;"DEFERIDO";-3;"#NE";-3;"#NE";-3;"#NE";"PARTIDO ISOLADO";30;"NOVO";"Partido Novo";-1;"#NULO#";"#NULO#";"#NULO#";220000050014;"PARTIDO ISOLADO";"NOVO";"N";239;"Válido";239;4;"NÃO ELEITO"
"13/11/2024";"10:56:11";2018;2;"Eleição Ordinária";1;297;"ELEIÇÕES GERAIS ESTADUAIS 2018";"07/10/2018";"E";"RO";"RO";"RONDÔNIA";752;"TEIXEIRÓPOLIS";13;5;"Senador";220000600266;300;"FABRICIO GRISI MÉDICI JURADO";"FABRICIO JURADO";"#NULO#";12;"APTO";2;"DEFERIDO";-3;"#NE";-3;"#NE";-3;"#NE";"PARTIDO ISOLADO";30;"NOVO";"Partido Novo";-1;"#NULO#";"#NULO#";"#NULO#";220000050014;"PARTIDO ISOLADO";"NOVO";"N";27;"Válido";27;4;"NÃO ELEITO"
"13/11/2024";"10:56:11";2018;2;"Eleição Ordinária";1;297;"ELEIÇÕES GERAIS ESTADUAIS 2018";"07/10/2018";"E";"RO";"RO";"RONDÔNIA";710;"SÃO FELIPE D OESTE";19;3;"Governador";220000622271;50;"NASCIMENTO ANTONIO DA SILVA";"PIMENTA DE RONDONIA";"#NULO#";12;"APTO";2;"DEFERIDO";-3;"#NE";-3;"#NE";-3;"#NE";"COLIGAÇÃO";50;"PSOL";"Partido Socialismo e Liberdade";-1;"#NULO#";"#NULO#";"#NULO#";220000050591;"SEM MEDO DE SER FELIZ";"PT / PSOL";"N";152;"Válido";152;4;"NÃO ELEITO"
"13/11/2024";"10:56:11";2018;2;"Eleição Ordinária";1;297;"ELEIÇÕES GERAIS ESTADUAIS 2018";"07/10/2018";"E";"RO";"RO";"RONDÔNIA";35;"PORTO VELHO";20;3;"Governador";220000622271;50;"NASCIMENTO ANTONIO DA SILVA";"PIMENTA DE RONDONIA";"#NULO#";12;"APTO";2;"DEFERIDO";-3;"#NE";-3;"#NE";-3;"#NE";"COLIGAÇÃO";50;"PSOL";"Partido Socialismo e Liberdade";-1;"#NULO#";"#NULO#";"#NULO#";220000050591;"SEM MEDO DE SER FELIZ";"PT / PSOL";"N";3957;"Válido";3957;4;"NÃO ELEITO"
"13/11/2024";"10:56:11";2018;2;"Eleição Ordinária";1;297;"ELEIÇÕES GERAIS ESTADUAIS 2018";"07/10/2018";"E";"RO";"RO";"RONDÔNIA";35;"PORTO VELHO";21;3;"Governador";220000622271;50;"NASCIMENTO ANTONIO DA SILVA";"PIMENTA DE RONDONIA";"#NULO#";12;"APTO";2;"DEFERIDO";-3;"#NE";-3;"#NE";-3;"#NE";"COLIGAÇÃO";50;"PSOL";"Partido Socialismo e Liberdade";-1;"#NULO#";"#NULO#";"#NULO#";220000050591;"SEM MEDO DE SER FELIZ";"PT / PSOL";"N";3074;"Válido";3074;4;"NÃO ELEITO"
"13/11/2024";"10:56:11";2018;2;"Eleição Ordinária";1;297;"ELEIÇÕES GERAIS ESTADUAIS 2018";"07/10/2018";"E";"RO";"RO";"RONDÔNIA";35;"PORTO VELHO";6;3;"Governador";220000622271;50;"NASCIMENTO ANTONIO DA SILVA";"PIMENTA DE RONDONIA";"#NULO#";12;"APTO";2;"DEFERIDO";-3;"#NE";-3;"#NE";-3;"#NE";"COLIGAÇÃO";50;"PSOL";"Partido Socialismo e Liberdade";-1;"#NULO#";"#NULO#";"#NULO#";220000050591;"SEM MEDO DE SER FELIZ";"PT / PSOL";"N";2782;"Válido";2782;4;"NÃO ELEITO"
"13/11/2024";"10:56:11";2018;2;"Eleição Ordinária";1;297;"ELEIÇÕES GERAIS ESTADUAIS 2018";"07/10/2018";"E";"RO";"RO";"RONDÔNIA";35;"PORTO VELHO";2;3;"Governador";220000622271;50;"NASCIMENTO ANTONIO DA SILVA";"PIMENTA DE RONDONIA";"#NULO#";12;"APTO";2;"DEFERIDO";-3;"#NE";-3;"#NE";-3;"#NE";"COLIGAÇÃO";50;"PSOL";"Partido Socialismo e Liberdade";-1;"#NULO#";"#NULO#";"#NULO#";220000050591;"SEM MEDO DE SER FELIZ";"PT / PSOL";"N";3183;"Válido";3183;4;"NÃO ELEITO"
"13/11/2024";"10:56:11";2018;2;"Eleição Ordinária";1;297;"ELEIÇÕES GERAIS ESTADUAIS 2018";"07/10/2018";"E";"RO";"RO";"RONDÔNIA";736;"ALTO ALEGRE DOS PARECIS";19;3;"Governador";220000622271;50;"NASCIMENTO ANTONIO DA SILVA";"PIMENTA DE RONDONIA";"#NULO#";12;"APTO";2;"DEFERIDO";-3;"#NE";-3;"#NE";-3;"#NE";"COLIGAÇÃO";50;"PSOL";"Partido Socialismo e Liberdade";-1;"#NULO#";"#NULO#";"#NULO#";220000050591;"SEM MEDO DE SER FELIZ";"PT / PSOL";"N";166;"Válido";166;4;"NÃO ELEITO"
"13/11/2024";"10:56:11";2018;2;"Eleição Ordinária";1;297;"ELEIÇÕES GERAIS ESTADUAIS 2018";"07/10/2018";"E";"RO";"RO";"RONDÔNIA";728;"PRIMAVERA DE RONDÔNIA";9;5;"Senador";220000600266;300;"FABRICIO GRISI MÉDICI JURADO";"FABRICIO JURADO";"#NULO#";12;"APTO";2;"DEFERIDO";-3;"#NE";-3;"#NE";-3;"#NE";"PARTIDO ISOLADO";30;"NOVO";"Partido Novo";-1;"#NULO#";"#NULO#";"#NULO#";220000050014;"PARTIDO ISOLADO";"NOVO";"N";79;"Válido";79;4;"NÃO ELEITO"
"13/11/2024";"10:56:11";2018;2;"Eleição Ordinária";1;297;"ELEIÇÕES GERAIS ESTADUAIS 2018";"07/10/2018";"E";"RO";"RO";"RONDÔNIA";310;"ALTA FLORESTA D OESTE";17;5;"Senador";220000600266;300;"FABRICIO GRISI MÉDICI JURADO";"FABRICIO JURADO";"#NULO#";12;"APTO";2;"DEFERIDO";-3;"#NE";-3;"#NE";-3;"#NE";"PARTIDO ISOLADO";30;"NOVO";"Partido Novo";-1;"#NULO#";"#NULO#";"#NULO#";220000050014;"PARTIDO ISOLADO";"NOVO";"N";477;"Válido";477;4;"NÃO ELEITO"
"13/11/2024";"10:56:11";2018;2;"Eleição Ordinária";1;297;"ELEIÇÕES GERAIS ESTADUAIS 2018";"07/10/2018";"E";"RO";"RO";"RONDÔNIA";566;"URUPÁ";18;5;"Senador";220000600266;300;"FABRICIO GRISI MÉDICI JURADO";"FABRICIO JURADO";"#NULO#";12;"APTO";2;"DEFERIDO";-3;"#NE";-3;"#NE";-3;"#NE";"PARTIDO ISOLADO";30;"NOVO";"Partido Novo";-1;"#NULO#";"#NULO#";"#NULO#";220000050014;"PARTIDO ISOLADO";"NOVO";"N";76;"Válido";76;4;"NÃO ELEITO"
"13/11/2024";"10:56:11";2018;2;"Eleição Ordinária";1;297;"ELEIÇÕES GERAIS ESTADUAIS 2018";"07/10/2018";"E";"RO";"RO";"RONDÔNIA";558;"VALE DO PARAÍSO";28;5;"Senador";220000600266;300;"FABRICIO GRISI MÉDICI JURADO";"FABRICIO JURADO";"#NULO#";12;"APTO";2;"DEFERIDO";-3;"#NE";-3;"#NE";-3;"#NE";"PARTIDO ISOLADO";30;"NOVO";"Partido Novo";-1;"#NULO#";"#NULO#";"#NULO#";220000050014;"PARTIDO ISOLADO";"NOVO";"N";71;"Válido";71;4;"NÃO ELEITO"
"13/11/2024";"10:56:11";2018;2;"Eleição Ordinária";1;297;"ELEIÇÕES GERAIS ESTADUAIS 2018";"07/10/2018";"E";"RO";"RO";"RONDÔNIA";809;"CHUPINGUAIA";8;5;"Senador";220000600266;300;"FABRICIO GRISI MÉDICI JURADO";"FABRICIO JURADO";"#NULO#";12;"APTO";2;"DEFERIDO";-3;"#NE";-3;"#NE";-3;"#NE";"PARTIDO ISOLADO";30;"NOVO";"Partido Novo";-1;"#NULO#";"#NULO#";"#NULO#";220000050014;"PARTIDO ISOLADO";"NOVO";"N";41;"Válido";41;4;"NÃO ELEITO"
"13/11/2024";"10:56:11";2018;2;"Eleição Ordinária";1;297;"ELEIÇÕES GERAIS ESTADUAIS 2018";"07/10/2018";"E";"RO";"RO";"RONDÔNIA";612;"GOVERNADOR JORGE TEIXEIRA";27;5;"Senador";220000604628;111;"CARLOS MAGNO RAMOS";"CARLOS MAGNO";"#NULO#";12;"APTO";2;"DEFERIDO";-3;"#NE";-3;"#NE";-3;"#NE";"COLIGAÇÃO";11;"PP";"Partido Progressista";-1;"#NULO#";"#NULO#";"#NULO#";220000050134;"JUNTOS POR UM NOVO TEMPO PARA RONDONIA";"PDT / PSB / PTB / DC / PP / PR / SOLIDARIEDADE / PTC / PT";"N";1502;"Válido";1502;4;"NÃO ELEITO"
"13/11/2024";"10:56:11";2018;2;"Eleição Ordinária";1;297;"ELEIÇÕES GERAIS ESTADUAIS 2018";"07/10/2018";"E";"RO";"RO";"RONDÔNIA";477;"CANDEIAS DO JAMARI";21;5;"Senador";220000604628;111;"CARLOS MAGNO RAMOS";"CARLOS MAGNO";"#NULO#";12;"APTO";2;"DEFERIDO";-3;"#NE";-3;"#NE";-3;"#NE";"COLIGAÇÃO";11;"PP";"Partido Progressista";-1;"#NULO#";"#NULO#";"#NULO#";220000050134;"JUNTOS POR UM NOVO TEMPO PARA RONDONIA";"PDT / PSB / PTB / DC / PP / PR / SOLIDARIEDADE / PTC / PT";"N";2295;"Válido";2295;4;"NÃO ELEITO"
"13/11/2024";"10:56:11";2018;2;"Eleição Ordinária";1;297;"ELEIÇÕES GERAIS ESTADUAIS 2018";"07/10/2018";"E";"RO";"RO";"RONDÔNIA";370;"NOVA BRASILÂNDIA D OESTE";15;5;"Senador";220000604628;111;"CARLOS MAGNO RAMOS";"CARLOS MAGNO";"#NULO#";12;"APTO";2;"DEFERIDO";-3;"#NE";-3;"#NE";-3;"#NE";"COLIGAÇÃO";11;"PP";"Partido Progressista";-1;"#NULO#";"#NULO#";"#NULO#";220000050134;"JUNTOS POR UM NOVO TEMPO PARA RONDONIA";"PDT / PSB / PTB / DC / PP / PR / SOLIDARIEDADE / PTC / PT";"N";1626;"Válido";1626;4;"NÃO ELEITO"
"13/11/2024";"10:56:11";2018;2;"Eleição Ordinária";1;297;"ELEIÇÕES GERAIS ESTADUAIS 2018";"07/10/2018";"E";"RO";"RO";"RONDÔNIA";620;"CACAULÂNDIA";26;5;"Senador";220000604628;111;"CARLOS MAGNO RAMOS";"CARLOS MAGNO";"#NULO#";12;"APTO";2;"DEFERIDO";-3;"#NE";-3;"#NE";-3;"#NE";"COLIGAÇÃO";11;"PP";"Partido Progressista";-1;"#NULO#";"#NULO#";"#NULO#";220000050134;"JUNTOS POR UM NOVO TEMPO PARA RONDONIA";"PDT / PSB / PTB / DC / PP / PR / SOLIDARIEDADE / PTC / PT";"N";928;"Válido";928;4;"NÃO ELEITO"
"13/11/2024";"10:56:11";2018;2;"Eleição Ordinária";1;297;"ELEIÇÕES GERAIS ESTADUAIS 2018";"07/10/2018";"E";"RO";"RO";"RONDÔNIA";639;"ALTO PARAÍSO";25;5;"Senador";220000604628;111;"CARLOS MAGNO RAMOS";"CARLOS MAGNO";"#NULO#";12;"APTO";2;"DEFERIDO";-3;"#NE";-3;"#NE";-3;"#NE";"COLIGAÇÃO";11;"PP";"Partido Progressista";-1;"#NULO#";"#NULO#";"#NULO#";220000050134;"JUNTOS POR UM NOVO TEMPO PARA RONDONIA";"PDT / PSB / PTB / DC / PP / PR / SOLIDARIEDADE / PTC / PT";"N";2502;"Válido";2502;4;"NÃO ELEITO"
"13/11/2024";"10:56:11";2018;2;"Eleição Ordinária";1;297;"ELEIÇÕES GERAIS ESTADUAIS 2018";"07/10/2018";"E";"RO";"RO";"RONDÔNIA";647;"RIO CRESPO";26;5;"Senador";220000604628;111;"CARLOS MAGNO RAMOS";"CARLOS MAGNO";"#NULO#";12;"APTO";2;"DEFERIDO";-3;"#NE";-3;"#NE";-3;"#NE";"COLIGAÇÃO";11;"PP";"Partido Progressista";-1;"#NULO#";"#NULO#";"#NULO#";220000050134;"JUNTOS POR UM NOVO TEMPO PARA RONDONIA";"PDT / PSB / PTB / DC / PP / PR / SOLIDARIEDADE / PTC / PT";"N";960;"Válido";960;4;"NÃO ELEITO"
"13/11/2024";"10:56:11";2018;2;"Eleição Ordinária";1;297;"ELEIÇÕES GERAIS ESTADUAIS 2018";"07/10/2018";"E";"RO";"RO";"RONDÔNIA";647;"RIO CRESPO";26;3;"Governador";220000622271;50;"NASCIMENTO ANTONIO DA SILVA";"PIMENTA DE RONDONIA";"#NULO#";12;"APTO";2;"DEFERIDO";-3;"#NE";-3;"#NE";-3;"#NE";"COLIGAÇÃO";50;"PSOL";"Partido Socialismo e Liberdade";-1;"#NULO#";"#NULO#";"#NULO#";220000050591;"SEM MEDO DE SER FELIZ";"PT / PSOL";"N";53;"Válido";53;4;"NÃO ELEITO"
"13/11/2024";"10:56:11";2018;2;"Eleição Ordinária";1;297;"ELEIÇÕES GERAIS ESTADUAIS 2018";"07/10/2018";"E";"RO";"RO";"RONDÔNIA";620;"CACAULÂNDIA";26;3;"Governador";220000622271;50;"NASCIMENTO ANTONIO DA SILVA";"PIMENTA DE RONDONIA";"#NULO#";12;"APTO";2;"DEFERIDO";-3;"#NE";-3;"#NE";-3;"#NE";"COLIGAÇÃO";50;"PSOL";"Partido Socialismo e Liberdade";-1;"#NULO#";"#NULO#";"#NULO#";220000050591;"SEM MEDO DE SER FELIZ";"PT / PSOL";"N";61;"Válido";61;4;"NÃO ELEITO"
"13/11/2024";"10:56:11";2018;2;"Eleição Ordinária";1;297;"ELEIÇÕES GERAIS ESTADUAIS 2018";"07/10/2018";"E";"RO";"RO";"RONDÔNIA";639;"ALTO PARAÍSO";25;3;"Governador";220000622271;50;"NASCIMENTO ANTONIO DA SILVA";"PIMENTA DE RONDONIA";"#NULO#";12;"APTO";2;"DEFERIDO";-3;"#NE";-3;"#NE";-3;"#NE";"COLIGAÇÃO";50;"PSOL";"Partido Socialismo e Liberdade";-1;"#NULO#";"#NULO#";"#NULO#";220000050591;"SEM MEDO DE SER FELIZ";"PT / PSOL";"N";499;"Válido";499;4;"NÃO ELEITO"
"13/11/2024";"10:56:11";2018;2;"Eleição Ordinária";1;297;"ELEIÇÕES GERAIS ESTADUAIS 2018";"07/10/2018";"E";"RO";"RO";"RONDÔNIA";612;"GOVERNADOR JORGE TEIXEIRA";27;3;"Governador";220000622271;50;"NASCIMENTO ANTONIO DA SILVA";"PIMENTA DE RONDONIA";"#NULO#";12;"APTO";2;"DEFERIDO";-3;"#NE";-3;"#NE";-3;"#NE";"COLIGAÇÃO";50;"PSOL";"Partido Socialismo e Liberdade";-1;"#NULO#";"#NULO#";"#NULO#";220000050591;"SEM MEDO DE SER FELIZ";"PT / PSOL";"N";285;"Válido";285;4;"NÃO ELEITO"
"13/11/2024";"10:56:11";2018;2;"Eleição Ordinária";1;297;"ELEIÇÕES GERAIS ESTADUAIS 2018";"07/10/2018";"E";"RO";"RO";"RONDÔNIA";477;"CANDEIAS DO JAMARI";21;3;"Governador";220000622271;50;"NASCIMENTO ANTONIO DA SILVA";"PIMENTA DE RONDONIA";"#NULO#";12;"APTO";2;"DEFERIDO";-3;"#NE";-3;"#NE";-3;"#NE";"COLIGAÇÃO";50;"PSOL";"Partido Socialismo e Liberdade";-1;"#NULO#";"#NULO#";"#NULO#";220000050591;"SEM MEDO DE SER FELIZ";"PT / PSOL";"N";749;"Válido";749;4;"NÃO ELEITO"
"13/11/2024";"10:56:11";2018;2;"Eleição Ordinária";1;297;"ELEIÇÕES GERAIS ESTADUAIS 2018";"07/10/2018";"E";"RO";"RO";"RONDÔNIA";370;"NOVA BRASILÂNDIA D OESTE";15;3;"Governador";220000622271;50;"NASCIMENTO ANTONIO DA SILVA";"PIMENTA DE RONDONIA";"#NULO#";12;"APTO";2;"DEFERIDO";-3;"#NE";-3;"#NE";-3;"#NE";"COLIGAÇÃO";50;"PSOL";"Partido Socialismo e Liberdade";-1;"#NULO#";"#NULO#";"#NULO#";220000050591;"SEM MEDO DE SER FELIZ";"PT / PSOL";"N";310;"Válido";310;4;"NÃO ELEITO"
"13/11/2024";"10:56:11";2018;2;"Eleição Ordinária";1;297;"ELEIÇÕES GERAIS ESTADUAIS 2018";"07/10/2018";"E";"RO";"RO";"RONDÔNIA";116;"PIMENTA BUENO";9;3;"Governador";220000622271;50;"NASCIMENTO ANTONIO DA SILVA";"PIMENTA DE RONDONIA";"#NULO#";12;"APTO";2;"DEFERIDO";-3;"#NE";-3;"#NE";-3;"#NE";"COLIGAÇÃO";50;"PSOL";"Partido Socialismo e Liberdade";-1;"#NULO#";"#NULO#";"#NULO#";220000050591;"SEM MEDO DE SER FELIZ";"PT / PSOL";"N";732;"Válido";732;4;"NÃO ELEITO"
"13/11/2024";"10:56:11";2018;2;"Eleição Ordinária";1;297;"ELEIÇÕES GERAIS ESTADUAIS 2018";"07/10/2018";"E";"RO";"RO";"RONDÔNIA";655;"CORUMBIARA";16;3;"Governador";220000622271;50;"NASCIMENTO ANTONIO DA SILVA";"PIMENTA DE RONDONIA";"#NULO#";12;"APTO";2;"DEFERIDO";-3;"#NE";-3;"#NE";-3;"#NE";"COLIGAÇÃO";50;"PSOL";"Partido Socialismo e Liberdade";-1;"#NULO#";"#NULO#";"#NULO#";220000050591;"SEM MEDO DE SER FELIZ";"PT / PSOL";"N";291;"Válido";291;4;"NÃO ELEITO"
"13/11/2024";"10:56:11";2018;2;"Eleição Ordinária";1;297;"ELEIÇÕES GERAIS ESTADUAIS 2018";"07/10/2018";"E";"RO";"RO";"RONDÔNIA";701;"PARECIS";19;3;"Governador";220000622271;50;"NASCIMENTO ANTONIO DA SILVA";"PIMENTA DE RONDONIA";"#NULO#";12;"APTO";2;"DEFERIDO";-3;"#NE";-3;"#NE";-3;"#NE";"COLIGAÇÃO";50;"PSOL";"Partido Socialismo e Liberdade";-1;"#NULO#";"#NULO#";"#NULO#";220000050591;"SEM MEDO DE SER FELIZ";"PT / PSOL";"N";34;"Válido";34;4;"NÃO ELEITO"
"13/11/2024";"10:56:11";2018;2;"Eleição Ordinária";1;297;"ELEIÇÕES GERAIS ESTADUAIS 2018";"07/10/2018";"E";"RO";"RO";"RONDÔNIA";680;"CUJUBIM";26;3;"Governador";220000622271;50;"NASCIMENTO ANTONIO DA SILVA";"PIMENTA DE RONDONIA";"#NULO#";12;"APTO";2;"DEFERIDO";-3;"#NE";-3;"#NE";-3;"#NE";"COLIGAÇÃO";50;"PSOL";"Partido Socialismo e Liberdade";-1;"#NULO#";"#NULO#";"#NULO#";220000050591;"SEM MEDO DE SER FELIZ";"PT / PSOL";"N";206;"Válido";206;4;"NÃO ELEITO"
"13/11/2024";"10:56:11";2018;2;"Eleição Ordinária";1;297;"ELEIÇÕES GERAIS ESTADUAIS 2018";"07/10/2018";"E";"RO";"RO";"RONDÔNIA";94;"CACOAL";11;3;"Governador";220000622271;50;"NASCIMENTO ANTONIO DA SILVA";"PIMENTA DE RONDONIA";"#NULO#";12;"APTO";2;"DEFERIDO";-3;"#NE";-3;"#NE";-3;"#NE";"COLIGAÇÃO";50;"PSOL";"Partido Socialismo e Liberdade";-1;"#NULO#";"#NULO#";"#NULO#";220000050591;"SEM MEDO DE SER FELIZ";"PT / PSOL";"N";1740;"Válido";1740;4;"NÃO ELEITO"
"13/11/2024";"10:56:11";2018;2;"Eleição Ordinária";1;297;"ELEIÇÕES GERAIS ESTADUAIS 2018";"07/10/2018";"E";"RO";"RO";"RONDÔNIA";515;"NOVO HORIZONTE DO OESTE";15;3;"Governador";220000622271;50;"NASCIMENTO ANTONIO DA SILVA";"PIMENTA DE RONDONIA";"#NULO#";12;"APTO";2;"DEFERIDO";-3;"#NE";-3;"#NE";-3;"#NE";"COLIGAÇÃO";50;"PSOL";"Partido Socialismo e Liberdade";-1;"#NULO#";"#NULO#";"#NULO#";220000050591;"SEM MEDO DE SER FELIZ";"PT / PSOL";"N";273;"Válido";273;4;"NÃO ELEITO"
"13/11/2024";"10:56:11";2018;2;"Eleição Ordinária";1;297;"ELEIÇÕES GERAIS ESTADUAIS 2018";"07/10/2018";"E";"RO";"RO";"RONDÔNIA";671;"CAMPO NOVO DE RONDÔNIA";34;5;"Senador";220000627641;180;"ALUÍZIO VIDAL FLOR";"ALUÍZIO VIDAL";"#NULO#";12;"APTO";2;"DEFERIDO";-3;"#NE";-3;"#NE";-3;"#NE";"COLIGAÇÃO";18;"REDE";"Rede Sustentabilidade";-1;"#NULO#";"#NULO#";"#NULO#";220000050763;"POR UMA RONDÔNIA QUE QUEREMOS";"REDE / PPS / PRP";"N";22;"Válido";22;4;"NÃO ELEITO"
"13/11/2024";"10:56:11";2018;2;"Eleição Ordinária";1;297;"ELEIÇÕES GERAIS ESTADUAIS 2018";"07/10/2018";"E";"RO";"RO";"RONDÔNIA";574;"MIRANTE DA SERRA";28;5;"Senador";220000627641;180;"ALUÍZIO VIDAL FLOR";"ALUÍZIO VIDAL";"#NULO#";12;"APTO";2;"DEFERIDO";-3;"#NE";-3;"#NE";-3;"#NE";"COLIGAÇÃO";18;"REDE";"Rede Sustentabilidade";-1;"#NULO#";"#NULO#";"#NULO#";220000050763;"POR UMA RONDÔNIA QUE QUEREMOS";"REDE / PPS / PRP";"N";487;"Válido";487;4;"NÃO ELEITO"
"13/11/2024";"10:56:11";2018;2;"Eleição Ordinária";1;297;"ELEIÇÕES GERAIS ESTADUAIS 2018";"07/10/2018";"E";"RO";"RO";"RONDÔNIA";779;"BURITIS";34;5;"Senador";220000627641;180;"ALUÍZIO VIDAL FLOR";"ALUÍZIO VIDAL";"#NULO#";12;"APTO";2;"DEFERIDO";-3;"#NE";-3;"#NE";-3;"#NE";"COLIGAÇÃO";18;"REDE";"Rede Sustentabilidade";-1;"#NULO#";"#NULO#";"#NULO#";220000050763;"POR UMA RONDÔNIA QUE QUEREMOS";"REDE / PPS / PRP";"N";208;"Válido";208;4;"NÃO ELEITO"
"13/11/2024";"10:56:11";2018;2;"Eleição Ordinária";1;297;"ELEIÇÕES GERAIS ESTADUAIS 2018";"07/10/2018";"E";"RO";"RO";"RONDÔNIA";574;"MIRANTE DA SERRA";28;3;"Governador";220000627640;18;"VINICIUS VALENTIN RADUAN MIGUEL";"VINICIUS MIGUEL";"#NULO#";12;"APTO";2;"DEFERIDO";-3;"#NE";-3;"#NE";-3;"#NE";"COLIGAÇÃO";18;"REDE";"Rede Sustentabilidade";-1;"#NULO#";"#NULO#";"#NULO#";220000050763;"POR UMA RONDÔNIA QUE QUEREMOS";"REDE / PPS / PRP";"N";329;"Válido";329;4;"NÃO ELEITO"
"13/11/2024";"10:56:11";2018;2;"Eleição Ordinária";1;297;"ELEIÇÕES GERAIS ESTADUAIS 2018";"07/10/2018";"E";"RO";"RO";"RONDÔNIA";671;"CAMPO NOVO DE RONDÔNIA";34;3;"Governador";220000627640;18;"VINICIUS VALENTIN RADUAN MIGUEL";"VINICIUS MIGUEL";"#NULO#";12;"APTO";2;"DEFERIDO";-3;"#NE";-3;"#NE";-3;"#NE";"COLIGAÇÃO";18;"REDE";"Rede Sustentabilidade";-1;"#NULO#";"#NULO#";"#NULO#";220000050763;"POR UMA RONDÔNIA QUE QUEREMOS";"REDE / PPS / PRP";"N";163;"Válido";163;4;"NÃO ELEITO"
"13/11/2024";"10:56:11";2018;2;"Eleição Ordinária";1;297;"ELEIÇÕES GERAIS ESTADUAIS 2018";"07/10/2018";"E";"RO";"RO";"RONDÔNIA";779;"BURITIS";34;3;"Governador";220000627640;18;"VINICIUS VALENTIN RADUAN MIGUEL";"VINICIUS MIGUEL";"#NULO#";12;"APTO";2;"DEFERIDO";-3;"#NE";-3;"#NE";-3;"#NE";"COLIGAÇÃO";18;"REDE";"Rede Sustentabilidade";-1;"#NULO#";"#NULO#";"#NULO#";220000050763;"POR UMA RONDÔNIA QUE QUEREMOS";"REDE / PPS / PRP";"N";289;"Válido";289;4;"NÃO ELEITO"
"13/11/2024";"10:56:11";2018;2;"Eleição Ordinária";1;297;"ELEIÇÕES GERAIS ESTADUAIS 2018";"07/10/2018";"E";"RO";"RO";"RONDÔNIA";698;"VALE DO ANARI";32;5;"Senador";220000627641;180;"ALUÍZIO VIDAL FLOR";"ALUÍZIO VIDAL";"#NULO#";12;"APTO";2;"DEFERIDO";-3;"#NE";-3;"#NE";-3;"#NE";"COLIGAÇÃO";18;"REDE";"Rede Sustentabilidade";-1;"#NULO#";"#NULO#";"#NULO#";220000050763;"POR UMA RONDÔNIA QUE QUEREMOS";"REDE / PPS / PRP";"N";129;"Válido";129;4;"NÃO ELEITO"
"13/11/2024";"10:56:11";2018;2;"Eleição Ordinária";1;297;"ELEIÇÕES GERAIS ESTADUAIS 2018";"07/10/2018";"E";"RO";"RO";"RONDÔNIA";396;"MACHADINHO D OESTE";32;5;"Senador";220000627641;180;"ALUÍZIO VIDAL FLOR";"ALUÍZIO VIDAL";"#NULO#";12;"APTO";2;"DEFERIDO";-3;"#NE";-3;"#NE";-3;"#NE";"COLIGAÇÃO";18;"REDE";"Rede Sustentabilidade";-1;"#NULO#";"#NULO#";"#NULO#";220000050763;"POR UMA RONDÔNIA QUE QUEREMOS";"REDE / PPS / PRP";"N";178;"Válido";178;4;"NÃO ELEITO"
"13/11/2024";"10:56:11";2018;2;"Eleição Ordinária";1;297;"ELEIÇÕES GERAIS ESTADUAIS 2018";"07/10/2018";"E";"RO";"RO";"RONDÔNIA";795;"SÃO FRANCISCO DO GUAPORÉ";5;5;"Senador";220000627641;180;"ALUÍZIO VIDAL FLOR";"ALUÍZIO VIDAL";"#NULO#";12;"APTO";2;"DEFERIDO";-3;"#NE";-3;"#NE";-3;"#NE";"COLIGAÇÃO";18;"REDE";"Rede Sustentabilidade";-1;"#NULO#";"#NULO#";"#NULO#";220000050763;"POR UMA RONDÔNIA QUE QUEREMOS";"REDE / PPS / PRP";"N";125;"Válido";125;4;"NÃO ELEITO"
"13/11/2024";"10:56:11";2018;2;"Eleição Ordinária";1;297;"ELEIÇÕES GERAIS ESTADUAIS 2018";"07/10/2018";"E";"RO";"RO";"RONDÔNIA";604;"MINISTRO ANDREAZZA";11;5;"Senador";220000627641;180;"ALUÍZIO VIDAL FLOR";"ALUÍZIO VIDAL";"#NULO#";12;"APTO";2;"DEFERIDO";-3;"#NE";-3;"#NE";-3;"#NE";"COLIGAÇÃO";18;"REDE";"Rede Sustentabilidade";-1;"#NULO#";"#NULO#";"#NULO#";220000050763;"POR UMA RONDÔNIA QUE QUEREMOS";"REDE / PPS / PRP";"N";63;"Válido";63;4;"NÃO ELEITO"
"13/11/2024";"10:56:11";2018;2;"Eleição Ordinária";1;297;"ELEIÇÕES GERAIS ESTADUAIS 2018";"07/10/2018";"E";"RO";"RO";"RONDÔNIA";396;"MACHADINHO D OESTE";32;5;"Senador";220000600266;300;"FABRICIO GRISI MÉDICI JURADO";"FABRICIO JURADO";"#NULO#";12;"APTO";2;"DEFERIDO";-3;"#NE";-3;"#NE";-3;"#NE";"PARTIDO ISOLADO";30;"NOVO";"Partido Novo";-1;"#NULO#";"#NULO#";"#NULO#";220000050014;"PARTIDO ISOLADO";"NOVO";"N";174;"Válido";174;4;"NÃO ELEITO"
"13/11/2024";"10:56:11";2018;2;"Eleição Ordinária";1;297;"ELEIÇÕES GERAIS ESTADUAIS 2018";"07/10/2018";"E";"RO";"RO";"RONDÔNIA";795;"SÃO FRANCISCO DO GUAPORÉ";5;5;"Senador";220000600266;300;"FABRICIO GRISI MÉDICI JURADO";"FABRICIO JURADO";"#NULO#";12;"APTO";2;"DEFERIDO";-3;"#NE";-3;"#NE";-3;"#NE";"PARTIDO ISOLADO";30;"NOVO";"Partido Novo";-1;"#NULO#";"#NULO#";"#NULO#";220000050014;"PARTIDO ISOLADO";"NOVO";"N";80;"Válido";80;4;"NÃO ELEITO"
"13/11/2024";"10:56:11";2018;2;"Eleição Ordinária";1;297;"ELEIÇÕES GERAIS ESTADUAIS 2018";"07/10/2018";"E";"RO";"RO";"RONDÔNIA";604;"MINISTRO ANDREAZZA";11;5;"Senador";220000600266;300;"FABRICIO GRISI MÉDICI JURADO";"FABRICIO JURADO";"#NULO#";12;"APTO";2;"DEFERIDO";-3;"#NE";-3;"#NE";-3;"#NE";"PARTIDO ISOLADO";30;"NOVO";"Partido Novo";-1;"#NULO#";"#NULO#";"#NULO#";220000050014;"PARTIDO ISOLADO";"NOVO";"N";86;"Válido";86;4;"NÃO ELEITO"
"13/11/2024";"10:56:11";2018;2;"Eleição Ordinária";1;297;"ELEIÇÕES GERAIS ESTADUAIS 2018";"07/10/2018";"E";"RO";"RO";"RONDÔNIA";531;"CASTANHEIRAS";15;5;"Senador";220000600266;300;"FABRICIO GRISI MÉDICI JURADO";"FABRICIO JURADO";"#NULO#";12;"APTO";2;"DEFERIDO";-3;"#NE";-3;"#NE";-3;"#NE";"PARTIDO ISOLADO";30;"NOVO";"Partido Novo";-1;"#NULO#";"#NULO#";"#NULO#";220000050014;"PARTIDO ISOLADO";"NOVO";"N";49;"Válido";49;4;"NÃO ELEITO"
"13/11/2024";"10:56:11";2018;2;"Eleição Ordinária";1;297;"ELEIÇÕES GERAIS ESTADUAIS 2018";"07/10/2018";"E";"RO";"RO";"RONDÔNIA";698;"VALE DO ANARI";32;5;"Senador";220000600266;300;"FABRICIO GRISI MÉDICI JURADO";"FABRICIO JURADO";"#NULO#";12;"APTO";2;"DEFERIDO";-3;"#NE";-3;"#NE";-3;"#NE";"PARTIDO ISOLADO";30;"NOVO";"Partido Novo";-1;"#NULO#";"#NULO#";"#NULO#";220000050014;"PARTIDO ISOLADO";"NOVO";"N";48;"Válido";48;4;"NÃO ELEITO"
"13/11/2024";"10:56:11";2018;2;"Eleição Ordinária";1;297;"ELEIÇÕES GERAIS ESTADUAIS 2018";"07/10/2018";"E";"RO";"RO";"RONDÔNIA";434;"NOVA MAMORÉ";1;5;"Senador";220000604629;400;"JESUALDO PIRES FERREIRA JUNIOR";"JESUALDO PIRES";"#NULO#";12;"APTO";2;"DEFERIDO";-3;"#NE";-3;"#NE";-3;"#NE";"COLIGAÇÃO";40;"PSB";"Partido Socialista Brasileiro";-1;"#NULO#";"#NULO#";"#NULO#";220000050134;"JUNTOS POR UM NOVO TEMPO PARA RONDONIA";"PDT / PSB / PTB / DC / PP / PR / SOLIDARIEDADE / PTC / PT";"N";2697;"Válido";2697;4;"NÃO ELEITO"
"13/11/2024";"10:56:11";2018;2;"Eleição Ordinária";1;297;"ELEIÇÕES GERAIS ESTADUAIS 2018";"07/10/2018";"E";"RO";"RO";"RONDÔNIA";272;"CEREJEIRAS";16;5;"Senador";220000604629;400;"JESUALDO PIRES FERREIRA JUNIOR";"JESUALDO PIRES";"#NULO#";12;"APTO";2;"DEFERIDO";-3;"#NE";-3;"#NE";-3;"#NE";"COLIGAÇÃO";40;"PSB";"Partido Socialista Brasileiro";-1;"#NULO#";"#NULO#";"#NULO#";220000050134;"JUNTOS POR UM NOVO TEMPO PARA RONDONIA";"PDT / PSB / PTB / DC / PP / PR / SOLIDARIEDADE / PTC / PT";"N";1077;"Válido";1077;4;"NÃO ELEITO"
"13/11/2024";"10:56:11";2018;2;"Eleição Ordinária";1;297;"ELEIÇÕES GERAIS ESTADUAIS 2018";"07/10/2018";"E";"RO";"RO";"RONDÔNIA";744;"NOVA UNIÃO";28;5;"Senador";220000604629;400;"JESUALDO PIRES FERREIRA JUNIOR";"JESUALDO PIRES";"#NULO#";12;"APTO";2;"DEFERIDO";-3;"#NE";-3;"#NE";-3;"#NE";"COLIGAÇÃO";40;"PSB";"Partido Socialista Brasileiro";-1;"#NULO#";"#NULO#";"#NULO#";220000050134;"JUNTOS POR UM NOVO TEMPO PARA RONDONIA";"PDT / PSB / PTB / DC / PP / PR / SOLIDARIEDADE / PTC / PT";"N";640;"Válido";640;4;"NÃO ELEITO"
"13/11/2024";"10:56:11";2018;2;"Eleição Ordinária";1;297;"ELEIÇÕES GERAIS ESTADUAIS 2018";"07/10/2018";"E";"RO";"RO";"RONDÔNIA";493;"ITAPUÃ DO OESTE";2;5;"Senador";220000604629;400;"JESUALDO PIRES FERREIRA JUNIOR";"JESUALDO PIRES";"#NULO#";12;"APTO";2;"DEFERIDO";-3;"#NE";-3;"#NE";-3;"#NE";"COLIGAÇÃO";40;"PSB";"Partido Socialista Brasileiro";-1;"#NULO#";"#NULO#";"#NULO#";220000050134;"JUNTOS POR UM NOVO TEMPO PARA RONDONIA";"PDT / PSB / PTB / DC / PP / PR / SOLIDARIEDADE / PTC / PT";"N";604;"Válido";604;4;"NÃO ELEITO"
"13/11/2024";"10:56:11";2018;2;"Eleição Ordinária";1;297;"ELEIÇÕES GERAIS ESTADUAIS 2018";"07/10/2018";"E";"RO";"RO";"RONDÔNIA";51;"JI-PARANÁ";30;5;"Senador";220000604629;400;"JESUALDO PIRES FERREIRA JUNIOR";"JESUALDO PIRES";"#NULO#";12;"APTO";2;"DEFERIDO";-3;"#NE";-3;"#NE";-3;"#NE";"COLIGAÇÃO";40;"PSB";"Partido Socialista Brasileiro";-1;"#NULO#";"#NULO#";"#NULO#";220000050134;"JUNTOS POR UM NOVO TEMPO PARA RONDONIA";"PDT / PSB / PTB / DC / PP / PR / SOLIDARIEDADE / PTC / PT";"N";28484;"Válido";28484;4;"NÃO ELEITO"
"13/11/2024";"10:56:11";2018;2;"Eleição Ordinária";1;297;"ELEIÇÕES GERAIS ESTADUAIS 2018";"07/10/2018";"E";"RO";"RO";"RONDÔNIA";582;"SERINGUEIRAS";35;5;"Senador";220000604629;400;"JESUALDO PIRES FERREIRA JUNIOR";"JESUALDO PIRES";"#NULO#";12;"APTO";2;"DEFERIDO";-3;"#NE";-3;"#NE";-3;"#NE";"COLIGAÇÃO";40;"PSB";"Partido Socialista Brasileiro";-1;"#NULO#";"#NULO#";"#NULO#";220000050134;"JUNTOS POR UM NOVO TEMPO PARA RONDONIA";"PDT / PSB / PTB / DC / PP / PR / SOLIDARIEDADE / PTC / PT";"N";1196;"Válido";1196;4;"NÃO ELEITO"
"13/11/2024";"10:56:11";2018;2;"Eleição Ordinária";1;297;"ELEIÇÕES GERAIS ESTADUAIS 2018";"07/10/2018";"E";"RO";"RO";"RONDÔNIA";752;"TEIXEIRÓPOLIS";13;5;"Senador";220000604629;400;"JESUALDO PIRES FERREIRA JUNIOR";"JESUALDO PIRES";"#NULO#";12;"APTO";2;"DEFERIDO";-3;"#NE";-3;"#NE";-3;"#NE";"COLIGAÇÃO";40;"PSB";"Partido Socialista Brasileiro";-1;"#NULO#";"#NULO#";"#NULO#";220000050134;"JUNTOS POR UM NOVO TEMPO PARA RONDONIA";"PDT / PSB / PTB / DC / PP / PR / SOLIDARIEDADE / PTC / PT";"N";909;"Válido";909;4;"NÃO ELEITO"
"13/11/2024";"10:56:11";2018;2;"Eleição Ordinária";1;297;"ELEIÇÕES GERAIS ESTADUAIS 2018";"07/10/2018";"E";"RO";"RO";"RONDÔNIA";450;"CABIXI";8;5;"Senador";220000604629;400;"JESUALDO PIRES FERREIRA JUNIOR";"JESUALDO PIRES";"#NULO#";12;"APTO";2;"DEFERIDO";-3;"#NE";-3;"#NE";-3;"#NE";"COLIGAÇÃO";40;"PSB";"Partido Socialista Brasileiro";-1;"#NULO#";"#NULO#";"#NULO#";220000050134;"JUNTOS POR UM NOVO TEMPO PARA RONDONIA";"PDT / PSB / PTB / DC / PP / PR / SOLIDARIEDADE / PTC / PT";"N";415;"Válido";415;4;"NÃO ELEITO"
"13/11/2024";"10:56:11";2018;2;"Eleição Ordinária";1;297;"ELEIÇÕES GERAIS ESTADUAIS 2018";"07/10/2018";"E";"RO";"RO";"RONDÔNIA";51;"JI-PARANÁ";3;5;"Senador";220000604629;400;"JESUALDO PIRES FERREIRA JUNIOR";"JESUALDO PIRES";"#NULO#";12;"APTO";2;"DEFERIDO";-3;"#NE";-3;"#NE";-3;"#NE";"COLIGAÇÃO";40;"PSB";"Partido Socialista Brasileiro";-1;"#NULO#";"#NULO#";"#NULO#";220000050134;"JUNTOS POR UM NOVO TEMPO PARA RONDONIA";"PDT / PSB / PTB / DC / PP / PR / SOLIDARIEDADE / PTC / PT";"N";13163;"Válido";13163;4;"NÃO ELEITO"
"13/11/2024";"10:56:11";2018;2;"Eleição Ordinária";1;297;"ELEIÇÕES GERAIS ESTADUAIS 2018";"07/10/2018";"E";"RO";"RO";"RONDÔNIA";418;"SÃO MIGUEL DO GUAPORÉ";35;5;"Senador";220000604629;400;"JESUALDO PIRES FERREIRA JUNIOR";"JESUALDO PIRES";"#NULO#";12;"APTO";2;"DEFERIDO";-3;"#NE";-3;"#NE";-3;"#NE";"COLIGAÇÃO";40;"PSB";"Partido Socialista Brasileiro";-1;"#NULO#";"#NULO#";"#NULO#";220000050134;"JUNTOS POR UM NOVO TEMPO PARA RONDONIA";"PDT / PSB / PTB / DC / PP / PR / SOLIDARIEDADE / PTC / PT";"N";2706;"Válido";2706;4;"NÃO ELEITO"
"13/11/2024";"10:56:11";2018;2;"Eleição Ordinária";1;297;"ELEIÇÕES GERAIS ESTADUAIS 2018";"07/10/2018";"E";"RO";"RO";"RONDÔNIA";787;"PIMENTEIRAS DO OESTE";16;5;"Senador";220000604629;400;"JESUALDO PIRES FERREIRA JUNIOR";"JESUALDO PIRES";"#NULO#";12;"APTO";2;"DEFERIDO";-3;"#NE";-3;"#NE";-3;"#NE";"COLIGAÇÃO";40;"PSB";"Partido Socialista Brasileiro";-1;"#NULO#";"#NULO#";"#NULO#";220000050134;"JUNTOS POR UM NOVO TEMPO PARA RONDONIA";"PDT / PSB / PTB / DC / PP / PR / SOLIDARIEDADE / PTC / PT";"N";187;"Válido";187;4;"NÃO ELEITO"
"13/11/2024";"10:56:11";2018;2;"Eleição Ordinária";1;297;"ELEIÇÕES GERAIS ESTADUAIS 2018";"07/10/2018";"E";"RO";"RO";"RONDÔNIA";779;"BURITIS";34;5;"Senador";220000604629;400;"JESUALDO PIRES FERREIRA JUNIOR";"JESUALDO PIRES";"#NULO#";12;"APTO";2;"DEFERIDO";-3;"#NE";-3;"#NE";-3;"#NE";"COLIGAÇÃO";40;"PSB";"Partido Socialista Brasileiro";-1;"#NULO#";"#NULO#";"#NULO#";220000050134;"JUNTOS POR UM NOVO TEMPO PARA RONDONIA";"PDT / PSB / PTB / DC / PP / PR / SOLIDARIEDADE / PTC / PT";"N";2745;"Válido";2745;4;"NÃO ELEITO"
"13/11/2024";"10:56:11";2018;2;"Eleição Ordinária";1;297;"ELEIÇÕES GERAIS ESTADUAIS 2018";"07/10/2018";"E";"RO";"RO";"RONDÔNIA";671;"CAMPO NOVO DE RONDÔNIA";34;5;"Senador";220000604629;400;"JESUALDO PIRES FERREIRA JUNIOR";"JESUALDO PIRES";"#NULO#";12;"APTO";2;"DEFERIDO";-3;"#NE";-3;"#NE";-3;"#NE";"COLIGAÇÃO";40;"PSB";"Partido Socialista Brasileiro";-1;"#NULO#";"#NULO#";"#NULO#";220000050134;"JUNTOS POR UM NOVO TEMPO PARA RONDONIA";"PDT / PSB / PTB / DC / PP / PR / SOLIDARIEDADE / PTC / PT";"N";323;"Válido";323;4;"NÃO ELEITO"
"13/11/2024";"10:56:11";2018;2;"Eleição Ordinária";1;297;"ELEIÇÕES GERAIS ESTADUAIS 2018";"07/10/2018";"E";"RO";"RO";"RONDÔNIA";574;"MIRANTE DA SERRA";28;5;"Senador";220000604629;400;"JESUALDO PIRES FERREIRA JUNIOR";"JESUALDO PIRES";"#NULO#";12;"APTO";2;"DEFERIDO";-3;"#NE";-3;"#NE";-3;"#NE";"COLIGAÇÃO";40;"PSB";"Partido Socialista Brasileiro";-1;"#NULO#";"#NULO#";"#NULO#";220000050134;"JUNTOS POR UM NOVO TEMPO PARA RONDONIA";"PDT / PSB / PTB / DC / PP / PR / SOLIDARIEDADE / PTC / PT";"N";722;"Válido";722;4;"NÃO ELEITO"
"13/11/2024";"10:56:11";2018;2;"Eleição Ordinária";1;297;"ELEIÇÕES GERAIS ESTADUAIS 2018";"07/10/2018";"E";"RO";"RO";"RONDÔNIA";531;"CASTANHEIRAS";15;5;"Senador";220000604629;400;"JESUALDO PIRES FERREIRA JUNIOR";"JESUALDO PIRES";"#NULO#";12;"APTO";2;"DEFERIDO";-3;"#NE";-3;"#NE";-3;"#NE";"COLIGAÇÃO";40;"PSB";"Partido Socialista Brasileiro";-1;"#NULO#";"#NULO#";"#NULO#";220000050134;"JUNTOS POR UM NOVO TEMPO PARA RONDONIA";"PDT / PSB / PTB / DC / PP / PR / SOLIDARIEDADE / PTC / PT";"N";472;"Válido";472;4;"NÃO ELEITO"
"13/11/2024";"10:56:11";2018;2;"Eleição Ordinária";1;297;"ELEIÇÕES GERAIS ESTADUAIS 2018";"07/10/2018";"E";"RO";"RO";"RONDÔNIA";698;"VALE DO ANARI";32;5;"Senador";220000604629;400;"JESUALDO PIRES FERREIRA JUNIOR";"JESUALDO PIRES";"#NULO#";12;"APTO";2;"DEFERIDO";-3;"#NE";-3;"#NE";-3;"#NE";"COLIGAÇÃO";40;"PSB";"Partido Socialista Brasileiro";-1;"#NULO#";"#NULO#";"#NULO#";220000050134;"JUNTOS POR UM NOVO TEMPO PARA RONDONIA";"PDT / PSB / PTB / DC / PP / PR / SOLIDARIEDADE / PTC / PT";"N";953;"Válido";953;4;"NÃO ELEITO"
"13/11/2024";"10:56:11";2018;2;"Eleição Ordinária";1;297;"ELEIÇÕES GERAIS ESTADUAIS 2018";"07/10/2018";"E";"RO";"RO";"RONDÔNIA";604;"MINISTRO ANDREAZZA";11;5;"Senador";220000604629;400;"JESUALDO PIRES FERREIRA JUNIOR";"JESUALDO PIRES";"#NULO#";12;"APTO";2;"DEFERIDO";-3;"#NE";-3;"#NE";-3;"#NE";"COLIGAÇÃO";40;"PSB";"Partido Socialista Brasileiro";-1;"#NULO#";"#NULO#";"#NULO#";220000050134;"JUNTOS POR UM NOVO TEMPO PARA RONDONIA";"PDT / PSB / PTB / DC / PP / PR / SOLIDARIEDADE / PTC / PT";"N";1149;"Válido";1149;4;"NÃO ELEITO"
"13/11/2024";"10:56:11";2018;2;"Eleição Ordinária";1;297;"ELEIÇÕES GERAIS ESTADUAIS 2018";"07/10/2018";"E";"RO";"RO";"RONDÔNIA";795;"SÃO FRANCISCO DO GUAPORÉ";5;5;"Senador";220000604629;400;"JESUALDO PIRES FERREIRA JUNIOR";"JESUALDO PIRES";"#NULO#";12;"APTO";2;"DEFERIDO";-3;"#NE";-3;"#NE";-3;"#NE";"COLIGAÇÃO";40;"PSB";"Partido Socialista Brasileiro";-1;"#NULO#";"#NULO#";"#NULO#";220000050134;"JUNTOS POR UM NOVO TEMPO PARA RONDONIA";"PDT / PSB / PTB / DC / PP / PR / SOLIDARIEDADE / PTC / PT";"N";870;"Válido";870;4;"NÃO ELEITO"
"13/11/2024";"10:56:11";2018;2;"Eleição Ordinária";1;297;"ELEIÇÕES GERAIS ESTADUAIS 2018";"07/10/2018";"E";"RO";"RO";"RONDÔNIA";396;"MACHADINHO D OESTE";32;5;"Senador";220000604629;400;"JESUALDO PIRES FERREIRA JUNIOR";"JESUALDO PIRES";"#NULO#";12;"APTO";2;"DEFERIDO";-3;"#NE";-3;"#NE";-3;"#NE";"COLIGAÇÃO";40;"PSB";"Partido Socialista Brasileiro";-1;"#NULO#";"#NULO#";"#NULO#";220000050134;"JUNTOS POR UM NOVO TEMPO PARA RONDONIA";"PDT / PSB / PTB / DC / PP / PR / SOLIDARIEDADE / PTC / PT";"N";3680;"Válido";3680;4;"NÃO ELEITO"
"13/11/2024";"10:56:11";2018;2;"Eleição Ordinária";1;297;"ELEIÇÕES GERAIS ESTADUAIS 2018";"07/10/2018";"E";"RO";"RO";"RONDÔNIA";728;"PRIMAVERA DE RONDÔNIA";9;5;"Senador";220000604629;400;"JESUALDO PIRES FERREIRA JUNIOR";"JESUALDO PIRES";"#NULO#";12;"APTO";2;"DEFERIDO";-3;"#NE";-3;"#NE";-3;"#NE";"COLIGAÇÃO";40;"PSB";"Partido Socialista Brasileiro";-1;"#NULO#";"#NULO#";"#NULO#";220000050134;"JUNTOS POR UM NOVO TEMPO PARA RONDONIA";"PDT / PSB / PTB / DC / PP / PR / SOLIDARIEDADE / PTC / PT";"N";313;"Válido";313;4;"NÃO ELEITO"
"13/11/2024";"10:56:11";2018;2;"Eleição Ordinária";1;297;"ELEIÇÕES GERAIS ESTADUAIS 2018";"07/10/2018";"E";"RO";"RO";"RONDÔNIA";566;"URUPÁ";18;5;"Senador";220000604629;400;"JESUALDO PIRES FERREIRA JUNIOR";"JESUALDO PIRES";"#NULO#";12;"APTO";2;"DEFERIDO";-3;"#NE";-3;"#NE";-3;"#NE";"COLIGAÇÃO";40;"PSB";"Partido Socialista Brasileiro";-1;"#NULO#";"#NULO#";"#NULO#";220000050134;"JUNTOS POR UM NOVO TEMPO PARA RONDONIA";"PDT / PSB / PTB / DC / PP / PR / SOLIDARIEDADE / PTC / PT";"N";2584;"Válido";2584;4;"NÃO ELEITO"
"13/11/2024";"10:56:11";2018;2;"Eleição Ordinária";1;297;"ELEIÇÕES GERAIS ESTADUAIS 2018";"07/10/2018";"E";"RO";"RO";"RONDÔNIA";310;"ALTA FLORESTA D OESTE";17;5;"Senador";220000604629;400;"JESUALDO PIRES FERREIRA JUNIOR";"JESUALDO PIRES";"#NULO#";12;"APTO";2;"DEFERIDO";-3;"#NE";-3;"#NE";-3;"#NE";"COLIGAÇÃO";40;"PSB";"Partido Socialista Brasileiro";-1;"#NULO#";"#NULO#";"#NULO#";220000050134;"JUNTOS POR UM NOVO TEMPO PARA RONDONIA";"PDT / PSB / PTB / DC / PP / PR / SOLIDARIEDADE / PTC / PT";"N";1384;"Válido";1384;4;"NÃO ELEITO"
"13/11/2024";"10:56:11";2018;2;"Eleição Ordinária";1;297;"ELEIÇÕES GERAIS ESTADUAIS 2018";"07/10/2018";"E";"RO";"RO";"RONDÔNIA";809;"CHUPINGUAIA";8;5;"Senador";220000604629;400;"JESUALDO PIRES FERREIRA JUNIOR";"JESUALDO PIRES";"#NULO#";12;"APTO";2;"DEFERIDO";-3;"#NE";-3;"#NE";-3;"#NE";"COLIGAÇÃO";40;"PSB";"Partido Socialista Brasileiro";-1;"#NULO#";"#NULO#";"#NULO#";220000050134;"JUNTOS POR UM NOVO TEMPO PARA RONDONIA";"PDT / PSB / PTB / DC / PP / PR / SOLIDARIEDADE / PTC / PT";"N";424;"Válido";424;4;"NÃO ELEITO"
"13/11/2024";"10:56:11";2018;2;"Eleição Ordinária";1;297;"ELEIÇÕES GERAIS ESTADUAIS 2018";"07/10/2018";"E";"RO";"RO";"RONDÔNIA";558;"VALE DO PARAÍSO";28;5;"Senador";220000604629;400;"JESUALDO PIRES FERREIRA JUNIOR";"JESUALDO PIRES";"#NULO#";12;"APTO";2;"DEFERIDO";-3;"#NE";-3;"#NE";-3;"#NE";"COLIGAÇÃO";40;"PSB";"Partido Socialista Brasileiro";-1;"#NULO#";"#NULO#";"#NULO#";220000050134;"JUNTOS POR UM NOVO TEMPO PARA RONDONIA";"PDT / PSB / PTB / DC / PP / PR / SOLIDARIEDADE / PTC / PT";"N";1058;"Válido";1058;4;"NÃO ELEITO"
"13/11/2024";"10:56:11";2018;2;"Eleição Ordinária";1;297;"ELEIÇÕES GERAIS ESTADUAIS 2018";"07/10/2018";"E";"RO";"RO";"RONDÔNIA";213;"COSTA MARQUES";5;5;"Senador";220000604629;400;"JESUALDO PIRES FERREIRA JUNIOR";"JESUALDO PIRES";"#NULO#";12;"APTO";2;"DEFERIDO";-3;"#NE";-3;"#NE";-3;"#NE";"COLIGAÇÃO";40;"PSB";"Partido Socialista Brasileiro";-1;"#NULO#";"#NULO#";"#NULO#";220000050134;"JUNTOS POR UM NOVO TEMPO PARA RONDONIA";"PDT / PSB / PTB / DC / PP / PR / SOLIDARIEDADE / PTC / PT";"N";950;"Válido";950;4;"NÃO ELEITO"
"13/11/2024";"10:56:11";2018;2;"Eleição Ordinária";1;297;"ELEIÇÕES GERAIS ESTADUAIS 2018";"07/10/2018";"E";"RO";"RO";"RONDÔNIA";663;"MONTE NEGRO";25;5;"Senador";220000604629;400;"JESUALDO PIRES FERREIRA JUNIOR";"JESUALDO PIRES";"#NULO#";12;"APTO";2;"DEFERIDO";-3;"#NE";-3;"#NE";-3;"#NE";"COLIGAÇÃO";40;"PSB";"Partido Socialista Brasileiro";-1;"#NULO#";"#NULO#";"#NULO#";220000050134;"JUNTOS POR UM NOVO TEMPO PARA RONDONIA";"PDT / PSB / PTB / DC / PP / PR / SOLIDARIEDADE / PTC / PT";"N";800;"Válido";800;4;"NÃO ELEITO"
"13/11/2024";"10:56:11";2018;2;"Eleição Ordinária";1;297;"ELEIÇÕES GERAIS ESTADUAIS 2018";"07/10/2018";"E";"RO";"RO";"RONDÔNIA";256;"ESPIGÃO DO OESTE";12;5;"Senador";220000604629;400;"JESUALDO PIRES FERREIRA JUNIOR";"JESUALDO PIRES";"#NULO#";12;"APTO";2;"DEFERIDO";-3;"#NE";-3;"#NE";-3;"#NE";"COLIGAÇÃO";40;"PSB";"Partido Socialista Brasileiro";-1;"#NULO#";"#NULO#";"#NULO#";220000050134;"JUNTOS POR UM NOVO TEMPO PARA RONDONIA";"PDT / PSB / PTB / DC / PP / PR / SOLIDARIEDADE / PTC / PT";"N";2489;"Válido";2489;4;"NÃO ELEITO"
"13/11/2024";"10:56:11";2018;2;"Eleição Ordinária";1;297;"ELEIÇÕES GERAIS ESTADUAIS 2018";"07/10/2018";"E";"RO";"RO";"RONDÔNIA";590;"THEOBROMA";27;5;"Senador";220000604629;400;"JESUALDO PIRES FERREIRA JUNIOR";"JESUALDO PIRES";"#NULO#";12;"APTO";2;"DEFERIDO";-3;"#NE";-3;"#NE";-3;"#NE";"COLIGAÇÃO";40;"PSB";"Partido Socialista Brasileiro";-1;"#NULO#";"#NULO#";"#NULO#";220000050134;"JUNTOS POR UM NOVO TEMPO PARA RONDONIA";"PDT / PSB / PTB / DC / PP / PR / SOLIDARIEDADE / PTC / PT";"N";1021;"Válido";1021;4;"NÃO ELEITO"
"13/11/2024";"10:56:11";2018;2;"Eleição Ordinária";1;297;"ELEIÇÕES GERAIS ESTADUAIS 2018";"07/10/2018";"E";"RO";"RO";"RONDÔNIA";299;"ROLIM DE MOURA";29;5;"Senador";220000604629;400;"JESUALDO PIRES FERREIRA JUNIOR";"JESUALDO PIRES";"#NULO#";12;"APTO";2;"DEFERIDO";-3;"#NE";-3;"#NE";-3;"#NE";"COLIGAÇÃO";40;"PSB";"Partido Socialista Brasileiro";-1;"#NULO#";"#NULO#";"#NULO#";220000050134;"JUNTOS POR UM NOVO TEMPO PARA RONDONIA";"PDT / PSB / PTB / DC / PP / PR / SOLIDARIEDADE / PTC / PT";"N";4796;"Válido";4796;4;"NÃO ELEITO"
"13/11/2024";"10:56:11";2018;2;"Eleição Ordinária";1;297;"ELEIÇÕES GERAIS ESTADUAIS 2018";"07/10/2018";"E";"RO";"RO";"RONDÔNIA";337;"ALVORADA DO OESTE";18;5;"Senador";220000604629;400;"JESUALDO PIRES FERREIRA JUNIOR";"JESUALDO PIRES";"#NULO#";12;"APTO";2;"DEFERIDO";-3;"#NE";-3;"#NE";-3;"#NE";"COLIGAÇÃO";40;"PSB";"Partido Socialista Brasileiro";-1;"#NULO#";"#NULO#";"#NULO#";220000050134;"JUNTOS POR UM NOVO TEMPO PARA RONDONIA";"PDT / PSB / PTB / DC / PP / PR / SOLIDARIEDADE / PTC / PT";"N";2832;"Válido";2832;4;"NÃO ELEITO"
"13/11/2024";"10:56:11";2018;2;"Eleição Ordinária";1;297;"ELEIÇÕES GERAIS ESTADUAIS 2018";"07/10/2018";"E";"RO";"RO";"RONDÔNIA";531;"CASTANHEIRAS";15;5;"Senador";220000627641;180;"ALUÍZIO VIDAL FLOR";"ALUÍZIO VIDAL";"#NULO#";12;"APTO";2;"DEFERIDO";-3;"#NE";-3;"#NE";-3;"#NE";"COLIGAÇÃO";18;"REDE";"Rede Sustentabilidade";-1;"#NULO#";"#NULO#";"#NULO#";220000050763;"POR UMA RONDÔNIA QUE QUEREMOS";"REDE / PPS / PRP";"N";15;"Válido";15;4;"NÃO ELEITO"
"13/11/2024";"10:56:11";2018;2;"Eleição Ordinária";1;297;"ELEIÇÕES GERAIS ESTADUAIS 2018";"07/10/2018";"E";"RO";"RO";"RONDÔNIA";698;"VALE DO ANARI";32;3;"Governador";220000627640;18;"VINICIUS VALENTIN RADUAN MIGUEL";"VINICIUS MIGUEL";"#NULO#";12;"APTO";2;"DEFERIDO";-3;"#NE";-3;"#NE";-3;"#NE";"COLIGAÇÃO";18;"REDE";"Rede Sustentabilidade";-1;"#NULO#";"#NULO#";"#NULO#";220000050763;"POR UMA RONDÔNIA QUE QUEREMOS";"REDE / PPS / PRP";"N";55;"Válido";55;4;"NÃO ELEITO"
"13/11/2024";"10:56:11";2018;2;"Eleição Ordinária";1;297;"ELEIÇÕES GERAIS ESTADUAIS 2018";"07/10/2018";"E";"RO";"RO";"RONDÔNIA";531;"CASTANHEIRAS";15;3;"Governador";220000627640;18;"VINICIUS VALENTIN RADUAN MIGUEL";"VINICIUS MIGUEL";"#NULO#";12;"APTO";2;"DEFERIDO";-3;"#NE";-3;"#NE";-3;"#NE";"COLIGAÇÃO";18;"REDE";"Rede Sustentabilidade";-1;"#NULO#";"#NULO#";"#NULO#";220000050763;"POR UMA RONDÔNIA QUE QUEREMOS";"REDE / PPS / PRP";"N";176;"Válido";176;4;"NÃO ELEITO"
"13/11/2024";"10:56:11";2018;2;"Eleição Ordinária";1;297;"ELEIÇÕES GERAIS ESTADUAIS 2018";"07/10/2018";"E";"RO";"RO";"RONDÔNIA";795;"SÃO FRANCISCO DO GUAPORÉ";5;3;"Governador";220000627640;18;"VINICIUS VALENTIN RADUAN MIGUEL";"VINICIUS MIGUEL";"#NULO#";12;"APTO";2;"DEFERIDO";-3;"#NE";-3;"#NE";-3;"#NE";"COLIGAÇÃO";18;"REDE";"Rede Sustentabilidade";-1;"#NULO#";"#NULO#";"#NULO#";220000050763;"POR UMA RONDÔNIA QUE QUEREMOS";"REDE / PPS / PRP";"N";139;"Válido";139;4;"NÃO ELEITO"
"13/11/2024";"10:56:11";2018;2;"Eleição Ordinária";1;297;"ELEIÇÕES GERAIS ESTADUAIS 2018";"07/10/2018";"E";"RO";"RO";"RONDÔNIA";604;"MINISTRO ANDREAZZA";11;3;"Governador";220000627640;18;"VINICIUS VALENTIN RADUAN MIGUEL";"VINICIUS MIGUEL";"#NULO#";12;"APTO";2;"DEFERIDO";-3;"#NE";-3;"#NE";-3;"#NE";"COLIGAÇÃO";18;"REDE";"Rede Sustentabilidade";-1;"#NULO#";"#NULO#";"#NULO#";220000050763;"POR UMA RONDÔNIA QUE QUEREMOS";"REDE / PPS / PRP";"N";438;"Válido";438;4;"NÃO ELEITO"
"13/11/2024";"10:56:11";2018;2;"Eleição Ordinária";1;297;"ELEIÇÕES GERAIS ESTADUAIS 2018";"07/10/2018";"E";"RO";"RO";"RONDÔNIA";396;"MACHADINHO D OESTE";32;3;"Governador";220000627640;18;"VINICIUS VALENTIN RADUAN MIGUEL";"VINICIUS MIGUEL";"#NULO#";12;"APTO";2;"DEFERIDO";-3;"#NE";-3;"#NE";-3;"#NE";"COLIGAÇÃO";18;"REDE";"Rede Sustentabilidade";-1;"#NULO#";"#NULO#";"#NULO#";220000050763;"POR UMA RONDÔNIA QUE QUEREMOS";"REDE / PPS / PRP";"N";326;"Válido";326;4;"NÃO ELEITO"
"13/11/2024";"10:56:11";2018;2;"Eleição Ordinária";1;297;"ELEIÇÕES GERAIS ESTADUAIS 2018";"07/10/2018";"E";"RO";"RO";"RONDÔNIA";175;"OURO PRETO DO OESTE";13;5;"Senador";220000604629;400;"JESUALDO PIRES FERREIRA JUNIOR";"JESUALDO PIRES";"#NULO#";12;"APTO";2;"DEFERIDO";-3;"#NE";-3;"#NE";-3;"#NE";"COLIGAÇÃO";40;"PSB";"Partido Socialista Brasileiro";-1;"#NULO#";"#NULO#";"#NULO#";220000050134;"JUNTOS POR UM NOVO TEMPO PARA RONDONIA";"PDT / PSB / PTB / DC / PP / PR / SOLIDARIEDADE / PTC / PT";"N";6962;"Válido";6962;4;"NÃO ELEITO"
"13/11/2024";"10:56:11";2018;2;"Eleição Ordinária";1;297;"ELEIÇÕES GERAIS ESTADUAIS 2018";"07/10/2018";"E";"RO";"RO";"RONDÔNIA";19;"GUAJARÁ-MIRIM";1;5;"Senador";220000604629;400;"JESUALDO PIRES FERREIRA JUNIOR";"JESUALDO PIRES";"#NULO#";12;"APTO";2;"DEFERIDO";-3;"#NE";-3;"#NE";-3;"#NE";"COLIGAÇÃO";40;"PSB";"Partido Socialista Brasileiro";-1;"#NULO#";"#NULO#";"#NULO#";220000050134;"JUNTOS POR UM NOVO TEMPO PARA RONDONIA";"PDT / PSB / PTB / DC / PP / PR / SOLIDARIEDADE / PTC / PT";"N";5873;"Válido";5873;4;"NÃO ELEITO"
"13/11/2024";"10:56:11";2018;2;"Eleição Ordinária";1;297;"ELEIÇÕES GERAIS ESTADUAIS 2018";"07/10/2018";"E";"RO";"RO";"RONDÔNIA";191;"PRESIDENTE MÉDICI";3;5;"Senador";220000604629;400;"JESUALDO PIRES FERREIRA JUNIOR";"JESUALDO PIRES";"#NULO#";12;"APTO";2;"DEFERIDO";-3;"#NE";-3;"#NE";-3;"#NE";"COLIGAÇÃO";40;"PSB";"Partido Socialista Brasileiro";-1;"#NULO#";"#NULO#";"#NULO#";220000050134;"JUNTOS POR UM NOVO TEMPO PARA RONDONIA";"PDT / PSB / PTB / DC / PP / PR / SOLIDARIEDADE / PTC / PT";"N";5669;"Válido";5669;4;"NÃO ELEITO"
"13/11/2024";"10:56:11";2018;2;"Eleição Ordinária";1;297;"ELEIÇÕES GERAIS ESTADUAIS 2018";"07/10/2018";"E";"RO";"RO";"RONDÔNIA";353;"SANTA LUZIA D OESTE";19;5;"Senador";220000604629;400;"JESUALDO PIRES FERREIRA JUNIOR";"JESUALDO PIRES";"#NULO#";12;"APTO";2;"DEFERIDO";-3;"#NE";-3;"#NE";-3;"#NE";"COLIGAÇÃO";40;"PSB";"Partido Socialista Brasileiro";-1;"#NULO#";"#NULO#";"#NULO#";220000050134;"JUNTOS POR UM NOVO TEMPO PARA RONDONIA";"PDT / PSB / PTB / DC / PP / PR / SOLIDARIEDADE / PTC / PT";"N";715;"Válido";715;4;"NÃO ELEITO"
"13/11/2024";"10:56:11";2018;2;"Eleição Ordinária";1;297;"ELEIÇÕES GERAIS ESTADUAIS 2018";"07/10/2018";"E";"RO";"RO";"RONDÔNIA";230;"COLORADO DO OESTE";8;5;"Senador";220000604629;400;"JESUALDO PIRES FERREIRA JUNIOR";"JESUALDO PIRES";"#NULO#";12;"APTO";2;"DEFERIDO";-3;"#NE";-3;"#NE";-3;"#NE";"COLIGAÇÃO";40;"PSB";"Partido Socialista Brasileiro";-1;"#NULO#";"#NULO#";"#NULO#";220000050134;"JUNTOS POR UM NOVO TEMPO PARA RONDONIA";"PDT / PSB / PTB / DC / PP / PR / SOLIDARIEDADE / PTC / PT";"N";1068;"Válido";1068;4;"NÃO ELEITO"
"13/11/2024";"10:56:11";2018;2;"Eleição Ordinária";1;297;"ELEIÇÕES GERAIS ESTADUAIS 2018";"07/10/2018";"E";"RO";"RO";"RONDÔNIA";159;"JARU";10;5;"Senador";220000604629;400;"JESUALDO PIRES FERREIRA JUNIOR";"JESUALDO PIRES";"#NULO#";12;"APTO";2;"DEFERIDO";-3;"#NE";-3;"#NE";-3;"#NE";"COLIGAÇÃO";40;"PSB";"Partido Socialista Brasileiro";-1;"#NULO#";"#NULO#";"#NULO#";220000050134;"JUNTOS POR UM NOVO TEMPO PARA RONDONIA";"PDT / PSB / PTB / DC / PP / PR / SOLIDARIEDADE / PTC / PT";"N";6285;"Válido";6285;4;"NÃO ELEITO"
"13/11/2024";"10:56:11";2018;2;"Eleição Ordinária";1;297;"ELEIÇÕES GERAIS ESTADUAIS 2018";"07/10/2018";"E";"RO";"RO";"RONDÔNIA";78;"ARIQUEMES";7;5;"Senador";220000604629;400;"JESUALDO PIRES FERREIRA JUNIOR";"JESUALDO PIRES";"#NULO#";12;"APTO";2;"DEFERIDO";-3;"#NE";-3;"#NE";-3;"#NE";"COLIGAÇÃO";40;"PSB";"Partido Socialista Brasileiro";-1;"#NULO#";"#NULO#";"#NULO#";220000050134;"JUNTOS POR UM NOVO TEMPO PARA RONDONIA";"PDT / PSB / PTB / DC / PP / PR / SOLIDARIEDADE / PTC / PT";"N";6490;"Válido";6490;4;"NÃO ELEITO"
"13/11/2024";"10:56:11";2018;2;"Eleição Ordinária";1;297;"ELEIÇÕES GERAIS ESTADUAIS 2018";"07/10/2018";"E";"RO";"RO";"RONDÔNIA";132;"VILHENA";4;5;"Senador";220000604629;400;"JESUALDO PIRES FERREIRA JUNIOR";"JESUALDO PIRES";"#NULO#";12;"APTO";2;"DEFERIDO";-3;"#NE";-3;"#NE";-3;"#NE";"COLIGAÇÃO";40;"PSB";"Partido Socialista Brasileiro";-1;"#NULO#";"#NULO#";"#NULO#";220000050134;"JUNTOS POR UM NOVO TEMPO PARA RONDONIA";"PDT / PSB / PTB / DC / PP / PR / SOLIDARIEDADE / PTC / PT";"N";4745;"Válido";4745;4;"NÃO ELEITO"
"13/11/2024";"10:56:11";2018;2;"Eleição Ordinária";1;297;"ELEIÇÕES GERAIS ESTADUAIS 2018";"07/10/2018";"E";"RO";"RO";"RONDÔNIA";710;"SÃO FELIPE D OESTE";19;5;"Senador";220000604629;400;"JESUALDO PIRES FERREIRA JUNIOR";"JESUALDO PIRES";"#NULO#";12;"APTO";2;"DEFERIDO";-3;"#NE";-3;"#NE";-3;"#NE";"COLIGAÇÃO";40;"PSB";"Partido Socialista Brasileiro";-1;"#NULO#";"#NULO#";"#NULO#";220000050134;"JUNTOS POR UM NOVO TEMPO PARA RONDONIA";"PDT / PSB / PTB / DC / PP / PR / SOLIDARIEDADE / PTC / PT";"N";440;"Válido";440;4;"NÃO ELEITO"
"13/11/2024";"10:56:11";2018;2;"Eleição Ordinária";1;297;"ELEIÇÕES GERAIS ESTADUAIS 2018";"07/10/2018";"E";"RO";"RO";"RONDÔNIA";35;"PORTO VELHO";2;5;"Senador";220000604629;400;"JESUALDO PIRES FERREIRA JUNIOR";"JESUALDO PIRES";"#NULO#";12;"APTO";2;"DEFERIDO";-3;"#NE";-3;"#NE";-3;"#NE";"COLIGAÇÃO";40;"PSB";"Partido Socialista Brasileiro";-1;"#NULO#";"#NULO#";"#NULO#";220000050134;"JUNTOS POR UM NOVO TEMPO PARA RONDONIA";"PDT / PSB / PTB / DC / PP / PR / SOLIDARIEDADE / PTC / PT";"N";16000;"Válido";16000;4;"NÃO ELEITO"
"13/11/2024";"10:56:11";2018;2;"Eleição Ordinária";1;297;"ELEIÇÕES GERAIS ESTADUAIS 2018";"07/10/2018";"E";"RO";"RO";"RONDÔNIA";35;"PORTO VELHO";20;5;"Senador";220000604629;400;"JESUALDO PIRES FERREIRA JUNIOR";"JESUALDO PIRES";"#NULO#";12;"APTO";2;"DEFERIDO";-3;"#NE";-3;"#NE";-3;"#NE";"COLIGAÇÃO";40;"PSB";"Partido Socialista Brasileiro";-1;"#NULO#";"#NULO#";"#NULO#";220000050134;"JUNTOS POR UM NOVO TEMPO PARA RONDONIA";"PDT / PSB / PTB / DC / PP / PR / SOLIDARIEDADE / PTC / PT";"N";12553;"Válido";12553;4;"NÃO ELEITO"
"13/11/2024";"10:56:11";2018;2;"Eleição Ordinária";1;297;"ELEIÇÕES GERAIS ESTADUAIS 2018";"07/10/2018";"E";"RO";"RO";"RONDÔNIA";35;"PORTO VELHO";21;5;"Senador";220000604629;400;"JESUALDO PIRES FERREIRA JUNIOR";"JESUALDO PIRES";"#NULO#";12;"APTO";2;"DEFERIDO";-3;"#NE";-3;"#NE";-3;"#NE";"COLIGAÇÃO";40;"PSB";"Partido Socialista Brasileiro";-1;"#NULO#";"#NULO#";"#NULO#";220000050134;"JUNTOS POR UM NOVO TEMPO PARA RONDONIA";"PDT / PSB / PTB / DC / PP / PR / SOLIDARIEDADE / PTC / PT";"N";7362;"Válido";7362;4;"NÃO ELEITO"
"13/11/2024";"10:56:11";2018;2;"Eleição Ordinária";1;297;"ELEIÇÕES GERAIS ESTADUAIS 2018";"07/10/2018";"E";"RO";"RO";"RONDÔNIA";35;"PORTO VELHO";6;5;"Senador";220000604629;400;"JESUALDO PIRES FERREIRA JUNIOR";"JESUALDO PIRES";"#NULO#";12;"APTO";2;"DEFERIDO";-3;"#NE";-3;"#NE";-3;"#NE";"COLIGAÇÃO";40;"PSB";"Partido Socialista Brasileiro";-1;"#NULO#";"#NULO#";"#NULO#";220000050134;"JUNTOS POR UM NOVO TEMPO PARA RONDONIA";"PDT / PSB / PTB / DC / PP / PR / SOLIDARIEDADE / PTC / PT";"N";11430;"Válido";11430;4;"NÃO ELEITO"
"13/11/2024";"10:56:11";2018;2;"Eleição Ordinária";1;297;"ELEIÇÕES GERAIS ESTADUAIS 2018";"07/10/2018";"E";"RO";"RO";"RONDÔNIA";736;"ALTO ALEGRE DOS PARECIS";19;5;"Senador";220000604629;400;"JESUALDO PIRES FERREIRA JUNIOR";"JESUALDO PIRES";"#NULO#";12;"APTO";2;"DEFERIDO";-3;"#NE";-3;"#NE";-3;"#NE";"COLIGAÇÃO";40;"PSB";"Partido Socialista Brasileiro";-1;"#NULO#";"#NULO#";"#NULO#";220000050134;"JUNTOS POR UM NOVO TEMPO PARA RONDONIA";"PDT / PSB / PTB / DC / PP / PR / SOLIDARIEDADE / PTC / PT";"N";1253;"Válido";1253;4;"NÃO ELEITO"
"13/11/2024";"10:56:11";2018;2;"Eleição Ordinária";1;297;"ELEIÇÕES GERAIS ESTADUAIS 2018";"07/10/2018";"E";"RO";"RO";"RONDÔNIA";612;"GOVERNADOR JORGE TEIXEIRA";27;5;"Senador";220000604629;400;"JESUALDO PIRES FERREIRA JUNIOR";"JESUALDO PIRES";"#NULO#";12;"APTO";2;"DEFERIDO";-3;"#NE";-3;"#NE";-3;"#NE";"COLIGAÇÃO";40;"PSB";"Partido Socialista Brasileiro";-1;"#NULO#";"#NULO#";"#NULO#";220000050134;"JUNTOS POR UM NOVO TEMPO PARA RONDONIA";"PDT / PSB / PTB / DC / PP / PR / SOLIDARIEDADE / PTC / PT";"N";1573;"Válido";1573;4;"NÃO ELEITO"
"13/11/2024";"10:56:11";2018;2;"Eleição Ordinária";1;297;"ELEIÇÕES GERAIS ESTADUAIS 2018";"07/10/2018";"E";"RO";"RO";"RONDÔNIA";477;"CANDEIAS DO JAMARI";21;5;"Senador";220000604629;400;"JESUALDO PIRES FERREIRA JUNIOR";"JESUALDO PIRES";"#NULO#";12;"APTO";2;"DEFERIDO";-3;"#NE";-3;"#NE";-3;"#NE";"COLIGAÇÃO";40;"PSB";"Partido Socialista Brasileiro";-1;"#NULO#";"#NULO#";"#NULO#";220000050134;"JUNTOS POR UM NOVO TEMPO PARA RONDONIA";"PDT / PSB / PTB / DC / PP / PR / SOLIDARIEDADE / PTC / PT";"N";2976;"Válido";2976;4;"NÃO ELEITO"
"13/11/2024";"10:56:11";2018;2;"Eleição Ordinária";1;297;"ELEIÇÕES GERAIS ESTADUAIS 2018";"07/10/2018";"E";"RO";"RO";"RONDÔNIA";370;"NOVA BRASILÂNDIA D OESTE";15;5;"Senador";220000604629;400;"JESUALDO PIRES FERREIRA JUNIOR";"JESUALDO PIRES";"#NULO#";12;"APTO";2;"DEFERIDO";-3;"#NE";-3;"#NE";-3;"#NE";"COLIGAÇÃO";40;"PSB";"Partido Socialista Brasileiro";-1;"#NULO#";"#NULO#";"#NULO#";220000050134;"JUNTOS POR UM NOVO TEMPO PARA RONDONIA";"PDT / PSB / PTB / DC / PP / PR / SOLIDARIEDADE / PTC / PT";"N";1527;"Válido";1527;4;"NÃO ELEITO"
"13/11/2024";"10:56:11";2018;2;"Eleição Ordinária";1;297;"ELEIÇÕES GERAIS ESTADUAIS 2018";"07/10/2018";"E";"RO";"RO";"RONDÔNIA";639;"ALTO PARAÍSO";25;5;"Senador";220000604629;400;"JESUALDO PIRES FERREIRA JUNIOR";"JESUALDO PIRES";"#NULO#";12;"APTO";2;"DEFERIDO";-3;"#NE";-3;"#NE";-3;"#NE";"COLIGAÇÃO";40;"PSB";"Partido Socialista Brasileiro";-1;"#NULO#";"#NULO#";"#NULO#";220000050134;"JUNTOS POR UM NOVO TEMPO PARA RONDONIA";"PDT / PSB / PTB / DC / PP / PR / SOLIDARIEDADE / PTC / PT";"N";712;"Válido";712;4;"NÃO ELEITO"
"13/11/2024";"10:56:11";2018;2;"Eleição Ordinária";1;297;"ELEIÇÕES GERAIS ESTADUAIS 2018";"07/10/2018";"E";"RO";"RO";"RONDÔNIA";647;"RIO CRESPO";26;5;"Senador";220000604629;400;"JESUALDO PIRES FERREIRA JUNIOR";"JESUALDO PIRES";"#NULO#";12;"APTO";2;"DEFERIDO";-3;"#NE";-3;"#NE";-3;"#NE";"COLIGAÇÃO";40;"PSB";"Partido Socialista Brasileiro";-1;"#NULO#";"#NULO#";"#NULO#";220000050134;"JUNTOS POR UM NOVO TEMPO PARA RONDONIA";"PDT / PSB / PTB / DC / PP / PR / SOLIDARIEDADE / PTC / PT";"N";379;"Válido";379;4;"NÃO ELEITO"
"13/11/2024";"10:56:11";2018;2;"Eleição Ordinária";1;297;"ELEIÇÕES GERAIS ESTADUAIS 2018";"07/10/2018";"E";"RO";"RO";"RONDÔNIA";620;"CACAULÂNDIA";26;5;"Senador";220000604629;400;"JESUALDO PIRES FERREIRA JUNIOR";"JESUALDO PIRES";"#NULO#";12;"APTO";2;"DEFERIDO";-3;"#NE";-3;"#NE";-3;"#NE";"COLIGAÇÃO";40;"PSB";"Partido Socialista Brasileiro";-1;"#NULO#";"#NULO#";"#NULO#";220000050134;"JUNTOS POR UM NOVO TEMPO PARA RONDONIA";"PDT / PSB / PTB / DC / PP / PR / SOLIDARIEDADE / PTC / PT";"N";298;"Válido";298;4;"NÃO ELEITO"
"13/11/2024";"10:56:11";2018;2;"Eleição Ordinária";1;297;"ELEIÇÕES GERAIS ESTADUAIS 2018";"07/10/2018";"E";"RO";"RO";"RONDÔNIA";515;"NOVO HORIZONTE DO OESTE";15;5;"Senador";220000604629;400;"JESUALDO PIRES FERREIRA JUNIOR";"JESUALDO PIRES";"#NULO#";12;"APTO";2;"DEFERIDO";-3;"#NE";-3;"#NE";-3;"#NE";"COLIGAÇÃO";40;"PSB";"Partido Socialista Brasileiro";-1;"#NULO#";"#NULO#";"#NULO#";220000050134;"JUNTOS POR UM NOVO TEMPO PARA RONDONIA";"PDT / PSB / PTB / DC / PP / PR / SOLIDARIEDADE / PTC / PT";"N";1009;"Válido";1009;4;"NÃO ELEITO"
"13/11/2024";"10:56:11";2018;2;"Eleição Ordinária";1;297;"ELEIÇÕES GERAIS ESTADUAIS 2018";"07/10/2018";"E";"RO";"RO";"RONDÔNIA";680;"CUJUBIM";26;5;"Senador";220000604629;400;"JESUALDO PIRES FERREIRA JUNIOR";"JESUALDO PIRES";"#NULO#";12;"APTO";2;"DEFERIDO";-3;"#NE";-3;"#NE";-3;"#NE";"COLIGAÇÃO";40;"PSB";"Partido Socialista Brasileiro";-1;"#NULO#";"#NULO#";"#NULO#";220000050134;"JUNTOS POR UM NOVO TEMPO PARA RONDONIA";"PDT / PSB / PTB / DC / PP / PR / SOLIDARIEDADE / PTC / PT";"N";868;"Válido";868;4;"NÃO ELEITO"
"13/11/2024";"10:56:11";2018;2;"Eleição Ordinária";1;297;"ELEIÇÕES GERAIS ESTADUAIS 2018";"07/10/2018";"E";"RO";"RO";"RONDÔNIA";116;"PIMENTA BUENO";9;5;"Senador";220000604629;400;"JESUALDO PIRES FERREIRA JUNIOR";"JESUALDO PIRES";"#NULO#";12;"APTO";2;"DEFERIDO";-3;"#NE";-3;"#NE";-3;"#NE";"COLIGAÇÃO";40;"PSB";"Partido Socialista Brasileiro";-1;"#NULO#";"#NULO#";"#NULO#";220000050134;"JUNTOS POR UM NOVO TEMPO PARA RONDONIA";"PDT / PSB / PTB / DC / PP / PR / SOLIDARIEDADE / PTC / PT";"N";4281;"Válido";4281;4;"NÃO ELEITO"
"13/11/2024";"10:56:11";2018;2;"Eleição Ordinária";1;297;"ELEIÇÕES GERAIS ESTADUAIS 2018";"07/10/2018";"E";"RO";"RO";"RONDÔNIA";655;"CORUMBIARA";16;5;"Senador";220000604629;400;"JESUALDO PIRES FERREIRA JUNIOR";"JESUALDO PIRES";"#NULO#";12;"APTO";2;"DEFERIDO";-3;"#NE";-3;"#NE";-3;"#NE";"COLIGAÇÃO";40;"PSB";"Partido Socialista Brasileiro";-1;"#NULO#";"#NULO#";"#NULO#";220000050134;"JUNTOS POR UM NOVO TEMPO PARA RONDONIA";"PDT / PSB / PTB / DC / PP / PR / SOLIDARIEDADE / PTC / PT";"N";670;"Válido";670;4;"NÃO ELEITO"
"13/11/2024";"10:56:11";2018;2;"Eleição Ordinária";1;297;"ELEIÇÕES GERAIS ESTADUAIS 2018";"07/10/2018";"E";"RO";"RO";"RONDÔNIA";94;"CACOAL";11;5;"Senador";220000604629;400;"JESUALDO PIRES FERREIRA JUNIOR";"JESUALDO PIRES";"#NULO#";12;"APTO";2;"DEFERIDO";-3;"#NE";-3;"#NE";-3;"#NE";"COLIGAÇÃO";40;"PSB";"Partido Socialista Brasileiro";-1;"#NULO#";"#NULO#";"#NULO#";220000050134;"JUNTOS POR UM NOVO TEMPO PARA RONDONIA";"PDT / PSB / PTB / DC / PP / PR / SOLIDARIEDADE / PTC / PT";"N";12346;"Válido";12346;4;"NÃO ELEITO"
"13/11/2024";"10:56:11";2018;2;"Eleição Ordinária";1;297;"ELEIÇÕES GERAIS ESTADUAIS 2018";"07/10/2018";"E";"RO";"RO";"RONDÔNIA";701;"PARECIS";19;5;"Senador";220000604629;400;"JESUALDO PIRES FERREIRA JUNIOR";"JESUALDO PIRES";"#NULO#";12;"APTO";2;"DEFERIDO";-3;"#NE";-3;"#NE";-3;"#NE";"COLIGAÇÃO";40;"PSB";"Partido Socialista Brasileiro";-1;"#NULO#";"#NULO#";"#NULO#";220000050134;"JUNTOS POR UM NOVO TEMPO PARA RONDONIA";"PDT / PSB / PTB / DC / PP / PR / SOLIDARIEDADE / PTC / PT";"N";514;"Válido";514;4;"NÃO ELEITO"
"13/11/2024";"10:56:11";2018;2;"Eleição Ordinária";1;297;"ELEIÇÕES GERAIS ESTADUAIS 2018";"07/10/2018";"E";"RO";"RO";"RONDÔNIA";230;"COLORADO DO OESTE";8;5;"Senador";220000627641;180;"ALUÍZIO VIDAL FLOR";"ALUÍZIO VIDAL";"#NULO#";12;"APTO";2;"DEFERIDO";-3;"#NE";-3;"#NE";-3;"#NE";"COLIGAÇÃO";18;"REDE";"Rede Sustentabilidade";-1;"#NULO#";"#NULO#";"#NULO#";220000050763;"POR UMA RONDÔNIA QUE QUEREMOS";"REDE / PPS / PRP";"N";177;"Válido";177;4;"NÃO ELEITO"
"13/11/2024";"10:56:11";2018;2;"Eleição Ordinária";1;297;"ELEIÇÕES GERAIS ESTADUAIS 2018";"07/10/2018";"E";"RO";"RO";"RONDÔNIA";230;"COLORADO DO OESTE";8;3;"Governador";220000627640;18;"VINICIUS VALENTIN RADUAN MIGUEL";"VINICIUS MIGUEL";"#NULO#";12;"APTO";2;"DEFERIDO";-3;"#NE";-3;"#NE";-3;"#NE";"COLIGAÇÃO";18;"REDE";"Rede Sustentabilidade";-1;"#NULO#";"#NULO#";"#NULO#";220000050763;"POR UMA RONDÔNIA QUE QUEREMOS";"REDE / PPS / PRP";"N";499;"Válido";499;4;"NÃO ELEITO"
"13/11/2024";"10:56:11";2018;2;"Eleição Ordinária";1;297;"ELEIÇÕES GERAIS ESTADUAIS 2018";"07/10/2018";"E";"RO";"RO";"RONDÔNIA";159;"JARU";10;5;"Senador";220000627641;180;"ALUÍZIO VIDAL FLOR";"ALUÍZIO VIDAL";"#NULO#";12;"APTO";2;"DEFERIDO";-3;"#NE";-3;"#NE";-3;"#NE";"COLIGAÇÃO";18;"REDE";"Rede Sustentabilidade";-1;"#NULO#";"#NULO#";"#NULO#";220000050763;"POR UMA RONDÔNIA QUE QUEREMOS";"REDE / PPS / PRP";"N";735;"Válido";735;4;"NÃO ELEITO"
"13/11/2024";"10:56:11";2018;2;"Eleição Ordinária";1;297;"ELEIÇÕES GERAIS ESTADUAIS 2018";"07/10/2018";"E";"RO";"RO";"RONDÔNIA";159;"JARU";10;3;"Governador";220000627640;18;"VINICIUS VALENTIN RADUAN MIGUEL";"VINICIUS MIGUEL";"#NULO#";12;"APTO";2;"DEFERIDO";-3;"#NE";-3;"#NE";-3;"#NE";"COLIGAÇÃO";18;"REDE";"Rede Sustentabilidade";-1;"#NULO#";"#NULO#";"#NULO#";220000050763;"POR UMA RONDÔNIA QUE QUEREMOS";"REDE / PPS / PRP";"N";870;"Válido";870;4;"NÃO ELEITO"
"13/11/2024";"10:56:11";2018;2;"Eleição Ordinária";1;297;"ELEIÇÕES GERAIS ESTADUAIS 2018";"07/10/2018";"E";"RO";"RO";"RONDÔNIA";230;"COLORADO DO OESTE";8;5;"Senador";220000618466;151;"VALDIR RAUPP DE MATOS";"VALDIR RAUPP";"#NULO#";12;"APTO";2;"DEFERIDO";-3;"#NE";-3;"#NE";-3;"#NE";"COLIGAÇÃO";15;"MDB";"Movimento Democrático Brasileiro";-1;"#NULO#";"#NULO#";"#NULO#";220000050479;"RONDONIA, UNIDOS SOMOS FORTES ";"MDB / PODE / PMN / PSC / PC do B / PHS / PROS / PV";"N";976;"Válido";976;4;"NÃO ELEITO"
"13/11/2024";"10:56:11";2018;2;"Eleição Ordinária";1;297;"ELEIÇÕES GERAIS ESTADUAIS 2018";"07/10/2018";"E";"RO";"RO";"RONDÔNIA";230;"COLORADO DO OESTE";8;3;"Governador";220000618464;15;"MAURO DE CARVALHO";"MAURAO DE CARVALHO";"#NULO#";12;"APTO";2;"DEFERIDO";-3;"#NE";-3;"#NE";-3;"#NE";"COLIGAÇÃO";15;"MDB";"Movimento Democrático Brasileiro";-1;"#NULO#";"#NULO#";"#NULO#";220000050479;"RONDONIA, UNIDOS SOMOS FORTES ";"MDB / PODE / PMN / PSC / PC do B / PHS / PROS / PV";"N";1478;"Válido";1478;4;"NÃO ELEITO"
"13/11/2024";"10:56:11";2018;2;"Eleição Ordinária";1;297;"ELEIÇÕES GERAIS ESTADUAIS 2018";"07/10/2018";"E";"RO";"RO";"RONDÔNIA";159;"JARU";10;5;"Senador";220000618466;151;"VALDIR RAUPP DE MATOS";"VALDIR RAUPP";"#NULO#";12;"APTO";2;"DEFERIDO";-3;"#NE";-3;"#NE";-3;"#NE";"COLIGAÇÃO";15;"MDB";"Movimento Democrático Brasileiro";-1;"#NULO#";"#NULO#";"#NULO#";220000050479;"RONDONIA, UNIDOS SOMOS FORTES ";"MDB / PODE / PMN / PSC / PC do B / PHS / PROS / PV";"N";2431;"Válido";2431;4;"NÃO ELEITO"
"13/11/2024";"10:56:11";2018;2;"Eleição Ordinária";1;297;"ELEIÇÕES GERAIS ESTADUAIS 2018";"07/10/2018";"E";"RO";"RO";"RONDÔNIA";159;"JARU";10;3;"Governador";220000618464;15;"MAURO DE CARVALHO";"MAURAO DE CARVALHO";"#NULO#";12;"APTO";2;"DEFERIDO";-3;"#NE";-3;"#NE";-3;"#NE";"COLIGAÇÃO";15;"MDB";"Movimento Democrático Brasileiro";-1;"#NULO#";"#NULO#";"#NULO#";220000050479;"RONDONIA, UNIDOS SOMOS FORTES ";"MDB / PODE / PMN / PSC / PC do B / PHS / PROS / PV";"N";5284;"Válido";5284;4;"NÃO ELEITO"
"13/11/2024";"10:56:11";2018;2;"Eleição Ordinária";1;297;"ELEIÇÕES GERAIS ESTADUAIS 2018";"07/10/2018";"E";"RO";"RO";"RONDÔNIA";78;"ARIQUEMES";7;5;"Senador";220000618466;151;"VALDIR RAUPP DE MATOS";"VALDIR RAUPP";"#NULO#";12;"APTO";2;"DEFERIDO";-3;"#NE";-3;"#NE";-3;"#NE";"COLIGAÇÃO";15;"MDB";"Movimento Democrático Brasileiro";-1;"#NULO#";"#NULO#";"#NULO#";220000050479;"RONDONIA, UNIDOS SOMOS FORTES ";"MDB / PODE / PMN / PSC / PC do B / PHS / PROS / PV";"N";3658;"Válido";3658;4;"NÃO ELEITO"
"13/11/2024";"10:56:11";2018;2;"Eleição Ordinária";1;297;"ELEIÇÕES GERAIS ESTADUAIS 2018";"07/10/2018";"E";"RO";"RO";"RONDÔNIA";78;"ARIQUEMES";7;3;"Governador";220000618464;15;"MAURO DE CARVALHO";"MAURAO DE CARVALHO";"#NULO#";12;"APTO";2;"DEFERIDO";-3;"#NE";-3;"#NE";-3;"#NE";"COLIGAÇÃO";15;"MDB";"Movimento Democrático Brasileiro";-1;"#NULO#";"#NULO#";"#NULO#";220000050479;"RONDONIA, UNIDOS SOMOS FORTES ";"MDB / PODE / PMN / PSC / PC do B / PHS / PROS / PV";"N";8666;"Válido";8666;4;"NÃO ELEITO"
"13/11/2024";"10:56:11";2018;2;"Eleição Ordinária";1;297;"ELEIÇÕES GERAIS ESTADUAIS 2018";"07/10/2018";"E";"RO";"RO";"RONDÔNIA";132;"VILHENA";4;5;"Senador";220000618466;151;"VALDIR RAUPP DE MATOS";"VALDIR RAUPP";"#NULO#";12;"APTO";2;"DEFERIDO";-3;"#NE";-3;"#NE";-3;"#NE";"COLIGAÇÃO";15;"MDB";"Movimento Democrático Brasileiro";-1;"#NULO#";"#NULO#";"#NULO#";220000050479;"RONDONIA, UNIDOS SOMOS FORTES ";"MDB / PODE / PMN / PSC / PC do B / PHS / PROS / PV";"N";2573;"Válido";2573;4;"NÃO ELEITO"
"13/11/2024";"10:56:11";2018;2;"Eleição Ordinária";1;297;"ELEIÇÕES GERAIS ESTADUAIS 2018";"07/10/2018";"E";"RO";"RO";"RONDÔNIA";132;"VILHENA";4;3;"Governador";220000618464;15;"MAURO DE CARVALHO";"MAURAO DE CARVALHO";"#NULO#";12;"APTO";2;"DEFERIDO";-3;"#NE";-3;"#NE";-3;"#NE";"COLIGAÇÃO";15;"MDB";"Movimento Democrático Brasileiro";-1;"#NULO#";"#NULO#";"#NULO#";220000050479;"RONDONIA, UNIDOS SOMOS FORTES ";"MDB / PODE / PMN / PSC / PC do B / PHS / PROS / PV";"N";5790;"Válido";5790;4;"NÃO ELEITO"
"13/11/2024";"10:56:11";2018;2;"Eleição Ordinária";1;297;"ELEIÇÕES GERAIS ESTADUAIS 2018";"07/10/2018";"E";"RO";"RO";"RONDÔNIA";710;"SÃO FELIPE D OESTE";19;5;"Senador";220000618466;151;"VALDIR RAUPP DE MATOS";"VALDIR RAUPP";"#NULO#";12;"APTO";2;"DEFERIDO";-3;"#NE";-3;"#NE";-3;"#NE";"COLIGAÇÃO";15;"MDB";"Movimento Democrático Brasileiro";-1;"#NULO#";"#NULO#";"#NULO#";220000050479;"RONDONIA, UNIDOS SOMOS FORTES ";"MDB / PODE / PMN / PSC / PC do B / PHS / PROS / PV";"N";381;"Válido";381;4;"NÃO ELEITO"
"13/11/2024";"10:56:11";2018;2;"Eleição Ordinária";1;297;"ELEIÇÕES GERAIS ESTADUAIS 2018";"07/10/2018";"E";"RO";"RO";"RONDÔNIA";710;"SÃO FELIPE D OESTE";19;3;"Governador";220000618464;15;"MAURO DE CARVALHO";"MAURAO DE CARVALHO";"#NULO#";12;"APTO";2;"DEFERIDO";-3;"#NE";-3;"#NE";-3;"#NE";"COLIGAÇÃO";15;"MDB";"Movimento Democrático Brasileiro";-1;"#NULO#";"#NULO#";"#NULO#";220000050479;"RONDONIA, UNIDOS SOMOS FORTES ";"MDB / PODE / PMN / PSC / PC do B / PHS / PROS / PV";"N";704;"Válido";704;4;"NÃO ELEITO"
"13/11/2024";"10:56:11";2018;2;"Eleição Ordinária";1;297;"ELEIÇÕES GERAIS ESTADUAIS 2018";"07/10/2018";"E";"RO";"RO";"RONDÔNIA";35;"PORTO VELHO";6;5;"Senador";220000618466;151;"VALDIR RAUPP DE MATOS";"VALDIR RAUPP";"#NULO#";12;"APTO";2;"DEFERIDO";-3;"#NE";-3;"#NE";-3;"#NE";"COLIGAÇÃO";15;"MDB";"Movimento Democrático Brasileiro";-1;"#NULO#";"#NULO#";"#NULO#";220000050479;"RONDONIA, UNIDOS SOMOS FORTES ";"MDB / PODE / PMN / PSC / PC do B / PHS / PROS / PV";"N";4615;"Válido";4615;4;"NÃO ELEITO"
"13/11/2024";"10:56:11";2018;2;"Eleição Ordinária";1;297;"ELEIÇÕES GERAIS ESTADUAIS 2018";"07/10/2018";"E";"RO";"RO";"RONDÔNIA";35;"PORTO VELHO";20;5;"Senador";220000618466;151;"VALDIR RAUPP DE MATOS";"VALDIR RAUPP";"#NULO#";12;"APTO";2;"DEFERIDO";-3;"#NE";-3;"#NE";-3;"#NE";"COLIGAÇÃO";15;"MDB";"Movimento Democrático Brasileiro";-1;"#NULO#";"#NULO#";"#NULO#";220000050479;"RONDONIA, UNIDOS SOMOS FORTES ";"MDB / PODE / PMN / PSC / PC do B / PHS / PROS / PV";"N";4641;"Válido";4641;4;"NÃO ELEITO"
"13/11/2024";"10:56:11";2018;2;"Eleição Ordinária";1;297;"ELEIÇÕES GERAIS ESTADUAIS 2018";"07/10/2018";"E";"RO";"RO";"RONDÔNIA";35;"PORTO VELHO";21;5;"Senador";220000618466;151;"VALDIR RAUPP DE MATOS";"VALDIR RAUPP";"#NULO#";12;"APTO";2;"DEFERIDO";-3;"#NE";-3;"#NE";-3;"#NE";"COLIGAÇÃO";15;"MDB";"Movimento Democrático Brasileiro";-1;"#NULO#";"#NULO#";"#NULO#";220000050479;"RONDONIA, UNIDOS SOMOS FORTES ";"MDB / PODE / PMN / PSC / PC do B / PHS / PROS / PV";"N";3526;"Válido";3526;4;"NÃO ELEITO"
"13/11/2024";"10:56:11";2018;2;"Eleição Ordinária";1;297;"ELEIÇÕES GERAIS ESTADUAIS 2018";"07/10/2018";"E";"RO";"RO";"RONDÔNIA";35;"PORTO VELHO";2;5;"Senador";220000618466;151;"VALDIR RAUPP DE MATOS";"VALDIR RAUPP";"#NULO#";12;"APTO";2;"DEFERIDO";-3;"#NE";-3;"#NE";-3;"#NE";"COLIGAÇÃO";15;"MDB";"Movimento Democrático Brasileiro";-1;"#NULO#";"#NULO#";"#NULO#";220000050479;"RONDONIA, UNIDOS SOMOS FORTES ";"MDB / PODE / PMN / PSC / PC do B / PHS / PROS / PV";"N";4787;"Válido";4787;4;"NÃO ELEITO"
"13/11/2024";"10:56:11";2018;2;"Eleição Ordinária";1;297;"ELEIÇÕES GERAIS ESTADUAIS 2018";"07/10/2018";"E";"RO";"RO";"RONDÔNIA";35;"PORTO VELHO";6;3;"Governador";220000618464;15;"MAURO DE CARVALHO";"MAURAO DE CARVALHO";"#NULO#";12;"APTO";2;"DEFERIDO";-3;"#NE";-3;"#NE";-3;"#NE";"COLIGAÇÃO";15;"MDB";"Movimento Democrático Brasileiro";-1;"#NULO#";"#NULO#";"#NULO#";220000050479;"RONDONIA, UNIDOS SOMOS FORTES ";"MDB / PODE / PMN / PSC / PC do B / PHS / PROS / PV";"N";12196;"Válido";12196;4;"NÃO ELEITO"
"13/11/2024";"10:56:11";2018;2;"Eleição Ordinária";1;297;"ELEIÇÕES GERAIS ESTADUAIS 2018";"07/10/2018";"E";"RO";"RO";"RONDÔNIA";35;"PORTO VELHO";20;3;"Governador";220000618464;15;"MAURO DE CARVALHO";"MAURAO DE CARVALHO";"#NULO#";12;"APTO";2;"DEFERIDO";-3;"#NE";-3;"#NE";-3;"#NE";"COLIGAÇÃO";15;"MDB";"Movimento Democrático Brasileiro";-1;"#NULO#";"#NULO#";"#NULO#";220000050479;"RONDONIA, UNIDOS SOMOS FORTES ";"MDB / PODE / PMN / PSC / PC do B / PHS / PROS / PV";"N";12306;"Válido";12306;4;"NÃO ELEITO"
"13/11/2024";"10:56:11";2018;2;"Eleição Ordinária";1;297;"ELEIÇÕES GERAIS ESTADUAIS 2018";"07/10/2018";"E";"RO";"RO";"RONDÔNIA";35;"PORTO VELHO";2;3;"Governador";220000618464;15;"MAURO DE CARVALHO";"MAURAO DE CARVALHO";"#NULO#";12;"APTO";2;"DEFERIDO";-3;"#NE";-3;"#NE";-3;"#NE";"COLIGAÇÃO";15;"MDB";"Movimento Democrático Brasileiro";-1;"#NULO#";"#NULO#";"#NULO#";220000050479;"RONDONIA, UNIDOS SOMOS FORTES ";"MDB / PODE / PMN / PSC / PC do B / PHS / PROS / PV";"N";12584;"Válido";12584;4;"NÃO ELEITO"
"13/11/2024";"10:56:11";2018;2;"Eleição Ordinária";1;297;"ELEIÇÕES GERAIS ESTADUAIS 2018";"07/10/2018";"E";"RO";"RO";"RONDÔNIA";35;"PORTO VELHO";21;3;"Governador";220000618464;15;"MAURO DE CARVALHO";"MAURAO DE CARVALHO";"#NULO#";12;"APTO";2;"DEFERIDO";-3;"#NE";-3;"#NE";-3;"#NE";"COLIGAÇÃO";15;"MDB";"Movimento Democrático Brasileiro";-1;"#NULO#";"#NULO#";"#NULO#";220000050479;"RONDONIA, UNIDOS SOMOS FORTES ";"MDB / PODE / PMN / PSC / PC do B / PHS / PROS / PV";"N";8400;"Válido";8400;4;"NÃO ELEITO"
"13/11/2024";"10:56:11";2018;2;"Eleição Ordinária";1;297;"ELEIÇÕES GERAIS ESTADUAIS 2018";"07/10/2018";"E";"RO";"RO";"RONDÔNIA";736;"ALTO ALEGRE DOS PARECIS";19;5;"Senador";220000618466;151;"VALDIR RAUPP DE MATOS";"VALDIR RAUPP";"#NULO#";12;"APTO";2;"DEFERIDO";-3;"#NE";-3;"#NE";-3;"#NE";"COLIGAÇÃO";15;"MDB";"Movimento Democrático Brasileiro";-1;"#NULO#";"#NULO#";"#NULO#";220000050479;"RONDONIA, UNIDOS SOMOS FORTES ";"MDB / PODE / PMN / PSC / PC do B / PHS / PROS / PV";"N";1052;"Válido";1052;4;"NÃO ELEITO"
"13/11/2024";"10:56:11";2018;2;"Eleição Ordinária";1;297;"ELEIÇÕES GERAIS ESTADUAIS 2018";"07/10/2018";"E";"RO";"RO";"RONDÔNIA";736;"ALTO ALEGRE DOS PARECIS";19;3;"Governador";220000618464;15;"MAURO DE CARVALHO";"MAURAO DE CARVALHO";"#NULO#";12;"APTO";2;"DEFERIDO";-3;"#NE";-3;"#NE";-3;"#NE";"COLIGAÇÃO";15;"MDB";"Movimento Democrático Brasileiro";-1;"#NULO#";"#NULO#";"#NULO#";220000050479;"RONDONIA, UNIDOS SOMOS FORTES ";"MDB / PODE / PMN / PSC / PC do B / PHS / PROS / PV";"N";1067;"Válido";1067;4;"NÃO ELEITO"
"13/11/2024";"10:56:11";2018;2;"Eleição Ordinária";1;297;"ELEIÇÕES GERAIS ESTADUAIS 2018";"07/10/2018";"E";"RO";"RO";"RONDÔNIA";477;"CANDEIAS DO JAMARI";21;5;"Senador";220000618466;151;"VALDIR RAUPP DE MATOS";"VALDIR RAUPP";"#NULO#";12;"APTO";2;"DEFERIDO";-3;"#NE";-3;"#NE";-3;"#NE";"COLIGAÇÃO";15;"MDB";"Movimento Democrático Brasileiro";-1;"#NULO#";"#NULO#";"#NULO#";220000050479;"RONDONIA, UNIDOS SOMOS FORTES ";"MDB / PODE / PMN / PSC / PC do B / PHS / PROS / PV";"N";1752;"Válido";1752;4;"NÃO ELEITO"
"13/11/2024";"10:56:11";2018;2;"Eleição Ordinária";1;297;"ELEIÇÕES GERAIS ESTADUAIS 2018";"07/10/2018";"E";"RO";"RO";"RONDÔNIA";370;"NOVA BRASILÂNDIA D OESTE";15;5;"Senador";220000618466;151;"VALDIR RAUPP DE MATOS";"VALDIR RAUPP";"#NULO#";12;"APTO";2;"DEFERIDO";-3;"#NE";-3;"#NE";-3;"#NE";"COLIGAÇÃO";15;"MDB";"Movimento Democrático Brasileiro";-1;"#NULO#";"#NULO#";"#NULO#";220000050479;"RONDONIA, UNIDOS SOMOS FORTES ";"MDB / PODE / PMN / PSC / PC do B / PHS / PROS / PV";"N";1471;"Válido";1471;4;"NÃO ELEITO"
"13/11/2024";"10:56:11";2018;2;"Eleição Ordinária";1;297;"ELEIÇÕES GERAIS ESTADUAIS 2018";"07/10/2018";"E";"RO";"RO";"RONDÔNIA";639;"ALTO PARAÍSO";25;5;"Senador";220000618466;151;"VALDIR RAUPP DE MATOS";"VALDIR RAUPP";"#NULO#";12;"APTO";2;"DEFERIDO";-3;"#NE";-3;"#NE";-3;"#NE";"COLIGAÇÃO";15;"MDB";"Movimento Democrático Brasileiro";-1;"#NULO#";"#NULO#";"#NULO#";220000050479;"RONDONIA, UNIDOS SOMOS FORTES ";"MDB / PODE / PMN / PSC / PC do B / PHS / PROS / PV";"N";1004;"Válido";1004;4;"NÃO ELEITO"
"13/11/2024";"10:56:11";2018;2;"Eleição Ordinária";1;297;"ELEIÇÕES GERAIS ESTADUAIS 2018";"07/10/2018";"E";"RO";"RO";"RONDÔNIA";647;"RIO CRESPO";26;5;"Senador";220000618466;151;"VALDIR RAUPP DE MATOS";"VALDIR RAUPP";"#NULO#";12;"APTO";2;"DEFERIDO";-3;"#NE";-3;"#NE";-3;"#NE";"COLIGAÇÃO";15;"MDB";"Movimento Democrático Brasileiro";-1;"#NULO#";"#NULO#";"#NULO#";220000050479;"RONDONIA, UNIDOS SOMOS FORTES ";"MDB / PODE / PMN / PSC / PC do B / PHS / PROS / PV";"N";162;"Válido";162;4;"NÃO ELEITO"
"13/11/2024";"10:56:11";2018;2;"Eleição Ordinária";1;297;"ELEIÇÕES GERAIS ESTADUAIS 2018";"07/10/2018";"E";"RO";"RO";"RONDÔNIA";620;"CACAULÂNDIA";26;5;"Senador";220000618466;151;"VALDIR RAUPP DE MATOS";"VALDIR RAUPP";"#NULO#";12;"APTO";2;"DEFERIDO";-3;"#NE";-3;"#NE";-3;"#NE";"COLIGAÇÃO";15;"MDB";"Movimento Democrático Brasileiro";-1;"#NULO#";"#NULO#";"#NULO#";220000050479;"RONDONIA, UNIDOS SOMOS FORTES ";"MDB / PODE / PMN / PSC / PC do B / PHS / PROS / PV";"N";228;"Válido";228;4;"NÃO ELEITO"
"13/11/2024";"10:56:11";2018;2;"Eleição Ordinária";1;297;"ELEIÇÕES GERAIS ESTADUAIS 2018";"07/10/2018";"E";"RO";"RO";"RONDÔNIA";612;"GOVERNADOR JORGE TEIXEIRA";27;5;"Senador";220000618466;151;"VALDIR RAUPP DE MATOS";"VALDIR RAUPP";"#NULO#";12;"APTO";2;"DEFERIDO";-3;"#NE";-3;"#NE";-3;"#NE";"COLIGAÇÃO";15;"MDB";"Movimento Democrático Brasileiro";-1;"#NULO#";"#NULO#";"#NULO#";220000050479;"RONDONIA, UNIDOS SOMOS FORTES ";"MDB / PODE / PMN / PSC / PC do B / PHS / PROS / PV";"N";788;"Válido";788;4;"NÃO ELEITO"
"13/11/2024";"10:56:11";2018;2;"Eleição Ordinária";1;297;"ELEIÇÕES GERAIS ESTADUAIS 2018";"07/10/2018";"E";"RO";"RO";"RONDÔNIA";370;"NOVA BRASILÂNDIA D OESTE";15;3;"Governador";220000618464;15;"MAURO DE CARVALHO";"MAURAO DE CARVALHO";"#NULO#";12;"APTO";2;"DEFERIDO";-3;"#NE";-3;"#NE";-3;"#NE";"COLIGAÇÃO";15;"MDB";"Movimento Democrático Brasileiro";-1;"#NULO#";"#NULO#";"#NULO#";220000050479;"RONDONIA, UNIDOS SOMOS FORTES ";"MDB / PODE / PMN / PSC / PC do B / PHS / PROS / PV";"N";3248;"Válido";3248;4;"NÃO ELEITO"
"13/11/2024";"10:56:11";2018;2;"Eleição Ordinária";1;297;"ELEIÇÕES GERAIS ESTADUAIS 2018";"07/10/2018";"E";"RO";"RO";"RONDÔNIA";477;"CANDEIAS DO JAMARI";21;3;"Governador";220000618464;15;"MAURO DE CARVALHO";"MAURAO DE CARVALHO";"#NULO#";12;"APTO";2;"DEFERIDO";-3;"#NE";-3;"#NE";-3;"#NE";"COLIGAÇÃO";15;"MDB";"Movimento Democrático Brasileiro";-1;"#NULO#";"#NULO#";"#NULO#";220000050479;"RONDONIA, UNIDOS SOMOS FORTES ";"MDB / PODE / PMN / PSC / PC do B / PHS / PROS / PV";"N";3489;"Válido";3489;4;"NÃO ELEITO"
"13/11/2024";"10:56:11";2018;2;"Eleição Ordinária";1;297;"ELEIÇÕES GERAIS ESTADUAIS 2018";"07/10/2018";"E";"RO";"RO";"RONDÔNIA";612;"GOVERNADOR JORGE TEIXEIRA";27;3;"Governador";220000618464;15;"MAURO DE CARVALHO";"MAURAO DE CARVALHO";"#NULO#";12;"APTO";2;"DEFERIDO";-3;"#NE";-3;"#NE";-3;"#NE";"COLIGAÇÃO";15;"MDB";"Movimento Democrático Brasileiro";-1;"#NULO#";"#NULO#";"#NULO#";220000050479;"RONDONIA, UNIDOS SOMOS FORTES ";"MDB / PODE / PMN / PSC / PC do B / PHS / PROS / PV";"N";1546;"Válido";1546;4;"NÃO ELEITO"
"13/11/2024";"10:56:11";2018;2;"Eleição Ordinária";1;297;"ELEIÇÕES GERAIS ESTADUAIS 2018";"07/10/2018";"E";"RO";"RO";"RONDÔNIA";620;"CACAULÂNDIA";26;3;"Governador";220000618464;15;"MAURO DE CARVALHO";"MAURAO DE CARVALHO";"#NULO#";12;"APTO";2;"DEFERIDO";-3;"#NE";-3;"#NE";-3;"#NE";"COLIGAÇÃO";15;"MDB";"Movimento Democrático Brasileiro";-1;"#NULO#";"#NULO#";"#NULO#";220000050479;"RONDONIA, UNIDOS SOMOS FORTES ";"MDB / PODE / PMN / PSC / PC do B / PHS / PROS / PV";"N";566;"Válido";566;4;"NÃO ELEITO"
"13/11/2024";"10:56:11";2018;2;"Eleição Ordinária";1;297;"ELEIÇÕES GERAIS ESTADUAIS 2018";"07/10/2018";"E";"RO";"RO";"RONDÔNIA";647;"RIO CRESPO";26;3;"Governador";220000618464;15;"MAURO DE CARVALHO";"MAURAO DE CARVALHO";"#NULO#";12;"APTO";2;"DEFERIDO";-3;"#NE";-3;"#NE";-3;"#NE";"COLIGAÇÃO";15;"MDB";"Movimento Democrático Brasileiro";-1;"#NULO#";"#NULO#";"#NULO#";220000050479;"RONDONIA, UNIDOS SOMOS FORTES ";"MDB / PODE / PMN / PSC / PC do B / PHS / PROS / PV";"N";555;"Válido";555;4;"NÃO ELEITO"
"13/11/2024";"10:56:11";2018;2;"Eleição Ordinária";1;297;"ELEIÇÕES GERAIS ESTADUAIS 2018";"07/10/2018";"E";"RO";"RO";"RONDÔNIA";639;"ALTO PARAÍSO";25;3;"Governador";220000618464;15;"MAURO DE CARVALHO";"MAURAO DE CARVALHO";"#NULO#";12;"APTO";2;"DEFERIDO";-3;"#NE";-3;"#NE";-3;"#NE";"COLIGAÇÃO";15;"MDB";"Movimento Democrático Brasileiro";-1;"#NULO#";"#NULO#";"#NULO#";220000050479;"RONDONIA, UNIDOS SOMOS FORTES ";"MDB / PODE / PMN / PSC / PC do B / PHS / PROS / PV";"N";1630;"Válido";1630;4;"NÃO ELEITO"
"13/11/2024";"10:56:11";2018;2;"Eleição Ordinária";1;297;"ELEIÇÕES GERAIS ESTADUAIS 2018";"07/10/2018";"E";"RO";"RO";"RONDÔNIA";94;"CACOAL";11;5;"Senador";220000618466;151;"VALDIR RAUPP DE MATOS";"VALDIR RAUPP";"#NULO#";12;"APTO";2;"DEFERIDO";-3;"#NE";-3;"#NE";-3;"#NE";"COLIGAÇÃO";15;"MDB";"Movimento Democrático Brasileiro";-1;"#NULO#";"#NULO#";"#NULO#";220000050479;"RONDONIA, UNIDOS SOMOS FORTES ";"MDB / PODE / PMN / PSC / PC do B / PHS / PROS / PV";"N";4262;"Válido";4262;4;"NÃO ELEITO"
"13/11/2024";"10:56:11";2018;2;"Eleição Ordinária";1;297;"ELEIÇÕES GERAIS ESTADUAIS 2018";"07/10/2018";"E";"RO";"RO";"RONDÔNIA";701;"PARECIS";19;5;"Senador";220000618466;151;"VALDIR RAUPP DE MATOS";"VALDIR RAUPP";"#NULO#";12;"APTO";2;"DEFERIDO";-3;"#NE";-3;"#NE";-3;"#NE";"COLIGAÇÃO";15;"MDB";"Movimento Democrático Brasileiro";-1;"#NULO#";"#NULO#";"#NULO#";220000050479;"RONDONIA, UNIDOS SOMOS FORTES ";"MDB / PODE / PMN / PSC / PC do B / PHS / PROS / PV";"N";691;"Válido";691;4;"NÃO ELEITO"
"13/11/2024";"10:56:11";2018;2;"Eleição Ordinária";1;297;"ELEIÇÕES GERAIS ESTADUAIS 2018";"07/10/2018";"E";"RO";"RO";"RONDÔNIA";655;"CORUMBIARA";16;5;"Senador";220000618466;151;"VALDIR RAUPP DE MATOS";"VALDIR RAUPP";"#NULO#";12;"APTO";2;"DEFERIDO";-3;"#NE";-3;"#NE";-3;"#NE";"COLIGAÇÃO";15;"MDB";"Movimento Democrático Brasileiro";-1;"#NULO#";"#NULO#";"#NULO#";220000050479;"RONDONIA, UNIDOS SOMOS FORTES ";"MDB / PODE / PMN / PSC / PC do B / PHS / PROS / PV";"N";497;"Válido";497;4;"NÃO ELEITO"
"13/11/2024";"10:56:11";2018;2;"Eleição Ordinária";1;297;"ELEIÇÕES GERAIS ESTADUAIS 2018";"07/10/2018";"E";"RO";"RO";"RONDÔNIA";515;"NOVO HORIZONTE DO OESTE";15;5;"Senador";220000618466;151;"VALDIR RAUPP DE MATOS";"VALDIR RAUPP";"#NULO#";12;"APTO";2;"DEFERIDO";-3;"#NE";-3;"#NE";-3;"#NE";"COLIGAÇÃO";15;"MDB";"Movimento Democrático Brasileiro";-1;"#NULO#";"#NULO#";"#NULO#";220000050479;"RONDONIA, UNIDOS SOMOS FORTES ";"MDB / PODE / PMN / PSC / PC do B / PHS / PROS / PV";"N";680;"Válido";680;4;"NÃO ELEITO"
"13/11/2024";"10:56:11";2018;2;"Eleição Ordinária";1;297;"ELEIÇÕES GERAIS ESTADUAIS 2018";"07/10/2018";"E";"RO";"RO";"RONDÔNIA";680;"CUJUBIM";26;5;"Senador";220000618466;151;"VALDIR RAUPP DE MATOS";"VALDIR RAUPP";"#NULO#";12;"APTO";2;"DEFERIDO";-3;"#NE";-3;"#NE";-3;"#NE";"COLIGAÇÃO";15;"MDB";"Movimento Democrático Brasileiro";-1;"#NULO#";"#NULO#";"#NULO#";220000050479;"RONDONIA, UNIDOS SOMOS FORTES ";"MDB / PODE / PMN / PSC / PC do B / PHS / PROS / PV";"N";798;"Válido";798;4;"NÃO ELEITO"
"13/11/2024";"10:56:11";2018;2;"Eleição Ordinária";1;297;"ELEIÇÕES GERAIS ESTADUAIS 2018";"07/10/2018";"E";"RO";"RO";"RONDÔNIA";116;"PIMENTA BUENO";9;5;"Senador";220000618466;151;"VALDIR RAUPP DE MATOS";"VALDIR RAUPP";"#NULO#";12;"APTO";2;"DEFERIDO";-3;"#NE";-3;"#NE";-3;"#NE";"COLIGAÇÃO";15;"MDB";"Movimento Democrático Brasileiro";-1;"#NULO#";"#NULO#";"#NULO#";220000050479;"RONDONIA, UNIDOS SOMOS FORTES ";"MDB / PODE / PMN / PSC / PC do B / PHS / PROS / PV";"N";2428;"Válido";2428;4;"NÃO ELEITO"
"13/11/2024";"10:56:11";2018;2;"Eleição Ordinária";1;297;"ELEIÇÕES GERAIS ESTADUAIS 2018";"07/10/2018";"E";"RO";"RO";"RONDÔNIA";116;"PIMENTA BUENO";9;3;"Governador";220000618464;15;"MAURO DE CARVALHO";"MAURAO DE CARVALHO";"#NULO#";12;"APTO";2;"DEFERIDO";-3;"#NE";-3;"#NE";-3;"#NE";"COLIGAÇÃO";15;"MDB";"Movimento Democrático Brasileiro";-1;"#NULO#";"#NULO#";"#NULO#";220000050479;"RONDONIA, UNIDOS SOMOS FORTES ";"MDB / PODE / PMN / PSC / PC do B / PHS / PROS / PV";"N";4289;"Válido";4289;4;"NÃO ELEITO"
"13/11/2024";"10:56:11";2018;2;"Eleição Ordinária";1;297;"ELEIÇÕES GERAIS ESTADUAIS 2018";"07/10/2018";"E";"RO";"RO";"RONDÔNIA";94;"CACOAL";11;3;"Governador";220000618464;15;"MAURO DE CARVALHO";"MAURAO DE CARVALHO";"#NULO#";12;"APTO";2;"DEFERIDO";-3;"#NE";-3;"#NE";-3;"#NE";"COLIGAÇÃO";15;"MDB";"Movimento Democrático Brasileiro";-1;"#NULO#";"#NULO#";"#NULO#";220000050479;"RONDONIA, UNIDOS SOMOS FORTES ";"MDB / PODE / PMN / PSC / PC do B / PHS / PROS / PV";"N";8688;"Válido";8688;4;"NÃO ELEITO"
"13/11/2024";"10:56:11";2018;2;"Eleição Ordinária";1;297;"ELEIÇÕES GERAIS ESTADUAIS 2018";"07/10/2018";"E";"RO";"RO";"RONDÔNIA";655;"CORUMBIARA";16;3;"Governador";220000618464;15;"MAURO DE CARVALHO";"MAURAO DE CARVALHO";"#NULO#";12;"APTO";2;"DEFERIDO";-3;"#NE";-3;"#NE";-3;"#NE";"COLIGAÇÃO";15;"MDB";"Movimento Democrático Brasileiro";-1;"#NULO#";"#NULO#";"#NULO#";220000050479;"RONDONIA, UNIDOS SOMOS FORTES ";"MDB / PODE / PMN / PSC / PC do B / PHS / PROS / PV";"N";932;"Válido";932;4;"NÃO ELEITO"
"13/11/2024";"10:56:11";2018;2;"Eleição Ordinária";1;297;"ELEIÇÕES GERAIS ESTADUAIS 2018";"07/10/2018";"E";"RO";"RO";"RONDÔNIA";515;"NOVO HORIZONTE DO OESTE";15;3;"Governador";220000618464;15;"MAURO DE CARVALHO";"MAURAO DE CARVALHO";"#NULO#";12;"APTO";2;"DEFERIDO";-3;"#NE";-3;"#NE";-3;"#NE";"COLIGAÇÃO";15;"MDB";"Movimento Democrático Brasileiro";-1;"#NULO#";"#NULO#";"#NULO#";220000050479;"RONDONIA, UNIDOS SOMOS FORTES ";"MDB / PODE / PMN / PSC / PC do B / PHS / PROS / PV";"N";1207;"Válido";1207;4;"NÃO ELEITO"
"13/11/2024";"10:56:11";2018;2;"Eleição Ordinária";1;297;"ELEIÇÕES GERAIS ESTADUAIS 2018";"07/10/2018";"E";"RO";"RO";"RONDÔNIA";701;"PARECIS";19;3;"Governador";220000618464;15;"MAURO DE CARVALHO";"MAURAO DE CARVALHO";"#NULO#";12;"APTO";2;"DEFERIDO";-3;"#NE";-3;"#NE";-3;"#NE";"COLIGAÇÃO";15;"MDB";"Movimento Democrático Brasileiro";-1;"#NULO#";"#NULO#";"#NULO#";220000050479;"RONDONIA, UNIDOS SOMOS FORTES ";"MDB / PODE / PMN / PSC / PC do B / PHS / PROS / PV";"N";680;"Válido";680;4;"NÃO ELEITO"
"13/11/2024";"10:56:11";2018;2;"Eleição Ordinária";1;297;"ELEIÇÕES GERAIS ESTADUAIS 2018";"07/10/2018";"E";"RO";"RO";"RONDÔNIA";680;"CUJUBIM";26;3;"Governador";220000618464;15;"MAURO DE CARVALHO";"MAURAO DE CARVALHO";"#NULO#";12;"APTO";2;"DEFERIDO";-3;"#NE";-3;"#NE";-3;"#NE";"COLIGAÇÃO";15;"MDB";"Movimento Democrático Brasileiro";-1;"#NULO#";"#NULO#";"#NULO#";220000050479;"RONDONIA, UNIDOS SOMOS FORTES ";"MDB / PODE / PMN / PSC / PC do B / PHS / PROS / PV";"N";1690;"Válido";1690;4;"NÃO ELEITO"
"13/11/2024";"10:56:11";2018;2;"Eleição Ordinária";1;297;"ELEIÇÕES GERAIS ESTADUAIS 2018";"07/10/2018";"E";"RO";"RO";"RONDÔNIA";418;"SÃO MIGUEL DO GUAPORÉ";35;5;"Senador";220000618466;151;"VALDIR RAUPP DE MATOS";"VALDIR RAUPP";"#NULO#";12;"APTO";2;"DEFERIDO";-3;"#NE";-3;"#NE";-3;"#NE";"COLIGAÇÃO";15;"MDB";"Movimento Democrático Brasileiro";-1;"#NULO#";"#NULO#";"#NULO#";220000050479;"RONDONIA, UNIDOS SOMOS FORTES ";"MDB / PODE / PMN / PSC / PC do B / PHS / PROS / PV";"N";1921;"Válido";1921;4;"NÃO ELEITO"
"13/11/2024";"10:56:11";2018;2;"Eleição Ordinária";1;297;"ELEIÇÕES GERAIS ESTADUAIS 2018";"07/10/2018";"E";"RO";"RO";"RONDÔNIA";272;"CEREJEIRAS";16;5;"Senador";220000618466;151;"VALDIR RAUPP DE MATOS";"VALDIR RAUPP";"#NULO#";12;"APTO";2;"DEFERIDO";-3;"#NE";-3;"#NE";-3;"#NE";"COLIGAÇÃO";15;"MDB";"Movimento Democrático Brasileiro";-1;"#NULO#";"#NULO#";"#NULO#";220000050479;"RONDONIA, UNIDOS SOMOS FORTES ";"MDB / PODE / PMN / PSC / PC do B / PHS / PROS / PV";"N";1019;"Válido";1019;4;"NÃO ELEITO"
"13/11/2024";"10:56:11";2018;2;"Eleição Ordinária";1;297;"ELEIÇÕES GERAIS ESTADUAIS 2018";"07/10/2018";"E";"RO";"RO";"RONDÔNIA";787;"PIMENTEIRAS DO OESTE";16;5;"Senador";220000618466;151;"VALDIR RAUPP DE MATOS";"VALDIR RAUPP";"#NULO#";12;"APTO";2;"DEFERIDO";-3;"#NE";-3;"#NE";-3;"#NE";"COLIGAÇÃO";15;"MDB";"Movimento Democrático Brasileiro";-1;"#NULO#";"#NULO#";"#NULO#";220000050479;"RONDONIA, UNIDOS SOMOS FORTES ";"MDB / PODE / PMN / PSC / PC do B / PHS / PROS / PV";"N";202;"Válido";202;4;"NÃO ELEITO"
"13/11/2024";"10:56:11";2018;2;"Eleição Ordinária";1;297;"ELEIÇÕES GERAIS ESTADUAIS 2018";"07/10/2018";"E";"RO";"RO";"RONDÔNIA";51;"JI-PARANÁ";3;5;"Senador";220000618466;151;"VALDIR RAUPP DE MATOS";"VALDIR RAUPP";"#NULO#";12;"APTO";2;"DEFERIDO";-3;"#NE";-3;"#NE";-3;"#NE";"COLIGAÇÃO";15;"MDB";"Movimento Democrático Brasileiro";-1;"#NULO#";"#NULO#";"#NULO#";220000050479;"RONDONIA, UNIDOS SOMOS FORTES ";"MDB / PODE / PMN / PSC / PC do B / PHS / PROS / PV";"N";1082;"Válido";1082;4;"NÃO ELEITO"
"13/11/2024";"10:56:11";2018;2;"Eleição Ordinária";1;297;"ELEIÇÕES GERAIS ESTADUAIS 2018";"07/10/2018";"E";"RO";"RO";"RONDÔNIA";434;"NOVA MAMORÉ";1;5;"Senador";220000618466;151;"VALDIR RAUPP DE MATOS";"VALDIR RAUPP";"#NULO#";12;"APTO";2;"DEFERIDO";-3;"#NE";-3;"#NE";-3;"#NE";"COLIGAÇÃO";15;"MDB";"Movimento Democrático Brasileiro";-1;"#NULO#";"#NULO#";"#NULO#";220000050479;"RONDONIA, UNIDOS SOMOS FORTES ";"MDB / PODE / PMN / PSC / PC do B / PHS / PROS / PV";"N";1818;"Válido";1818;4;"NÃO ELEITO"
"13/11/2024";"10:56:11";2018;2;"Eleição Ordinária";1;297;"ELEIÇÕES GERAIS ESTADUAIS 2018";"07/10/2018";"E";"RO";"RO";"RONDÔNIA";493;"ITAPUÃ DO OESTE";2;5;"Senador";220000618466;151;"VALDIR RAUPP DE MATOS";"VALDIR RAUPP";"#NULO#";12;"APTO";2;"DEFERIDO";-3;"#NE";-3;"#NE";-3;"#NE";"COLIGAÇÃO";15;"MDB";"Movimento Democrático Brasileiro";-1;"#NULO#";"#NULO#";"#NULO#";220000050479;"RONDONIA, UNIDOS SOMOS FORTES ";"MDB / PODE / PMN / PSC / PC do B / PHS / PROS / PV";"N";672;"Válido";672;4;"NÃO ELEITO"
"13/11/2024";"10:56:11";2018;2;"Eleição Ordinária";1;297;"ELEIÇÕES GERAIS ESTADUAIS 2018";"07/10/2018";"E";"RO";"RO";"RONDÔNIA";744;"NOVA UNIÃO";28;5;"Senador";220000618466;151;"VALDIR RAUPP DE MATOS";"VALDIR RAUPP";"#NULO#";12;"APTO";2;"DEFERIDO";-3;"#NE";-3;"#NE";-3;"#NE";"COLIGAÇÃO";15;"MDB";"Movimento Democrático Brasileiro";-1;"#NULO#";"#NULO#";"#NULO#";220000050479;"RONDONIA, UNIDOS SOMOS FORTES ";"MDB / PODE / PMN / PSC / PC do B / PHS / PROS / PV";"N";150;"Válido";150;4;"NÃO ELEITO"
"13/11/2024";"10:56:11";2018;2;"Eleição Ordinária";1;297;"ELEIÇÕES GERAIS ESTADUAIS 2018";"07/10/2018";"E";"RO";"RO";"RONDÔNIA";752;"TEIXEIRÓPOLIS";13;5;"Senador";220000618466;151;"VALDIR RAUPP DE MATOS";"VALDIR RAUPP";"#NULO#";12;"APTO";2;"DEFERIDO";-3;"#NE";-3;"#NE";-3;"#NE";"COLIGAÇÃO";15;"MDB";"Movimento Democrático Brasileiro";-1;"#NULO#";"#NULO#";"#NULO#";220000050479;"RONDONIA, UNIDOS SOMOS FORTES ";"MDB / PODE / PMN / PSC / PC do B / PHS / PROS / PV";"N";239;"Válido";239;4;"NÃO ELEITO"
"13/11/2024";"10:56:11";2018;2;"Eleição Ordinária";1;297;"ELEIÇÕES GERAIS ESTADUAIS 2018";"07/10/2018";"E";"RO";"RO";"RONDÔNIA";450;"CABIXI";8;5;"Senador";220000618466;151;"VALDIR RAUPP DE MATOS";"VALDIR RAUPP";"#NULO#";12;"APTO";2;"DEFERIDO";-3;"#NE";-3;"#NE";-3;"#NE";"COLIGAÇÃO";15;"MDB";"Movimento Democrático Brasileiro";-1;"#NULO#";"#NULO#";"#NULO#";220000050479;"RONDONIA, UNIDOS SOMOS FORTES ";"MDB / PODE / PMN / PSC / PC do B / PHS / PROS / PV";"N";407;"Válido";407;4;"NÃO ELEITO"
"13/11/2024";"10:56:11";2018;2;"Eleição Ordinária";1;297;"ELEIÇÕES GERAIS ESTADUAIS 2018";"07/10/2018";"E";"RO";"RO";"RONDÔNIA";582;"SERINGUEIRAS";35;5;"Senador";220000618466;151;"VALDIR RAUPP DE MATOS";"VALDIR RAUPP";"#NULO#";12;"APTO";2;"DEFERIDO";-3;"#NE";-3;"#NE";-3;"#NE";"COLIGAÇÃO";15;"MDB";"Movimento Democrático Brasileiro";-1;"#NULO#";"#NULO#";"#NULO#";220000050479;"RONDONIA, UNIDOS SOMOS FORTES ";"MDB / PODE / PMN / PSC / PC do B / PHS / PROS / PV";"N";945;"Válido";945;4;"NÃO ELEITO"
"13/11/2024";"10:56:11";2018;2;"Eleição Ordinária";1;297;"ELEIÇÕES GERAIS ESTADUAIS 2018";"07/10/2018";"E";"RO";"RO";"RONDÔNIA";51;"JI-PARANÁ";30;5;"Senador";220000618466;151;"VALDIR RAUPP DE MATOS";"VALDIR RAUPP";"#NULO#";12;"APTO";2;"DEFERIDO";-3;"#NE";-3;"#NE";-3;"#NE";"COLIGAÇÃO";15;"MDB";"Movimento Democrático Brasileiro";-1;"#NULO#";"#NULO#";"#NULO#";220000050479;"RONDONIA, UNIDOS SOMOS FORTES ";"MDB / PODE / PMN / PSC / PC do B / PHS / PROS / PV";"N";2434;"Válido";2434;4;"NÃO ELEITO"
"13/11/2024";"10:56:11";2018;2;"Eleição Ordinária";1;297;"ELEIÇÕES GERAIS ESTADUAIS 2018";"07/10/2018";"E";"RO";"RO";"RONDÔNIA";51;"JI-PARANÁ";30;3;"Governador";220000618464;15;"MAURO DE CARVALHO";"MAURAO DE CARVALHO";"#NULO#";12;"APTO";2;"DEFERIDO";-3;"#NE";-3;"#NE";-3;"#NE";"COLIGAÇÃO";15;"MDB";"Movimento Democrático Brasileiro";-1;"#NULO#";"#NULO#";"#NULO#";220000050479;"RONDONIA, UNIDOS SOMOS FORTES ";"MDB / PODE / PMN / PSC / PC do B / PHS / PROS / PV";"N";6626;"Válido";6626;4;"NÃO ELEITO"
"13/11/2024";"10:56:11";2018;2;"Eleição Ordinária";1;297;"ELEIÇÕES GERAIS ESTADUAIS 2018";"07/10/2018";"E";"RO";"RO";"RONDÔNIA";493;"ITAPUÃ DO OESTE";2;3;"Governador";220000618464;15;"MAURO DE CARVALHO";"MAURAO DE CARVALHO";"#NULO#";12;"APTO";2;"DEFERIDO";-3;"#NE";-3;"#NE";-3;"#NE";"COLIGAÇÃO";15;"MDB";"Movimento Democrático Brasileiro";-1;"#NULO#";"#NULO#";"#NULO#";220000050479;"RONDONIA, UNIDOS SOMOS FORTES ";"MDB / PODE / PMN / PSC / PC do B / PHS / PROS / PV";"N";1308;"Válido";1308;4;"NÃO ELEITO"
"13/11/2024";"10:56:11";2018;2;"Eleição Ordinária";1;297;"ELEIÇÕES GERAIS ESTADUAIS 2018";"07/10/2018";"E";"RO";"RO";"RONDÔNIA";434;"NOVA MAMORÉ";1;3;"Governador";220000618464;15;"MAURO DE CARVALHO";"MAURAO DE CARVALHO";"#NULO#";12;"APTO";2;"DEFERIDO";-3;"#NE";-3;"#NE";-3;"#NE";"COLIGAÇÃO";15;"MDB";"Movimento Democrático Brasileiro";-1;"#NULO#";"#NULO#";"#NULO#";220000050479;"RONDONIA, UNIDOS SOMOS FORTES ";"MDB / PODE / PMN / PSC / PC do B / PHS / PROS / PV";"N";3638;"Válido";3638;4;"NÃO ELEITO"
"13/11/2024";"10:56:11";2018;2;"Eleição Ordinária";1;297;"ELEIÇÕES GERAIS ESTADUAIS 2018";"07/10/2018";"E";"RO";"RO";"RONDÔNIA";787;"PIMENTEIRAS DO OESTE";16;3;"Governador";220000618464;15;"MAURO DE CARVALHO";"MAURAO DE CARVALHO";"#NULO#";12;"APTO";2;"DEFERIDO";-3;"#NE";-3;"#NE";-3;"#NE";"COLIGAÇÃO";15;"MDB";"Movimento Democrático Brasileiro";-1;"#NULO#";"#NULO#";"#NULO#";220000050479;"RONDONIA, UNIDOS SOMOS FORTES ";"MDB / PODE / PMN / PSC / PC do B / PHS / PROS / PV";"N";285;"Válido";285;4;"NÃO ELEITO"
"13/11/2024";"10:56:11";2018;2;"Eleição Ordinária";1;297;"ELEIÇÕES GERAIS ESTADUAIS 2018";"07/10/2018";"E";"RO";"RO";"RONDÔNIA";51;"JI-PARANÁ";3;3;"Governador";220000618464;15;"MAURO DE CARVALHO";"MAURAO DE CARVALHO";"#NULO#";12;"APTO";2;"DEFERIDO";-3;"#NE";-3;"#NE";-3;"#NE";"COLIGAÇÃO";15;"MDB";"Movimento Democrático Brasileiro";-1;"#NULO#";"#NULO#";"#NULO#";220000050479;"RONDONIA, UNIDOS SOMOS FORTES ";"MDB / PODE / PMN / PSC / PC do B / PHS / PROS / PV";"N";2727;"Válido";2727;4;"NÃO ELEITO"
"13/11/2024";"10:56:11";2018;2;"Eleição Ordinária";1;297;"ELEIÇÕES GERAIS ESTADUAIS 2018";"07/10/2018";"E";"RO";"RO";"RONDÔNIA";582;"SERINGUEIRAS";35;3;"Governador";220000618464;15;"MAURO DE CARVALHO";"MAURAO DE CARVALHO";"#NULO#";12;"APTO";2;"DEFERIDO";-3;"#NE";-3;"#NE";-3;"#NE";"COLIGAÇÃO";15;"MDB";"Movimento Democrático Brasileiro";-1;"#NULO#";"#NULO#";"#NULO#";220000050479;"RONDONIA, UNIDOS SOMOS FORTES ";"MDB / PODE / PMN / PSC / PC do B / PHS / PROS / PV";"N";2621;"Válido";2621;4;"NÃO ELEITO"
"13/11/2024";"10:56:11";2018;2;"Eleição Ordinária";1;297;"ELEIÇÕES GERAIS ESTADUAIS 2018";"07/10/2018";"E";"RO";"RO";"RONDÔNIA";272;"CEREJEIRAS";16;3;"Governador";220000618464;15;"MAURO DE CARVALHO";"MAURAO DE CARVALHO";"#NULO#";12;"APTO";2;"DEFERIDO";-3;"#NE";-3;"#NE";-3;"#NE";"COLIGAÇÃO";15;"MDB";"Movimento Democrático Brasileiro";-1;"#NULO#";"#NULO#";"#NULO#";220000050479;"RONDONIA, UNIDOS SOMOS FORTES ";"MDB / PODE / PMN / PSC / PC do B / PHS / PROS / PV";"N";2005;"Válido";2005;4;"NÃO ELEITO"
"13/11/2024";"10:56:11";2018;2;"Eleição Ordinária";1;297;"ELEIÇÕES GERAIS ESTADUAIS 2018";"07/10/2018";"E";"RO";"RO";"RONDÔNIA";744;"NOVA UNIÃO";28;3;"Governador";220000618464;15;"MAURO DE CARVALHO";"MAURAO DE CARVALHO";"#NULO#";12;"APTO";2;"DEFERIDO";-3;"#NE";-3;"#NE";-3;"#NE";"COLIGAÇÃO";15;"MDB";"Movimento Democrático Brasileiro";-1;"#NULO#";"#NULO#";"#NULO#";220000050479;"RONDONIA, UNIDOS SOMOS FORTES ";"MDB / PODE / PMN / PSC / PC do B / PHS / PROS / PV";"N";571;"Válido";571;4;"NÃO ELEITO"
"13/11/2024";"10:56:11";2018;2;"Eleição Ordinária";1;297;"ELEIÇÕES GERAIS ESTADUAIS 2018";"07/10/2018";"E";"RO";"RO";"RONDÔNIA";450;"CABIXI";8;3;"Governador";220000618464;15;"MAURO DE CARVALHO";"MAURAO DE CARVALHO";"#NULO#";12;"APTO";2;"DEFERIDO";-3;"#NE";-3;"#NE";-3;"#NE";"COLIGAÇÃO";15;"MDB";"Movimento Democrático Brasileiro";-1;"#NULO#";"#NULO#";"#NULO#";220000050479;"RONDONIA, UNIDOS SOMOS FORTES ";"MDB / PODE / PMN / PSC / PC do B / PHS / PROS / PV";"N";1051;"Válido";1051;4;"NÃO ELEITO"
"13/11/2024";"10:56:11";2018;2;"Eleição Ordinária";1;297;"ELEIÇÕES GERAIS ESTADUAIS 2018";"07/10/2018";"E";"RO";"RO";"RONDÔNIA";230;"COLORADO DO OESTE";8;3;"Governador";220000627021;28;"CHARLON DA ROCHA SILVA";"CORONEL CHARLON";"#NULO#";12;"APTO";2;"DEFERIDO";-3;"#NE";-3;"#NE";-3;"#NE";"PARTIDO ISOLADO";28;"PRTB";"Partido Renovador Trabalhista Brasileiro";-1;"#NULO#";"#NULO#";"#NULO#";220000050733;"PARTIDO ISOLADO";"PRTB";"N";121;"Válido";121;4;"NÃO ELEITO"
"13/11/2024";"10:56:11";2018;2;"Eleição Ordinária";1;297;"ELEIÇÕES GERAIS ESTADUAIS 2018";"07/10/2018";"E";"RO";"RO";"RONDÔNIA";230;"COLORADO DO OESTE";8;5;"Senador";220000627024;280;"TED WILSON DE ALMEIDA FERREIRA";"TED WILSON";"#NULO#";12;"APTO";2;"DEFERIDO";-3;"#NE";-3;"#NE";-3;"#NE";"PARTIDO ISOLADO";28;"PRTB";"Partido Renovador Trabalhista Brasileiro";-1;"#NULO#";"#NULO#";"#NULO#";220000050733;"PARTIDO ISOLADO";"PRTB";"N";119;"Válido";119;4;"NÃO ELEITO"
"13/11/2024";"10:56:11";2018;2;"Eleição Ordinária";1;297;"ELEIÇÕES GERAIS ESTADUAIS 2018";"07/10/2018";"E";"RO";"RO";"RONDÔNIA";752;"TEIXEIRÓPOLIS";13;3;"Governador";220000618464;15;"MAURO DE CARVALHO";"MAURAO DE CARVALHO";"#NULO#";12;"APTO";2;"DEFERIDO";-3;"#NE";-3;"#NE";-3;"#NE";"COLIGAÇÃO";15;"MDB";"Movimento Democrático Brasileiro";-1;"#NULO#";"#NULO#";"#NULO#";220000050479;"RONDONIA, UNIDOS SOMOS FORTES ";"MDB / PODE / PMN / PSC / PC do B / PHS / PROS / PV";"N";682;"Válido";682;4;"NÃO ELEITO"
"13/11/2024";"10:56:11";2018;2;"Eleição Ordinária";1;297;"ELEIÇÕES GERAIS ESTADUAIS 2018";"07/10/2018";"E";"RO";"RO";"RONDÔNIA";418;"SÃO MIGUEL DO GUAPORÉ";35;3;"Governador";220000618464;15;"MAURO DE CARVALHO";"MAURAO DE CARVALHO";"#NULO#";12;"APTO";2;"DEFERIDO";-3;"#NE";-3;"#NE";-3;"#NE";"COLIGAÇÃO";15;"MDB";"Movimento Democrático Brasileiro";-1;"#NULO#";"#NULO#";"#NULO#";220000050479;"RONDONIA, UNIDOS SOMOS FORTES ";"MDB / PODE / PMN / PSC / PC do B / PHS / PROS / PV";"N";4398;"Válido";4398;4;"NÃO ELEITO"
"13/11/2024";"10:56:11";2018;2;"Eleição Ordinária";1;297;"ELEIÇÕES GERAIS ESTADUAIS 2018";"07/10/2018";"E";"RO";"RO";"RONDÔNIA";159;"JARU";10;3;"Governador";220000627021;28;"CHARLON DA ROCHA SILVA";"CORONEL CHARLON";"#NULO#";12;"APTO";2;"DEFERIDO";-3;"#NE";-3;"#NE";-3;"#NE";"PARTIDO ISOLADO";28;"PRTB";"Partido Renovador Trabalhista Brasileiro";-1;"#NULO#";"#NULO#";"#NULO#";220000050733;"PARTIDO ISOLADO";"PRTB";"N";195;"Válido";195;4;"NÃO ELEITO"
"13/11/2024";"10:56:11";2018;2;"Eleição Ordinária";1;297;"ELEIÇÕES GERAIS ESTADUAIS 2018";"07/10/2018";"E";"RO";"RO";"RONDÔNIA";159;"JARU";10;5;"Senador";220000627024;280;"TED WILSON DE ALMEIDA FERREIRA";"TED WILSON";"#NULO#";12;"APTO";2;"DEFERIDO";-3;"#NE";-3;"#NE";-3;"#NE";"PARTIDO ISOLADO";28;"PRTB";"Partido Renovador Trabalhista Brasileiro";-1;"#NULO#";"#NULO#";"#NULO#";220000050733;"PARTIDO ISOLADO";"PRTB";"N";229;"Válido";229;4;"NÃO ELEITO"
"13/11/2024";"10:56:11";2018;2;"Eleição Ordinária";1;297;"ELEIÇÕES GERAIS ESTADUAIS 2018";"07/10/2018";"E";"RO";"RO";"RONDÔNIA";78;"ARIQUEMES";7;3;"Governador";220000627021;28;"CHARLON DA ROCHA SILVA";"CORONEL CHARLON";"#NULO#";12;"APTO";2;"DEFERIDO";-3;"#NE";-3;"#NE";-3;"#NE";"PARTIDO ISOLADO";28;"PRTB";"Partido Renovador Trabalhista Brasileiro";-1;"#NULO#";"#NULO#";"#NULO#";220000050733;"PARTIDO ISOLADO";"PRTB";"N";1686;"Válido";1686;4;"NÃO ELEITO"
"13/11/2024";"10:56:11";2018;2;"Eleição Ordinária";1;297;"ELEIÇÕES GERAIS ESTADUAIS 2018";"07/10/2018";"E";"RO";"RO";"RONDÔNIA";78;"ARIQUEMES";7;5;"Senador";220000627024;280;"TED WILSON DE ALMEIDA FERREIRA";"TED WILSON";"#NULO#";12;"APTO";2;"DEFERIDO";-3;"#NE";-3;"#NE";-3;"#NE";"PARTIDO ISOLADO";28;"PRTB";"Partido Renovador Trabalhista Brasileiro";-1;"#NULO#";"#NULO#";"#NULO#";220000050733;"PARTIDO ISOLADO";"PRTB";"N";984;"Válido";984;4;"NÃO ELEITO"
"13/11/2024";"10:56:11";2018;2;"Eleição Ordinária";1;297;"ELEIÇÕES GERAIS ESTADUAIS 2018";"07/10/2018";"E";"RO";"RO";"RONDÔNIA";132;"VILHENA";4;3;"Governador";220000627021;28;"CHARLON DA ROCHA SILVA";"CORONEL CHARLON";"#NULO#";12;"APTO";2;"DEFERIDO";-3;"#NE";-3;"#NE";-3;"#NE";"PARTIDO ISOLADO";28;"PRTB";"Partido Renovador Trabalhista Brasileiro";-1;"#NULO#";"#NULO#";"#NULO#";220000050733;"PARTIDO ISOLADO";"PRTB";"N";852;"Válido";852;4;"NÃO ELEITO"
"13/11/2024";"10:56:11";2018;2;"Eleição Ordinária";1;297;"ELEIÇÕES GERAIS ESTADUAIS 2018";"07/10/2018";"E";"RO";"RO";"RONDÔNIA";132;"VILHENA";4;5;"Senador";220000627024;280;"TED WILSON DE ALMEIDA FERREIRA";"TED WILSON";"#NULO#";12;"APTO";2;"DEFERIDO";-3;"#NE";-3;"#NE";-3;"#NE";"PARTIDO ISOLADO";28;"PRTB";"Partido Renovador Trabalhista Brasileiro";-1;"#NULO#";"#NULO#";"#NULO#";220000050733;"PARTIDO ISOLADO";"PRTB";"N";603;"Válido";603;4;"NÃO ELEITO"
"13/11/2024";"10:56:11";2018;2;"Eleição Ordinária";1;297;"ELEIÇÕES GERAIS ESTADUAIS 2018";"07/10/2018";"E";"RO";"RO";"RONDÔNIA";710;"SÃO FELIPE D OESTE";19;3;"Governador";220000627021;28;"CHARLON DA ROCHA SILVA";"CORONEL CHARLON";"#NULO#";12;"APTO";2;"DEFERIDO";-3;"#NE";-3;"#NE";-3;"#NE";"PARTIDO ISOLADO";28;"PRTB";"Partido Renovador Trabalhista Brasileiro";-1;"#NULO#";"#NULO#";"#NULO#";220000050733;"PARTIDO ISOLADO";"PRTB";"N";32;"Válido";32;4;"NÃO ELEITO"
"13/11/2024";"10:56:11";2018;2;"Eleição Ordinária";1;297;"ELEIÇÕES GERAIS ESTADUAIS 2018";"07/10/2018";"E";"RO";"RO";"RONDÔNIA";710;"SÃO FELIPE D OESTE";19;5;"Senador";220000627024;280;"TED WILSON DE ALMEIDA FERREIRA";"TED WILSON";"#NULO#";12;"APTO";2;"DEFERIDO";-3;"#NE";-3;"#NE";-3;"#NE";"PARTIDO ISOLADO";28;"PRTB";"Partido Renovador Trabalhista Brasileiro";-1;"#NULO#";"#NULO#";"#NULO#";220000050733;"PARTIDO ISOLADO";"PRTB";"N";16;"Válido";16;4;"NÃO ELEITO"
"13/11/2024";"10:56:11";2018;2;"Eleição Ordinária";1;297;"ELEIÇÕES GERAIS ESTADUAIS 2018";"07/10/2018";"E";"RO";"RO";"RONDÔNIA";35;"PORTO VELHO";6;3;"Governador";220000627021;28;"CHARLON DA ROCHA SILVA";"CORONEL CHARLON";"#NULO#";12;"APTO";2;"DEFERIDO";-3;"#NE";-3;"#NE";-3;"#NE";"PARTIDO ISOLADO";28;"PRTB";"Partido Renovador Trabalhista Brasileiro";-1;"#NULO#";"#NULO#";"#NULO#";220000050733;"PARTIDO ISOLADO";"PRTB";"N";1716;"Válido";1716;4;"NÃO ELEITO"
"13/11/2024";"10:56:11";2018;2;"Eleição Ordinária";1;297;"ELEIÇÕES GERAIS ESTADUAIS 2018";"07/10/2018";"E";"RO";"RO";"RONDÔNIA";35;"PORTO VELHO";21;3;"Governador";220000627021;28;"CHARLON DA ROCHA SILVA";"CORONEL CHARLON";"#NULO#";12;"APTO";2;"DEFERIDO";-3;"#NE";-3;"#NE";-3;"#NE";"PARTIDO ISOLADO";28;"PRTB";"Partido Renovador Trabalhista Brasileiro";-1;"#NULO#";"#NULO#";"#NULO#";220000050733;"PARTIDO ISOLADO";"PRTB";"N";2239;"Válido";2239;4;"NÃO ELEITO"
"13/11/2024";"10:56:11";2018;2;"Eleição Ordinária";1;297;"ELEIÇÕES GERAIS ESTADUAIS 2018";"07/10/2018";"E";"RO";"RO";"RONDÔNIA";35;"PORTO VELHO";2;3;"Governador";220000627021;28;"CHARLON DA ROCHA SILVA";"CORONEL CHARLON";"#NULO#";12;"APTO";2;"DEFERIDO";-3;"#NE";-3;"#NE";-3;"#NE";"PARTIDO ISOLADO";28;"PRTB";"Partido Renovador Trabalhista Brasileiro";-1;"#NULO#";"#NULO#";"#NULO#";220000050733;"PARTIDO ISOLADO";"PRTB";"N";2587;"Válido";2587;4;"NÃO ELEITO"
"13/11/2024";"10:56:11";2018;2;"Eleição Ordinária";1;297;"ELEIÇÕES GERAIS ESTADUAIS 2018";"07/10/2018";"E";"RO";"RO";"RONDÔNIA";35;"PORTO VELHO";20;3;"Governador";220000627021;28;"CHARLON DA ROCHA SILVA";"CORONEL CHARLON";"#NULO#";12;"APTO";2;"DEFERIDO";-3;"#NE";-3;"#NE";-3;"#NE";"PARTIDO ISOLADO";28;"PRTB";"Partido Renovador Trabalhista Brasileiro";-1;"#NULO#";"#NULO#";"#NULO#";220000050733;"PARTIDO ISOLADO";"PRTB";"N";2391;"Válido";2391;4;"NÃO ELEITO"
"13/11/2024";"10:56:11";2018;2;"Eleição Ordinária";1;297;"ELEIÇÕES GERAIS ESTADUAIS 2018";"07/10/2018";"E";"RO";"RO";"RONDÔNIA";35;"PORTO VELHO";21;5;"Senador";220000627024;280;"TED WILSON DE ALMEIDA FERREIRA";"TED WILSON";"#NULO#";12;"APTO";2;"DEFERIDO";-3;"#NE";-3;"#NE";-3;"#NE";"PARTIDO ISOLADO";28;"PRTB";"Partido Renovador Trabalhista Brasileiro";-1;"#NULO#";"#NULO#";"#NULO#";220000050733;"PARTIDO ISOLADO";"PRTB";"N";1488;"Válido";1488;4;"NÃO ELEITO"
"13/11/2024";"10:56:11";2018;2;"Eleição Ordinária";1;297;"ELEIÇÕES GERAIS ESTADUAIS 2018";"07/10/2018";"E";"RO";"RO";"RONDÔNIA";35;"PORTO VELHO";6;5;"Senador";220000627024;280;"TED WILSON DE ALMEIDA FERREIRA";"TED WILSON";"#NULO#";12;"APTO";2;"DEFERIDO";-3;"#NE";-3;"#NE";-3;"#NE";"PARTIDO ISOLADO";28;"PRTB";"Partido Renovador Trabalhista Brasileiro";-1;"#NULO#";"#NULO#";"#NULO#";220000050733;"PARTIDO ISOLADO";"PRTB";"N";1324;"Válido";1324;4;"NÃO ELEITO"
"13/11/2024";"10:56:11";2018;2;"Eleição Ordinária";1;297;"ELEIÇÕES GERAIS ESTADUAIS 2018";"07/10/2018";"E";"RO";"RO";"RONDÔNIA";35;"PORTO VELHO";20;5;"Senador";220000627024;280;"TED WILSON DE ALMEIDA FERREIRA";"TED WILSON";"#NULO#";12;"APTO";2;"DEFERIDO";-3;"#NE";-3;"#NE";-3;"#NE";"PARTIDO ISOLADO";28;"PRTB";"Partido Renovador Trabalhista Brasileiro";-1;"#NULO#";"#NULO#";"#NULO#";220000050733;"PARTIDO ISOLADO";"PRTB";"N";1643;"Válido";1643;4;"NÃO ELEITO"
"13/11/2024";"10:56:11";2018;2;"Eleição Ordinária";1;297;"ELEIÇÕES GERAIS ESTADUAIS 2018";"07/10/2018";"E";"RO";"RO";"RONDÔNIA";35;"PORTO VELHO";2;5;"Senador";220000627024;280;"TED WILSON DE ALMEIDA FERREIRA";"TED WILSON";"#NULO#";12;"APTO";2;"DEFERIDO";-3;"#NE";-3;"#NE";-3;"#NE";"PARTIDO ISOLADO";28;"PRTB";"Partido Renovador Trabalhista Brasileiro";-1;"#NULO#";"#NULO#";"#NULO#";220000050733;"PARTIDO ISOLADO";"PRTB";"N";2187;"Válido";2187;4;"NÃO ELEITO"
"13/11/2024";"10:56:11";2018;2;"Eleição Ordinária";1;297;"ELEIÇÕES GERAIS ESTADUAIS 2018";"07/10/2018";"E";"RO";"RO";"RONDÔNIA";736;"ALTO ALEGRE DOS PARECIS";19;3;"Governador";220000627021;28;"CHARLON DA ROCHA SILVA";"CORONEL CHARLON";"#NULO#";12;"APTO";2;"DEFERIDO";-3;"#NE";-3;"#NE";-3;"#NE";"PARTIDO ISOLADO";28;"PRTB";"Partido Renovador Trabalhista Brasileiro";-1;"#NULO#";"#NULO#";"#NULO#";220000050733;"PARTIDO ISOLADO";"PRTB";"N";22;"Válido";22;4;"NÃO ELEITO"
"13/11/2024";"10:56:11";2018;2;"Eleição Ordinária";1;297;"ELEIÇÕES GERAIS ESTADUAIS 2018";"07/10/2018";"E";"RO";"RO";"RONDÔNIA";736;"ALTO ALEGRE DOS PARECIS";19;5;"Senador";220000627024;280;"TED WILSON DE ALMEIDA FERREIRA";"TED WILSON";"#NULO#";12;"APTO";2;"DEFERIDO";-3;"#NE";-3;"#NE";-3;"#NE";"PARTIDO ISOLADO";28;"PRTB";"Partido Renovador Trabalhista Brasileiro";-1;"#NULO#";"#NULO#";"#NULO#";220000050733;"PARTIDO ISOLADO";"PRTB";"N";42;"Válido";42;4;"NÃO ELEITO"
"13/11/2024";"10:56:11";2018;2;"Eleição Ordinária";1;297;"ELEIÇÕES GERAIS ESTADUAIS 2018";"07/10/2018";"E";"RO";"RO";"RONDÔNIA";612;"GOVERNADOR JORGE TEIXEIRA";27;3;"Governador";220000627021;28;"CHARLON DA ROCHA SILVA";"CORONEL CHARLON";"#NULO#";12;"APTO";2;"DEFERIDO";-3;"#NE";-3;"#NE";-3;"#NE";"PARTIDO ISOLADO";28;"PRTB";"Partido Renovador Trabalhista Brasileiro";-1;"#NULO#";"#NULO#";"#NULO#";220000050733;"PARTIDO ISOLADO";"PRTB";"N";17;"Válido";17;4;"NÃO ELEITO"
"13/11/2024";"10:56:11";2018;2;"Eleição Ordinária";1;297;"ELEIÇÕES GERAIS ESTADUAIS 2018";"07/10/2018";"E";"RO";"RO";"RONDÔNIA";620;"CACAULÂNDIA";26;3;"Governador";220000627021;28;"CHARLON DA ROCHA SILVA";"CORONEL CHARLON";"#NULO#";12;"APTO";2;"DEFERIDO";-3;"#NE";-3;"#NE";-3;"#NE";"PARTIDO ISOLADO";28;"PRTB";"Partido Renovador Trabalhista Brasileiro";-1;"#NULO#";"#NULO#";"#NULO#";220000050733;"PARTIDO ISOLADO";"PRTB";"N";52;"Válido";52;4;"NÃO ELEITO"
"13/11/2024";"10:56:11";2018;2;"Eleição Ordinária";1;297;"ELEIÇÕES GERAIS ESTADUAIS 2018";"07/10/2018";"E";"RO";"RO";"RONDÔNIA";370;"NOVA BRASILÂNDIA D OESTE";15;3;"Governador";220000627021;28;"CHARLON DA ROCHA SILVA";"CORONEL CHARLON";"#NULO#";12;"APTO";2;"DEFERIDO";-3;"#NE";-3;"#NE";-3;"#NE";"PARTIDO ISOLADO";28;"PRTB";"Partido Renovador Trabalhista Brasileiro";-1;"#NULO#";"#NULO#";"#NULO#";220000050733;"PARTIDO ISOLADO";"PRTB";"N";117;"Válido";117;4;"NÃO ELEITO"
"13/11/2024";"10:56:11";2018;2;"Eleição Ordinária";1;297;"ELEIÇÕES GERAIS ESTADUAIS 2018";"07/10/2018";"E";"RO";"RO";"RONDÔNIA";639;"ALTO PARAÍSO";25;3;"Governador";220000627021;28;"CHARLON DA ROCHA SILVA";"CORONEL CHARLON";"#NULO#";12;"APTO";2;"DEFERIDO";-3;"#NE";-3;"#NE";-3;"#NE";"PARTIDO ISOLADO";28;"PRTB";"Partido Renovador Trabalhista Brasileiro";-1;"#NULO#";"#NULO#";"#NULO#";220000050733;"PARTIDO ISOLADO";"PRTB";"N";213;"Válido";213;4;"NÃO ELEITO"
"13/11/2024";"10:56:11";2018;2;"Eleição Ordinária";1;297;"ELEIÇÕES GERAIS ESTADUAIS 2018";"07/10/2018";"E";"RO";"RO";"RONDÔNIA";477;"CANDEIAS DO JAMARI";21;3;"Governador";220000627021;28;"CHARLON DA ROCHA SILVA";"CORONEL CHARLON";"#NULO#";12;"APTO";2;"DEFERIDO";-3;"#NE";-3;"#NE";-3;"#NE";"PARTIDO ISOLADO";28;"PRTB";"Partido Renovador Trabalhista Brasileiro";-1;"#NULO#";"#NULO#";"#NULO#";220000050733;"PARTIDO ISOLADO";"PRTB";"N";392;"Válido";392;4;"NÃO ELEITO"
"13/11/2024";"10:56:11";2018;2;"Eleição Ordinária";1;297;"ELEIÇÕES GERAIS ESTADUAIS 2018";"07/10/2018";"E";"RO";"RO";"RONDÔNIA";647;"RIO CRESPO";26;3;"Governador";220000627021;28;"CHARLON DA ROCHA SILVA";"CORONEL CHARLON";"#NULO#";12;"APTO";2;"DEFERIDO";-3;"#NE";-3;"#NE";-3;"#NE";"PARTIDO ISOLADO";28;"PRTB";"Partido Renovador Trabalhista Brasileiro";-1;"#NULO#";"#NULO#";"#NULO#";220000050733;"PARTIDO ISOLADO";"PRTB";"N";43;"Válido";43;4;"NÃO ELEITO"
"13/11/2024";"10:56:11";2018;2;"Eleição Ordinária";1;297;"ELEIÇÕES GERAIS ESTADUAIS 2018";"07/10/2018";"E";"RO";"RO";"RONDÔNIA";370;"NOVA BRASILÂNDIA D OESTE";15;5;"Senador";220000627024;280;"TED WILSON DE ALMEIDA FERREIRA";"TED WILSON";"#NULO#";12;"APTO";2;"DEFERIDO";-3;"#NE";-3;"#NE";-3;"#NE";"PARTIDO ISOLADO";28;"PRTB";"Partido Renovador Trabalhista Brasileiro";-1;"#NULO#";"#NULO#";"#NULO#";220000050733;"PARTIDO ISOLADO";"PRTB";"N";23;"Válido";23;4;"NÃO ELEITO"
"13/11/2024";"10:56:11";2018;2;"Eleição Ordinária";1;297;"ELEIÇÕES GERAIS ESTADUAIS 2018";"07/10/2018";"E";"RO";"RO";"RONDÔNIA";620;"CACAULÂNDIA";26;5;"Senador";220000627024;280;"TED WILSON DE ALMEIDA FERREIRA";"TED WILSON";"#NULO#";12;"APTO";2;"DEFERIDO";-3;"#NE";-3;"#NE";-3;"#NE";"PARTIDO ISOLADO";28;"PRTB";"Partido Renovador Trabalhista Brasileiro";-1;"#NULO#";"#NULO#";"#NULO#";220000050733;"PARTIDO ISOLADO";"PRTB";"N";36;"Válido";36;4;"NÃO ELEITO"
"13/11/2024";"10:56:11";2018;2;"Eleição Ordinária";1;297;"ELEIÇÕES GERAIS ESTADUAIS 2018";"07/10/2018";"E";"RO";"RO";"RONDÔNIA";639;"ALTO PARAÍSO";25;5;"Senador";220000627024;280;"TED WILSON DE ALMEIDA FERREIRA";"TED WILSON";"#NULO#";12;"APTO";2;"DEFERIDO";-3;"#NE";-3;"#NE";-3;"#NE";"PARTIDO ISOLADO";28;"PRTB";"Partido Renovador Trabalhista Brasileiro";-1;"#NULO#";"#NULO#";"#NULO#";220000050733;"PARTIDO ISOLADO";"PRTB";"N";128;"Válido";128;4;"NÃO ELEITO"
"13/11/2024";"10:56:11";2018;2;"Eleição Ordinária";1;297;"ELEIÇÕES GERAIS ESTADUAIS 2018";"07/10/2018";"E";"RO";"RO";"RONDÔNIA";477;"CANDEIAS DO JAMARI";21;5;"Senador";220000627024;280;"TED WILSON DE ALMEIDA FERREIRA";"TED WILSON";"#NULO#";12;"APTO";2;"DEFERIDO";-3;"#NE";-3;"#NE";-3;"#NE";"PARTIDO ISOLADO";28;"PRTB";"Partido Renovador Trabalhista Brasileiro";-1;"#NULO#";"#NULO#";"#NULO#";220000050733;"PARTIDO ISOLADO";"PRTB";"N";250;"Válido";250;4;"NÃO ELEITO"
"13/11/2024";"10:56:11";2018;2;"Eleição Ordinária";1;297;"ELEIÇÕES GERAIS ESTADUAIS 2018";"07/10/2018";"E";"RO";"RO";"RONDÔNIA";612;"GOVERNADOR JORGE TEIXEIRA";27;5;"Senador";220000627024;280;"TED WILSON DE ALMEIDA FERREIRA";"TED WILSON";"#NULO#";12;"APTO";2;"DEFERIDO";-3;"#NE";-3;"#NE";-3;"#NE";"PARTIDO ISOLADO";28;"PRTB";"Partido Renovador Trabalhista Brasileiro";-1;"#NULO#";"#NULO#";"#NULO#";220000050733;"PARTIDO ISOLADO";"PRTB";"N";27;"Válido";27;4;"NÃO ELEITO"
"13/11/2024";"10:56:11";2018;2;"Eleição Ordinária";1;297;"ELEIÇÕES GERAIS ESTADUAIS 2018";"07/10/2018";"E";"RO";"RO";"RONDÔNIA";647;"RIO CRESPO";26;5;"Senador";220000627024;280;"TED WILSON DE ALMEIDA FERREIRA";"TED WILSON";"#NULO#";12;"APTO";2;"DEFERIDO";-3;"#NE";-3;"#NE";-3;"#NE";"PARTIDO ISOLADO";28;"PRTB";"Partido Renovador Trabalhista Brasileiro";-1;"#NULO#";"#NULO#";"#NULO#";220000050733;"PARTIDO ISOLADO";"PRTB";"N";14;"Válido";14;4;"NÃO ELEITO"
"13/11/2024";"10:56:11";2018;2;"Eleição Ordinária";1;297;"ELEIÇÕES GERAIS ESTADUAIS 2018";"07/10/2018";"E";"RO";"RO";"RONDÔNIA";116;"PIMENTA BUENO";9;3;"Governador";220000627021;28;"CHARLON DA ROCHA SILVA";"CORONEL CHARLON";"#NULO#";12;"APTO";2;"DEFERIDO";-3;"#NE";-3;"#NE";-3;"#NE";"PARTIDO ISOLADO";28;"PRTB";"Partido Renovador Trabalhista Brasileiro";-1;"#NULO#";"#NULO#";"#NULO#";220000050733;"PARTIDO ISOLADO";"PRTB";"N";679;"Válido";679;4;"NÃO ELEITO"
"13/11/2024";"10:56:11";2018;2;"Eleição Ordinária";1;297;"ELEIÇÕES GERAIS ESTADUAIS 2018";"07/10/2018";"E";"RO";"RO";"RONDÔNIA";701;"PARECIS";19;3;"Governador";220000627021;28;"CHARLON DA ROCHA SILVA";"CORONEL CHARLON";"#NULO#";12;"APTO";2;"DEFERIDO";-3;"#NE";-3;"#NE";-3;"#NE";"PARTIDO ISOLADO";28;"PRTB";"Partido Renovador Trabalhista Brasileiro";-1;"#NULO#";"#NULO#";"#NULO#";220000050733;"PARTIDO ISOLADO";"PRTB";"N";35;"Válido";35;4;"NÃO ELEITO"
"13/11/2024";"10:56:11";2018;2;"Eleição Ordinária";1;297;"ELEIÇÕES GERAIS ESTADUAIS 2018";"07/10/2018";"E";"RO";"RO";"RONDÔNIA";639;"ALTO PARAÍSO";25;5;"Senador";220000600266;300;"FABRICIO GRISI MÉDICI JURADO";"FABRICIO JURADO";"#NULO#";12;"APTO";2;"DEFERIDO";-3;"#NE";-3;"#NE";-3;"#NE";"PARTIDO ISOLADO";30;"NOVO";"Partido Novo";-1;"#NULO#";"#NULO#";"#NULO#";220000050014;"PARTIDO ISOLADO";"NOVO";"N";180;"Válido";180;4;"NÃO ELEITO"
"13/11/2024";"10:56:11";2018;2;"Eleição Ordinária";1;297;"ELEIÇÕES GERAIS ESTADUAIS 2018";"07/10/2018";"E";"RO";"RO";"RONDÔNIA";612;"GOVERNADOR JORGE TEIXEIRA";27;5;"Senador";220000600266;300;"FABRICIO GRISI MÉDICI JURADO";"FABRICIO JURADO";"#NULO#";12;"APTO";2;"DEFERIDO";-3;"#NE";-3;"#NE";-3;"#NE";"PARTIDO ISOLADO";30;"NOVO";"Partido Novo";-1;"#NULO#";"#NULO#";"#NULO#";220000050014;"PARTIDO ISOLADO";"NOVO";"N";110;"Válido";110;4;"NÃO ELEITO"
"13/11/2024";"10:56:11";2018;2;"Eleição Ordinária";1;297;"ELEIÇÕES GERAIS ESTADUAIS 2018";"07/10/2018";"E";"RO";"RO";"RONDÔNIA";647;"RIO CRESPO";26;5;"Senador";220000600266;300;"FABRICIO GRISI MÉDICI JURADO";"FABRICIO JURADO";"#NULO#";12;"APTO";2;"DEFERIDO";-3;"#NE";-3;"#NE";-3;"#NE";"PARTIDO ISOLADO";30;"NOVO";"Partido Novo";-1;"#NULO#";"#NULO#";"#NULO#";220000050014;"PARTIDO ISOLADO";"NOVO";"N";22;"Válido";22;4;"NÃO ELEITO"
"13/11/2024";"10:56:11";2018;2;"Eleição Ordinária";1;297;"ELEIÇÕES GERAIS ESTADUAIS 2018";"07/10/2018";"E";"RO";"RO";"RONDÔNIA";477;"CANDEIAS DO JAMARI";21;5;"Senador";220000600266;300;"FABRICIO GRISI MÉDICI JURADO";"FABRICIO JURADO";"#NULO#";12;"APTO";2;"DEFERIDO";-3;"#NE";-3;"#NE";-3;"#NE";"PARTIDO ISOLADO";30;"NOVO";"Partido Novo";-1;"#NULO#";"#NULO#";"#NULO#";220000050014;"PARTIDO ISOLADO";"NOVO";"N";395;"Válido";395;4;"NÃO ELEITO"
"13/11/2024";"10:56:11";2018;2;"Eleição Ordinária";1;297;"ELEIÇÕES GERAIS ESTADUAIS 2018";"07/10/2018";"E";"RO";"RO";"RONDÔNIA";370;"NOVA BRASILÂNDIA D OESTE";15;5;"Senador";220000600266;300;"FABRICIO GRISI MÉDICI JURADO";"FABRICIO JURADO";"#NULO#";12;"APTO";2;"DEFERIDO";-3;"#NE";-3;"#NE";-3;"#NE";"PARTIDO ISOLADO";30;"NOVO";"Partido Novo";-1;"#NULO#";"#NULO#";"#NULO#";220000050014;"PARTIDO ISOLADO";"NOVO";"N";191;"Válido";191;4;"NÃO ELEITO"
"13/11/2024";"10:56:11";2018;2;"Eleição Ordinária";1;297;"ELEIÇÕES GERAIS ESTADUAIS 2018";"07/10/2018";"E";"RO";"RO";"RONDÔNIA";620;"CACAULÂNDIA";26;5;"Senador";220000600266;300;"FABRICIO GRISI MÉDICI JURADO";"FABRICIO JURADO";"#NULO#";12;"APTO";2;"DEFERIDO";-3;"#NE";-3;"#NE";-3;"#NE";"PARTIDO ISOLADO";30;"NOVO";"Partido Novo";-1;"#NULO#";"#NULO#";"#NULO#";220000050014;"PARTIDO ISOLADO";"NOVO";"N";99;"Válido";99;4;"NÃO ELEITO"
"13/11/2024";"10:56:11";2018;2;"Eleição Ordinária";1;297;"ELEIÇÕES GERAIS ESTADUAIS 2018";"07/10/2018";"E";"RO";"RO";"RONDÔNIA";94;"CACOAL";11;3;"Governador";220000627021;28;"CHARLON DA ROCHA SILVA";"CORONEL CHARLON";"#NULO#";12;"APTO";2;"DEFERIDO";-3;"#NE";-3;"#NE";-3;"#NE";"PARTIDO ISOLADO";28;"PRTB";"Partido Renovador Trabalhista Brasileiro";-1;"#NULO#";"#NULO#";"#NULO#";220000050733;"PARTIDO ISOLADO";"PRTB";"N";692;"Válido";692;4;"NÃO ELEITO"
"13/11/2024";"10:56:11";2018;2;"Eleição Ordinária";1;297;"ELEIÇÕES GERAIS ESTADUAIS 2018";"07/10/2018";"E";"RO";"RO";"RONDÔNIA";655;"CORUMBIARA";16;3;"Governador";220000627021;28;"CHARLON DA ROCHA SILVA";"CORONEL CHARLON";"#NULO#";12;"APTO";2;"DEFERIDO";-3;"#NE";-3;"#NE";-3;"#NE";"PARTIDO ISOLADO";28;"PRTB";"Partido Renovador Trabalhista Brasileiro";-1;"#NULO#";"#NULO#";"#NULO#";220000050733;"PARTIDO ISOLADO";"PRTB";"N";15;"Válido";15;4;"NÃO ELEITO"
"13/11/2024";"10:56:11";2018;2;"Eleição Ordinária";1;297;"ELEIÇÕES GERAIS ESTADUAIS 2018";"07/10/2018";"E";"RO";"RO";"RONDÔNIA";680;"CUJUBIM";26;3;"Governador";220000627021;28;"CHARLON DA ROCHA SILVA";"CORONEL CHARLON";"#NULO#";12;"APTO";2;"DEFERIDO";-3;"#NE";-3;"#NE";-3;"#NE";"PARTIDO ISOLADO";28;"PRTB";"Partido Renovador Trabalhista Brasileiro";-1;"#NULO#";"#NULO#";"#NULO#";220000050733;"PARTIDO ISOLADO";"PRTB";"N";59;"Válido";59;4;"NÃO ELEITO"
"13/11/2024";"10:56:11";2018;2;"Eleição Ordinária";1;297;"ELEIÇÕES GERAIS ESTADUAIS 2018";"07/10/2018";"E";"RO";"RO";"RONDÔNIA";515;"NOVO HORIZONTE DO OESTE";15;3;"Governador";220000627021;28;"CHARLON DA ROCHA SILVA";"CORONEL CHARLON";"#NULO#";12;"APTO";2;"DEFERIDO";-3;"#NE";-3;"#NE";-3;"#NE";"PARTIDO ISOLADO";28;"PRTB";"Partido Renovador Trabalhista Brasileiro";-1;"#NULO#";"#NULO#";"#NULO#";220000050733;"PARTIDO ISOLADO";"PRTB";"N";81;"Válido";81;4;"NÃO ELEITO"
"13/11/2024";"10:56:11";2018;2;"Eleição Ordinária";1;297;"ELEIÇÕES GERAIS ESTADUAIS 2018";"07/10/2018";"E";"RO";"RO";"RONDÔNIA";680;"CUJUBIM";26;5;"Senador";220000627024;280;"TED WILSON DE ALMEIDA FERREIRA";"TED WILSON";"#NULO#";12;"APTO";2;"DEFERIDO";-3;"#NE";-3;"#NE";-3;"#NE";"PARTIDO ISOLADO";28;"PRTB";"Partido Renovador Trabalhista Brasileiro";-1;"#NULO#";"#NULO#";"#NULO#";220000050733;"PARTIDO ISOLADO";"PRTB";"N";64;"Válido";64;4;"NÃO ELEITO"
"13/11/2024";"10:56:11";2018;2;"Eleição Ordinária";1;297;"ELEIÇÕES GERAIS ESTADUAIS 2018";"07/10/2018";"E";"RO";"RO";"RONDÔNIA";515;"NOVO HORIZONTE DO OESTE";15;5;"Senador";220000627024;280;"TED WILSON DE ALMEIDA FERREIRA";"TED WILSON";"#NULO#";12;"APTO";2;"DEFERIDO";-3;"#NE";-3;"#NE";-3;"#NE";"PARTIDO ISOLADO";28;"PRTB";"Partido Renovador Trabalhista Brasileiro";-1;"#NULO#";"#NULO#";"#NULO#";220000050733;"PARTIDO ISOLADO";"PRTB";"N";27;"Válido";27;4;"NÃO ELEITO"
"13/11/2024";"10:56:11";2018;2;"Eleição Ordinária";1;297;"ELEIÇÕES GERAIS ESTADUAIS 2018";"07/10/2018";"E";"RO";"RO";"RONDÔNIA";701;"PARECIS";19;5;"Senador";220000627024;280;"TED WILSON DE ALMEIDA FERREIRA";"TED WILSON";"#NULO#";12;"APTO";2;"DEFERIDO";-3;"#NE";-3;"#NE";-3;"#NE";"PARTIDO ISOLADO";28;"PRTB";"Partido Renovador Trabalhista Brasileiro";-1;"#NULO#";"#NULO#";"#NULO#";220000050733;"PARTIDO ISOLADO";"PRTB";"N";7;"Válido";7;4;"NÃO ELEITO"
"13/11/2024";"10:56:11";2018;2;"Eleição Ordinária";1;297;"ELEIÇÕES GERAIS ESTADUAIS 2018";"07/10/2018";"E";"RO";"RO";"RONDÔNIA";94;"CACOAL";11;5;"Senador";220000627024;280;"TED WILSON DE ALMEIDA FERREIRA";"TED WILSON";"#NULO#";12;"APTO";2;"DEFERIDO";-3;"#NE";-3;"#NE";-3;"#NE";"PARTIDO ISOLADO";28;"PRTB";"Partido Renovador Trabalhista Brasileiro";-1;"#NULO#";"#NULO#";"#NULO#";220000050733;"PARTIDO ISOLADO";"PRTB";"N";537;"Válido";537;4;"NÃO ELEITO"
"13/11/2024";"10:56:11";2018;2;"Eleição Ordinária";1;297;"ELEIÇÕES GERAIS ESTADUAIS 2018";"07/10/2018";"E";"RO";"RO";"RONDÔNIA";116;"PIMENTA BUENO";9;5;"Senador";220000627024;280;"TED WILSON DE ALMEIDA FERREIRA";"TED WILSON";"#NULO#";12;"APTO";2;"DEFERIDO";-3;"#NE";-3;"#NE";-3;"#NE";"PARTIDO ISOLADO";28;"PRTB";"Partido Renovador Trabalhista Brasileiro";-1;"#NULO#";"#NULO#";"#NULO#";220000050733;"PARTIDO ISOLADO";"PRTB";"N";344;"Válido";344;4;"NÃO ELEITO"
"13/11/2024";"10:56:11";2018;2;"Eleição Ordinária";1;297;"ELEIÇÕES GERAIS ESTADUAIS 2018";"07/10/2018";"E";"RO";"RO";"RONDÔNIA";655;"CORUMBIARA";16;5;"Senador";220000627024;280;"TED WILSON DE ALMEIDA FERREIRA";"TED WILSON";"#NULO#";12;"APTO";2;"DEFERIDO";-3;"#NE";-3;"#NE";-3;"#NE";"PARTIDO ISOLADO";28;"PRTB";"Partido Renovador Trabalhista Brasileiro";-1;"#NULO#";"#NULO#";"#NULO#";220000050733;"PARTIDO ISOLADO";"PRTB";"N";29;"Válido";29;4;"NÃO ELEITO"
"13/11/2024";"10:56:11";2018;2;"Eleição Ordinária";1;297;"ELEIÇÕES GERAIS ESTADUAIS 2018";"07/10/2018";"E";"RO";"RO";"RONDÔNIA";582;"SERINGUEIRAS";35;3;"Governador";220000627021;28;"CHARLON DA ROCHA SILVA";"CORONEL CHARLON";"#NULO#";12;"APTO";2;"DEFERIDO";-3;"#NE";-3;"#NE";-3;"#NE";"PARTIDO ISOLADO";28;"PRTB";"Partido Renovador Trabalhista Brasileiro";-1;"#NULO#";"#NULO#";"#NULO#";220000050733;"PARTIDO ISOLADO";"PRTB";"N";31;"Válido";31;4;"NÃO ELEITO"
"13/11/2024";"10:56:11";2018;2;"Eleição Ordinária";1;297;"ELEIÇÕES GERAIS ESTADUAIS 2018";"07/10/2018";"E";"RO";"RO";"RONDÔNIA";418;"SÃO MIGUEL DO GUAPORÉ";35;3;"Governador";220000627021;28;"CHARLON DA ROCHA SILVA";"CORONEL CHARLON";"#NULO#";12;"APTO";2;"DEFERIDO";-3;"#NE";-3;"#NE";-3;"#NE";"PARTIDO ISOLADO";28;"PRTB";"Partido Renovador Trabalhista Brasileiro";-1;"#NULO#";"#NULO#";"#NULO#";220000050733;"PARTIDO ISOLADO";"PRTB";"N";48;"Válido";48;4;"NÃO ELEITO"
"13/11/2024";"10:56:11";2018;2;"Eleição Ordinária";1;297;"ELEIÇÕES GERAIS ESTADUAIS 2018";"07/10/2018";"E";"RO";"RO";"RONDÔNIA";787;"PIMENTEIRAS DO OESTE";16;3;"Governador";220000627021;28;"CHARLON DA ROCHA SILVA";"CORONEL CHARLON";"#NULO#";12;"APTO";2;"DEFERIDO";-3;"#NE";-3;"#NE";-3;"#NE";"PARTIDO ISOLADO";28;"PRTB";"Partido Renovador Trabalhista Brasileiro";-1;"#NULO#";"#NULO#";"#NULO#";220000050733;"PARTIDO ISOLADO";"PRTB";"N";3;"Válido";3;4;"NÃO ELEITO"
"13/11/2024";"10:56:11";2018;2;"Eleição Ordinária";1;297;"ELEIÇÕES GERAIS ESTADUAIS 2018";"07/10/2018";"E";"RO";"RO";"RONDÔNIA";744;"NOVA UNIÃO";28;3;"Governador";220000627021;28;"CHARLON DA ROCHA SILVA";"CORONEL CHARLON";"#NULO#";12;"APTO";2;"DEFERIDO";-3;"#NE";-3;"#NE";-3;"#NE";"PARTIDO ISOLADO";28;"PRTB";"Partido Renovador Trabalhista Brasileiro";-1;"#NULO#";"#NULO#";"#NULO#";220000050733;"PARTIDO ISOLADO";"PRTB";"N";13;"Válido";13;4;"NÃO ELEITO"
"13/11/2024";"10:56:11";2018;2;"Eleição Ordinária";1;297;"ELEIÇÕES GERAIS ESTADUAIS 2018";"07/10/2018";"E";"RO";"RO";"RONDÔNIA";434;"NOVA MAMORÉ";1;3;"Governador";220000627021;28;"CHARLON DA ROCHA SILVA";"CORONEL CHARLON";"#NULO#";12;"APTO";2;"DEFERIDO";-3;"#NE";-3;"#NE";-3;"#NE";"PARTIDO ISOLADO";28;"PRTB";"Partido Renovador Trabalhista Brasileiro";-1;"#NULO#";"#NULO#";"#NULO#";220000050733;"PARTIDO ISOLADO";"PRTB";"N";559;"Válido";559;4;"NÃO ELEITO"
"13/11/2024";"10:56:11";2018;2;"Eleição Ordinária";1;297;"ELEIÇÕES GERAIS ESTADUAIS 2018";"07/10/2018";"E";"RO";"RO";"RONDÔNIA";493;"ITAPUÃ DO OESTE";2;3;"Governador";220000627021;28;"CHARLON DA ROCHA SILVA";"CORONEL CHARLON";"#NULO#";12;"APTO";2;"DEFERIDO";-3;"#NE";-3;"#NE";-3;"#NE";"PARTIDO ISOLADO";28;"PRTB";"Partido Renovador Trabalhista Brasileiro";-1;"#NULO#";"#NULO#";"#NULO#";220000050733;"PARTIDO ISOLADO";"PRTB";"N";115;"Válido";115;4;"NÃO ELEITO"
"13/11/2024";"10:56:11";2018;2;"Eleição Ordinária";1;297;"ELEIÇÕES GERAIS ESTADUAIS 2018";"07/10/2018";"E";"RO";"RO";"RONDÔNIA";450;"CABIXI";8;3;"Governador";220000627021;28;"CHARLON DA ROCHA SILVA";"CORONEL CHARLON";"#NULO#";12;"APTO";2;"DEFERIDO";-3;"#NE";-3;"#NE";-3;"#NE";"PARTIDO ISOLADO";28;"PRTB";"Partido Renovador Trabalhista Brasileiro";-1;"#NULO#";"#NULO#";"#NULO#";220000050733;"PARTIDO ISOLADO";"PRTB";"N";15;"Válido";15;4;"NÃO ELEITO"
"13/11/2024";"10:56:11";2018;2;"Eleição Ordinária";1;297;"ELEIÇÕES GERAIS ESTADUAIS 2018";"07/10/2018";"E";"RO";"RO";"RONDÔNIA";272;"CEREJEIRAS";16;3;"Governador";220000627021;28;"CHARLON DA ROCHA SILVA";"CORONEL CHARLON";"#NULO#";12;"APTO";2;"DEFERIDO";-3;"#NE";-3;"#NE";-3;"#NE";"PARTIDO ISOLADO";28;"PRTB";"Partido Renovador Trabalhista Brasileiro";-1;"#NULO#";"#NULO#";"#NULO#";220000050733;"PARTIDO ISOLADO";"PRTB";"N";46;"Válido";46;4;"NÃO ELEITO"
"13/11/2024";"10:56:11";2018;2;"Eleição Ordinária";1;297;"ELEIÇÕES GERAIS ESTADUAIS 2018";"07/10/2018";"E";"RO";"RO";"RONDÔNIA";51;"JI-PARANÁ";30;3;"Governador";220000627021;28;"CHARLON DA ROCHA SILVA";"CORONEL CHARLON";"#NULO#";12;"APTO";2;"DEFERIDO";-3;"#NE";-3;"#NE";-3;"#NE";"PARTIDO ISOLADO";28;"PRTB";"Partido Renovador Trabalhista Brasileiro";-1;"#NULO#";"#NULO#";"#NULO#";220000050733;"PARTIDO ISOLADO";"PRTB";"N";509;"Válido";509;4;"NÃO ELEITO"
"13/11/2024";"10:56:11";2018;2;"Eleição Ordinária";1;297;"ELEIÇÕES GERAIS ESTADUAIS 2018";"07/10/2018";"E";"RO";"RO";"RONDÔNIA";752;"TEIXEIRÓPOLIS";13;3;"Governador";220000627021;28;"CHARLON DA ROCHA SILVA";"CORONEL CHARLON";"#NULO#";12;"APTO";2;"DEFERIDO";-3;"#NE";-3;"#NE";-3;"#NE";"PARTIDO ISOLADO";28;"PRTB";"Partido Renovador Trabalhista Brasileiro";-1;"#NULO#";"#NULO#";"#NULO#";220000050733;"PARTIDO ISOLADO";"PRTB";"N";42;"Válido";42;4;"NÃO ELEITO"
"13/11/2024";"10:56:11";2018;2;"Eleição Ordinária";1;297;"ELEIÇÕES GERAIS ESTADUAIS 2018";"07/10/2018";"E";"RO";"RO";"RONDÔNIA";51;"JI-PARANÁ";3;3;"Governador";220000627021;28;"CHARLON DA ROCHA SILVA";"CORONEL CHARLON";"#NULO#";12;"APTO";2;"DEFERIDO";-3;"#NE";-3;"#NE";-3;"#NE";"PARTIDO ISOLADO";28;"PRTB";"Partido Renovador Trabalhista Brasileiro";-1;"#NULO#";"#NULO#";"#NULO#";220000050733;"PARTIDO ISOLADO";"PRTB";"N";183;"Válido";183;4;"NÃO ELEITO"
"13/11/2024";"10:56:11";2018;2;"Eleição Ordinária";1;297;"ELEIÇÕES GERAIS ESTADUAIS 2018";"07/10/2018";"E";"RO";"RO";"RONDÔNIA";582;"SERINGUEIRAS";35;5;"Senador";220000627024;280;"TED WILSON DE ALMEIDA FERREIRA";"TED WILSON";"#NULO#";12;"APTO";2;"DEFERIDO";-3;"#NE";-3;"#NE";-3;"#NE";"PARTIDO ISOLADO";28;"PRTB";"Partido Renovador Trabalhista Brasileiro";-1;"#NULO#";"#NULO#";"#NULO#";220000050733;"PARTIDO ISOLADO";"PRTB";"N";16;"Válido";16;4;"NÃO ELEITO"
"13/11/2024";"10:56:11";2018;2;"Eleição Ordinária";1;297;"ELEIÇÕES GERAIS ESTADUAIS 2018";"07/10/2018";"E";"RO";"RO";"RONDÔNIA";744;"NOVA UNIÃO";28;5;"Senador";220000627024;280;"TED WILSON DE ALMEIDA FERREIRA";"TED WILSON";"#NULO#";12;"APTO";2;"DEFERIDO";-3;"#NE";-3;"#NE";-3;"#NE";"PARTIDO ISOLADO";28;"PRTB";"Partido Renovador Trabalhista Brasileiro";-1;"#NULO#";"#NULO#";"#NULO#";220000050733;"PARTIDO ISOLADO";"PRTB";"N";18;"Válido";18;4;"NÃO ELEITO"
"13/11/2024";"10:56:11";2018;2;"Eleição Ordinária";1;297;"ELEIÇÕES GERAIS ESTADUAIS 2018";"07/10/2018";"E";"RO";"RO";"RONDÔNIA";51;"JI-PARANÁ";30;5;"Senador";220000627024;280;"TED WILSON DE ALMEIDA FERREIRA";"TED WILSON";"#NULO#";12;"APTO";2;"DEFERIDO";-3;"#NE";-3;"#NE";-3;"#NE";"PARTIDO ISOLADO";28;"PRTB";"Partido Renovador Trabalhista Brasileiro";-1;"#NULO#";"#NULO#";"#NULO#";220000050733;"PARTIDO ISOLADO";"PRTB";"N";263;"Válido";263;4;"NÃO ELEITO"
"13/11/2024";"10:56:11";2018;2;"Eleição Ordinária";1;297;"ELEIÇÕES GERAIS ESTADUAIS 2018";"07/10/2018";"E";"RO";"RO";"RONDÔNIA";450;"CABIXI";8;5;"Senador";220000627024;280;"TED WILSON DE ALMEIDA FERREIRA";"TED WILSON";"#NULO#";12;"APTO";2;"DEFERIDO";-3;"#NE";-3;"#NE";-3;"#NE";"PARTIDO ISOLADO";28;"PRTB";"Partido Renovador Trabalhista Brasileiro";-1;"#NULO#";"#NULO#";"#NULO#";220000050733;"PARTIDO ISOLADO";"PRTB";"N";25;"Válido";25;4;"NÃO ELEITO"
"13/11/2024";"10:56:11";2018;2;"Eleição Ordinária";1;297;"ELEIÇÕES GERAIS ESTADUAIS 2018";"07/10/2018";"E";"RO";"RO";"RONDÔNIA";51;"JI-PARANÁ";3;5;"Senador";220000627024;280;"TED WILSON DE ALMEIDA FERREIRA";"TED WILSON";"#NULO#";12;"APTO";2;"DEFERIDO";-3;"#NE";-3;"#NE";-3;"#NE";"PARTIDO ISOLADO";28;"PRTB";"Partido Renovador Trabalhista Brasileiro";-1;"#NULO#";"#NULO#";"#NULO#";220000050733;"PARTIDO ISOLADO";"PRTB";"N";139;"Válido";139;4;"NÃO ELEITO"
"13/11/2024";"10:56:11";2018;2;"Eleição Ordinária";1;297;"ELEIÇÕES GERAIS ESTADUAIS 2018";"07/10/2018";"E";"RO";"RO";"RONDÔNIA";434;"NOVA MAMORÉ";1;5;"Senador";220000627024;280;"TED WILSON DE ALMEIDA FERREIRA";"TED WILSON";"#NULO#";12;"APTO";2;"DEFERIDO";-3;"#NE";-3;"#NE";-3;"#NE";"PARTIDO ISOLADO";28;"PRTB";"Partido Renovador Trabalhista Brasileiro";-1;"#NULO#";"#NULO#";"#NULO#";220000050733;"PARTIDO ISOLADO";"PRTB";"N";209;"Válido";209;4;"NÃO ELEITO"
"13/11/2024";"10:56:11";2018;2;"Eleição Ordinária";1;297;"ELEIÇÕES GERAIS ESTADUAIS 2018";"07/10/2018";"E";"RO";"RO";"RONDÔNIA";272;"CEREJEIRAS";16;5;"Senador";220000627024;280;"TED WILSON DE ALMEIDA FERREIRA";"TED WILSON";"#NULO#";12;"APTO";2;"DEFERIDO";-3;"#NE";-3;"#NE";-3;"#NE";"PARTIDO ISOLADO";28;"PRTB";"Partido Renovador Trabalhista Brasileiro";-1;"#NULO#";"#NULO#";"#NULO#";220000050733;"PARTIDO ISOLADO";"PRTB";"N";130;"Válido";130;4;"NÃO ELEITO"
"13/11/2024";"10:56:11";2018;2;"Eleição Ordinária";1;297;"ELEIÇÕES GERAIS ESTADUAIS 2018";"07/10/2018";"E";"RO";"RO";"RONDÔNIA";787;"PIMENTEIRAS DO OESTE";16;5;"Senador";220000627024;280;"TED WILSON DE ALMEIDA FERREIRA";"TED WILSON";"#NULO#";12;"APTO";2;"DEFERIDO";-3;"#NE";-3;"#NE";-3;"#NE";"PARTIDO ISOLADO";28;"PRTB";"Partido Renovador Trabalhista Brasileiro";-1;"#NULO#";"#NULO#";"#NULO#";220000050733;"PARTIDO ISOLADO";"PRTB";"N";4;"Válido";4;4;"NÃO ELEITO"
"13/11/2024";"10:56:11";2018;2;"Eleição Ordinária";1;297;"ELEIÇÕES GERAIS ESTADUAIS 2018";"07/10/2018";"E";"RO";"RO";"RONDÔNIA";752;"TEIXEIRÓPOLIS";13;5;"Senador";220000627024;280;"TED WILSON DE ALMEIDA FERREIRA";"TED WILSON";"#NULO#";12;"APTO";2;"DEFERIDO";-3;"#NE";-3;"#NE";-3;"#NE";"PARTIDO ISOLADO";28;"PRTB";"Partido Renovador Trabalhista Brasileiro";-1;"#NULO#";"#NULO#";"#NULO#";220000050733;"PARTIDO ISOLADO";"PRTB";"N";6;"Válido";6;4;"NÃO ELEITO"
"13/11/2024";"10:56:11";2018;2;"Eleição Ordinária";1;297;"ELEIÇÕES GERAIS ESTADUAIS 2018";"07/10/2018";"E";"RO";"RO";"RONDÔNIA";418;"SÃO MIGUEL DO GUAPORÉ";35;5;"Senador";220000627024;280;"TED WILSON DE ALMEIDA FERREIRA";"TED WILSON";"#NULO#";12;"APTO";2;"DEFERIDO";-3;"#NE";-3;"#NE";-3;"#NE";"PARTIDO ISOLADO";28;"PRTB";"Partido Renovador Trabalhista Brasileiro";-1;"#NULO#";"#NULO#";"#NULO#";220000050733;"PARTIDO ISOLADO";"PRTB";"N";20;"Válido";20;4;"NÃO ELEITO"
"13/11/2024";"10:56:11";2018;2;"Eleição Ordinária";1;297;"ELEIÇÕES GERAIS ESTADUAIS 2018";"07/10/2018";"E";"RO";"RO";"RONDÔNIA";493;"ITAPUÃ DO OESTE";2;5;"Senador";220000627024;280;"TED WILSON DE ALMEIDA FERREIRA";"TED WILSON";"#NULO#";12;"APTO";2;"DEFERIDO";-3;"#NE";-3;"#NE";-3;"#NE";"PARTIDO ISOLADO";28;"PRTB";"Partido Renovador Trabalhista Brasileiro";-1;"#NULO#";"#NULO#";"#NULO#";220000050733;"PARTIDO ISOLADO";"PRTB";"N";96;"Válido";96;4;"NÃO ELEITO"
"13/11/2024";"10:56:11";2018;2;"Eleição Ordinária";1;297;"ELEIÇÕES GERAIS ESTADUAIS 2018";"07/10/2018";"E";"RO";"RO";"RONDÔNIA";779;"BURITIS";34;3;"Governador";220000627021;28;"CHARLON DA ROCHA SILVA";"CORONEL CHARLON";"#NULO#";12;"APTO";2;"DEFERIDO";-3;"#NE";-3;"#NE";-3;"#NE";"PARTIDO ISOLADO";28;"PRTB";"Partido Renovador Trabalhista Brasileiro";-1;"#NULO#";"#NULO#";"#NULO#";220000050733;"PARTIDO ISOLADO";"PRTB";"N";228;"Válido";228;4;"NÃO ELEITO"
"13/11/2024";"10:56:11";2018;2;"Eleição Ordinária";1;297;"ELEIÇÕES GERAIS ESTADUAIS 2018";"07/10/2018";"E";"RO";"RO";"RONDÔNIA";671;"CAMPO NOVO DE RONDÔNIA";34;3;"Governador";220000627021;28;"CHARLON DA ROCHA SILVA";"CORONEL CHARLON";"#NULO#";12;"APTO";2;"DEFERIDO";-3;"#NE";-3;"#NE";-3;"#NE";"PARTIDO ISOLADO";28;"PRTB";"Partido Renovador Trabalhista Brasileiro";-1;"#NULO#";"#NULO#";"#NULO#";220000050733;"PARTIDO ISOLADO";"PRTB";"N";49;"Válido";49;4;"NÃO ELEITO"
"13/11/2024";"10:56:11";2018;2;"Eleição Ordinária";1;297;"ELEIÇÕES GERAIS ESTADUAIS 2018";"07/10/2018";"E";"RO";"RO";"RONDÔNIA";574;"MIRANTE DA SERRA";28;3;"Governador";220000627021;28;"CHARLON DA ROCHA SILVA";"CORONEL CHARLON";"#NULO#";12;"APTO";2;"DEFERIDO";-3;"#NE";-3;"#NE";-3;"#NE";"PARTIDO ISOLADO";28;"PRTB";"Partido Renovador Trabalhista Brasileiro";-1;"#NULO#";"#NULO#";"#NULO#";220000050733;"PARTIDO ISOLADO";"PRTB";"N";24;"Válido";24;4;"NÃO ELEITO"
"13/11/2024";"10:56:11";2018;2;"Eleição Ordinária";1;297;"ELEIÇÕES GERAIS ESTADUAIS 2018";"07/10/2018";"E";"RO";"RO";"RONDÔNIA";779;"BURITIS";34;5;"Senador";220000627024;280;"TED WILSON DE ALMEIDA FERREIRA";"TED WILSON";"#NULO#";12;"APTO";2;"DEFERIDO";-3;"#NE";-3;"#NE";-3;"#NE";"PARTIDO ISOLADO";28;"PRTB";"Partido Renovador Trabalhista Brasileiro";-1;"#NULO#";"#NULO#";"#NULO#";220000050733;"PARTIDO ISOLADO";"PRTB";"N";221;"Válido";221;4;"NÃO ELEITO"
"13/11/2024";"10:56:11";2018;2;"Eleição Ordinária";1;297;"ELEIÇÕES GERAIS ESTADUAIS 2018";"07/10/2018";"E";"RO";"RO";"RONDÔNIA";671;"CAMPO NOVO DE RONDÔNIA";34;5;"Senador";220000627024;280;"TED WILSON DE ALMEIDA FERREIRA";"TED WILSON";"#NULO#";12;"APTO";2;"DEFERIDO";-3;"#NE";-3;"#NE";-3;"#NE";"PARTIDO ISOLADO";28;"PRTB";"Partido Renovador Trabalhista Brasileiro";-1;"#NULO#";"#NULO#";"#NULO#";220000050733;"PARTIDO ISOLADO";"PRTB";"N";23;"Válido";23;4;"NÃO ELEITO"
"13/11/2024";"10:56:11";2018;2;"Eleição Ordinária";1;297;"ELEIÇÕES GERAIS ESTADUAIS 2018";"07/10/2018";"E";"RO";"RO";"RONDÔNIA";574;"MIRANTE DA SERRA";28;5;"Senador";220000627024;280;"TED WILSON DE ALMEIDA FERREIRA";"TED WILSON";"#NULO#";12;"APTO";2;"DEFERIDO";-3;"#NE";-3;"#NE";-3;"#NE";"PARTIDO ISOLADO";28;"PRTB";"Partido Renovador Trabalhista Brasileiro";-1;"#NULO#";"#NULO#";"#NULO#";220000050733;"PARTIDO ISOLADO";"PRTB";"N";60;"Válido";60;4;"NÃO ELEITO"
"13/11/2024";"10:56:11";2018;2;"Eleição Ordinária";1;297;"ELEIÇÕES GERAIS ESTADUAIS 2018";"07/10/2018";"E";"RO";"RO";"RONDÔNIA";795;"SÃO FRANCISCO DO GUAPORÉ";5;3;"Governador";220000627021;28;"CHARLON DA ROCHA SILVA";"CORONEL CHARLON";"#NULO#";12;"APTO";2;"DEFERIDO";-3;"#NE";-3;"#NE";-3;"#NE";"PARTIDO ISOLADO";28;"PRTB";"Partido Renovador Trabalhista Brasileiro";-1;"#NULO#";"#NULO#";"#NULO#";220000050733;"PARTIDO ISOLADO";"PRTB";"N";28;"Válido";28;4;"NÃO ELEITO"
"13/11/2024";"10:56:11";2018;2;"Eleição Ordinária";1;297;"ELEIÇÕES GERAIS ESTADUAIS 2018";"07/10/2018";"E";"RO";"RO";"RONDÔNIA";396;"MACHADINHO D OESTE";32;3;"Governador";220000627021;28;"CHARLON DA ROCHA SILVA";"CORONEL CHARLON";"#NULO#";12;"APTO";2;"DEFERIDO";-3;"#NE";-3;"#NE";-3;"#NE";"PARTIDO ISOLADO";28;"PRTB";"Partido Renovador Trabalhista Brasileiro";-1;"#NULO#";"#NULO#";"#NULO#";220000050733;"PARTIDO ISOLADO";"PRTB";"N";307;"Válido";307;4;"NÃO ELEITO"
"13/11/2024";"10:56:11";2018;2;"Eleição Ordinária";1;297;"ELEIÇÕES GERAIS ESTADUAIS 2018";"07/10/2018";"E";"RO";"RO";"RONDÔNIA";531;"CASTANHEIRAS";15;3;"Governador";220000627021;28;"CHARLON DA ROCHA SILVA";"CORONEL CHARLON";"#NULO#";12;"APTO";2;"DEFERIDO";-3;"#NE";-3;"#NE";-3;"#NE";"PARTIDO ISOLADO";28;"PRTB";"Partido Renovador Trabalhista Brasileiro";-1;"#NULO#";"#NULO#";"#NULO#";220000050733;"PARTIDO ISOLADO";"PRTB";"N";10;"Válido";10;4;"NÃO ELEITO"
"13/11/2024";"10:56:11";2018;2;"Eleição Ordinária";1;297;"ELEIÇÕES GERAIS ESTADUAIS 2018";"07/10/2018";"E";"RO";"RO";"RONDÔNIA";698;"VALE DO ANARI";32;3;"Governador";220000627021;28;"CHARLON DA ROCHA SILVA";"CORONEL CHARLON";"#NULO#";12;"APTO";2;"DEFERIDO";-3;"#NE";-3;"#NE";-3;"#NE";"PARTIDO ISOLADO";28;"PRTB";"Partido Renovador Trabalhista Brasileiro";-1;"#NULO#";"#NULO#";"#NULO#";220000050733;"PARTIDO ISOLADO";"PRTB";"N";22;"Válido";22;4;"NÃO ELEITO"
"13/11/2024";"10:56:11";2018;2;"Eleição Ordinária";1;297;"ELEIÇÕES GERAIS ESTADUAIS 2018";"07/10/2018";"E";"RO";"RO";"RONDÔNIA";604;"MINISTRO ANDREAZZA";11;3;"Governador";220000627021;28;"CHARLON DA ROCHA SILVA";"CORONEL CHARLON";"#NULO#";12;"APTO";2;"DEFERIDO";-3;"#NE";-3;"#NE";-3;"#NE";"PARTIDO ISOLADO";28;"PRTB";"Partido Renovador Trabalhista Brasileiro";-1;"#NULO#";"#NULO#";"#NULO#";220000050733;"PARTIDO ISOLADO";"PRTB";"N";38;"Válido";38;4;"NÃO ELEITO"
"13/11/2024";"10:56:11";2018;2;"Eleição Ordinária";1;297;"ELEIÇÕES GERAIS ESTADUAIS 2018";"07/10/2018";"E";"RO";"RO";"RONDÔNIA";795;"SÃO FRANCISCO DO GUAPORÉ";5;5;"Senador";220000627024;280;"TED WILSON DE ALMEIDA FERREIRA";"TED WILSON";"#NULO#";12;"APTO";2;"DEFERIDO";-3;"#NE";-3;"#NE";-3;"#NE";"PARTIDO ISOLADO";28;"PRTB";"Partido Renovador Trabalhista Brasileiro";-1;"#NULO#";"#NULO#";"#NULO#";220000050733;"PARTIDO ISOLADO";"PRTB";"N";27;"Válido";27;4;"NÃO ELEITO"
"13/11/2024";"10:56:11";2018;2;"Eleição Ordinária";1;297;"ELEIÇÕES GERAIS ESTADUAIS 2018";"07/10/2018";"E";"RO";"RO";"RONDÔNIA";604;"MINISTRO ANDREAZZA";11;5;"Senador";220000627024;280;"TED WILSON DE ALMEIDA FERREIRA";"TED WILSON";"#NULO#";12;"APTO";2;"DEFERIDO";-3;"#NE";-3;"#NE";-3;"#NE";"PARTIDO ISOLADO";28;"PRTB";"Partido Renovador Trabalhista Brasileiro";-1;"#NULO#";"#NULO#";"#NULO#";220000050733;"PARTIDO ISOLADO";"PRTB";"N";26;"Válido";26;4;"NÃO ELEITO"
"13/11/2024";"10:56:11";2018;2;"Eleição Ordinária";1;297;"ELEIÇÕES GERAIS ESTADUAIS 2018";"07/10/2018";"E";"RO";"RO";"RONDÔNIA";396;"MACHADINHO D OESTE";32;5;"Senador";220000627024;280;"TED WILSON DE ALMEIDA FERREIRA";"TED WILSON";"#NULO#";12;"APTO";2;"DEFERIDO";-3;"#NE";-3;"#NE";-3;"#NE";"PARTIDO ISOLADO";28;"PRTB";"Partido Renovador Trabalhista Brasileiro";-1;"#NULO#";"#NULO#";"#NULO#";220000050733;"PARTIDO ISOLADO";"PRTB";"N";158;"Válido";158;4;"NÃO ELEITO"
"13/11/2024";"10:56:11";2018;2;"Eleição Ordinária";1;297;"ELEIÇÕES GERAIS ESTADUAIS 2018";"07/10/2018";"E";"RO";"RO";"RONDÔNIA";698;"VALE DO ANARI";32;5;"Senador";220000627024;280;"TED WILSON DE ALMEIDA FERREIRA";"TED WILSON";"#NULO#";12;"APTO";2;"DEFERIDO";-3;"#NE";-3;"#NE";-3;"#NE";"PARTIDO ISOLADO";28;"PRTB";"Partido Renovador Trabalhista Brasileiro";-1;"#NULO#";"#NULO#";"#NULO#";220000050733;"PARTIDO ISOLADO";"PRTB";"N";18;"Válido";18;4;"NÃO ELEITO"
"13/11/2024";"10:56:11";2018;2;"Eleição Ordinária";1;297;"ELEIÇÕES GERAIS ESTADUAIS 2018";"07/10/2018";"E";"RO";"RO";"RONDÔNIA";531;"CASTANHEIRAS";15;5;"Senador";220000627024;280;"TED WILSON DE ALMEIDA FERREIRA";"TED WILSON";"#NULO#";12;"APTO";2;"DEFERIDO";-3;"#NE";-3;"#NE";-3;"#NE";"PARTIDO ISOLADO";28;"PRTB";"Partido Renovador Trabalhista Brasileiro";-1;"#NULO#";"#NULO#";"#NULO#";220000050733;"PARTIDO ISOLADO";"PRTB";"N";11;"Válido";11;4;"NÃO ELEITO"
"13/11/2024";"10:56:11";2018;2;"Eleição Ordinária";1;297;"ELEIÇÕES GERAIS ESTADUAIS 2018";"07/10/2018";"E";"RO";"RO";"RONDÔNIA";310;"ALTA FLORESTA D OESTE";17;3;"Governador";220000627021;28;"CHARLON DA ROCHA SILVA";"CORONEL CHARLON";"#NULO#";12;"APTO";2;"DEFERIDO";-3;"#NE";-3;"#NE";-3;"#NE";"PARTIDO ISOLADO";28;"PRTB";"Partido Renovador Trabalhista Brasileiro";-1;"#NULO#";"#NULO#";"#NULO#";220000050733;"PARTIDO ISOLADO";"PRTB";"N";150;"Válido";150;4;"NÃO ELEITO"
"13/11/2024";"10:56:11";2018;2;"Eleição Ordinária";1;297;"ELEIÇÕES GERAIS ESTADUAIS 2018";"07/10/2018";"E";"RO";"RO";"RONDÔNIA";809;"CHUPINGUAIA";8;3;"Governador";220000627021;28;"CHARLON DA ROCHA SILVA";"CORONEL CHARLON";"#NULO#";12;"APTO";2;"DEFERIDO";-3;"#NE";-3;"#NE";-3;"#NE";"PARTIDO ISOLADO";28;"PRTB";"Partido Renovador Trabalhista Brasileiro";-1;"#NULO#";"#NULO#";"#NULO#";220000050733;"PARTIDO ISOLADO";"PRTB";"N";17;"Válido";17;4;"NÃO ELEITO"
"13/11/2024";"10:56:11";2018;2;"Eleição Ordinária";1;297;"ELEIÇÕES GERAIS ESTADUAIS 2018";"07/10/2018";"E";"RO";"RO";"RONDÔNIA";728;"PRIMAVERA DE RONDÔNIA";9;3;"Governador";220000627021;28;"CHARLON DA ROCHA SILVA";"CORONEL CHARLON";"#NULO#";12;"APTO";2;"DEFERIDO";-3;"#NE";-3;"#NE";-3;"#NE";"PARTIDO ISOLADO";28;"PRTB";"Partido Renovador Trabalhista Brasileiro";-1;"#NULO#";"#NULO#";"#NULO#";220000050733;"PARTIDO ISOLADO";"PRTB";"N";57;"Válido";57;4;"NÃO ELEITO"
"13/11/2024";"10:56:11";2018;2;"Eleição Ordinária";1;297;"ELEIÇÕES GERAIS ESTADUAIS 2018";"07/10/2018";"E";"RO";"RO";"RONDÔNIA";558;"VALE DO PARAÍSO";28;3;"Governador";220000627021;28;"CHARLON DA ROCHA SILVA";"CORONEL CHARLON";"#NULO#";12;"APTO";2;"DEFERIDO";-3;"#NE";-3;"#NE";-3;"#NE";"PARTIDO ISOLADO";28;"PRTB";"Partido Renovador Trabalhista Brasileiro";-1;"#NULO#";"#NULO#";"#NULO#";220000050733;"PARTIDO ISOLADO";"PRTB";"N";76;"Válido";76;4;"NÃO ELEITO"
"13/11/2024";"10:56:11";2018;2;"Eleição Ordinária";1;297;"ELEIÇÕES GERAIS ESTADUAIS 2018";"07/10/2018";"E";"RO";"RO";"RONDÔNIA";566;"URUPÁ";18;3;"Governador";220000627021;28;"CHARLON DA ROCHA SILVA";"CORONEL CHARLON";"#NULO#";12;"APTO";2;"DEFERIDO";-3;"#NE";-3;"#NE";-3;"#NE";"PARTIDO ISOLADO";28;"PRTB";"Partido Renovador Trabalhista Brasileiro";-1;"#NULO#";"#NULO#";"#NULO#";220000050733;"PARTIDO ISOLADO";"PRTB";"N";19;"Válido";19;4;"NÃO ELEITO"
"13/11/2024";"10:56:11";2018;2;"Eleição Ordinária";1;297;"ELEIÇÕES GERAIS ESTADUAIS 2018";"07/10/2018";"E";"RO";"RO";"RONDÔNIA";310;"ALTA FLORESTA D OESTE";17;5;"Senador";220000627024;280;"TED WILSON DE ALMEIDA FERREIRA";"TED WILSON";"#NULO#";12;"APTO";2;"DEFERIDO";-3;"#NE";-3;"#NE";-3;"#NE";"PARTIDO ISOLADO";28;"PRTB";"Partido Renovador Trabalhista Brasileiro";-1;"#NULO#";"#NULO#";"#NULO#";220000050733;"PARTIDO ISOLADO";"PRTB";"N";190;"Válido";190;4;"NÃO ELEITO"
"13/11/2024";"10:56:11";2018;2;"Eleição Ordinária";1;297;"ELEIÇÕES GERAIS ESTADUAIS 2018";"07/10/2018";"E";"RO";"RO";"RONDÔNIA";566;"URUPÁ";18;5;"Senador";220000627024;280;"TED WILSON DE ALMEIDA FERREIRA";"TED WILSON";"#NULO#";12;"APTO";2;"DEFERIDO";-3;"#NE";-3;"#NE";-3;"#NE";"PARTIDO ISOLADO";28;"PRTB";"Partido Renovador Trabalhista Brasileiro";-1;"#NULO#";"#NULO#";"#NULO#";220000050733;"PARTIDO ISOLADO";"PRTB";"N";52;"Válido";52;4;"NÃO ELEITO"
"13/11/2024";"10:56:11";2018;2;"Eleição Ordinária";1;297;"ELEIÇÕES GERAIS ESTADUAIS 2018";"07/10/2018";"E";"RO";"RO";"RONDÔNIA";809;"CHUPINGUAIA";8;5;"Senador";220000627024;280;"TED WILSON DE ALMEIDA FERREIRA";"TED WILSON";"#NULO#";12;"APTO";2;"DEFERIDO";-3;"#NE";-3;"#NE";-3;"#NE";"PARTIDO ISOLADO";28;"PRTB";"Partido Renovador Trabalhista Brasileiro";-1;"#NULO#";"#NULO#";"#NULO#";220000050733;"PARTIDO ISOLADO";"PRTB";"N";5;"Válido";5;4;"NÃO ELEITO"
"13/11/2024";"10:56:11";2018;2;"Eleição Ordinária";1;297;"ELEIÇÕES GERAIS ESTADUAIS 2018";"07/10/2018";"E";"RO";"RO";"RONDÔNIA";728;"PRIMAVERA DE RONDÔNIA";9;5;"Senador";220000627024;280;"TED WILSON DE ALMEIDA FERREIRA";"TED WILSON";"#NULO#";12;"APTO";2;"DEFERIDO";-3;"#NE";-3;"#NE";-3;"#NE";"PARTIDO ISOLADO";28;"PRTB";"Partido Renovador Trabalhista Brasileiro";-1;"#NULO#";"#NULO#";"#NULO#";220000050733;"PARTIDO ISOLADO";"PRTB";"N";26;"Válido";26;4;"NÃO ELEITO"
"13/11/2024";"10:56:11";2018;2;"Eleição Ordinária";1;297;"ELEIÇÕES GERAIS ESTADUAIS 2018";"07/10/2018";"E";"RO";"RO";"RONDÔNIA";558;"VALE DO PARAÍSO";28;5;"Senador";220000627024;280;"TED WILSON DE ALMEIDA FERREIRA";"TED WILSON";"#NULO#";12;"APTO";2;"DEFERIDO";-3;"#NE";-3;"#NE";-3;"#NE";"PARTIDO ISOLADO";28;"PRTB";"Partido Renovador Trabalhista Brasileiro";-1;"#NULO#";"#NULO#";"#NULO#";220000050733;"PARTIDO ISOLADO";"PRTB";"N";28;"Válido";28;4;"NÃO ELEITO"
"13/11/2024";"10:56:11";2018;2;"Eleição Ordinária";1;297;"ELEIÇÕES GERAIS ESTADUAIS 2018";"07/10/2018";"E";"RO";"RO";"RONDÔNIA";701;"PARECIS";19;5;"Senador";220000604628;111;"CARLOS MAGNO RAMOS";"CARLOS MAGNO";"#NULO#";12;"APTO";2;"DEFERIDO";-3;"#NE";-3;"#NE";-3;"#NE";"COLIGAÇÃO";11;"PP";"Partido Progressista";-1;"#NULO#";"#NULO#";"#NULO#";220000050134;"JUNTOS POR UM NOVO TEMPO PARA RONDONIA";"PDT / PSB / PTB / DC / PP / PR / SOLIDARIEDADE / PTC / PT";"N";574;"Válido";574;4;"NÃO ELEITO"
"13/11/2024";"10:56:11";2018;2;"Eleição Ordinária";1;297;"ELEIÇÕES GERAIS ESTADUAIS 2018";"07/10/2018";"E";"RO";"RO";"RONDÔNIA";515;"NOVO HORIZONTE DO OESTE";15;5;"Senador";220000604628;111;"CARLOS MAGNO RAMOS";"CARLOS MAGNO";"#NULO#";12;"APTO";2;"DEFERIDO";-3;"#NE";-3;"#NE";-3;"#NE";"COLIGAÇÃO";11;"PP";"Partido Progressista";-1;"#NULO#";"#NULO#";"#NULO#";220000050134;"JUNTOS POR UM NOVO TEMPO PARA RONDONIA";"PDT / PSB / PTB / DC / PP / PR / SOLIDARIEDADE / PTC / PT";"N";1216;"Válido";1216;4;"NÃO ELEITO"
"13/11/2024";"10:56:11";2018;2;"Eleição Ordinária";1;297;"ELEIÇÕES GERAIS ESTADUAIS 2018";"07/10/2018";"E";"RO";"RO";"RONDÔNIA";116;"PIMENTA BUENO";9;5;"Senador";220000604628;111;"CARLOS MAGNO RAMOS";"CARLOS MAGNO";"#NULO#";12;"APTO";2;"DEFERIDO";-3;"#NE";-3;"#NE";-3;"#NE";"COLIGAÇÃO";11;"PP";"Partido Progressista";-1;"#NULO#";"#NULO#";"#NULO#";220000050134;"JUNTOS POR UM NOVO TEMPO PARA RONDONIA";"PDT / PSB / PTB / DC / PP / PR / SOLIDARIEDADE / PTC / PT";"N";3211;"Válido";3211;4;"NÃO ELEITO"
"13/11/2024";"10:56:11";2018;2;"Eleição Ordinária";1;297;"ELEIÇÕES GERAIS ESTADUAIS 2018";"07/10/2018";"E";"RO";"RO";"RONDÔNIA";655;"CORUMBIARA";16;5;"Senador";220000604628;111;"CARLOS MAGNO RAMOS";"CARLOS MAGNO";"#NULO#";12;"APTO";2;"DEFERIDO";-3;"#NE";-3;"#NE";-3;"#NE";"COLIGAÇÃO";11;"PP";"Partido Progressista";-1;"#NULO#";"#NULO#";"#NULO#";220000050134;"JUNTOS POR UM NOVO TEMPO PARA RONDONIA";"PDT / PSB / PTB / DC / PP / PR / SOLIDARIEDADE / PTC / PT";"N";1197;"Válido";1197;4;"NÃO ELEITO"
"13/11/2024";"10:56:11";2018;2;"Eleição Ordinária";1;297;"ELEIÇÕES GERAIS ESTADUAIS 2018";"07/10/2018";"E";"RO";"RO";"RONDÔNIA";94;"CACOAL";11;5;"Senador";220000604628;111;"CARLOS MAGNO RAMOS";"CARLOS MAGNO";"#NULO#";12;"APTO";2;"DEFERIDO";-3;"#NE";-3;"#NE";-3;"#NE";"COLIGAÇÃO";11;"PP";"Partido Progressista";-1;"#NULO#";"#NULO#";"#NULO#";220000050134;"JUNTOS POR UM NOVO TEMPO PARA RONDONIA";"PDT / PSB / PTB / DC / PP / PR / SOLIDARIEDADE / PTC / PT";"N";6130;"Válido";6130;4;"NÃO ELEITO"
"13/11/2024";"10:56:11";2018;2;"Eleição Ordinária";1;297;"ELEIÇÕES GERAIS ESTADUAIS 2018";"07/10/2018";"E";"RO";"RO";"RONDÔNIA";680;"CUJUBIM";26;5;"Senador";220000604628;111;"CARLOS MAGNO RAMOS";"CARLOS MAGNO";"#NULO#";12;"APTO";2;"DEFERIDO";-3;"#NE";-3;"#NE";-3;"#NE";"COLIGAÇÃO";11;"PP";"Partido Progressista";-1;"#NULO#";"#NULO#";"#NULO#";220000050134;"JUNTOS POR UM NOVO TEMPO PARA RONDONIA";"PDT / PSB / PTB / DC / PP / PR / SOLIDARIEDADE / PTC / PT";"N";3954;"Válido";3954;4;"NÃO ELEITO"
"13/11/2024";"10:56:11";2018;2;"Eleição Ordinária";1;297;"ELEIÇÕES GERAIS ESTADUAIS 2018";"07/10/2018";"E";"RO";"RO";"RONDÔNIA";78;"ARIQUEMES";7;5;"Senador";220000627641;180;"ALUÍZIO VIDAL FLOR";"ALUÍZIO VIDAL";"#NULO#";12;"APTO";2;"DEFERIDO";-3;"#NE";-3;"#NE";-3;"#NE";"COLIGAÇÃO";18;"REDE";"Rede Sustentabilidade";-1;"#NULO#";"#NULO#";"#NULO#";220000050763;"POR UMA RONDÔNIA QUE QUEREMOS";"REDE / PPS / PRP";"N";1782;"Válido";1782;4;"NÃO ELEITO"
"13/11/2024";"10:56:11";2018;2;"Eleição Ordinária";1;297;"ELEIÇÕES GERAIS ESTADUAIS 2018";"07/10/2018";"E";"RO";"RO";"RONDÔNIA";78;"ARIQUEMES";7;3;"Governador";220000627640;18;"VINICIUS VALENTIN RADUAN MIGUEL";"VINICIUS MIGUEL";"#NULO#";12;"APTO";2;"DEFERIDO";-3;"#NE";-3;"#NE";-3;"#NE";"COLIGAÇÃO";18;"REDE";"Rede Sustentabilidade";-1;"#NULO#";"#NULO#";"#NULO#";220000050763;"POR UMA RONDÔNIA QUE QUEREMOS";"REDE / PPS / PRP";"N";4061;"Válido";4061;4;"NÃO ELEITO"
"13/11/2024";"10:56:11";2018;2;"Eleição Ordinária";1;297;"ELEIÇÕES GERAIS ESTADUAIS 2018";"07/10/2018";"E";"RO";"RO";"RONDÔNIA";132;"VILHENA";4;5;"Senador";220000627641;180;"ALUÍZIO VIDAL FLOR";"ALUÍZIO VIDAL";"#NULO#";12;"APTO";2;"DEFERIDO";-3;"#NE";-3;"#NE";-3;"#NE";"COLIGAÇÃO";18;"REDE";"Rede Sustentabilidade";-1;"#NULO#";"#NULO#";"#NULO#";220000050763;"POR UMA RONDÔNIA QUE QUEREMOS";"REDE / PPS / PRP";"N";713;"Válido";713;4;"NÃO ELEITO"
"13/11/2024";"10:56:11";2018;2;"Eleição Ordinária";1;297;"ELEIÇÕES GERAIS ESTADUAIS 2018";"07/10/2018";"E";"RO";"RO";"RONDÔNIA";132;"VILHENA";4;3;"Governador";220000627640;18;"VINICIUS VALENTIN RADUAN MIGUEL";"VINICIUS MIGUEL";"#NULO#";12;"APTO";2;"DEFERIDO";-3;"#NE";-3;"#NE";-3;"#NE";"COLIGAÇÃO";18;"REDE";"Rede Sustentabilidade";-1;"#NULO#";"#NULO#";"#NULO#";220000050763;"POR UMA RONDÔNIA QUE QUEREMOS";"REDE / PPS / PRP";"N";3130;"Válido";3130;4;"NÃO ELEITO"
"13/11/2024";"10:56:11";2018;2;"Eleição Ordinária";1;297;"ELEIÇÕES GERAIS ESTADUAIS 2018";"07/10/2018";"E";"RO";"RO";"RONDÔNIA";337;"ALVORADA DO OESTE";18;3;"Governador";220000627021;28;"CHARLON DA ROCHA SILVA";"CORONEL CHARLON";"#NULO#";12;"APTO";2;"DEFERIDO";-3;"#NE";-3;"#NE";-3;"#NE";"PARTIDO ISOLADO";28;"PRTB";"Partido Renovador Trabalhista Brasileiro";-1;"#NULO#";"#NULO#";"#NULO#";220000050733;"PARTIDO ISOLADO";"PRTB";"N";103;"Válido";103;4;"NÃO ELEITO"
"13/11/2024";"10:56:11";2018;2;"Eleição Ordinária";1;297;"ELEIÇÕES GERAIS ESTADUAIS 2018";"07/10/2018";"E";"RO";"RO";"RONDÔNIA";663;"MONTE NEGRO";25;3;"Governador";220000627021;28;"CHARLON DA ROCHA SILVA";"CORONEL CHARLON";"#NULO#";12;"APTO";2;"DEFERIDO";-3;"#NE";-3;"#NE";-3;"#NE";"PARTIDO ISOLADO";28;"PRTB";"Partido Renovador Trabalhista Brasileiro";-1;"#NULO#";"#NULO#";"#NULO#";220000050733;"PARTIDO ISOLADO";"PRTB";"N";60;"Válido";60;4;"NÃO ELEITO"
"13/11/2024";"10:56:11";2018;2;"Eleição Ordinária";1;297;"ELEIÇÕES GERAIS ESTADUAIS 2018";"07/10/2018";"E";"RO";"RO";"RONDÔNIA";175;"OURO PRETO DO OESTE";13;3;"Governador";220000627021;28;"CHARLON DA ROCHA SILVA";"CORONEL CHARLON";"#NULO#";12;"APTO";2;"DEFERIDO";-3;"#NE";-3;"#NE";-3;"#NE";"PARTIDO ISOLADO";28;"PRTB";"Partido Renovador Trabalhista Brasileiro";-1;"#NULO#";"#NULO#";"#NULO#";220000050733;"PARTIDO ISOLADO";"PRTB";"N";254;"Válido";254;4;"NÃO ELEITO"
"13/11/2024";"10:56:11";2018;2;"Eleição Ordinária";1;297;"ELEIÇÕES GERAIS ESTADUAIS 2018";"07/10/2018";"E";"RO";"RO";"RONDÔNIA";353;"SANTA LUZIA D OESTE";19;3;"Governador";220000627021;28;"CHARLON DA ROCHA SILVA";"CORONEL CHARLON";"#NULO#";12;"APTO";2;"DEFERIDO";-3;"#NE";-3;"#NE";-3;"#NE";"PARTIDO ISOLADO";28;"PRTB";"Partido Renovador Trabalhista Brasileiro";-1;"#NULO#";"#NULO#";"#NULO#";220000050733;"PARTIDO ISOLADO";"PRTB";"N";69;"Válido";69;4;"NÃO ELEITO"
"13/11/2024";"10:56:11";2018;2;"Eleição Ordinária";1;297;"ELEIÇÕES GERAIS ESTADUAIS 2018";"07/10/2018";"E";"RO";"RO";"RONDÔNIA";19;"GUAJARÁ-MIRIM";1;3;"Governador";220000627021;28;"CHARLON DA ROCHA SILVA";"CORONEL CHARLON";"#NULO#";12;"APTO";2;"DEFERIDO";-3;"#NE";-3;"#NE";-3;"#NE";"PARTIDO ISOLADO";28;"PRTB";"Partido Renovador Trabalhista Brasileiro";-1;"#NULO#";"#NULO#";"#NULO#";220000050733;"PARTIDO ISOLADO";"PRTB";"N";763;"Válido";763;4;"NÃO ELEITO"
"13/11/2024";"10:56:11";2018;2;"Eleição Ordinária";1;297;"ELEIÇÕES GERAIS ESTADUAIS 2018";"07/10/2018";"E";"RO";"RO";"RONDÔNIA";256;"ESPIGÃO DO OESTE";12;3;"Governador";220000627021;28;"CHARLON DA ROCHA SILVA";"CORONEL CHARLON";"#NULO#";12;"APTO";2;"DEFERIDO";-3;"#NE";-3;"#NE";-3;"#NE";"PARTIDO ISOLADO";28;"PRTB";"Partido Renovador Trabalhista Brasileiro";-1;"#NULO#";"#NULO#";"#NULO#";220000050733;"PARTIDO ISOLADO";"PRTB";"N";233;"Válido";233;4;"NÃO ELEITO"
"13/11/2024";"10:56:11";2018;2;"Eleição Ordinária";1;297;"ELEIÇÕES GERAIS ESTADUAIS 2018";"07/10/2018";"E";"RO";"RO";"RONDÔNIA";299;"ROLIM DE MOURA";29;3;"Governador";220000627021;28;"CHARLON DA ROCHA SILVA";"CORONEL CHARLON";"#NULO#";12;"APTO";2;"DEFERIDO";-3;"#NE";-3;"#NE";-3;"#NE";"PARTIDO ISOLADO";28;"PRTB";"Partido Renovador Trabalhista Brasileiro";-1;"#NULO#";"#NULO#";"#NULO#";220000050733;"PARTIDO ISOLADO";"PRTB";"N";303;"Válido";303;4;"NÃO ELEITO"
"13/11/2024";"10:56:11";2018;2;"Eleição Ordinária";1;297;"ELEIÇÕES GERAIS ESTADUAIS 2018";"07/10/2018";"E";"RO";"RO";"RONDÔNIA";213;"COSTA MARQUES";5;3;"Governador";220000627021;28;"CHARLON DA ROCHA SILVA";"CORONEL CHARLON";"#NULO#";12;"APTO";2;"DEFERIDO";-3;"#NE";-3;"#NE";-3;"#NE";"PARTIDO ISOLADO";28;"PRTB";"Partido Renovador Trabalhista Brasileiro";-1;"#NULO#";"#NULO#";"#NULO#";220000050733;"PARTIDO ISOLADO";"PRTB";"N";37;"Válido";37;4;"NÃO ELEITO"
"13/11/2024";"10:56:11";2018;2;"Eleição Ordinária";1;297;"ELEIÇÕES GERAIS ESTADUAIS 2018";"07/10/2018";"E";"RO";"RO";"RONDÔNIA";191;"PRESIDENTE MÉDICI";3;3;"Governador";220000627021;28;"CHARLON DA ROCHA SILVA";"CORONEL CHARLON";"#NULO#";12;"APTO";2;"DEFERIDO";-3;"#NE";-3;"#NE";-3;"#NE";"PARTIDO ISOLADO";28;"PRTB";"Partido Renovador Trabalhista Brasileiro";-1;"#NULO#";"#NULO#";"#NULO#";220000050733;"PARTIDO ISOLADO";"PRTB";"N";154;"Válido";154;4;"NÃO ELEITO"
"13/11/2024";"10:56:11";2018;2;"Eleição Ordinária";1;297;"ELEIÇÕES GERAIS ESTADUAIS 2018";"07/10/2018";"E";"RO";"RO";"RONDÔNIA";590;"THEOBROMA";27;3;"Governador";220000627021;28;"CHARLON DA ROCHA SILVA";"CORONEL CHARLON";"#NULO#";12;"APTO";2;"DEFERIDO";-3;"#NE";-3;"#NE";-3;"#NE";"PARTIDO ISOLADO";28;"PRTB";"Partido Renovador Trabalhista Brasileiro";-1;"#NULO#";"#NULO#";"#NULO#";220000050733;"PARTIDO ISOLADO";"PRTB";"N";8;"Válido";8;4;"NÃO ELEITO"
"13/11/2024";"10:56:11";2018;2;"Eleição Ordinária";1;297;"ELEIÇÕES GERAIS ESTADUAIS 2018";"07/10/2018";"E";"RO";"RO";"RONDÔNIA";213;"COSTA MARQUES";5;5;"Senador";220000627024;280;"TED WILSON DE ALMEIDA FERREIRA";"TED WILSON";"#NULO#";12;"APTO";2;"DEFERIDO";-3;"#NE";-3;"#NE";-3;"#NE";"PARTIDO ISOLADO";28;"PRTB";"Partido Renovador Trabalhista Brasileiro";-1;"#NULO#";"#NULO#";"#NULO#";220000050733;"PARTIDO ISOLADO";"PRTB";"N";31;"Válido";31;4;"NÃO ELEITO"
"13/11/2024";"10:56:11";2018;2;"Eleição Ordinária";1;297;"ELEIÇÕES GERAIS ESTADUAIS 2018";"07/10/2018";"E";"RO";"RO";"RONDÔNIA";175;"OURO PRETO DO OESTE";13;5;"Senador";220000627024;280;"TED WILSON DE ALMEIDA FERREIRA";"TED WILSON";"#NULO#";12;"APTO";2;"DEFERIDO";-3;"#NE";-3;"#NE";-3;"#NE";"PARTIDO ISOLADO";28;"PRTB";"Partido Renovador Trabalhista Brasileiro";-1;"#NULO#";"#NULO#";"#NULO#";220000050733;"PARTIDO ISOLADO";"PRTB";"N";159;"Válido";159;4;"NÃO ELEITO"
"13/11/2024";"10:56:11";2018;2;"Eleição Ordinária";1;297;"ELEIÇÕES GERAIS ESTADUAIS 2018";"07/10/2018";"E";"RO";"RO";"RONDÔNIA";590;"THEOBROMA";27;5;"Senador";220000627024;280;"TED WILSON DE ALMEIDA FERREIRA";"TED WILSON";"#NULO#";12;"APTO";2;"DEFERIDO";-3;"#NE";-3;"#NE";-3;"#NE";"PARTIDO ISOLADO";28;"PRTB";"Partido Renovador Trabalhista Brasileiro";-1;"#NULO#";"#NULO#";"#NULO#";220000050733;"PARTIDO ISOLADO";"PRTB";"N";6;"Válido";6;4;"NÃO ELEITO"
"13/11/2024";"10:56:11";2018;2;"Eleição Ordinária";1;297;"ELEIÇÕES GERAIS ESTADUAIS 2018";"07/10/2018";"E";"RO";"RO";"RONDÔNIA";256;"ESPIGÃO DO OESTE";12;5;"Senador";220000627024;280;"TED WILSON DE ALMEIDA FERREIRA";"TED WILSON";"#NULO#";12;"APTO";2;"DEFERIDO";-3;"#NE";-3;"#NE";-3;"#NE";"PARTIDO ISOLADO";28;"PRTB";"Partido Renovador Trabalhista Brasileiro";-1;"#NULO#";"#NULO#";"#NULO#";220000050733;"PARTIDO ISOLADO";"PRTB";"N";185;"Válido";185;4;"NÃO ELEITO"
"13/11/2024";"10:56:11";2018;2;"Eleição Ordinária";1;297;"ELEIÇÕES GERAIS ESTADUAIS 2018";"07/10/2018";"E";"RO";"RO";"RONDÔNIA";337;"ALVORADA DO OESTE";18;5;"Senador";220000627024;280;"TED WILSON DE ALMEIDA FERREIRA";"TED WILSON";"#NULO#";12;"APTO";2;"DEFERIDO";-3;"#NE";-3;"#NE";-3;"#NE";"PARTIDO ISOLADO";28;"PRTB";"Partido Renovador Trabalhista Brasileiro";-1;"#NULO#";"#NULO#";"#NULO#";220000050733;"PARTIDO ISOLADO";"PRTB";"N";39;"Válido";39;4;"NÃO ELEITO"
"13/11/2024";"10:56:11";2018;2;"Eleição Ordinária";1;297;"ELEIÇÕES GERAIS ESTADUAIS 2018";"07/10/2018";"E";"RO";"RO";"RONDÔNIA";353;"SANTA LUZIA D OESTE";19;5;"Senador";220000627024;280;"TED WILSON DE ALMEIDA FERREIRA";"TED WILSON";"#NULO#";12;"APTO";2;"DEFERIDO";-3;"#NE";-3;"#NE";-3;"#NE";"PARTIDO ISOLADO";28;"PRTB";"Partido Renovador Trabalhista Brasileiro";-1;"#NULO#";"#NULO#";"#NULO#";220000050733;"PARTIDO ISOLADO";"PRTB";"N";28;"Válido";28;4;"NÃO ELEITO"
"13/11/2024";"10:56:11";2018;2;"Eleição Ordinária";1;297;"ELEIÇÕES GERAIS ESTADUAIS 2018";"07/10/2018";"E";"RO";"RO";"RONDÔNIA";191;"PRESIDENTE MÉDICI";3;5;"Senador";220000627024;280;"TED WILSON DE ALMEIDA FERREIRA";"TED WILSON";"#NULO#";12;"APTO";2;"DEFERIDO";-3;"#NE";-3;"#NE";-3;"#NE";"PARTIDO ISOLADO";28;"PRTB";"Partido Renovador Trabalhista Brasileiro";-1;"#NULO#";"#NULO#";"#NULO#";220000050733;"PARTIDO ISOLADO";"PRTB";"N";60;"Válido";60;4;"NÃO ELEITO"
"13/11/2024";"10:56:11";2018;2;"Eleição Ordinária";1;297;"ELEIÇÕES GERAIS ESTADUAIS 2018";"07/10/2018";"E";"RO";"RO";"RONDÔNIA";19;"GUAJARÁ-MIRIM";1;5;"Senador";220000627024;280;"TED WILSON DE ALMEIDA FERREIRA";"TED WILSON";"#NULO#";12;"APTO";2;"DEFERIDO";-3;"#NE";-3;"#NE";-3;"#NE";"PARTIDO ISOLADO";28;"PRTB";"Partido Renovador Trabalhista Brasileiro";-1;"#NULO#";"#NULO#";"#NULO#";220000050733;"PARTIDO ISOLADO";"PRTB";"N";357;"Válido";357;4;"NÃO ELEITO"
"13/11/2024";"10:56:11";2018;2;"Eleição Ordinária";1;297;"ELEIÇÕES GERAIS ESTADUAIS 2018";"07/10/2018";"E";"RO";"RO";"RONDÔNIA";663;"MONTE NEGRO";25;5;"Senador";220000627024;280;"TED WILSON DE ALMEIDA FERREIRA";"TED WILSON";"#NULO#";12;"APTO";2;"DEFERIDO";-3;"#NE";-3;"#NE";-3;"#NE";"PARTIDO ISOLADO";28;"PRTB";"Partido Renovador Trabalhista Brasileiro";-1;"#NULO#";"#NULO#";"#NULO#";220000050733;"PARTIDO ISOLADO";"PRTB";"N";36;"Válido";36;4;"NÃO ELEITO"
"13/11/2024";"10:56:11";2018;2;"Eleição Ordinária";1;297;"ELEIÇÕES GERAIS ESTADUAIS 2018";"07/10/2018";"E";"RO";"RO";"RONDÔNIA";299;"ROLIM DE MOURA";29;5;"Senador";220000627024;280;"TED WILSON DE ALMEIDA FERREIRA";"TED WILSON";"#NULO#";12;"APTO";2;"DEFERIDO";-3;"#NE";-3;"#NE";-3;"#NE";"PARTIDO ISOLADO";28;"PRTB";"Partido Renovador Trabalhista Brasileiro";-1;"#NULO#";"#NULO#";"#NULO#";220000050733;"PARTIDO ISOLADO";"PRTB";"N";298;"Válido";298;4;"NÃO ELEITO"
"13/11/2024";"10:56:11";2018;2;"Eleição Ordinária";1;297;"ELEIÇÕES GERAIS ESTADUAIS 2018";"07/10/2018";"E";"RO";"RO";"RONDÔNIA";710;"SÃO FELIPE D OESTE";19;5;"Senador";220000627641;180;"ALUÍZIO VIDAL FLOR";"ALUÍZIO VIDAL";"#NULO#";12;"APTO";2;"DEFERIDO";-3;"#NE";-3;"#NE";-3;"#NE";"COLIGAÇÃO";18;"REDE";"Rede Sustentabilidade";-1;"#NULO#";"#NULO#";"#NULO#";220000050763;"POR UMA RONDÔNIA QUE QUEREMOS";"REDE / PPS / PRP";"N";63;"Válido";63;4;"NÃO ELEITO"
"13/11/2024";"10:56:11";2018;2;"Eleição Ordinária";1;297;"ELEIÇÕES GERAIS ESTADUAIS 2018";"07/10/2018";"E";"RO";"RO";"RONDÔNIA";710;"SÃO FELIPE D OESTE";19;3;"Governador";220000627640;18;"VINICIUS VALENTIN RADUAN MIGUEL";"VINICIUS MIGUEL";"#NULO#";12;"APTO";2;"DEFERIDO";-3;"#NE";-3;"#NE";-3;"#NE";"COLIGAÇÃO";18;"REDE";"Rede Sustentabilidade";-1;"#NULO#";"#NULO#";"#NULO#";220000050763;"POR UMA RONDÔNIA QUE QUEREMOS";"REDE / PPS / PRP";"N";134;"Válido";134;4;"NÃO ELEITO"
"13/11/2024";"10:56:11";2018;2;"Eleição Ordinária";1;297;"ELEIÇÕES GERAIS ESTADUAIS 2018";"07/10/2018";"E";"RO";"RO";"RONDÔNIA";35;"PORTO VELHO";21;5;"Senador";220000627641;180;"ALUÍZIO VIDAL FLOR";"ALUÍZIO VIDAL";"#NULO#";12;"APTO";2;"DEFERIDO";-3;"#NE";-3;"#NE";-3;"#NE";"COLIGAÇÃO";18;"REDE";"Rede Sustentabilidade";-1;"#NULO#";"#NULO#";"#NULO#";220000050763;"POR UMA RONDÔNIA QUE QUEREMOS";"REDE / PPS / PRP";"N";5670;"Válido";5670;4;"NÃO ELEITO"
"13/11/2024";"10:56:11";2018;2;"Eleição Ordinária";1;297;"ELEIÇÕES GERAIS ESTADUAIS 2018";"07/10/2018";"E";"RO";"RO";"RONDÔNIA";35;"PORTO VELHO";6;5;"Senador";220000627641;180;"ALUÍZIO VIDAL FLOR";"ALUÍZIO VIDAL";"#NULO#";12;"APTO";2;"DEFERIDO";-3;"#NE";-3;"#NE";-3;"#NE";"COLIGAÇÃO";18;"REDE";"Rede Sustentabilidade";-1;"#NULO#";"#NULO#";"#NULO#";220000050763;"POR UMA RONDÔNIA QUE QUEREMOS";"REDE / PPS / PRP";"N";7441;"Válido";7441;4;"NÃO ELEITO"
"13/11/2024";"10:56:11";2018;2;"Eleição Ordinária";1;297;"ELEIÇÕES GERAIS ESTADUAIS 2018";"07/10/2018";"E";"RO";"RO";"RONDÔNIA";35;"PORTO VELHO";2;5;"Senador";220000627641;180;"ALUÍZIO VIDAL FLOR";"ALUÍZIO VIDAL";"#NULO#";12;"APTO";2;"DEFERIDO";-3;"#NE";-3;"#NE";-3;"#NE";"COLIGAÇÃO";18;"REDE";"Rede Sustentabilidade";-1;"#NULO#";"#NULO#";"#NULO#";220000050763;"POR UMA RONDÔNIA QUE QUEREMOS";"REDE / PPS / PRP";"N";13827;"Válido";13827;4;"NÃO ELEITO"
"13/11/2024";"10:56:11";2018;2;"Eleição Ordinária";1;297;"ELEIÇÕES GERAIS ESTADUAIS 2018";"07/10/2018";"E";"RO";"RO";"RONDÔNIA";35;"PORTO VELHO";20;5;"Senador";220000627641;180;"ALUÍZIO VIDAL FLOR";"ALUÍZIO VIDAL";"#NULO#";12;"APTO";2;"DEFERIDO";-3;"#NE";-3;"#NE";-3;"#NE";"COLIGAÇÃO";18;"REDE";"Rede Sustentabilidade";-1;"#NULO#";"#NULO#";"#NULO#";220000050763;"POR UMA RONDÔNIA QUE QUEREMOS";"REDE / PPS / PRP";"N";10745;"Válido";10745;4;"NÃO ELEITO"
"13/11/2024";"10:56:11";2018;2;"Eleição Ordinária";1;297;"ELEIÇÕES GERAIS ESTADUAIS 2018";"07/10/2018";"E";"RO";"RO";"RONDÔNIA";35;"PORTO VELHO";6;3;"Governador";220000627640;18;"VINICIUS VALENTIN RADUAN MIGUEL";"VINICIUS MIGUEL";"#NULO#";12;"APTO";2;"DEFERIDO";-3;"#NE";-3;"#NE";-3;"#NE";"COLIGAÇÃO";18;"REDE";"Rede Sustentabilidade";-1;"#NULO#";"#NULO#";"#NULO#";220000050763;"POR UMA RONDÔNIA QUE QUEREMOS";"REDE / PPS / PRP";"N";14433;"Válido";14433;4;"NÃO ELEITO"
"13/11/2024";"10:56:11";2018;2;"Eleição Ordinária";1;297;"ELEIÇÕES GERAIS ESTADUAIS 2018";"07/10/2018";"E";"RO";"RO";"RONDÔNIA";35;"PORTO VELHO";21;3;"Governador";220000627640;18;"VINICIUS VALENTIN RADUAN MIGUEL";"VINICIUS MIGUEL";"#NULO#";12;"APTO";2;"DEFERIDO";-3;"#NE";-3;"#NE";-3;"#NE";"COLIGAÇÃO";18;"REDE";"Rede Sustentabilidade";-1;"#NULO#";"#NULO#";"#NULO#";220000050763;"POR UMA RONDÔNIA QUE QUEREMOS";"REDE / PPS / PRP";"N";10730;"Válido";10730;4;"NÃO ELEITO"
"13/11/2024";"10:56:11";2018;2;"Eleição Ordinária";1;297;"ELEIÇÕES GERAIS ESTADUAIS 2018";"07/10/2018";"E";"RO";"RO";"RONDÔNIA";35;"PORTO VELHO";20;3;"Governador";220000627640;18;"VINICIUS VALENTIN RADUAN MIGUEL";"VINICIUS MIGUEL";"#NULO#";12;"APTO";2;"DEFERIDO";-3;"#NE";-3;"#NE";-3;"#NE";"COLIGAÇÃO";18;"REDE";"Rede Sustentabilidade";-1;"#NULO#";"#NULO#";"#NULO#";220000050763;"POR UMA RONDÔNIA QUE QUEREMOS";"REDE / PPS / PRP";"N";19503;"Válido";19503;4;"NÃO ELEITO"
"13/11/2024";"10:56:11";2018;2;"Eleição Ordinária";1;297;"ELEIÇÕES GERAIS ESTADUAIS 2018";"07/10/2018";"E";"RO";"RO";"RONDÔNIA";35;"PORTO VELHO";2;3;"Governador";220000627640;18;"VINICIUS VALENTIN RADUAN MIGUEL";"VINICIUS MIGUEL";"#NULO#";12;"APTO";2;"DEFERIDO";-3;"#NE";-3;"#NE";-3;"#NE";"COLIGAÇÃO";18;"REDE";"Rede Sustentabilidade";-1;"#NULO#";"#NULO#";"#NULO#";220000050763;"POR UMA RONDÔNIA QUE QUEREMOS";"REDE / PPS / PRP";"N";25154;"Válido";25154;4;"NÃO ELEITO"
"13/11/2024";"10:56:11";2018;2;"Eleição Ordinária";1;297;"ELEIÇÕES GERAIS ESTADUAIS 2018";"07/10/2018";"E";"RO";"RO";"RONDÔNIA";736;"ALTO ALEGRE DOS PARECIS";19;5;"Senador";220000627641;180;"ALUÍZIO VIDAL FLOR";"ALUÍZIO VIDAL";"#NULO#";12;"APTO";2;"DEFERIDO";-3;"#NE";-3;"#NE";-3;"#NE";"COLIGAÇÃO";18;"REDE";"Rede Sustentabilidade";-1;"#NULO#";"#NULO#";"#NULO#";220000050763;"POR UMA RONDÔNIA QUE QUEREMOS";"REDE / PPS / PRP";"N";67;"Válido";67;4;"NÃO ELEITO"
"13/11/2024";"10:56:11";2018;2;"Eleição Ordinária";1;297;"ELEIÇÕES GERAIS ESTADUAIS 2018";"07/10/2018";"E";"RO";"RO";"RONDÔNIA";736;"ALTO ALEGRE DOS PARECIS";19;3;"Governador";220000627640;18;"VINICIUS VALENTIN RADUAN MIGUEL";"VINICIUS MIGUEL";"#NULO#";12;"APTO";2;"DEFERIDO";-3;"#NE";-3;"#NE";-3;"#NE";"COLIGAÇÃO";18;"REDE";"Rede Sustentabilidade";-1;"#NULO#";"#NULO#";"#NULO#";220000050763;"POR UMA RONDÔNIA QUE QUEREMOS";"REDE / PPS / PRP";"N";152;"Válido";152;4;"NÃO ELEITO"
"13/11/2024";"10:56:11";2018;2;"Eleição Ordinária";1;297;"ELEIÇÕES GERAIS ESTADUAIS 2018";"07/10/2018";"E";"RO";"RO";"RONDÔNIA";779;"BURITIS";34;5;"Senador";220000618466;151;"VALDIR RAUPP DE MATOS";"VALDIR RAUPP";"#NULO#";12;"APTO";2;"DEFERIDO";-3;"#NE";-3;"#NE";-3;"#NE";"COLIGAÇÃO";15;"MDB";"Movimento Democrático Brasileiro";-1;"#NULO#";"#NULO#";"#NULO#";220000050479;"RONDONIA, UNIDOS SOMOS FORTES ";"MDB / PODE / PMN / PSC / PC do B / PHS / PROS / PV";"N";1473;"Válido";1473;4;"NÃO ELEITO"
"13/11/2024";"10:56:11";2018;2;"Eleição Ordinária";1;297;"ELEIÇÕES GERAIS ESTADUAIS 2018";"07/10/2018";"E";"RO";"RO";"RONDÔNIA";574;"MIRANTE DA SERRA";28;5;"Senador";220000618466;151;"VALDIR RAUPP DE MATOS";"VALDIR RAUPP";"#NULO#";12;"APTO";2;"DEFERIDO";-3;"#NE";-3;"#NE";-3;"#NE";"COLIGAÇÃO";15;"MDB";"Movimento Democrático Brasileiro";-1;"#NULO#";"#NULO#";"#NULO#";220000050479;"RONDONIA, UNIDOS SOMOS FORTES ";"MDB / PODE / PMN / PSC / PC do B / PHS / PROS / PV";"N";489;"Válido";489;4;"NÃO ELEITO"
"13/11/2024";"10:56:11";2018;2;"Eleição Ordinária";1;297;"ELEIÇÕES GERAIS ESTADUAIS 2018";"07/10/2018";"E";"RO";"RO";"RONDÔNIA";671;"CAMPO NOVO DE RONDÔNIA";34;5;"Senador";220000618466;151;"VALDIR RAUPP DE MATOS";"VALDIR RAUPP";"#NULO#";12;"APTO";2;"DEFERIDO";-3;"#NE";-3;"#NE";-3;"#NE";"COLIGAÇÃO";15;"MDB";"Movimento Democrático Brasileiro";-1;"#NULO#";"#NULO#";"#NULO#";220000050479;"RONDONIA, UNIDOS SOMOS FORTES ";"MDB / PODE / PMN / PSC / PC do B / PHS / PROS / PV";"N";415;"Válido";415;4;"NÃO ELEITO"
"13/11/2024";"10:56:11";2018;2;"Eleição Ordinária";1;297;"ELEIÇÕES GERAIS ESTADUAIS 2018";"07/10/2018";"E";"RO";"RO";"RONDÔNIA";671;"CAMPO NOVO DE RONDÔNIA";34;3;"Governador";220000618464;15;"MAURO DE CARVALHO";"MAURAO DE CARVALHO";"#NULO#";12;"APTO";2;"DEFERIDO";-3;"#NE";-3;"#NE";-3;"#NE";"COLIGAÇÃO";15;"MDB";"Movimento Democrático Brasileiro";-1;"#NULO#";"#NULO#";"#NULO#";220000050479;"RONDONIA, UNIDOS SOMOS FORTES ";"MDB / PODE / PMN / PSC / PC do B / PHS / PROS / PV";"N";1254;"Válido";1254;4;"NÃO ELEITO"
"13/11/2024";"10:56:11";2018;2;"Eleição Ordinária";1;297;"ELEIÇÕES GERAIS ESTADUAIS 2018";"07/10/2018";"E";"RO";"RO";"RONDÔNIA";574;"MIRANTE DA SERRA";28;3;"Governador";220000618464;15;"MAURO DE CARVALHO";"MAURAO DE CARVALHO";"#NULO#";12;"APTO";2;"DEFERIDO";-3;"#NE";-3;"#NE";-3;"#NE";"COLIGAÇÃO";15;"MDB";"Movimento Democrático Brasileiro";-1;"#NULO#";"#NULO#";"#NULO#";220000050479;"RONDONIA, UNIDOS SOMOS FORTES ";"MDB / PODE / PMN / PSC / PC do B / PHS / PROS / PV";"N";1264;"Válido";1264;4;"NÃO ELEITO"
"13/11/2024";"10:56:11";2018;2;"Eleição Ordinária";1;297;"ELEIÇÕES GERAIS ESTADUAIS 2018";"07/10/2018";"E";"RO";"RO";"RONDÔNIA";779;"BURITIS";34;3;"Governador";220000618464;15;"MAURO DE CARVALHO";"MAURAO DE CARVALHO";"#NULO#";12;"APTO";2;"DEFERIDO";-3;"#NE";-3;"#NE";-3;"#NE";"COLIGAÇÃO";15;"MDB";"Movimento Democrático Brasileiro";-1;"#NULO#";"#NULO#";"#NULO#";220000050479;"RONDONIA, UNIDOS SOMOS FORTES ";"MDB / PODE / PMN / PSC / PC do B / PHS / PROS / PV";"N";3736;"Válido";3736;4;"NÃO ELEITO"
"13/11/2024";"10:56:11";2018;2;"Eleição Ordinária";1;297;"ELEIÇÕES GERAIS ESTADUAIS 2018";"07/10/2018";"E";"RO";"RO";"RONDÔNIA";396;"MACHADINHO D OESTE";32;5;"Senador";220000618466;151;"VALDIR RAUPP DE MATOS";"VALDIR RAUPP";"#NULO#";12;"APTO";2;"DEFERIDO";-3;"#NE";-3;"#NE";-3;"#NE";"COLIGAÇÃO";15;"MDB";"Movimento Democrático Brasileiro";-1;"#NULO#";"#NULO#";"#NULO#";220000050479;"RONDONIA, UNIDOS SOMOS FORTES ";"MDB / PODE / PMN / PSC / PC do B / PHS / PROS / PV";"N";1740;"Válido";1740;4;"NÃO ELEITO"
"13/11/2024";"10:56:11";2018;2;"Eleição Ordinária";1;297;"ELEIÇÕES GERAIS ESTADUAIS 2018";"07/10/2018";"E";"RO";"RO";"RONDÔNIA";698;"VALE DO ANARI";32;5;"Senador";220000618466;151;"VALDIR RAUPP DE MATOS";"VALDIR RAUPP";"#NULO#";12;"APTO";2;"DEFERIDO";-3;"#NE";-3;"#NE";-3;"#NE";"COLIGAÇÃO";15;"MDB";"Movimento Democrático Brasileiro";-1;"#NULO#";"#NULO#";"#NULO#";220000050479;"RONDONIA, UNIDOS SOMOS FORTES ";"MDB / PODE / PMN / PSC / PC do B / PHS / PROS / PV";"N";247;"Válido";247;4;"NÃO ELEITO"
"13/11/2024";"10:56:11";2018;2;"Eleição Ordinária";1;297;"ELEIÇÕES GERAIS ESTADUAIS 2018";"07/10/2018";"E";"RO";"RO";"RONDÔNIA";795;"SÃO FRANCISCO DO GUAPORÉ";5;5;"Senador";220000618466;151;"VALDIR RAUPP DE MATOS";"VALDIR RAUPP";"#NULO#";12;"APTO";2;"DEFERIDO";-3;"#NE";-3;"#NE";-3;"#NE";"COLIGAÇÃO";15;"MDB";"Movimento Democrático Brasileiro";-1;"#NULO#";"#NULO#";"#NULO#";220000050479;"RONDONIA, UNIDOS SOMOS FORTES ";"MDB / PODE / PMN / PSC / PC do B / PHS / PROS / PV";"N";2525;"Válido";2525;4;"NÃO ELEITO"
"13/11/2024";"10:56:11";2018;2;"Eleição Ordinária";1;297;"ELEIÇÕES GERAIS ESTADUAIS 2018";"07/10/2018";"E";"RO";"RO";"RONDÔNIA";531;"CASTANHEIRAS";15;5;"Senador";220000618466;151;"VALDIR RAUPP DE MATOS";"VALDIR RAUPP";"#NULO#";12;"APTO";2;"DEFERIDO";-3;"#NE";-3;"#NE";-3;"#NE";"COLIGAÇÃO";15;"MDB";"Movimento Democrático Brasileiro";-1;"#NULO#";"#NULO#";"#NULO#";220000050479;"RONDONIA, UNIDOS SOMOS FORTES ";"MDB / PODE / PMN / PSC / PC do B / PHS / PROS / PV";"N";267;"Válido";267;4;"NÃO ELEITO"
"13/11/2024";"10:56:11";2018;2;"Eleição Ordinária";1;297;"ELEIÇÕES GERAIS ESTADUAIS 2018";"07/10/2018";"E";"RO";"RO";"RONDÔNIA";604;"MINISTRO ANDREAZZA";11;5;"Senador";220000618466;151;"VALDIR RAUPP DE MATOS";"VALDIR RAUPP";"#NULO#";12;"APTO";2;"DEFERIDO";-3;"#NE";-3;"#NE";-3;"#NE";"COLIGAÇÃO";15;"MDB";"Movimento Democrático Brasileiro";-1;"#NULO#";"#NULO#";"#NULO#";220000050479;"RONDONIA, UNIDOS SOMOS FORTES ";"MDB / PODE / PMN / PSC / PC do B / PHS / PROS / PV";"N";625;"Válido";625;4;"NÃO ELEITO"
"13/11/2024";"10:56:11";2018;2;"Eleição Ordinária";1;297;"ELEIÇÕES GERAIS ESTADUAIS 2018";"07/10/2018";"E";"RO";"RO";"RONDÔNIA";531;"CASTANHEIRAS";15;3;"Governador";220000618464;15;"MAURO DE CARVALHO";"MAURAO DE CARVALHO";"#NULO#";12;"APTO";2;"DEFERIDO";-3;"#NE";-3;"#NE";-3;"#NE";"COLIGAÇÃO";15;"MDB";"Movimento Democrático Brasileiro";-1;"#NULO#";"#NULO#";"#NULO#";220000050479;"RONDONIA, UNIDOS SOMOS FORTES ";"MDB / PODE / PMN / PSC / PC do B / PHS / PROS / PV";"N";505;"Válido";505;4;"NÃO ELEITO"
"13/11/2024";"10:56:11";2018;2;"Eleição Ordinária";1;297;"ELEIÇÕES GERAIS ESTADUAIS 2018";"07/10/2018";"E";"RO";"RO";"RONDÔNIA";795;"SÃO FRANCISCO DO GUAPORÉ";5;3;"Governador";220000618464;15;"MAURO DE CARVALHO";"MAURAO DE CARVALHO";"#NULO#";12;"APTO";2;"DEFERIDO";-3;"#NE";-3;"#NE";-3;"#NE";"COLIGAÇÃO";15;"MDB";"Movimento Democrático Brasileiro";-1;"#NULO#";"#NULO#";"#NULO#";220000050479;"RONDONIA, UNIDOS SOMOS FORTES ";"MDB / PODE / PMN / PSC / PC do B / PHS / PROS / PV";"N";3760;"Válido";3760;4;"NÃO ELEITO"
"13/11/2024";"10:56:11";2018;2;"Eleição Ordinária";1;297;"ELEIÇÕES GERAIS ESTADUAIS 2018";"07/10/2018";"E";"RO";"RO";"RONDÔNIA";396;"MACHADINHO D OESTE";32;3;"Governador";220000618464;15;"MAURO DE CARVALHO";"MAURAO DE CARVALHO";"#NULO#";12;"APTO";2;"DEFERIDO";-3;"#NE";-3;"#NE";-3;"#NE";"COLIGAÇÃO";15;"MDB";"Movimento Democrático Brasileiro";-1;"#NULO#";"#NULO#";"#NULO#";220000050479;"RONDONIA, UNIDOS SOMOS FORTES ";"MDB / PODE / PMN / PSC / PC do B / PHS / PROS / PV";"N";2676;"Válido";2676;4;"NÃO ELEITO"
"13/11/2024";"10:56:11";2018;2;"Eleição Ordinária";1;297;"ELEIÇÕES GERAIS ESTADUAIS 2018";"07/10/2018";"E";"RO";"RO";"RONDÔNIA";604;"MINISTRO ANDREAZZA";11;3;"Governador";220000618464;15;"MAURO DE CARVALHO";"MAURAO DE CARVALHO";"#NULO#";12;"APTO";2;"DEFERIDO";-3;"#NE";-3;"#NE";-3;"#NE";"COLIGAÇÃO";15;"MDB";"Movimento Democrático Brasileiro";-1;"#NULO#";"#NULO#";"#NULO#";220000050479;"RONDONIA, UNIDOS SOMOS FORTES ";"MDB / PODE / PMN / PSC / PC do B / PHS / PROS / PV";"N";2045;"Válido";2045;4;"NÃO ELEITO"
"13/11/2024";"10:56:11";2018;2;"Eleição Ordinária";1;297;"ELEIÇÕES GERAIS ESTADUAIS 2018";"07/10/2018";"E";"RO";"RO";"RONDÔNIA";698;"VALE DO ANARI";32;3;"Governador";220000618464;15;"MAURO DE CARVALHO";"MAURAO DE CARVALHO";"#NULO#";12;"APTO";2;"DEFERIDO";-3;"#NE";-3;"#NE";-3;"#NE";"COLIGAÇÃO";15;"MDB";"Movimento Democrático Brasileiro";-1;"#NULO#";"#NULO#";"#NULO#";220000050479;"RONDONIA, UNIDOS SOMOS FORTES ";"MDB / PODE / PMN / PSC / PC do B / PHS / PROS / PV";"N";885;"Válido";885;4;"NÃO ELEITO"
"13/11/2024";"10:56:11";2018;2;"Eleição Ordinária";1;297;"ELEIÇÕES GERAIS ESTADUAIS 2018";"07/10/2018";"E";"RO";"RO";"RONDÔNIA";310;"ALTA FLORESTA D OESTE";17;5;"Senador";220000618466;151;"VALDIR RAUPP DE MATOS";"VALDIR RAUPP";"#NULO#";12;"APTO";2;"DEFERIDO";-3;"#NE";-3;"#NE";-3;"#NE";"COLIGAÇÃO";15;"MDB";"Movimento Democrático Brasileiro";-1;"#NULO#";"#NULO#";"#NULO#";220000050479;"RONDONIA, UNIDOS SOMOS FORTES ";"MDB / PODE / PMN / PSC / PC do B / PHS / PROS / PV";"N";1733;"Válido";1733;4;"NÃO ELEITO"
"13/11/2024";"10:56:11";2018;2;"Eleição Ordinária";1;297;"ELEIÇÕES GERAIS ESTADUAIS 2018";"07/10/2018";"E";"RO";"RO";"RONDÔNIA";728;"PRIMAVERA DE RONDÔNIA";9;5;"Senador";220000618466;151;"VALDIR RAUPP DE MATOS";"VALDIR RAUPP";"#NULO#";12;"APTO";2;"DEFERIDO";-3;"#NE";-3;"#NE";-3;"#NE";"COLIGAÇÃO";15;"MDB";"Movimento Democrático Brasileiro";-1;"#NULO#";"#NULO#";"#NULO#";220000050479;"RONDONIA, UNIDOS SOMOS FORTES ";"MDB / PODE / PMN / PSC / PC do B / PHS / PROS / PV";"N";283;"Válido";283;4;"NÃO ELEITO"
"13/11/2024";"10:56:11";2018;2;"Eleição Ordinária";1;297;"ELEIÇÕES GERAIS ESTADUAIS 2018";"07/10/2018";"E";"RO";"RO";"RONDÔNIA";558;"VALE DO PARAÍSO";28;5;"Senador";220000618466;151;"VALDIR RAUPP DE MATOS";"VALDIR RAUPP";"#NULO#";12;"APTO";2;"DEFERIDO";-3;"#NE";-3;"#NE";-3;"#NE";"COLIGAÇÃO";15;"MDB";"Movimento Democrático Brasileiro";-1;"#NULO#";"#NULO#";"#NULO#";220000050479;"RONDONIA, UNIDOS SOMOS FORTES ";"MDB / PODE / PMN / PSC / PC do B / PHS / PROS / PV";"N";406;"Válido";406;4;"NÃO ELEITO"
"13/11/2024";"10:56:11";2018;2;"Eleição Ordinária";1;297;"ELEIÇÕES GERAIS ESTADUAIS 2018";"07/10/2018";"E";"RO";"RO";"RONDÔNIA";566;"URUPÁ";18;5;"Senador";220000618466;151;"VALDIR RAUPP DE MATOS";"VALDIR RAUPP";"#NULO#";12;"APTO";2;"DEFERIDO";-3;"#NE";-3;"#NE";-3;"#NE";"COLIGAÇÃO";15;"MDB";"Movimento Democrático Brasileiro";-1;"#NULO#";"#NULO#";"#NULO#";220000050479;"RONDONIA, UNIDOS SOMOS FORTES ";"MDB / PODE / PMN / PSC / PC do B / PHS / PROS / PV";"N";466;"Válido";466;4;"NÃO ELEITO"
"13/11/2024";"10:56:11";2018;2;"Eleição Ordinária";1;297;"ELEIÇÕES GERAIS ESTADUAIS 2018";"07/10/2018";"E";"RO";"RO";"RONDÔNIA";809;"CHUPINGUAIA";8;5;"Senador";220000618466;151;"VALDIR RAUPP DE MATOS";"VALDIR RAUPP";"#NULO#";12;"APTO";2;"DEFERIDO";-3;"#NE";-3;"#NE";-3;"#NE";"COLIGAÇÃO";15;"MDB";"Movimento Democrático Brasileiro";-1;"#NULO#";"#NULO#";"#NULO#";220000050479;"RONDONIA, UNIDOS SOMOS FORTES ";"MDB / PODE / PMN / PSC / PC do B / PHS / PROS / PV";"N";419;"Válido";419;4;"NÃO ELEITO"
"13/11/2024";"10:56:11";2018;2;"Eleição Ordinária";1;297;"ELEIÇÕES GERAIS ESTADUAIS 2018";"07/10/2018";"E";"RO";"RO";"RONDÔNIA";566;"URUPÁ";18;3;"Governador";220000618464;15;"MAURO DE CARVALHO";"MAURAO DE CARVALHO";"#NULO#";12;"APTO";2;"DEFERIDO";-3;"#NE";-3;"#NE";-3;"#NE";"COLIGAÇÃO";15;"MDB";"Movimento Democrático Brasileiro";-1;"#NULO#";"#NULO#";"#NULO#";220000050479;"RONDONIA, UNIDOS SOMOS FORTES ";"MDB / PODE / PMN / PSC / PC do B / PHS / PROS / PV";"N";1196;"Válido";1196;4;"NÃO ELEITO"
"13/11/2024";"10:56:11";2018;2;"Eleição Ordinária";1;297;"ELEIÇÕES GERAIS ESTADUAIS 2018";"07/10/2018";"E";"RO";"RO";"RONDÔNIA";310;"ALTA FLORESTA D OESTE";17;3;"Governador";220000618464;15;"MAURO DE CARVALHO";"MAURAO DE CARVALHO";"#NULO#";12;"APTO";2;"DEFERIDO";-3;"#NE";-3;"#NE";-3;"#NE";"COLIGAÇÃO";15;"MDB";"Movimento Democrático Brasileiro";-1;"#NULO#";"#NULO#";"#NULO#";220000050479;"RONDONIA, UNIDOS SOMOS FORTES ";"MDB / PODE / PMN / PSC / PC do B / PHS / PROS / PV";"N";2131;"Válido";2131;4;"NÃO ELEITO"
"13/11/2024";"10:56:11";2018;2;"Eleição Ordinária";1;297;"ELEIÇÕES GERAIS ESTADUAIS 2018";"07/10/2018";"E";"RO";"RO";"RONDÔNIA";809;"CHUPINGUAIA";8;3;"Governador";220000618464;15;"MAURO DE CARVALHO";"MAURAO DE CARVALHO";"#NULO#";12;"APTO";2;"DEFERIDO";-3;"#NE";-3;"#NE";-3;"#NE";"COLIGAÇÃO";15;"MDB";"Movimento Democrático Brasileiro";-1;"#NULO#";"#NULO#";"#NULO#";220000050479;"RONDONIA, UNIDOS SOMOS FORTES ";"MDB / PODE / PMN / PSC / PC do B / PHS / PROS / PV";"N";1133;"Válido";1133;4;"NÃO ELEITO"
"13/11/2024";"10:56:11";2018;2;"Eleição Ordinária";1;297;"ELEIÇÕES GERAIS ESTADUAIS 2018";"07/10/2018";"E";"RO";"RO";"RONDÔNIA";728;"PRIMAVERA DE RONDÔNIA";9;3;"Governador";220000618464;15;"MAURO DE CARVALHO";"MAURAO DE CARVALHO";"#NULO#";12;"APTO";2;"DEFERIDO";-3;"#NE";-3;"#NE";-3;"#NE";"COLIGAÇÃO";15;"MDB";"Movimento Democrático Brasileiro";-1;"#NULO#";"#NULO#";"#NULO#";220000050479;"RONDONIA, UNIDOS SOMOS FORTES ";"MDB / PODE / PMN / PSC / PC do B / PHS / PROS / PV";"N";432;"Válido";432;4;"NÃO ELEITO"
"13/11/2024";"10:56:11";2018;2;"Eleição Ordinária";1;297;"ELEIÇÕES GERAIS ESTADUAIS 2018";"07/10/2018";"E";"RO";"RO";"RONDÔNIA";558;"VALE DO PARAÍSO";28;3;"Governador";220000618464;15;"MAURO DE CARVALHO";"MAURAO DE CARVALHO";"#NULO#";12;"APTO";2;"DEFERIDO";-3;"#NE";-3;"#NE";-3;"#NE";"COLIGAÇÃO";15;"MDB";"Movimento Democrático Brasileiro";-1;"#NULO#";"#NULO#";"#NULO#";220000050479;"RONDONIA, UNIDOS SOMOS FORTES ";"MDB / PODE / PMN / PSC / PC do B / PHS / PROS / PV";"N";821;"Válido";821;4;"NÃO ELEITO"
"13/11/2024";"10:56:11";2018;2;"Eleição Ordinária";1;297;"ELEIÇÕES GERAIS ESTADUAIS 2018";"07/10/2018";"E";"RO";"RO";"RONDÔNIA";590;"THEOBROMA";27;5;"Senador";220000618466;151;"VALDIR RAUPP DE MATOS";"VALDIR RAUPP";"#NULO#";12;"APTO";2;"DEFERIDO";-3;"#NE";-3;"#NE";-3;"#NE";"COLIGAÇÃO";15;"MDB";"Movimento Democrático Brasileiro";-1;"#NULO#";"#NULO#";"#NULO#";220000050479;"RONDONIA, UNIDOS SOMOS FORTES ";"MDB / PODE / PMN / PSC / PC do B / PHS / PROS / PV";"N";582;"Válido";582;4;"NÃO ELEITO"
"13/11/2024";"10:56:11";2018;2;"Eleição Ordinária";1;297;"ELEIÇÕES GERAIS ESTADUAIS 2018";"07/10/2018";"E";"RO";"RO";"RONDÔNIA";213;"COSTA MARQUES";5;5;"Senador";220000618466;151;"VALDIR RAUPP DE MATOS";"VALDIR RAUPP";"#NULO#";12;"APTO";2;"DEFERIDO";-3;"#NE";-3;"#NE";-3;"#NE";"COLIGAÇÃO";15;"MDB";"Movimento Democrático Brasileiro";-1;"#NULO#";"#NULO#";"#NULO#";220000050479;"RONDONIA, UNIDOS SOMOS FORTES ";"MDB / PODE / PMN / PSC / PC do B / PHS / PROS / PV";"N";1614;"Válido";1614;4;"NÃO ELEITO"
"13/11/2024";"10:56:11";2018;2;"Eleição Ordinária";1;297;"ELEIÇÕES GERAIS ESTADUAIS 2018";"07/10/2018";"E";"RO";"RO";"RONDÔNIA";256;"ESPIGÃO DO OESTE";12;5;"Senador";220000618466;151;"VALDIR RAUPP DE MATOS";"VALDIR RAUPP";"#NULO#";12;"APTO";2;"DEFERIDO";-3;"#NE";-3;"#NE";-3;"#NE";"COLIGAÇÃO";15;"MDB";"Movimento Democrático Brasileiro";-1;"#NULO#";"#NULO#";"#NULO#";220000050479;"RONDONIA, UNIDOS SOMOS FORTES ";"MDB / PODE / PMN / PSC / PC do B / PHS / PROS / PV";"N";1980;"Válido";1980;4;"NÃO ELEITO"
"13/11/2024";"10:56:11";2018;2;"Eleição Ordinária";1;297;"ELEIÇÕES GERAIS ESTADUAIS 2018";"07/10/2018";"E";"RO";"RO";"RONDÔNIA";175;"OURO PRETO DO OESTE";13;5;"Senador";220000618466;151;"VALDIR RAUPP DE MATOS";"VALDIR RAUPP";"#NULO#";12;"APTO";2;"DEFERIDO";-3;"#NE";-3;"#NE";-3;"#NE";"COLIGAÇÃO";15;"MDB";"Movimento Democrático Brasileiro";-1;"#NULO#";"#NULO#";"#NULO#";220000050479;"RONDONIA, UNIDOS SOMOS FORTES ";"MDB / PODE / PMN / PSC / PC do B / PHS / PROS / PV";"N";937;"Válido";937;4;"NÃO ELEITO"
"13/11/2024";"10:56:11";2018;2;"Eleição Ordinária";1;297;"ELEIÇÕES GERAIS ESTADUAIS 2018";"07/10/2018";"E";"RO";"RO";"RONDÔNIA";353;"SANTA LUZIA D OESTE";19;5;"Senador";220000618466;151;"VALDIR RAUPP DE MATOS";"VALDIR RAUPP";"#NULO#";12;"APTO";2;"DEFERIDO";-3;"#NE";-3;"#NE";-3;"#NE";"COLIGAÇÃO";15;"MDB";"Movimento Democrático Brasileiro";-1;"#NULO#";"#NULO#";"#NULO#";220000050479;"RONDONIA, UNIDOS SOMOS FORTES ";"MDB / PODE / PMN / PSC / PC do B / PHS / PROS / PV";"N";547;"Válido";547;4;"NÃO ELEITO"
"13/11/2024";"10:56:11";2018;2;"Eleição Ordinária";1;297;"ELEIÇÕES GERAIS ESTADUAIS 2018";"07/10/2018";"E";"RO";"RO";"RONDÔNIA";299;"ROLIM DE MOURA";29;5;"Senador";220000618466;151;"VALDIR RAUPP DE MATOS";"VALDIR RAUPP";"#NULO#";12;"APTO";2;"DEFERIDO";-3;"#NE";-3;"#NE";-3;"#NE";"COLIGAÇÃO";15;"MDB";"Movimento Democrático Brasileiro";-1;"#NULO#";"#NULO#";"#NULO#";220000050479;"RONDONIA, UNIDOS SOMOS FORTES ";"MDB / PODE / PMN / PSC / PC do B / PHS / PROS / PV";"N";3897;"Válido";3897;4;"NÃO ELEITO"
"13/11/2024";"10:56:11";2018;2;"Eleição Ordinária";1;297;"ELEIÇÕES GERAIS ESTADUAIS 2018";"07/10/2018";"E";"RO";"RO";"RONDÔNIA";337;"ALVORADA DO OESTE";18;5;"Senador";220000618466;151;"VALDIR RAUPP DE MATOS";"VALDIR RAUPP";"#NULO#";12;"APTO";2;"DEFERIDO";-3;"#NE";-3;"#NE";-3;"#NE";"COLIGAÇÃO";15;"MDB";"Movimento Democrático Brasileiro";-1;"#NULO#";"#NULO#";"#NULO#";220000050479;"RONDONIA, UNIDOS SOMOS FORTES ";"MDB / PODE / PMN / PSC / PC do B / PHS / PROS / PV";"N";956;"Válido";956;4;"NÃO ELEITO"
"13/11/2024";"10:56:11";2018;2;"Eleição Ordinária";1;297;"ELEIÇÕES GERAIS ESTADUAIS 2018";"07/10/2018";"E";"RO";"RO";"RONDÔNIA";663;"MONTE NEGRO";25;5;"Senador";220000618466;151;"VALDIR RAUPP DE MATOS";"VALDIR RAUPP";"#NULO#";12;"APTO";2;"DEFERIDO";-3;"#NE";-3;"#NE";-3;"#NE";"COLIGAÇÃO";15;"MDB";"Movimento Democrático Brasileiro";-1;"#NULO#";"#NULO#";"#NULO#";220000050479;"RONDONIA, UNIDOS SOMOS FORTES ";"MDB / PODE / PMN / PSC / PC do B / PHS / PROS / PV";"N";895;"Válido";895;4;"NÃO ELEITO"
"13/11/2024";"10:56:11";2018;2;"Eleição Ordinária";1;297;"ELEIÇÕES GERAIS ESTADUAIS 2018";"07/10/2018";"E";"RO";"RO";"RONDÔNIA";191;"PRESIDENTE MÉDICI";3;5;"Senador";220000618466;151;"VALDIR RAUPP DE MATOS";"VALDIR RAUPP";"#NULO#";12;"APTO";2;"DEFERIDO";-3;"#NE";-3;"#NE";-3;"#NE";"COLIGAÇÃO";15;"MDB";"Movimento Democrático Brasileiro";-1;"#NULO#";"#NULO#";"#NULO#";220000050479;"RONDONIA, UNIDOS SOMOS FORTES ";"MDB / PODE / PMN / PSC / PC do B / PHS / PROS / PV";"N";1096;"Válido";1096;4;"NÃO ELEITO"
"13/11/2024";"10:56:11";2018;2;"Eleição Ordinária";1;297;"ELEIÇÕES GERAIS ESTADUAIS 2018";"07/10/2018";"E";"RO";"RO";"RONDÔNIA";19;"GUAJARÁ-MIRIM";1;5;"Senador";220000618466;151;"VALDIR RAUPP DE MATOS";"VALDIR RAUPP";"#NULO#";12;"APTO";2;"DEFERIDO";-3;"#NE";-3;"#NE";-3;"#NE";"COLIGAÇÃO";15;"MDB";"Movimento Democrático Brasileiro";-1;"#NULO#";"#NULO#";"#NULO#";220000050479;"RONDONIA, UNIDOS SOMOS FORTES ";"MDB / PODE / PMN / PSC / PC do B / PHS / PROS / PV";"N";2488;"Válido";2488;4;"NÃO ELEITO"
"13/11/2024";"10:56:11";2018;2;"Eleição Ordinária";1;297;"ELEIÇÕES GERAIS ESTADUAIS 2018";"07/10/2018";"E";"RO";"RO";"RONDÔNIA";256;"ESPIGÃO DO OESTE";12;3;"Governador";220000618464;15;"MAURO DE CARVALHO";"MAURAO DE CARVALHO";"#NULO#";12;"APTO";2;"DEFERIDO";-3;"#NE";-3;"#NE";-3;"#NE";"COLIGAÇÃO";15;"MDB";"Movimento Democrático Brasileiro";-1;"#NULO#";"#NULO#";"#NULO#";220000050479;"RONDONIA, UNIDOS SOMOS FORTES ";"MDB / PODE / PMN / PSC / PC do B / PHS / PROS / PV";"N";4810;"Válido";4810;4;"NÃO ELEITO"
"13/11/2024";"10:56:11";2018;2;"Eleição Ordinária";1;297;"ELEIÇÕES GERAIS ESTADUAIS 2018";"07/10/2018";"E";"RO";"RO";"RONDÔNIA";663;"MONTE NEGRO";25;3;"Governador";220000618464;15;"MAURO DE CARVALHO";"MAURAO DE CARVALHO";"#NULO#";12;"APTO";2;"DEFERIDO";-3;"#NE";-3;"#NE";-3;"#NE";"COLIGAÇÃO";15;"MDB";"Movimento Democrático Brasileiro";-1;"#NULO#";"#NULO#";"#NULO#";220000050479;"RONDONIA, UNIDOS SOMOS FORTES ";"MDB / PODE / PMN / PSC / PC do B / PHS / PROS / PV";"N";1959;"Válido";1959;4;"NÃO ELEITO"
"13/11/2024";"10:56:11";2018;2;"Eleição Ordinária";1;297;"ELEIÇÕES GERAIS ESTADUAIS 2018";"07/10/2018";"E";"RO";"RO";"RONDÔNIA";299;"ROLIM DE MOURA";29;3;"Governador";220000618464;15;"MAURO DE CARVALHO";"MAURAO DE CARVALHO";"#NULO#";12;"APTO";2;"DEFERIDO";-3;"#NE";-3;"#NE";-3;"#NE";"COLIGAÇÃO";15;"MDB";"Movimento Democrático Brasileiro";-1;"#NULO#";"#NULO#";"#NULO#";220000050479;"RONDONIA, UNIDOS SOMOS FORTES ";"MDB / PODE / PMN / PSC / PC do B / PHS / PROS / PV";"N";5394;"Válido";5394;4;"NÃO ELEITO"
"13/11/2024";"10:56:11";2018;2;"Eleição Ordinária";1;297;"ELEIÇÕES GERAIS ESTADUAIS 2018";"07/10/2018";"E";"RO";"RO";"RONDÔNIA";337;"ALVORADA DO OESTE";18;3;"Governador";220000618464;15;"MAURO DE CARVALHO";"MAURAO DE CARVALHO";"#NULO#";12;"APTO";2;"DEFERIDO";-3;"#NE";-3;"#NE";-3;"#NE";"COLIGAÇÃO";15;"MDB";"Movimento Democrático Brasileiro";-1;"#NULO#";"#NULO#";"#NULO#";220000050479;"RONDONIA, UNIDOS SOMOS FORTES ";"MDB / PODE / PMN / PSC / PC do B / PHS / PROS / PV";"N";2057;"Válido";2057;4;"NÃO ELEITO"
"13/11/2024";"10:56:11";2018;2;"Eleição Ordinária";1;297;"ELEIÇÕES GERAIS ESTADUAIS 2018";"07/10/2018";"E";"RO";"RO";"RONDÔNIA";191;"PRESIDENTE MÉDICI";3;3;"Governador";220000618464;15;"MAURO DE CARVALHO";"MAURAO DE CARVALHO";"#NULO#";12;"APTO";2;"DEFERIDO";-3;"#NE";-3;"#NE";-3;"#NE";"COLIGAÇÃO";15;"MDB";"Movimento Democrático Brasileiro";-1;"#NULO#";"#NULO#";"#NULO#";220000050479;"RONDONIA, UNIDOS SOMOS FORTES ";"MDB / PODE / PMN / PSC / PC do B / PHS / PROS / PV";"N";2563;"Válido";2563;4;"NÃO ELEITO"
"13/11/2024";"10:56:11";2018;2;"Eleição Ordinária";1;297;"ELEIÇÕES GERAIS ESTADUAIS 2018";"07/10/2018";"E";"RO";"RO";"RONDÔNIA";19;"GUAJARÁ-MIRIM";1;3;"Governador";220000618464;15;"MAURO DE CARVALHO";"MAURAO DE CARVALHO";"#NULO#";12;"APTO";2;"DEFERIDO";-3;"#NE";-3;"#NE";-3;"#NE";"COLIGAÇÃO";15;"MDB";"Movimento Democrático Brasileiro";-1;"#NULO#";"#NULO#";"#NULO#";220000050479;"RONDONIA, UNIDOS SOMOS FORTES ";"MDB / PODE / PMN / PSC / PC do B / PHS / PROS / PV";"N";4400;"Válido";4400;4;"NÃO ELEITO"
"13/11/2024";"10:56:11";2018;2;"Eleição Ordinária";1;297;"ELEIÇÕES GERAIS ESTADUAIS 2018";"07/10/2018";"E";"RO";"RO";"RONDÔNIA";612;"GOVERNADOR JORGE TEIXEIRA";27;5;"Senador";220000627641;180;"ALUÍZIO VIDAL FLOR";"ALUÍZIO VIDAL";"#NULO#";12;"APTO";2;"DEFERIDO";-3;"#NE";-3;"#NE";-3;"#NE";"COLIGAÇÃO";18;"REDE";"Rede Sustentabilidade";-1;"#NULO#";"#NULO#";"#NULO#";220000050763;"POR UMA RONDÔNIA QUE QUEREMOS";"REDE / PPS / PRP";"N";68;"Válido";68;4;"NÃO ELEITO"
"13/11/2024";"10:56:11";2018;2;"Eleição Ordinária";1;297;"ELEIÇÕES GERAIS ESTADUAIS 2018";"07/10/2018";"E";"RO";"RO";"RONDÔNIA";647;"RIO CRESPO";26;5;"Senador";220000627641;180;"ALUÍZIO VIDAL FLOR";"ALUÍZIO VIDAL";"#NULO#";12;"APTO";2;"DEFERIDO";-3;"#NE";-3;"#NE";-3;"#NE";"COLIGAÇÃO";18;"REDE";"Rede Sustentabilidade";-1;"#NULO#";"#NULO#";"#NULO#";220000050763;"POR UMA RONDÔNIA QUE QUEREMOS";"REDE / PPS / PRP";"N";41;"Válido";41;4;"NÃO ELEITO"
"13/11/2024";"10:56:11";2018;2;"Eleição Ordinária";1;297;"ELEIÇÕES GERAIS ESTADUAIS 2018";"07/10/2018";"E";"RO";"RO";"RONDÔNIA";477;"CANDEIAS DO JAMARI";21;5;"Senador";220000627641;180;"ALUÍZIO VIDAL FLOR";"ALUÍZIO VIDAL";"#NULO#";12;"APTO";2;"DEFERIDO";-3;"#NE";-3;"#NE";-3;"#NE";"COLIGAÇÃO";18;"REDE";"Rede Sustentabilidade";-1;"#NULO#";"#NULO#";"#NULO#";220000050763;"POR UMA RONDÔNIA QUE QUEREMOS";"REDE / PPS / PRP";"N";760;"Válido";760;4;"NÃO ELEITO"
"13/11/2024";"10:56:11";2018;2;"Eleição Ordinária";1;297;"ELEIÇÕES GERAIS ESTADUAIS 2018";"07/10/2018";"E";"RO";"RO";"RONDÔNIA";370;"NOVA BRASILÂNDIA D OESTE";15;5;"Senador";220000627641;180;"ALUÍZIO VIDAL FLOR";"ALUÍZIO VIDAL";"#NULO#";12;"APTO";2;"DEFERIDO";-3;"#NE";-3;"#NE";-3;"#NE";"COLIGAÇÃO";18;"REDE";"Rede Sustentabilidade";-1;"#NULO#";"#NULO#";"#NULO#";220000050763;"POR UMA RONDÔNIA QUE QUEREMOS";"REDE / PPS / PRP";"N";103;"Válido";103;4;"NÃO ELEITO"
"13/11/2024";"10:56:11";2018;2;"Eleição Ordinária";1;297;"ELEIÇÕES GERAIS ESTADUAIS 2018";"07/10/2018";"E";"RO";"RO";"RONDÔNIA";620;"CACAULÂNDIA";26;5;"Senador";220000627641;180;"ALUÍZIO VIDAL FLOR";"ALUÍZIO VIDAL";"#NULO#";12;"APTO";2;"DEFERIDO";-3;"#NE";-3;"#NE";-3;"#NE";"COLIGAÇÃO";18;"REDE";"Rede Sustentabilidade";-1;"#NULO#";"#NULO#";"#NULO#";220000050763;"POR UMA RONDÔNIA QUE QUEREMOS";"REDE / PPS / PRP";"N";62;"Válido";62;4;"NÃO ELEITO"
"13/11/2024";"10:56:11";2018;2;"Eleição Ordinária";1;297;"ELEIÇÕES GERAIS ESTADUAIS 2018";"07/10/2018";"E";"RO";"RO";"RONDÔNIA";639;"ALTO PARAÍSO";25;5;"Senador";220000627641;180;"ALUÍZIO VIDAL FLOR";"ALUÍZIO VIDAL";"#NULO#";12;"APTO";2;"DEFERIDO";-3;"#NE";-3;"#NE";-3;"#NE";"COLIGAÇÃO";18;"REDE";"Rede Sustentabilidade";-1;"#NULO#";"#NULO#";"#NULO#";220000050763;"POR UMA RONDÔNIA QUE QUEREMOS";"REDE / PPS / PRP";"N";326;"Válido";326;4;"NÃO ELEITO"
"13/11/2024";"10:56:11";2018;2;"Eleição Ordinária";1;297;"ELEIÇÕES GERAIS ESTADUAIS 2018";"07/10/2018";"E";"RO";"RO";"RONDÔNIA";647;"RIO CRESPO";26;3;"Governador";220000627640;18;"VINICIUS VALENTIN RADUAN MIGUEL";"VINICIUS MIGUEL";"#NULO#";12;"APTO";2;"DEFERIDO";-3;"#NE";-3;"#NE";-3;"#NE";"COLIGAÇÃO";18;"REDE";"Rede Sustentabilidade";-1;"#NULO#";"#NULO#";"#NULO#";220000050763;"POR UMA RONDÔNIA QUE QUEREMOS";"REDE / PPS / PRP";"N";57;"Válido";57;4;"NÃO ELEITO"
"13/11/2024";"10:56:11";2018;2;"Eleição Ordinária";1;297;"ELEIÇÕES GERAIS ESTADUAIS 2018";"07/10/2018";"E";"RO";"RO";"RONDÔNIA";612;"GOVERNADOR JORGE TEIXEIRA";27;3;"Governador";220000627640;18;"VINICIUS VALENTIN RADUAN MIGUEL";"VINICIUS MIGUEL";"#NULO#";12;"APTO";2;"DEFERIDO";-3;"#NE";-3;"#NE";-3;"#NE";"COLIGAÇÃO";18;"REDE";"Rede Sustentabilidade";-1;"#NULO#";"#NULO#";"#NULO#";220000050763;"POR UMA RONDÔNIA QUE QUEREMOS";"REDE / PPS / PRP";"N";111;"Válido";111;4;"NÃO ELEITO"
"13/11/2024";"10:56:11";2018;2;"Eleição Ordinária";1;297;"ELEIÇÕES GERAIS ESTADUAIS 2018";"07/10/2018";"E";"RO";"RO";"RONDÔNIA";620;"CACAULÂNDIA";26;3;"Governador";220000627640;18;"VINICIUS VALENTIN RADUAN MIGUEL";"VINICIUS MIGUEL";"#NULO#";12;"APTO";2;"DEFERIDO";-3;"#NE";-3;"#NE";-3;"#NE";"COLIGAÇÃO";18;"REDE";"Rede Sustentabilidade";-1;"#NULO#";"#NULO#";"#NULO#";220000050763;"POR UMA RONDÔNIA QUE QUEREMOS";"REDE / PPS / PRP";"N";103;"Válido";103;4;"NÃO ELEITO"
"13/11/2024";"10:56:11";2018;2;"Eleição Ordinária";1;297;"ELEIÇÕES GERAIS ESTADUAIS 2018";"07/10/2018";"E";"RO";"RO";"RONDÔNIA";639;"ALTO PARAÍSO";25;3;"Governador";220000627640;18;"VINICIUS VALENTIN RADUAN MIGUEL";"VINICIUS MIGUEL";"#NULO#";12;"APTO";2;"DEFERIDO";-3;"#NE";-3;"#NE";-3;"#NE";"COLIGAÇÃO";18;"REDE";"Rede Sustentabilidade";-1;"#NULO#";"#NULO#";"#NULO#";220000050763;"POR UMA RONDÔNIA QUE QUEREMOS";"REDE / PPS / PRP";"N";142;"Válido";142;4;"NÃO ELEITO"
"13/11/2024";"10:56:11";2018;2;"Eleição Ordinária";1;297;"ELEIÇÕES GERAIS ESTADUAIS 2018";"07/10/2018";"E";"RO";"RO";"RONDÔNIA";370;"NOVA BRASILÂNDIA D OESTE";15;3;"Governador";220000627640;18;"VINICIUS VALENTIN RADUAN MIGUEL";"VINICIUS MIGUEL";"#NULO#";12;"APTO";2;"DEFERIDO";-3;"#NE";-3;"#NE";-3;"#NE";"COLIGAÇÃO";18;"REDE";"Rede Sustentabilidade";-1;"#NULO#";"#NULO#";"#NULO#";220000050763;"POR UMA RONDÔNIA QUE QUEREMOS";"REDE / PPS / PRP";"N";342;"Válido";342;4;"NÃO ELEITO"
"13/11/2024";"10:56:11";2018;2;"Eleição Ordinária";1;297;"ELEIÇÕES GERAIS ESTADUAIS 2018";"07/10/2018";"E";"RO";"RO";"RONDÔNIA";477;"CANDEIAS DO JAMARI";21;3;"Governador";220000627640;18;"VINICIUS VALENTIN RADUAN MIGUEL";"VINICIUS MIGUEL";"#NULO#";12;"APTO";2;"DEFERIDO";-3;"#NE";-3;"#NE";-3;"#NE";"COLIGAÇÃO";18;"REDE";"Rede Sustentabilidade";-1;"#NULO#";"#NULO#";"#NULO#";220000050763;"POR UMA RONDÔNIA QUE QUEREMOS";"REDE / PPS / PRP";"N";1880;"Válido";1880;4;"NÃO ELEITO"
"13/11/2024";"10:56:11";2018;2;"Eleição Ordinária";1;297;"ELEIÇÕES GERAIS ESTADUAIS 2018";"07/10/2018";"E";"RO";"RO";"RONDÔNIA";493;"ITAPUÃ DO OESTE";2;5;"Senador";220000604628;111;"CARLOS MAGNO RAMOS";"CARLOS MAGNO";"#NULO#";12;"APTO";2;"DEFERIDO";-3;"#NE";-3;"#NE";-3;"#NE";"COLIGAÇÃO";11;"PP";"Partido Progressista";-1;"#NULO#";"#NULO#";"#NULO#";220000050134;"JUNTOS POR UM NOVO TEMPO PARA RONDONIA";"PDT / PSB / PTB / DC / PP / PR / SOLIDARIEDADE / PTC / PT";"N";698;"Válido";698;4;"NÃO ELEITO"
"13/11/2024";"10:56:11";2018;2;"Eleição Ordinária";1;297;"ELEIÇÕES GERAIS ESTADUAIS 2018";"07/10/2018";"E";"RO";"RO";"RONDÔNIA";450;"CABIXI";8;5;"Senador";220000604628;111;"CARLOS MAGNO RAMOS";"CARLOS MAGNO";"#NULO#";12;"APTO";2;"DEFERIDO";-3;"#NE";-3;"#NE";-3;"#NE";"COLIGAÇÃO";11;"PP";"Partido Progressista";-1;"#NULO#";"#NULO#";"#NULO#";220000050134;"JUNTOS POR UM NOVO TEMPO PARA RONDONIA";"PDT / PSB / PTB / DC / PP / PR / SOLIDARIEDADE / PTC / PT";"N";279;"Válido";279;4;"NÃO ELEITO"
"13/11/2024";"10:56:11";2018;2;"Eleição Ordinária";1;297;"ELEIÇÕES GERAIS ESTADUAIS 2018";"07/10/2018";"E";"RO";"RO";"RONDÔNIA";752;"TEIXEIRÓPOLIS";13;5;"Senador";220000604628;111;"CARLOS MAGNO RAMOS";"CARLOS MAGNO";"#NULO#";12;"APTO";2;"DEFERIDO";-3;"#NE";-3;"#NE";-3;"#NE";"COLIGAÇÃO";11;"PP";"Partido Progressista";-1;"#NULO#";"#NULO#";"#NULO#";220000050134;"JUNTOS POR UM NOVO TEMPO PARA RONDONIA";"PDT / PSB / PTB / DC / PP / PR / SOLIDARIEDADE / PTC / PT";"N";1013;"Válido";1013;4;"NÃO ELEITO"
"13/11/2024";"10:56:11";2018;2;"Eleição Ordinária";1;297;"ELEIÇÕES GERAIS ESTADUAIS 2018";"07/10/2018";"E";"RO";"RO";"RONDÔNIA";51;"JI-PARANÁ";30;5;"Senador";220000604628;111;"CARLOS MAGNO RAMOS";"CARLOS MAGNO";"#NULO#";12;"APTO";2;"DEFERIDO";-3;"#NE";-3;"#NE";-3;"#NE";"COLIGAÇÃO";11;"PP";"Partido Progressista";-1;"#NULO#";"#NULO#";"#NULO#";220000050134;"JUNTOS POR UM NOVO TEMPO PARA RONDONIA";"PDT / PSB / PTB / DC / PP / PR / SOLIDARIEDADE / PTC / PT";"N";7413;"Válido";7413;4;"NÃO ELEITO"
"13/11/2024";"10:56:11";2018;2;"Eleição Ordinária";1;297;"ELEIÇÕES GERAIS ESTADUAIS 2018";"07/10/2018";"E";"RO";"RO";"RONDÔNIA";418;"SÃO MIGUEL DO GUAPORÉ";35;5;"Senador";220000604628;111;"CARLOS MAGNO RAMOS";"CARLOS MAGNO";"#NULO#";12;"APTO";2;"DEFERIDO";-3;"#NE";-3;"#NE";-3;"#NE";"COLIGAÇÃO";11;"PP";"Partido Progressista";-1;"#NULO#";"#NULO#";"#NULO#";220000050134;"JUNTOS POR UM NOVO TEMPO PARA RONDONIA";"PDT / PSB / PTB / DC / PP / PR / SOLIDARIEDADE / PTC / PT";"N";1898;"Válido";1898;4;"NÃO ELEITO"
"13/11/2024";"10:56:11";2018;2;"Eleição Ordinária";1;297;"ELEIÇÕES GERAIS ESTADUAIS 2018";"07/10/2018";"E";"RO";"RO";"RONDÔNIA";51;"JI-PARANÁ";3;5;"Senador";220000604628;111;"CARLOS MAGNO RAMOS";"CARLOS MAGNO";"#NULO#";12;"APTO";2;"DEFERIDO";-3;"#NE";-3;"#NE";-3;"#NE";"COLIGAÇÃO";11;"PP";"Partido Progressista";-1;"#NULO#";"#NULO#";"#NULO#";220000050134;"JUNTOS POR UM NOVO TEMPO PARA RONDONIA";"PDT / PSB / PTB / DC / PP / PR / SOLIDARIEDADE / PTC / PT";"N";3750;"Válido";3750;4;"NÃO ELEITO"
"13/11/2024";"10:56:11";2018;2;"Eleição Ordinária";1;297;"ELEIÇÕES GERAIS ESTADUAIS 2018";"07/10/2018";"E";"RO";"RO";"RONDÔNIA";272;"CEREJEIRAS";16;5;"Senador";220000604628;111;"CARLOS MAGNO RAMOS";"CARLOS MAGNO";"#NULO#";12;"APTO";2;"DEFERIDO";-3;"#NE";-3;"#NE";-3;"#NE";"COLIGAÇÃO";11;"PP";"Partido Progressista";-1;"#NULO#";"#NULO#";"#NULO#";220000050134;"JUNTOS POR UM NOVO TEMPO PARA RONDONIA";"PDT / PSB / PTB / DC / PP / PR / SOLIDARIEDADE / PTC / PT";"N";1842;"Válido";1842;4;"NÃO ELEITO"
"13/11/2024";"10:56:11";2018;2;"Eleição Ordinária";1;297;"ELEIÇÕES GERAIS ESTADUAIS 2018";"07/10/2018";"E";"RO";"RO";"RONDÔNIA";744;"NOVA UNIÃO";28;5;"Senador";220000604628;111;"CARLOS MAGNO RAMOS";"CARLOS MAGNO";"#NULO#";12;"APTO";2;"DEFERIDO";-3;"#NE";-3;"#NE";-3;"#NE";"COLIGAÇÃO";11;"PP";"Partido Progressista";-1;"#NULO#";"#NULO#";"#NULO#";220000050134;"JUNTOS POR UM NOVO TEMPO PARA RONDONIA";"PDT / PSB / PTB / DC / PP / PR / SOLIDARIEDADE / PTC / PT";"N";1491;"Válido";1491;4;"NÃO ELEITO"
"13/11/2024";"10:56:11";2018;2;"Eleição Ordinária";1;297;"ELEIÇÕES GERAIS ESTADUAIS 2018";"07/10/2018";"E";"RO";"RO";"RONDÔNIA";582;"SERINGUEIRAS";35;5;"Senador";220000604628;111;"CARLOS MAGNO RAMOS";"CARLOS MAGNO";"#NULO#";12;"APTO";2;"DEFERIDO";-3;"#NE";-3;"#NE";-3;"#NE";"COLIGAÇÃO";11;"PP";"Partido Progressista";-1;"#NULO#";"#NULO#";"#NULO#";220000050134;"JUNTOS POR UM NOVO TEMPO PARA RONDONIA";"PDT / PSB / PTB / DC / PP / PR / SOLIDARIEDADE / PTC / PT";"N";1345;"Válido";1345;4;"NÃO ELEITO"
"13/11/2024";"10:56:11";2018;2;"Eleição Ordinária";1;297;"ELEIÇÕES GERAIS ESTADUAIS 2018";"07/10/2018";"E";"RO";"RO";"RONDÔNIA";787;"PIMENTEIRAS DO OESTE";16;5;"Senador";220000604628;111;"CARLOS MAGNO RAMOS";"CARLOS MAGNO";"#NULO#";12;"APTO";2;"DEFERIDO";-3;"#NE";-3;"#NE";-3;"#NE";"COLIGAÇÃO";11;"PP";"Partido Progressista";-1;"#NULO#";"#NULO#";"#NULO#";220000050134;"JUNTOS POR UM NOVO TEMPO PARA RONDONIA";"PDT / PSB / PTB / DC / PP / PR / SOLIDARIEDADE / PTC / PT";"N";409;"Válido";409;4;"NÃO ELEITO"
"13/11/2024";"10:56:11";2018;2;"Eleição Ordinária";1;297;"ELEIÇÕES GERAIS ESTADUAIS 2018";"07/10/2018";"E";"RO";"RO";"RONDÔNIA";434;"NOVA MAMORÉ";1;5;"Senador";220000604628;111;"CARLOS MAGNO RAMOS";"CARLOS MAGNO";"#NULO#";12;"APTO";2;"DEFERIDO";-3;"#NE";-3;"#NE";-3;"#NE";"COLIGAÇÃO";11;"PP";"Partido Progressista";-1;"#NULO#";"#NULO#";"#NULO#";220000050134;"JUNTOS POR UM NOVO TEMPO PARA RONDONIA";"PDT / PSB / PTB / DC / PP / PR / SOLIDARIEDADE / PTC / PT";"N";5974;"Válido";5974;4;"NÃO ELEITO"
"13/11/2024";"10:56:11";2018;2;"Eleição Ordinária";1;297;"ELEIÇÕES GERAIS ESTADUAIS 2018";"07/10/2018";"E";"RO";"RO";"RONDÔNIA";353;"SANTA LUZIA D OESTE";19;3;"Governador";220000618464;15;"MAURO DE CARVALHO";"MAURAO DE CARVALHO";"#NULO#";12;"APTO";2;"DEFERIDO";-3;"#NE";-3;"#NE";-3;"#NE";"COLIGAÇÃO";15;"MDB";"Movimento Democrático Brasileiro";-1;"#NULO#";"#NULO#";"#NULO#";220000050479;"RONDONIA, UNIDOS SOMOS FORTES ";"MDB / PODE / PMN / PSC / PC do B / PHS / PROS / PV";"N";945;"Válido";945;4;"NÃO ELEITO"
"13/11/2024";"10:56:11";2018;2;"Eleição Ordinária";1;297;"ELEIÇÕES GERAIS ESTADUAIS 2018";"07/10/2018";"E";"RO";"RO";"RONDÔNIA";590;"THEOBROMA";27;3;"Governador";220000618464;15;"MAURO DE CARVALHO";"MAURAO DE CARVALHO";"#NULO#";12;"APTO";2;"DEFERIDO";-3;"#NE";-3;"#NE";-3;"#NE";"COLIGAÇÃO";15;"MDB";"Movimento Democrático Brasileiro";-1;"#NULO#";"#NULO#";"#NULO#";220000050479;"RONDONIA, UNIDOS SOMOS FORTES ";"MDB / PODE / PMN / PSC / PC do B / PHS / PROS / PV";"N";1920;"Válido";1920;4;"NÃO ELEITO"
"13/11/2024";"10:56:11";2018;2;"Eleição Ordinária";1;297;"ELEIÇÕES GERAIS ESTADUAIS 2018";"07/10/2018";"E";"RO";"RO";"RONDÔNIA";175;"OURO PRETO DO OESTE";13;3;"Governador";220000618464;15;"MAURO DE CARVALHO";"MAURAO DE CARVALHO";"#NULO#";12;"APTO";2;"DEFERIDO";-3;"#NE";-3;"#NE";-3;"#NE";"COLIGAÇÃO";15;"MDB";"Movimento Democrático Brasileiro";-1;"#NULO#";"#NULO#";"#NULO#";220000050479;"RONDONIA, UNIDOS SOMOS FORTES ";"MDB / PODE / PMN / PSC / PC do B / PHS / PROS / PV";"N";3138;"Válido";3138;4;"NÃO ELEITO"
"13/11/2024";"10:56:11";2018;2;"Eleição Ordinária";1;297;"ELEIÇÕES GERAIS ESTADUAIS 2018";"07/10/2018";"E";"RO";"RO";"RONDÔNIA";213;"COSTA MARQUES";5;3;"Governador";220000618464;15;"MAURO DE CARVALHO";"MAURAO DE CARVALHO";"#NULO#";12;"APTO";2;"DEFERIDO";-3;"#NE";-3;"#NE";-3;"#NE";"COLIGAÇÃO";15;"MDB";"Movimento Democrático Brasileiro";-1;"#NULO#";"#NULO#";"#NULO#";220000050479;"RONDONIA, UNIDOS SOMOS FORTES ";"MDB / PODE / PMN / PSC / PC do B / PHS / PROS / PV";"N";1759;"Válido";1759;4;"NÃO ELEITO"
"13/11/2024";"10:56:11";2018;2;"Eleição Ordinária";1;297;"ELEIÇÕES GERAIS ESTADUAIS 2018";"07/10/2018";"E";"RO";"RO";"RONDÔNIA";680;"CUJUBIM";26;5;"Senador";220000600266;300;"FABRICIO GRISI MÉDICI JURADO";"FABRICIO JURADO";"#NULO#";12;"APTO";2;"DEFERIDO";-3;"#NE";-3;"#NE";-3;"#NE";"PARTIDO ISOLADO";30;"NOVO";"Partido Novo";-1;"#NULO#";"#NULO#";"#NULO#";220000050014;"PARTIDO ISOLADO";"NOVO";"N";43;"Válido";43;4;"NÃO ELEITO"
"13/11/2024";"10:56:11";2018;2;"Eleição Ordinária";1;297;"ELEIÇÕES GERAIS ESTADUAIS 2018";"07/10/2018";"E";"RO";"RO";"RONDÔNIA";515;"NOVO HORIZONTE DO OESTE";15;5;"Senador";220000600266;300;"FABRICIO GRISI MÉDICI JURADO";"FABRICIO JURADO";"#NULO#";12;"APTO";2;"DEFERIDO";-3;"#NE";-3;"#NE";-3;"#NE";"PARTIDO ISOLADO";30;"NOVO";"Partido Novo";-1;"#NULO#";"#NULO#";"#NULO#";220000050014;"PARTIDO ISOLADO";"NOVO";"N";91;"Válido";91;4;"NÃO ELEITO"
"13/11/2024";"10:56:11";2018;2;"Eleição Ordinária";1;297;"ELEIÇÕES GERAIS ESTADUAIS 2018";"07/10/2018";"E";"RO";"RO";"RONDÔNIA";701;"PARECIS";19;5;"Senador";220000600266;300;"FABRICIO GRISI MÉDICI JURADO";"FABRICIO JURADO";"#NULO#";12;"APTO";2;"DEFERIDO";-3;"#NE";-3;"#NE";-3;"#NE";"PARTIDO ISOLADO";30;"NOVO";"Partido Novo";-1;"#NULO#";"#NULO#";"#NULO#";220000050014;"PARTIDO ISOLADO";"NOVO";"N";32;"Válido";32;4;"NÃO ELEITO"
"13/11/2024";"10:56:11";2018;2;"Eleição Ordinária";1;297;"ELEIÇÕES GERAIS ESTADUAIS 2018";"07/10/2018";"E";"RO";"RO";"RONDÔNIA";655;"CORUMBIARA";16;5;"Senador";220000600266;300;"FABRICIO GRISI MÉDICI JURADO";"FABRICIO JURADO";"#NULO#";12;"APTO";2;"DEFERIDO";-3;"#NE";-3;"#NE";-3;"#NE";"PARTIDO ISOLADO";30;"NOVO";"Partido Novo";-1;"#NULO#";"#NULO#";"#NULO#";220000050014;"PARTIDO ISOLADO";"NOVO";"N";32;"Válido";32;4;"NÃO ELEITO"
"13/11/2024";"10:56:11";2018;2;"Eleição Ordinária";1;297;"ELEIÇÕES GERAIS ESTADUAIS 2018";"07/10/2018";"E";"RO";"RO";"RONDÔNIA";116;"PIMENTA BUENO";9;5;"Senador";220000600266;300;"FABRICIO GRISI MÉDICI JURADO";"FABRICIO JURADO";"#NULO#";12;"APTO";2;"DEFERIDO";-3;"#NE";-3;"#NE";-3;"#NE";"PARTIDO ISOLADO";30;"NOVO";"Partido Novo";-1;"#NULO#";"#NULO#";"#NULO#";220000050014;"PARTIDO ISOLADO";"NOVO";"N";844;"Válido";844;4;"NÃO ELEITO"
"13/11/2024";"10:56:11";2018;2;"Eleição Ordinária";1;297;"ELEIÇÕES GERAIS ESTADUAIS 2018";"07/10/2018";"E";"RO";"RO";"RONDÔNIA";94;"CACOAL";11;5;"Senador";220000600266;300;"FABRICIO GRISI MÉDICI JURADO";"FABRICIO JURADO";"#NULO#";12;"APTO";2;"DEFERIDO";-3;"#NE";-3;"#NE";-3;"#NE";"PARTIDO ISOLADO";30;"NOVO";"Partido Novo";-1;"#NULO#";"#NULO#";"#NULO#";220000050014;"PARTIDO ISOLADO";"NOVO";"N";2214;"Válido";2214;4;"NÃO ELEITO"
"13/11/2024";"10:56:11";2018;2;"Eleição Ordinária";1;297;"ELEIÇÕES GERAIS ESTADUAIS 2018";"07/10/2018";"E";"RO";"RO";"RONDÔNIA";655;"CORUMBIARA";16;5;"Senador";220000627641;180;"ALUÍZIO VIDAL FLOR";"ALUÍZIO VIDAL";"#NULO#";12;"APTO";2;"DEFERIDO";-3;"#NE";-3;"#NE";-3;"#NE";"COLIGAÇÃO";18;"REDE";"Rede Sustentabilidade";-1;"#NULO#";"#NULO#";"#NULO#";220000050763;"POR UMA RONDÔNIA QUE QUEREMOS";"REDE / PPS / PRP";"N";48;"Válido";48;4;"NÃO ELEITO"
"13/11/2024";"10:56:11";2018;2;"Eleição Ordinária";1;297;"ELEIÇÕES GERAIS ESTADUAIS 2018";"07/10/2018";"E";"RO";"RO";"RONDÔNIA";116;"PIMENTA BUENO";9;5;"Senador";220000627641;180;"ALUÍZIO VIDAL FLOR";"ALUÍZIO VIDAL";"#NULO#";12;"APTO";2;"DEFERIDO";-3;"#NE";-3;"#NE";-3;"#NE";"COLIGAÇÃO";18;"REDE";"Rede Sustentabilidade";-1;"#NULO#";"#NULO#";"#NULO#";220000050763;"POR UMA RONDÔNIA QUE QUEREMOS";"REDE / PPS / PRP";"N";489;"Válido";489;4;"NÃO ELEITO"
"13/11/2024";"10:56:11";2018;2;"Eleição Ordinária";1;297;"ELEIÇÕES GERAIS ESTADUAIS 2018";"07/10/2018";"E";"RO";"RO";"RONDÔNIA";94;"CACOAL";11;5;"Senador";220000627641;180;"ALUÍZIO VIDAL FLOR";"ALUÍZIO VIDAL";"#NULO#";12;"APTO";2;"DEFERIDO";-3;"#NE";-3;"#NE";-3;"#NE";"COLIGAÇÃO";18;"REDE";"Rede Sustentabilidade";-1;"#NULO#";"#NULO#";"#NULO#";220000050763;"POR UMA RONDÔNIA QUE QUEREMOS";"REDE / PPS / PRP";"N";1401;"Válido";1401;4;"NÃO ELEITO"
"13/11/2024";"10:56:11";2018;2;"Eleição Ordinária";1;297;"ELEIÇÕES GERAIS ESTADUAIS 2018";"07/10/2018";"E";"RO";"RO";"RONDÔNIA";701;"PARECIS";19;5;"Senador";220000627641;180;"ALUÍZIO VIDAL FLOR";"ALUÍZIO VIDAL";"#NULO#";12;"APTO";2;"DEFERIDO";-3;"#NE";-3;"#NE";-3;"#NE";"COLIGAÇÃO";18;"REDE";"Rede Sustentabilidade";-1;"#NULO#";"#NULO#";"#NULO#";220000050763;"POR UMA RONDÔNIA QUE QUEREMOS";"REDE / PPS / PRP";"N";10;"Válido";10;4;"NÃO ELEITO"
"13/11/2024";"10:56:11";2018;2;"Eleição Ordinária";1;297;"ELEIÇÕES GERAIS ESTADUAIS 2018";"07/10/2018";"E";"RO";"RO";"RONDÔNIA";515;"NOVO HORIZONTE DO OESTE";15;5;"Senador";220000627641;180;"ALUÍZIO VIDAL FLOR";"ALUÍZIO VIDAL";"#NULO#";12;"APTO";2;"DEFERIDO";-3;"#NE";-3;"#NE";-3;"#NE";"COLIGAÇÃO";18;"REDE";"Rede Sustentabilidade";-1;"#NULO#";"#NULO#";"#NULO#";220000050763;"POR UMA RONDÔNIA QUE QUEREMOS";"REDE / PPS / PRP";"N";50;"Válido";50;4;"NÃO ELEITO"
"13/11/2024";"10:56:11";2018;2;"Eleição Ordinária";1;297;"ELEIÇÕES GERAIS ESTADUAIS 2018";"07/10/2018";"E";"RO";"RO";"RONDÔNIA";680;"CUJUBIM";26;5;"Senador";220000627641;180;"ALUÍZIO VIDAL FLOR";"ALUÍZIO VIDAL";"#NULO#";12;"APTO";2;"DEFERIDO";-3;"#NE";-3;"#NE";-3;"#NE";"COLIGAÇÃO";18;"REDE";"Rede Sustentabilidade";-1;"#NULO#";"#NULO#";"#NULO#";220000050763;"POR UMA RONDÔNIA QUE QUEREMOS";"REDE / PPS / PRP";"N";149;"Válido";149;4;"NÃO ELEITO"
"13/11/2024";"10:56:11";2018;2;"Eleição Ordinária";1;297;"ELEIÇÕES GERAIS ESTADUAIS 2018";"07/10/2018";"E";"RO";"RO";"RONDÔNIA";701;"PARECIS";19;3;"Governador";220000627640;18;"VINICIUS VALENTIN RADUAN MIGUEL";"VINICIUS MIGUEL";"#NULO#";12;"APTO";2;"DEFERIDO";-3;"#NE";-3;"#NE";-3;"#NE";"COLIGAÇÃO";18;"REDE";"Rede Sustentabilidade";-1;"#NULO#";"#NULO#";"#NULO#";220000050763;"POR UMA RONDÔNIA QUE QUEREMOS";"REDE / PPS / PRP";"N";49;"Válido";49;4;"NÃO ELEITO"
"13/11/2024";"10:56:11";2018;2;"Eleição Ordinária";1;297;"ELEIÇÕES GERAIS ESTADUAIS 2018";"07/10/2018";"E";"RO";"RO";"RONDÔNIA";680;"CUJUBIM";26;3;"Governador";220000627640;18;"VINICIUS VALENTIN RADUAN MIGUEL";"VINICIUS MIGUEL";"#NULO#";12;"APTO";2;"DEFERIDO";-3;"#NE";-3;"#NE";-3;"#NE";"COLIGAÇÃO";18;"REDE";"Rede Sustentabilidade";-1;"#NULO#";"#NULO#";"#NULO#";220000050763;"POR UMA RONDÔNIA QUE QUEREMOS";"REDE / PPS / PRP";"N";138;"Válido";138;4;"NÃO ELEITO"
"13/11/2024";"10:56:11";2018;2;"Eleição Ordinária";1;297;"ELEIÇÕES GERAIS ESTADUAIS 2018";"07/10/2018";"E";"RO";"RO";"RONDÔNIA";94;"CACOAL";11;3;"Governador";220000627640;18;"VINICIUS VALENTIN RADUAN MIGUEL";"VINICIUS MIGUEL";"#NULO#";12;"APTO";2;"DEFERIDO";-3;"#NE";-3;"#NE";-3;"#NE";"COLIGAÇÃO";18;"REDE";"Rede Sustentabilidade";-1;"#NULO#";"#NULO#";"#NULO#";220000050763;"POR UMA RONDÔNIA QUE QUEREMOS";"REDE / PPS / PRP";"N";8091;"Válido";8091;4;"NÃO ELEITO"
"13/11/2024";"10:56:11";2018;2;"Eleição Ordinária";1;297;"ELEIÇÕES GERAIS ESTADUAIS 2018";"07/10/2018";"E";"RO";"RO";"RONDÔNIA";655;"CORUMBIARA";16;3;"Governador";220000627640;18;"VINICIUS VALENTIN RADUAN MIGUEL";"VINICIUS MIGUEL";"#NULO#";12;"APTO";2;"DEFERIDO";-3;"#NE";-3;"#NE";-3;"#NE";"COLIGAÇÃO";18;"REDE";"Rede Sustentabilidade";-1;"#NULO#";"#NULO#";"#NULO#";220000050763;"POR UMA RONDÔNIA QUE QUEREMOS";"REDE / PPS / PRP";"N";71;"Válido";71;4;"NÃO ELEITO"
"13/11/2024";"10:56:11";2018;2;"Eleição Ordinária";1;297;"ELEIÇÕES GERAIS ESTADUAIS 2018";"07/10/2018";"E";"RO";"RO";"RONDÔNIA";515;"NOVO HORIZONTE DO OESTE";15;3;"Governador";220000627640;18;"VINICIUS VALENTIN RADUAN MIGUEL";"VINICIUS MIGUEL";"#NULO#";12;"APTO";2;"DEFERIDO";-3;"#NE";-3;"#NE";-3;"#NE";"COLIGAÇÃO";18;"REDE";"Rede Sustentabilidade";-1;"#NULO#";"#NULO#";"#NULO#";220000050763;"POR UMA RONDÔNIA QUE QUEREMOS";"REDE / PPS / PRP";"N";115;"Válido";115;4;"NÃO ELEITO"
"13/11/2024";"10:56:11";2018;2;"Eleição Ordinária";1;297;"ELEIÇÕES GERAIS ESTADUAIS 2018";"07/10/2018";"E";"RO";"RO";"RONDÔNIA";116;"PIMENTA BUENO";9;3;"Governador";220000627640;18;"VINICIUS VALENTIN RADUAN MIGUEL";"VINICIUS MIGUEL";"#NULO#";12;"APTO";2;"DEFERIDO";-3;"#NE";-3;"#NE";-3;"#NE";"COLIGAÇÃO";18;"REDE";"Rede Sustentabilidade";-1;"#NULO#";"#NULO#";"#NULO#";220000050763;"POR UMA RONDÔNIA QUE QUEREMOS";"REDE / PPS / PRP";"N";1486;"Válido";1486;4;"NÃO ELEITO"
"13/11/2024";"10:56:11";2018;2;"Eleição Ordinária";1;297;"ELEIÇÕES GERAIS ESTADUAIS 2018";"07/10/2018";"E";"RO";"RO";"RONDÔNIA";353;"SANTA LUZIA D OESTE";19;5;"Senador";220000627641;180;"ALUÍZIO VIDAL FLOR";"ALUÍZIO VIDAL";"#NULO#";12;"APTO";2;"DEFERIDO";-3;"#NE";-3;"#NE";-3;"#NE";"COLIGAÇÃO";18;"REDE";"Rede Sustentabilidade";-1;"#NULO#";"#NULO#";"#NULO#";220000050763;"POR UMA RONDÔNIA QUE QUEREMOS";"REDE / PPS / PRP";"N";107;"Válido";107;4;"NÃO ELEITO"
"13/11/2024";"10:56:11";2018;2;"Eleição Ordinária";1;297;"ELEIÇÕES GERAIS ESTADUAIS 2018";"07/10/2018";"E";"RO";"RO";"RONDÔNIA";663;"MONTE NEGRO";25;5;"Senador";220000627641;180;"ALUÍZIO VIDAL FLOR";"ALUÍZIO VIDAL";"#NULO#";12;"APTO";2;"DEFERIDO";-3;"#NE";-3;"#NE";-3;"#NE";"COLIGAÇÃO";18;"REDE";"Rede Sustentabilidade";-1;"#NULO#";"#NULO#";"#NULO#";220000050763;"POR UMA RONDÔNIA QUE QUEREMOS";"REDE / PPS / PRP";"N";65;"Válido";65;4;"NÃO ELEITO"
"13/11/2024";"10:56:11";2018;2;"Eleição Ordinária";1;297;"ELEIÇÕES GERAIS ESTADUAIS 2018";"07/10/2018";"E";"RO";"RO";"RONDÔNIA";175;"OURO PRETO DO OESTE";13;5;"Senador";220000627641;180;"ALUÍZIO VIDAL FLOR";"ALUÍZIO VIDAL";"#NULO#";12;"APTO";2;"DEFERIDO";-3;"#NE";-3;"#NE";-3;"#NE";"COLIGAÇÃO";18;"REDE";"Rede Sustentabilidade";-1;"#NULO#";"#NULO#";"#NULO#";220000050763;"POR UMA RONDÔNIA QUE QUEREMOS";"REDE / PPS / PRP";"N";575;"Válido";575;4;"NÃO ELEITO"
"13/11/2024";"10:56:11";2018;2;"Eleição Ordinária";1;297;"ELEIÇÕES GERAIS ESTADUAIS 2018";"07/10/2018";"E";"RO";"RO";"RONDÔNIA";256;"ESPIGÃO DO OESTE";12;5;"Senador";220000627641;180;"ALUÍZIO VIDAL FLOR";"ALUÍZIO VIDAL";"#NULO#";12;"APTO";2;"DEFERIDO";-3;"#NE";-3;"#NE";-3;"#NE";"COLIGAÇÃO";18;"REDE";"Rede Sustentabilidade";-1;"#NULO#";"#NULO#";"#NULO#";220000050763;"POR UMA RONDÔNIA QUE QUEREMOS";"REDE / PPS / PRP";"N";304;"Válido";304;4;"NÃO ELEITO"
"13/11/2024";"10:56:11";2018;2;"Eleição Ordinária";1;297;"ELEIÇÕES GERAIS ESTADUAIS 2018";"07/10/2018";"E";"RO";"RO";"RONDÔNIA";191;"PRESIDENTE MÉDICI";3;5;"Senador";220000627641;180;"ALUÍZIO VIDAL FLOR";"ALUÍZIO VIDAL";"#NULO#";12;"APTO";2;"DEFERIDO";-3;"#NE";-3;"#NE";-3;"#NE";"COLIGAÇÃO";18;"REDE";"Rede Sustentabilidade";-1;"#NULO#";"#NULO#";"#NULO#";220000050763;"POR UMA RONDÔNIA QUE QUEREMOS";"REDE / PPS / PRP";"N";413;"Válido";413;4;"NÃO ELEITO"
"13/11/2024";"10:56:11";2018;2;"Eleição Ordinária";1;297;"ELEIÇÕES GERAIS ESTADUAIS 2018";"07/10/2018";"E";"RO";"RO";"RONDÔNIA";299;"ROLIM DE MOURA";29;5;"Senador";220000627641;180;"ALUÍZIO VIDAL FLOR";"ALUÍZIO VIDAL";"#NULO#";12;"APTO";2;"DEFERIDO";-3;"#NE";-3;"#NE";-3;"#NE";"COLIGAÇÃO";18;"REDE";"Rede Sustentabilidade";-1;"#NULO#";"#NULO#";"#NULO#";220000050763;"POR UMA RONDÔNIA QUE QUEREMOS";"REDE / PPS / PRP";"N";680;"Válido";680;4;"NÃO ELEITO"
"13/11/2024";"10:56:11";2018;2;"Eleição Ordinária";1;297;"ELEIÇÕES GERAIS ESTADUAIS 2018";"07/10/2018";"E";"RO";"RO";"RONDÔNIA";590;"THEOBROMA";27;5;"Senador";220000627641;180;"ALUÍZIO VIDAL FLOR";"ALUÍZIO VIDAL";"#NULO#";12;"APTO";2;"DEFERIDO";-3;"#NE";-3;"#NE";-3;"#NE";"COLIGAÇÃO";18;"REDE";"Rede Sustentabilidade";-1;"#NULO#";"#NULO#";"#NULO#";220000050763;"POR UMA RONDÔNIA QUE QUEREMOS";"REDE / PPS / PRP";"N";98;"Válido";98;4;"NÃO ELEITO"
"13/11/2024";"10:56:11";2018;2;"Eleição Ordinária";1;297;"ELEIÇÕES GERAIS ESTADUAIS 2018";"07/10/2018";"E";"RO";"RO";"RONDÔNIA";19;"GUAJARÁ-MIRIM";1;5;"Senador";220000627641;180;"ALUÍZIO VIDAL FLOR";"ALUÍZIO VIDAL";"#NULO#";12;"APTO";2;"DEFERIDO";-3;"#NE";-3;"#NE";-3;"#NE";"COLIGAÇÃO";18;"REDE";"Rede Sustentabilidade";-1;"#NULO#";"#NULO#";"#NULO#";220000050763;"POR UMA RONDÔNIA QUE QUEREMOS";"REDE / PPS / PRP";"N";735;"Válido";735;4;"NÃO ELEITO"
"13/11/2024";"10:56:11";2018;2;"Eleição Ordinária";1;297;"ELEIÇÕES GERAIS ESTADUAIS 2018";"07/10/2018";"E";"RO";"RO";"RONDÔNIA";213;"COSTA MARQUES";5;5;"Senador";220000627641;180;"ALUÍZIO VIDAL FLOR";"ALUÍZIO VIDAL";"#NULO#";12;"APTO";2;"DEFERIDO";-3;"#NE";-3;"#NE";-3;"#NE";"COLIGAÇÃO";18;"REDE";"Rede Sustentabilidade";-1;"#NULO#";"#NULO#";"#NULO#";220000050763;"POR UMA RONDÔNIA QUE QUEREMOS";"REDE / PPS / PRP";"N";66;"Válido";66;4;"NÃO ELEITO"
"13/11/2024";"10:56:11";2018;2;"Eleição Ordinária";1;297;"ELEIÇÕES GERAIS ESTADUAIS 2018";"07/10/2018";"E";"RO";"RO";"RONDÔNIA";337;"ALVORADA DO OESTE";18;5;"Senador";220000627641;180;"ALUÍZIO VIDAL FLOR";"ALUÍZIO VIDAL";"#NULO#";12;"APTO";2;"DEFERIDO";-3;"#NE";-3;"#NE";-3;"#NE";"COLIGAÇÃO";18;"REDE";"Rede Sustentabilidade";-1;"#NULO#";"#NULO#";"#NULO#";220000050763;"POR UMA RONDÔNIA QUE QUEREMOS";"REDE / PPS / PRP";"N";175;"Válido";175;4;"NÃO ELEITO"
"13/11/2024";"10:56:11";2018;2;"Eleição Ordinária";1;297;"ELEIÇÕES GERAIS ESTADUAIS 2018";"07/10/2018";"E";"RO";"RO";"RONDÔNIA";590;"THEOBROMA";27;3;"Governador";220000627640;18;"VINICIUS VALENTIN RADUAN MIGUEL";"VINICIUS MIGUEL";"#NULO#";12;"APTO";2;"DEFERIDO";-3;"#NE";-3;"#NE";-3;"#NE";"COLIGAÇÃO";18;"REDE";"Rede Sustentabilidade";-1;"#NULO#";"#NULO#";"#NULO#";220000050763;"POR UMA RONDÔNIA QUE QUEREMOS";"REDE / PPS / PRP";"N";70;"Válido";70;4;"NÃO ELEITO"
"13/11/2024";"10:56:11";2018;2;"Eleição Ordinária";1;297;"ELEIÇÕES GERAIS ESTADUAIS 2018";"07/10/2018";"E";"RO";"RO";"RONDÔNIA";19;"GUAJARÁ-MIRIM";1;3;"Governador";220000627640;18;"VINICIUS VALENTIN RADUAN MIGUEL";"VINICIUS MIGUEL";"#NULO#";12;"APTO";2;"DEFERIDO";-3;"#NE";-3;"#NE";-3;"#NE";"COLIGAÇÃO";18;"REDE";"Rede Sustentabilidade";-1;"#NULO#";"#NULO#";"#NULO#";220000050763;"POR UMA RONDÔNIA QUE QUEREMOS";"REDE / PPS / PRP";"N";1671;"Válido";1671;4;"NÃO ELEITO"
"13/11/2024";"10:56:11";2018;2;"Eleição Ordinária";1;297;"ELEIÇÕES GERAIS ESTADUAIS 2018";"07/10/2018";"E";"RO";"RO";"RONDÔNIA";256;"ESPIGÃO DO OESTE";12;3;"Governador";220000627640;18;"VINICIUS VALENTIN RADUAN MIGUEL";"VINICIUS MIGUEL";"#NULO#";12;"APTO";2;"DEFERIDO";-3;"#NE";-3;"#NE";-3;"#NE";"COLIGAÇÃO";18;"REDE";"Rede Sustentabilidade";-1;"#NULO#";"#NULO#";"#NULO#";220000050763;"POR UMA RONDÔNIA QUE QUEREMOS";"REDE / PPS / PRP";"N";1178;"Válido";1178;4;"NÃO ELEITO"
"13/11/2024";"10:56:11";2018;2;"Eleição Ordinária";1;297;"ELEIÇÕES GERAIS ESTADUAIS 2018";"07/10/2018";"E";"RO";"RO";"RONDÔNIA";175;"OURO PRETO DO OESTE";13;3;"Governador";220000627640;18;"VINICIUS VALENTIN RADUAN MIGUEL";"VINICIUS MIGUEL";"#NULO#";12;"APTO";2;"DEFERIDO";-3;"#NE";-3;"#NE";-3;"#NE";"COLIGAÇÃO";18;"REDE";"Rede Sustentabilidade";-1;"#NULO#";"#NULO#";"#NULO#";220000050763;"POR UMA RONDÔNIA QUE QUEREMOS";"REDE / PPS / PRP";"N";2018;"Válido";2018;4;"NÃO ELEITO"
"13/11/2024";"10:56:11";2018;2;"Eleição Ordinária";1;297;"ELEIÇÕES GERAIS ESTADUAIS 2018";"07/10/2018";"E";"RO";"RO";"RONDÔNIA";191;"PRESIDENTE MÉDICI";3;3;"Governador";220000627640;18;"VINICIUS VALENTIN RADUAN MIGUEL";"VINICIUS MIGUEL";"#NULO#";12;"APTO";2;"DEFERIDO";-3;"#NE";-3;"#NE";-3;"#NE";"COLIGAÇÃO";18;"REDE";"Rede Sustentabilidade";-1;"#NULO#";"#NULO#";"#NULO#";220000050763;"POR UMA RONDÔNIA QUE QUEREMOS";"REDE / PPS / PRP";"N";624;"Válido";624;4;"NÃO ELEITO"
"13/11/2024";"10:56:11";2018;2;"Eleição Ordinária";1;297;"ELEIÇÕES GERAIS ESTADUAIS 2018";"07/10/2018";"E";"RO";"RO";"RONDÔNIA";663;"MONTE NEGRO";25;3;"Governador";220000627640;18;"VINICIUS VALENTIN RADUAN MIGUEL";"VINICIUS MIGUEL";"#NULO#";12;"APTO";2;"DEFERIDO";-3;"#NE";-3;"#NE";-3;"#NE";"COLIGAÇÃO";18;"REDE";"Rede Sustentabilidade";-1;"#NULO#";"#NULO#";"#NULO#";220000050763;"POR UMA RONDÔNIA QUE QUEREMOS";"REDE / PPS / PRP";"N";240;"Válido";240;4;"NÃO ELEITO"
"13/11/2024";"10:56:11";2018;2;"Eleição Ordinária";1;297;"ELEIÇÕES GERAIS ESTADUAIS 2018";"07/10/2018";"E";"RO";"RO";"RONDÔNIA";213;"COSTA MARQUES";5;3;"Governador";220000627640;18;"VINICIUS VALENTIN RADUAN MIGUEL";"VINICIUS MIGUEL";"#NULO#";12;"APTO";2;"DEFERIDO";-3;"#NE";-3;"#NE";-3;"#NE";"COLIGAÇÃO";18;"REDE";"Rede Sustentabilidade";-1;"#NULO#";"#NULO#";"#NULO#";220000050763;"POR UMA RONDÔNIA QUE QUEREMOS";"REDE / PPS / PRP";"N";94;"Válido";94;4;"NÃO ELEITO"
"13/11/2024";"10:56:11";2018;2;"Eleição Ordinária";1;297;"ELEIÇÕES GERAIS ESTADUAIS 2018";"07/10/2018";"E";"RO";"RO";"RONDÔNIA";353;"SANTA LUZIA D OESTE";19;3;"Governador";220000627640;18;"VINICIUS VALENTIN RADUAN MIGUEL";"VINICIUS MIGUEL";"#NULO#";12;"APTO";2;"DEFERIDO";-3;"#NE";-3;"#NE";-3;"#NE";"COLIGAÇÃO";18;"REDE";"Rede Sustentabilidade";-1;"#NULO#";"#NULO#";"#NULO#";220000050763;"POR UMA RONDÔNIA QUE QUEREMOS";"REDE / PPS / PRP";"N";245;"Válido";245;4;"NÃO ELEITO"
"13/11/2024";"10:56:11";2018;2;"Eleição Ordinária";1;297;"ELEIÇÕES GERAIS ESTADUAIS 2018";"07/10/2018";"E";"RO";"RO";"RONDÔNIA";337;"ALVORADA DO OESTE";18;3;"Governador";220000627640;18;"VINICIUS VALENTIN RADUAN MIGUEL";"VINICIUS MIGUEL";"#NULO#";12;"APTO";2;"DEFERIDO";-3;"#NE";-3;"#NE";-3;"#NE";"COLIGAÇÃO";18;"REDE";"Rede Sustentabilidade";-1;"#NULO#";"#NULO#";"#NULO#";220000050763;"POR UMA RONDÔNIA QUE QUEREMOS";"REDE / PPS / PRP";"N";439;"Válido";439;4;"NÃO ELEITO"
"13/11/2024";"10:56:11";2018;2;"Eleição Ordinária";1;297;"ELEIÇÕES GERAIS ESTADUAIS 2018";"07/10/2018";"E";"RO";"RO";"RONDÔNIA";299;"ROLIM DE MOURA";29;3;"Governador";220000627640;18;"VINICIUS VALENTIN RADUAN MIGUEL";"VINICIUS MIGUEL";"#NULO#";12;"APTO";2;"DEFERIDO";-3;"#NE";-3;"#NE";-3;"#NE";"COLIGAÇÃO";18;"REDE";"Rede Sustentabilidade";-1;"#NULO#";"#NULO#";"#NULO#";220000050763;"POR UMA RONDÔNIA QUE QUEREMOS";"REDE / PPS / PRP";"N";2292;"Válido";2292;4;"NÃO ELEITO"
"13/11/2024";"10:56:11";2018;2;"Eleição Ordinária";1;297;"ELEIÇÕES GERAIS ESTADUAIS 2018";"07/10/2018";"E";"RO";"RO";"RONDÔNIA";230;"COLORADO DO OESTE";8;3;"Governador";220000609850;45;"EXPEDITO GONÇALVES FERREIRA JUNIOR";"EXPEDITO JUNIOR";"#NULO#";12;"APTO";2;"DEFERIDO";-3;"#NE";-3;"#NE";-3;"#NE";"COLIGAÇÃO";45;"PSDB";"Partido da Social Democracia Brasileira";-1;"#NULO#";"#NULO#";"#NULO#";220000050260;"RONDÔNIA, ESPERANÇA DE UM NOVO TEMPO";"PSDB / DEM / PSD / PRB / PATRI";"N";3364;"Válido";3364;6;"2º TURNO"
"13/11/2024";"10:56:11";2018;2;"Eleição Ordinária";1;297;"ELEIÇÕES GERAIS ESTADUAIS 2018";"07/10/2018";"E";"RO";"RO";"RONDÔNIA";159;"JARU";10;3;"Governador";220000609850;45;"EXPEDITO GONÇALVES FERREIRA JUNIOR";"EXPEDITO JUNIOR";"#NULO#";12;"APTO";2;"DEFERIDO";-3;"#NE";-3;"#NE";-3;"#NE";"COLIGAÇÃO";45;"PSDB";"Partido da Social Democracia Brasileira";-1;"#NULO#";"#NULO#";"#NULO#";220000050260;"RONDÔNIA, ESPERANÇA DE UM NOVO TEMPO";"PSDB / DEM / PSD / PRB / PATRI";"N";9013;"Válido";9013;6;"2º TURNO"
"13/11/2024";"10:56:11";2018;2;"Eleição Ordinária";1;297;"ELEIÇÕES GERAIS ESTADUAIS 2018";"07/10/2018";"E";"RO";"RO";"RONDÔNIA";78;"ARIQUEMES";7;3;"Governador";220000609850;45;"EXPEDITO GONÇALVES FERREIRA JUNIOR";"EXPEDITO JUNIOR";"#NULO#";12;"APTO";2;"DEFERIDO";-3;"#NE";-3;"#NE";-3;"#NE";"COLIGAÇÃO";45;"PSDB";"Partido da Social Democracia Brasileira";-1;"#NULO#";"#NULO#";"#NULO#";220000050260;"RONDÔNIA, ESPERANÇA DE UM NOVO TEMPO";"PSDB / DEM / PSD / PRB / PATRI";"N";12184;"Válido";12184;6;"2º TURNO"
"13/11/2024";"10:56:11";2018;2;"Eleição Ordinária";1;297;"ELEIÇÕES GERAIS ESTADUAIS 2018";"07/10/2018";"E";"RO";"RO";"RONDÔNIA";132;"VILHENA";4;3;"Governador";220000609850;45;"EXPEDITO GONÇALVES FERREIRA JUNIOR";"EXPEDITO JUNIOR";"#NULO#";12;"APTO";2;"DEFERIDO";-3;"#NE";-3;"#NE";-3;"#NE";"COLIGAÇÃO";45;"PSDB";"Partido da Social Democracia Brasileira";-1;"#NULO#";"#NULO#";"#NULO#";220000050260;"RONDÔNIA, ESPERANÇA DE UM NOVO TEMPO";"PSDB / DEM / PSD / PRB / PATRI";"N";12829;"Válido";12829;6;"2º TURNO"
"13/11/2024";"10:56:11";2018;2;"Eleição Ordinária";1;297;"ELEIÇÕES GERAIS ESTADUAIS 2018";"07/10/2018";"E";"RO";"RO";"RONDÔNIA";710;"SÃO FELIPE D OESTE";19;3;"Governador";220000609850;45;"EXPEDITO GONÇALVES FERREIRA JUNIOR";"EXPEDITO JUNIOR";"#NULO#";12;"APTO";2;"DEFERIDO";-3;"#NE";-3;"#NE";-3;"#NE";"COLIGAÇÃO";45;"PSDB";"Partido da Social Democracia Brasileira";-1;"#NULO#";"#NULO#";"#NULO#";220000050260;"RONDÔNIA, ESPERANÇA DE UM NOVO TEMPO";"PSDB / DEM / PSD / PRB / PATRI";"N";1553;"Válido";1553;6;"2º TURNO"
"13/11/2024";"10:56:11";2018;2;"Eleição Ordinária";1;297;"ELEIÇÕES GERAIS ESTADUAIS 2018";"07/10/2018";"E";"RO";"RO";"RONDÔNIA";35;"PORTO VELHO";6;3;"Governador";220000609850;45;"EXPEDITO GONÇALVES FERREIRA JUNIOR";"EXPEDITO JUNIOR";"#NULO#";12;"APTO";2;"DEFERIDO";-3;"#NE";-3;"#NE";-3;"#NE";"COLIGAÇÃO";45;"PSDB";"Partido da Social Democracia Brasileira";-1;"#NULO#";"#NULO#";"#NULO#";220000050260;"RONDÔNIA, ESPERANÇA DE UM NOVO TEMPO";"PSDB / DEM / PSD / PRB / PATRI";"N";13758;"Válido";13758;6;"2º TURNO"
"13/11/2024";"10:56:11";2018;2;"Eleição Ordinária";1;297;"ELEIÇÕES GERAIS ESTADUAIS 2018";"07/10/2018";"E";"RO";"RO";"RONDÔNIA";35;"PORTO VELHO";20;3;"Governador";220000609850;45;"EXPEDITO GONÇALVES FERREIRA JUNIOR";"EXPEDITO JUNIOR";"#NULO#";12;"APTO";2;"DEFERIDO";-3;"#NE";-3;"#NE";-3;"#NE";"COLIGAÇÃO";45;"PSDB";"Partido da Social Democracia Brasileira";-1;"#NULO#";"#NULO#";"#NULO#";220000050260;"RONDÔNIA, ESPERANÇA DE UM NOVO TEMPO";"PSDB / DEM / PSD / PRB / PATRI";"N";11852;"Válido";11852;6;"2º TURNO"
"13/11/2024";"10:56:11";2018;2;"Eleição Ordinária";1;297;"ELEIÇÕES GERAIS ESTADUAIS 2018";"07/10/2018";"E";"RO";"RO";"RONDÔNIA";35;"PORTO VELHO";2;3;"Governador";220000609850;45;"EXPEDITO GONÇALVES FERREIRA JUNIOR";"EXPEDITO JUNIOR";"#NULO#";12;"APTO";2;"DEFERIDO";-3;"#NE";-3;"#NE";-3;"#NE";"COLIGAÇÃO";45;"PSDB";"Partido da Social Democracia Brasileira";-1;"#NULO#";"#NULO#";"#NULO#";220000050260;"RONDÔNIA, ESPERANÇA DE UM NOVO TEMPO";"PSDB / DEM / PSD / PRB / PATRI";"N";13389;"Válido";13389;6;"2º TURNO"
"13/11/2024";"10:56:11";2018;2;"Eleição Ordinária";1;297;"ELEIÇÕES GERAIS ESTADUAIS 2018";"07/10/2018";"E";"RO";"RO";"RONDÔNIA";35;"PORTO VELHO";21;3;"Governador";220000609850;45;"EXPEDITO GONÇALVES FERREIRA JUNIOR";"EXPEDITO JUNIOR";"#NULO#";12;"APTO";2;"DEFERIDO";-3;"#NE";-3;"#NE";-3;"#NE";"COLIGAÇÃO";45;"PSDB";"Partido da Social Democracia Brasileira";-1;"#NULO#";"#NULO#";"#NULO#";220000050260;"RONDÔNIA, ESPERANÇA DE UM NOVO TEMPO";"PSDB / DEM / PSD / PRB / PATRI";"N";7428;"Válido";7428;6;"2º TURNO"
"13/11/2024";"10:56:11";2018;2;"Eleição Ordinária";1;297;"ELEIÇÕES GERAIS ESTADUAIS 2018";"07/10/2018";"E";"RO";"RO";"RONDÔNIA";736;"ALTO ALEGRE DOS PARECIS";19;3;"Governador";220000609850;45;"EXPEDITO GONÇALVES FERREIRA JUNIOR";"EXPEDITO JUNIOR";"#NULO#";12;"APTO";2;"DEFERIDO";-3;"#NE";-3;"#NE";-3;"#NE";"COLIGAÇÃO";45;"PSDB";"Partido da Social Democracia Brasileira";-1;"#NULO#";"#NULO#";"#NULO#";220000050260;"RONDÔNIA, ESPERANÇA DE UM NOVO TEMPO";"PSDB / DEM / PSD / PRB / PATRI";"N";3223;"Válido";3223;6;"2º TURNO"
"13/11/2024";"10:56:11";2018;2;"Eleição Ordinária";1;297;"ELEIÇÕES GERAIS ESTADUAIS 2018";"07/10/2018";"E";"RO";"RO";"RONDÔNIA";639;"ALTO PARAÍSO";25;3;"Governador";220000609850;45;"EXPEDITO GONÇALVES FERREIRA JUNIOR";"EXPEDITO JUNIOR";"#NULO#";12;"APTO";2;"DEFERIDO";-3;"#NE";-3;"#NE";-3;"#NE";"COLIGAÇÃO";45;"PSDB";"Partido da Social Democracia Brasileira";-1;"#NULO#";"#NULO#";"#NULO#";220000050260;"RONDÔNIA, ESPERANÇA DE UM NOVO TEMPO";"PSDB / DEM / PSD / PRB / PATRI";"N";3246;"Válido";3246;6;"2º TURNO"
"13/11/2024";"10:56:11";2018;2;"Eleição Ordinária";1;297;"ELEIÇÕES GERAIS ESTADUAIS 2018";"07/10/2018";"E";"RO";"RO";"RONDÔNIA";620;"CACAULÂNDIA";26;3;"Governador";220000609850;45;"EXPEDITO GONÇALVES FERREIRA JUNIOR";"EXPEDITO JUNIOR";"#NULO#";12;"APTO";2;"DEFERIDO";-3;"#NE";-3;"#NE";-3;"#NE";"COLIGAÇÃO";45;"PSDB";"Partido da Social Democracia Brasileira";-1;"#NULO#";"#NULO#";"#NULO#";220000050260;"RONDÔNIA, ESPERANÇA DE UM NOVO TEMPO";"PSDB / DEM / PSD / PRB / PATRI";"N";1171;"Válido";1171;6;"2º TURNO"
"13/11/2024";"10:56:11";2018;2;"Eleição Ordinária";1;297;"ELEIÇÕES GERAIS ESTADUAIS 2018";"07/10/2018";"E";"RO";"RO";"RONDÔNIA";477;"CANDEIAS DO JAMARI";21;3;"Governador";220000609850;45;"EXPEDITO GONÇALVES FERREIRA JUNIOR";"EXPEDITO JUNIOR";"#NULO#";12;"APTO";2;"DEFERIDO";-3;"#NE";-3;"#NE";-3;"#NE";"COLIGAÇÃO";45;"PSDB";"Partido da Social Democracia Brasileira";-1;"#NULO#";"#NULO#";"#NULO#";220000050260;"RONDÔNIA, ESPERANÇA DE UM NOVO TEMPO";"PSDB / DEM / PSD / PRB / PATRI";"N";3203;"Válido";3203;6;"2º TURNO"
"13/11/2024";"10:56:11";2018;2;"Eleição Ordinária";1;297;"ELEIÇÕES GERAIS ESTADUAIS 2018";"07/10/2018";"E";"RO";"RO";"RONDÔNIA";612;"GOVERNADOR JORGE TEIXEIRA";27;3;"Governador";220000609850;45;"EXPEDITO GONÇALVES FERREIRA JUNIOR";"EXPEDITO JUNIOR";"#NULO#";12;"APTO";2;"DEFERIDO";-3;"#NE";-3;"#NE";-3;"#NE";"COLIGAÇÃO";45;"PSDB";"Partido da Social Democracia Brasileira";-1;"#NULO#";"#NULO#";"#NULO#";220000050260;"RONDÔNIA, ESPERANÇA DE UM NOVO TEMPO";"PSDB / DEM / PSD / PRB / PATRI";"N";1791;"Válido";1791;6;"2º TURNO"
"13/11/2024";"10:56:11";2018;2;"Eleição Ordinária";1;297;"ELEIÇÕES GERAIS ESTADUAIS 2018";"07/10/2018";"E";"RO";"RO";"RONDÔNIA";647;"RIO CRESPO";26;3;"Governador";220000609850;45;"EXPEDITO GONÇALVES FERREIRA JUNIOR";"EXPEDITO JUNIOR";"#NULO#";12;"APTO";2;"DEFERIDO";-3;"#NE";-3;"#NE";-3;"#NE";"COLIGAÇÃO";45;"PSDB";"Partido da Social Democracia Brasileira";-1;"#NULO#";"#NULO#";"#NULO#";220000050260;"RONDÔNIA, ESPERANÇA DE UM NOVO TEMPO";"PSDB / DEM / PSD / PRB / PATRI";"N";892;"Válido";892;6;"2º TURNO"
"13/11/2024";"10:56:11";2018;2;"Eleição Ordinária";1;297;"ELEIÇÕES GERAIS ESTADUAIS 2018";"07/10/2018";"E";"RO";"RO";"RONDÔNIA";370;"NOVA BRASILÂNDIA D OESTE";15;3;"Governador";220000609850;45;"EXPEDITO GONÇALVES FERREIRA JUNIOR";"EXPEDITO JUNIOR";"#NULO#";12;"APTO";2;"DEFERIDO";-3;"#NE";-3;"#NE";-3;"#NE";"COLIGAÇÃO";45;"PSDB";"Partido da Social Democracia Brasileira";-1;"#NULO#";"#NULO#";"#NULO#";220000050260;"RONDÔNIA, ESPERANÇA DE UM NOVO TEMPO";"PSDB / DEM / PSD / PRB / PATRI";"N";3256;"Válido";3256;6;"2º TURNO"
"13/11/2024";"10:56:11";2018;2;"Eleição Ordinária";1;297;"ELEIÇÕES GERAIS ESTADUAIS 2018";"07/10/2018";"E";"RO";"RO";"RONDÔNIA";655;"CORUMBIARA";16;3;"Governador";220000609850;45;"EXPEDITO GONÇALVES FERREIRA JUNIOR";"EXPEDITO JUNIOR";"#NULO#";12;"APTO";2;"DEFERIDO";-3;"#NE";-3;"#NE";-3;"#NE";"COLIGAÇÃO";45;"PSDB";"Partido da Social Democracia Brasileira";-1;"#NULO#";"#NULO#";"#NULO#";220000050260;"RONDÔNIA, ESPERANÇA DE UM NOVO TEMPO";"PSDB / DEM / PSD / PRB / PATRI";"N";2105;"Válido";2105;6;"2º TURNO"
"13/11/2024";"10:56:11";2018;2;"Eleição Ordinária";1;297;"ELEIÇÕES GERAIS ESTADUAIS 2018";"07/10/2018";"E";"RO";"RO";"RONDÔNIA";94;"CACOAL";11;3;"Governador";220000609850;45;"EXPEDITO GONÇALVES FERREIRA JUNIOR";"EXPEDITO JUNIOR";"#NULO#";12;"APTO";2;"DEFERIDO";-3;"#NE";-3;"#NE";-3;"#NE";"COLIGAÇÃO";45;"PSDB";"Partido da Social Democracia Brasileira";-1;"#NULO#";"#NULO#";"#NULO#";220000050260;"RONDÔNIA, ESPERANÇA DE UM NOVO TEMPO";"PSDB / DEM / PSD / PRB / PATRI";"N";11468;"Válido";11468;6;"2º TURNO"
"13/11/2024";"10:56:11";2018;2;"Eleição Ordinária";1;297;"ELEIÇÕES GERAIS ESTADUAIS 2018";"07/10/2018";"E";"RO";"RO";"RONDÔNIA";515;"NOVO HORIZONTE DO OESTE";15;3;"Governador";220000609850;45;"EXPEDITO GONÇALVES FERREIRA JUNIOR";"EXPEDITO JUNIOR";"#NULO#";12;"APTO";2;"DEFERIDO";-3;"#NE";-3;"#NE";-3;"#NE";"COLIGAÇÃO";45;"PSDB";"Partido da Social Democracia Brasileira";-1;"#NULO#";"#NULO#";"#NULO#";220000050260;"RONDÔNIA, ESPERANÇA DE UM NOVO TEMPO";"PSDB / DEM / PSD / PRB / PATRI";"N";2722;"Válido";2722;6;"2º TURNO"
"13/11/2024";"10:56:11";2018;2;"Eleição Ordinária";1;297;"ELEIÇÕES GERAIS ESTADUAIS 2018";"07/10/2018";"E";"RO";"RO";"RONDÔNIA";680;"CUJUBIM";26;3;"Governador";220000609850;45;"EXPEDITO GONÇALVES FERREIRA JUNIOR";"EXPEDITO JUNIOR";"#NULO#";12;"APTO";2;"DEFERIDO";-3;"#NE";-3;"#NE";-3;"#NE";"COLIGAÇÃO";45;"PSDB";"Partido da Social Democracia Brasileira";-1;"#NULO#";"#NULO#";"#NULO#";220000050260;"RONDÔNIA, ESPERANÇA DE UM NOVO TEMPO";"PSDB / DEM / PSD / PRB / PATRI";"N";3595;"Válido";3595;6;"2º TURNO"
"13/11/2024";"10:56:11";2018;2;"Eleição Ordinária";1;297;"ELEIÇÕES GERAIS ESTADUAIS 2018";"07/10/2018";"E";"RO";"RO";"RONDÔNIA";701;"PARECIS";19;3;"Governador";220000609850;45;"EXPEDITO GONÇALVES FERREIRA JUNIOR";"EXPEDITO JUNIOR";"#NULO#";12;"APTO";2;"DEFERIDO";-3;"#NE";-3;"#NE";-3;"#NE";"COLIGAÇÃO";45;"PSDB";"Partido da Social Democracia Brasileira";-1;"#NULO#";"#NULO#";"#NULO#";220000050260;"RONDÔNIA, ESPERANÇA DE UM NOVO TEMPO";"PSDB / DEM / PSD / PRB / PATRI";"N";1073;"Válido";1073;6;"2º TURNO"
"13/11/2024";"10:56:11";2018;2;"Eleição Ordinária";1;297;"ELEIÇÕES GERAIS ESTADUAIS 2018";"07/10/2018";"E";"RO";"RO";"RONDÔNIA";116;"PIMENTA BUENO";9;3;"Governador";220000609850;45;"EXPEDITO GONÇALVES FERREIRA JUNIOR";"EXPEDITO JUNIOR";"#NULO#";12;"APTO";2;"DEFERIDO";-3;"#NE";-3;"#NE";-3;"#NE";"COLIGAÇÃO";45;"PSDB";"Partido da Social Democracia Brasileira";-1;"#NULO#";"#NULO#";"#NULO#";220000050260;"RONDÔNIA, ESPERANÇA DE UM NOVO TEMPO";"PSDB / DEM / PSD / PRB / PATRI";"N";4481;"Válido";4481;6;"2º TURNO"
"13/11/2024";"10:56:11";2018;2;"Eleição Ordinária";1;297;"ELEIÇÕES GERAIS ESTADUAIS 2018";"07/10/2018";"E";"RO";"RO";"RONDÔNIA";744;"NOVA UNIÃO";28;3;"Governador";220000609850;45;"EXPEDITO GONÇALVES FERREIRA JUNIOR";"EXPEDITO JUNIOR";"#NULO#";12;"APTO";2;"DEFERIDO";-3;"#NE";-3;"#NE";-3;"#NE";"COLIGAÇÃO";45;"PSDB";"Partido da Social Democracia Brasileira";-1;"#NULO#";"#NULO#";"#NULO#";220000050260;"RONDÔNIA, ESPERANÇA DE UM NOVO TEMPO";"PSDB / DEM / PSD / PRB / PATRI";"N";1455;"Válido";1455;6;"2º TURNO"
"13/11/2024";"10:56:11";2018;2;"Eleição Ordinária";1;297;"ELEIÇÕES GERAIS ESTADUAIS 2018";"07/10/2018";"E";"RO";"RO";"RONDÔNIA";434;"NOVA MAMORÉ";1;3;"Governador";220000609850;45;"EXPEDITO GONÇALVES FERREIRA JUNIOR";"EXPEDITO JUNIOR";"#NULO#";12;"APTO";2;"DEFERIDO";-3;"#NE";-3;"#NE";-3;"#NE";"COLIGAÇÃO";45;"PSDB";"Partido da Social Democracia Brasileira";-1;"#NULO#";"#NULO#";"#NULO#";220000050260;"RONDÔNIA, ESPERANÇA DE UM NOVO TEMPO";"PSDB / DEM / PSD / PRB / PATRI";"N";3489;"Válido";3489;6;"2º TURNO"
"13/11/2024";"10:56:11";2018;2;"Eleição Ordinária";1;297;"ELEIÇÕES GERAIS ESTADUAIS 2018";"07/10/2018";"E";"RO";"RO";"RONDÔNIA";272;"CEREJEIRAS";16;3;"Governador";220000609850;45;"EXPEDITO GONÇALVES FERREIRA JUNIOR";"EXPEDITO JUNIOR";"#NULO#";12;"APTO";2;"DEFERIDO";-3;"#NE";-3;"#NE";-3;"#NE";"COLIGAÇÃO";45;"PSDB";"Partido da Social Democracia Brasileira";-1;"#NULO#";"#NULO#";"#NULO#";220000050260;"RONDÔNIA, ESPERANÇA DE UM NOVO TEMPO";"PSDB / DEM / PSD / PRB / PATRI";"N";2765;"Válido";2765;6;"2º TURNO"
"13/11/2024";"10:56:11";2018;2;"Eleição Ordinária";1;297;"ELEIÇÕES GERAIS ESTADUAIS 2018";"07/10/2018";"E";"RO";"RO";"RONDÔNIA";418;"SÃO MIGUEL DO GUAPORÉ";35;3;"Governador";220000609850;45;"EXPEDITO GONÇALVES FERREIRA JUNIOR";"EXPEDITO JUNIOR";"#NULO#";12;"APTO";2;"DEFERIDO";-3;"#NE";-3;"#NE";-3;"#NE";"COLIGAÇÃO";45;"PSDB";"Partido da Social Democracia Brasileira";-1;"#NULO#";"#NULO#";"#NULO#";220000050260;"RONDÔNIA, ESPERANÇA DE UM NOVO TEMPO";"PSDB / DEM / PSD / PRB / PATRI";"N";3103;"Válido";3103;6;"2º TURNO"
"13/11/2024";"10:56:11";2018;2;"Eleição Ordinária";1;297;"ELEIÇÕES GERAIS ESTADUAIS 2018";"07/10/2018";"E";"RO";"RO";"RONDÔNIA";582;"SERINGUEIRAS";35;3;"Governador";220000609850;45;"EXPEDITO GONÇALVES FERREIRA JUNIOR";"EXPEDITO JUNIOR";"#NULO#";12;"APTO";2;"DEFERIDO";-3;"#NE";-3;"#NE";-3;"#NE";"COLIGAÇÃO";45;"PSDB";"Partido da Social Democracia Brasileira";-1;"#NULO#";"#NULO#";"#NULO#";220000050260;"RONDÔNIA, ESPERANÇA DE UM NOVO TEMPO";"PSDB / DEM / PSD / PRB / PATRI";"N";1760;"Válido";1760;6;"2º TURNO"
"13/11/2024";"10:56:11";2018;2;"Eleição Ordinária";1;297;"ELEIÇÕES GERAIS ESTADUAIS 2018";"07/10/2018";"E";"RO";"RO";"RONDÔNIA";752;"TEIXEIRÓPOLIS";13;3;"Governador";220000609850;45;"EXPEDITO GONÇALVES FERREIRA JUNIOR";"EXPEDITO JUNIOR";"#NULO#";12;"APTO";2;"DEFERIDO";-3;"#NE";-3;"#NE";-3;"#NE";"COLIGAÇÃO";45;"PSDB";"Partido da Social Democracia Brasileira";-1;"#NULO#";"#NULO#";"#NULO#";220000050260;"RONDÔNIA, ESPERANÇA DE UM NOVO TEMPO";"PSDB / DEM / PSD / PRB / PATRI";"N";785;"Válido";785;6;"2º TURNO"
"13/11/2024";"10:56:11";2018;2;"Eleição Ordinária";1;297;"ELEIÇÕES GERAIS ESTADUAIS 2018";"07/10/2018";"E";"RO";"RO";"RONDÔNIA";450;"CABIXI";8;3;"Governador";220000609850;45;"EXPEDITO GONÇALVES FERREIRA JUNIOR";"EXPEDITO JUNIOR";"#NULO#";12;"APTO";2;"DEFERIDO";-3;"#NE";-3;"#NE";-3;"#NE";"COLIGAÇÃO";45;"PSDB";"Partido da Social Democracia Brasileira";-1;"#NULO#";"#NULO#";"#NULO#";220000050260;"RONDÔNIA, ESPERANÇA DE UM NOVO TEMPO";"PSDB / DEM / PSD / PRB / PATRI";"N";1049;"Válido";1049;6;"2º TURNO"
"13/11/2024";"10:56:11";2018;2;"Eleição Ordinária";1;297;"ELEIÇÕES GERAIS ESTADUAIS 2018";"07/10/2018";"E";"RO";"RO";"RONDÔNIA";493;"ITAPUÃ DO OESTE";2;3;"Governador";220000609850;45;"EXPEDITO GONÇALVES FERREIRA JUNIOR";"EXPEDITO JUNIOR";"#NULO#";12;"APTO";2;"DEFERIDO";-3;"#NE";-3;"#NE";-3;"#NE";"COLIGAÇÃO";45;"PSDB";"Partido da Social Democracia Brasileira";-1;"#NULO#";"#NULO#";"#NULO#";220000050260;"RONDÔNIA, ESPERANÇA DE UM NOVO TEMPO";"PSDB / DEM / PSD / PRB / PATRI";"N";1525;"Válido";1525;6;"2º TURNO"
"13/11/2024";"10:56:11";2018;2;"Eleição Ordinária";1;297;"ELEIÇÕES GERAIS ESTADUAIS 2018";"07/10/2018";"E";"RO";"RO";"RONDÔNIA";787;"PIMENTEIRAS DO OESTE";16;3;"Governador";220000609850;45;"EXPEDITO GONÇALVES FERREIRA JUNIOR";"EXPEDITO JUNIOR";"#NULO#";12;"APTO";2;"DEFERIDO";-3;"#NE";-3;"#NE";-3;"#NE";"COLIGAÇÃO";45;"PSDB";"Partido da Social Democracia Brasileira";-1;"#NULO#";"#NULO#";"#NULO#";220000050260;"RONDÔNIA, ESPERANÇA DE UM NOVO TEMPO";"PSDB / DEM / PSD / PRB / PATRI";"N";816;"Válido";816;6;"2º TURNO"
"13/11/2024";"10:56:11";2018;2;"Eleição Ordinária";1;297;"ELEIÇÕES GERAIS ESTADUAIS 2018";"07/10/2018";"E";"RO";"RO";"RONDÔNIA";51;"JI-PARANÁ";30;3;"Governador";220000609850;45;"EXPEDITO GONÇALVES FERREIRA JUNIOR";"EXPEDITO JUNIOR";"#NULO#";12;"APTO";2;"DEFERIDO";-3;"#NE";-3;"#NE";-3;"#NE";"COLIGAÇÃO";45;"PSDB";"Partido da Social Democracia Brasileira";-1;"#NULO#";"#NULO#";"#NULO#";220000050260;"RONDÔNIA, ESPERANÇA DE UM NOVO TEMPO";"PSDB / DEM / PSD / PRB / PATRI";"N";13783;"Válido";13783;6;"2º TURNO"
"13/11/2024";"10:56:11";2018;2;"Eleição Ordinária";1;297;"ELEIÇÕES GERAIS ESTADUAIS 2018";"07/10/2018";"E";"RO";"RO";"RONDÔNIA";51;"JI-PARANÁ";3;3;"Governador";220000609850;45;"EXPEDITO GONÇALVES FERREIRA JUNIOR";"EXPEDITO JUNIOR";"#NULO#";12;"APTO";2;"DEFERIDO";-3;"#NE";-3;"#NE";-3;"#NE";"COLIGAÇÃO";45;"PSDB";"Partido da Social Democracia Brasileira";-1;"#NULO#";"#NULO#";"#NULO#";220000050260;"RONDÔNIA, ESPERANÇA DE UM NOVO TEMPO";"PSDB / DEM / PSD / PRB / PATRI";"N";5514;"Válido";5514;6;"2º TURNO"
"13/11/2024";"10:56:11";2018;2;"Eleição Ordinária";1;297;"ELEIÇÕES GERAIS ESTADUAIS 2018";"07/10/2018";"E";"RO";"RO";"RONDÔNIA";779;"BURITIS";34;3;"Governador";220000609850;45;"EXPEDITO GONÇALVES FERREIRA JUNIOR";"EXPEDITO JUNIOR";"#NULO#";12;"APTO";2;"DEFERIDO";-3;"#NE";-3;"#NE";-3;"#NE";"COLIGAÇÃO";45;"PSDB";"Partido da Social Democracia Brasileira";-1;"#NULO#";"#NULO#";"#NULO#";220000050260;"RONDÔNIA, ESPERANÇA DE UM NOVO TEMPO";"PSDB / DEM / PSD / PRB / PATRI";"N";4673;"Válido";4673;6;"2º TURNO"
"13/11/2024";"10:56:11";2018;2;"Eleição Ordinária";1;297;"ELEIÇÕES GERAIS ESTADUAIS 2018";"07/10/2018";"E";"RO";"RO";"RONDÔNIA";574;"MIRANTE DA SERRA";28;3;"Governador";220000609850;45;"EXPEDITO GONÇALVES FERREIRA JUNIOR";"EXPEDITO JUNIOR";"#NULO#";12;"APTO";2;"DEFERIDO";-3;"#NE";-3;"#NE";-3;"#NE";"COLIGAÇÃO";45;"PSDB";"Partido da Social Democracia Brasileira";-1;"#NULO#";"#NULO#";"#NULO#";220000050260;"RONDÔNIA, ESPERANÇA DE UM NOVO TEMPO";"PSDB / DEM / PSD / PRB / PATRI";"N";2019;"Válido";2019;6;"2º TURNO"
"13/11/2024";"10:56:11";2018;2;"Eleição Ordinária";1;297;"ELEIÇÕES GERAIS ESTADUAIS 2018";"07/10/2018";"E";"RO";"RO";"RONDÔNIA";671;"CAMPO NOVO DE RONDÔNIA";34;3;"Governador";220000609850;45;"EXPEDITO GONÇALVES FERREIRA JUNIOR";"EXPEDITO JUNIOR";"#NULO#";12;"APTO";2;"DEFERIDO";-3;"#NE";-3;"#NE";-3;"#NE";"COLIGAÇÃO";45;"PSDB";"Partido da Social Democracia Brasileira";-1;"#NULO#";"#NULO#";"#NULO#";220000050260;"RONDÔNIA, ESPERANÇA DE UM NOVO TEMPO";"PSDB / DEM / PSD / PRB / PATRI";"N";2814;"Válido";2814;6;"2º TURNO"
"13/11/2024";"10:56:11";2018;2;"Eleição Ordinária";1;297;"ELEIÇÕES GERAIS ESTADUAIS 2018";"07/10/2018";"E";"RO";"RO";"RONDÔNIA";604;"MINISTRO ANDREAZZA";11;3;"Governador";220000609850;45;"EXPEDITO GONÇALVES FERREIRA JUNIOR";"EXPEDITO JUNIOR";"#NULO#";12;"APTO";2;"DEFERIDO";-3;"#NE";-3;"#NE";-3;"#NE";"COLIGAÇÃO";45;"PSDB";"Partido da Social Democracia Brasileira";-1;"#NULO#";"#NULO#";"#NULO#";220000050260;"RONDÔNIA, ESPERANÇA DE UM NOVO TEMPO";"PSDB / DEM / PSD / PRB / PATRI";"N";919;"Válido";919;6;"2º TURNO"
"13/11/2024";"10:56:11";2018;2;"Eleição Ordinária";1;297;"ELEIÇÕES GERAIS ESTADUAIS 2018";"07/10/2018";"E";"RO";"RO";"RONDÔNIA";795;"SÃO FRANCISCO DO GUAPORÉ";5;3;"Governador";220000609850;45;"EXPEDITO GONÇALVES FERREIRA JUNIOR";"EXPEDITO JUNIOR";"#NULO#";12;"APTO";2;"DEFERIDO";-3;"#NE";-3;"#NE";-3;"#NE";"COLIGAÇÃO";45;"PSDB";"Partido da Social Democracia Brasileira";-1;"#NULO#";"#NULO#";"#NULO#";220000050260;"RONDÔNIA, ESPERANÇA DE UM NOVO TEMPO";"PSDB / DEM / PSD / PRB / PATRI";"N";1932;"Válido";1932;6;"2º TURNO"
"13/11/2024";"10:56:11";2018;2;"Eleição Ordinária";1;297;"ELEIÇÕES GERAIS ESTADUAIS 2018";"07/10/2018";"E";"RO";"RO";"RONDÔNIA";396;"MACHADINHO D OESTE";32;3;"Governador";220000609850;45;"EXPEDITO GONÇALVES FERREIRA JUNIOR";"EXPEDITO JUNIOR";"#NULO#";12;"APTO";2;"DEFERIDO";-3;"#NE";-3;"#NE";-3;"#NE";"COLIGAÇÃO";45;"PSDB";"Partido da Social Democracia Brasileira";-1;"#NULO#";"#NULO#";"#NULO#";220000050260;"RONDÔNIA, ESPERANÇA DE UM NOVO TEMPO";"PSDB / DEM / PSD / PRB / PATRI";"N";4609;"Válido";4609;6;"2º TURNO"
"13/11/2024";"10:56:11";2018;2;"Eleição Ordinária";1;297;"ELEIÇÕES GERAIS ESTADUAIS 2018";"07/10/2018";"E";"RO";"RO";"RONDÔNIA";698;"VALE DO ANARI";32;3;"Governador";220000609850;45;"EXPEDITO GONÇALVES FERREIRA JUNIOR";"EXPEDITO JUNIOR";"#NULO#";12;"APTO";2;"DEFERIDO";-3;"#NE";-3;"#NE";-3;"#NE";"COLIGAÇÃO";45;"PSDB";"Partido da Social Democracia Brasileira";-1;"#NULO#";"#NULO#";"#NULO#";220000050260;"RONDÔNIA, ESPERANÇA DE UM NOVO TEMPO";"PSDB / DEM / PSD / PRB / PATRI";"N";2088;"Válido";2088;6;"2º TURNO"
"13/11/2024";"10:56:11";2018;2;"Eleição Ordinária";1;297;"ELEIÇÕES GERAIS ESTADUAIS 2018";"07/10/2018";"E";"RO";"RO";"RONDÔNIA";531;"CASTANHEIRAS";15;3;"Governador";220000609850;45;"EXPEDITO GONÇALVES FERREIRA JUNIOR";"EXPEDITO JUNIOR";"#NULO#";12;"APTO";2;"DEFERIDO";-3;"#NE";-3;"#NE";-3;"#NE";"COLIGAÇÃO";45;"PSDB";"Partido da Social Democracia Brasileira";-1;"#NULO#";"#NULO#";"#NULO#";220000050260;"RONDÔNIA, ESPERANÇA DE UM NOVO TEMPO";"PSDB / DEM / PSD / PRB / PATRI";"N";968;"Válido";968;6;"2º TURNO"
"13/11/2024";"10:56:11";2018;2;"Eleição Ordinária";1;297;"ELEIÇÕES GERAIS ESTADUAIS 2018";"07/10/2018";"E";"RO";"RO";"RONDÔNIA";566;"URUPÁ";18;3;"Governador";220000609850;45;"EXPEDITO GONÇALVES FERREIRA JUNIOR";"EXPEDITO JUNIOR";"#NULO#";12;"APTO";2;"DEFERIDO";-3;"#NE";-3;"#NE";-3;"#NE";"COLIGAÇÃO";45;"PSDB";"Partido da Social Democracia Brasileira";-1;"#NULO#";"#NULO#";"#NULO#";220000050260;"RONDÔNIA, ESPERANÇA DE UM NOVO TEMPO";"PSDB / DEM / PSD / PRB / PATRI";"N";1687;"Válido";1687;6;"2º TURNO"
"13/11/2024";"10:56:11";2018;2;"Eleição Ordinária";1;297;"ELEIÇÕES GERAIS ESTADUAIS 2018";"07/10/2018";"E";"RO";"RO";"RONDÔNIA";558;"VALE DO PARAÍSO";28;3;"Governador";220000609850;45;"EXPEDITO GONÇALVES FERREIRA JUNIOR";"EXPEDITO JUNIOR";"#NULO#";12;"APTO";2;"DEFERIDO";-3;"#NE";-3;"#NE";-3;"#NE";"COLIGAÇÃO";45;"PSDB";"Partido da Social Democracia Brasileira";-1;"#NULO#";"#NULO#";"#NULO#";220000050260;"RONDÔNIA, ESPERANÇA DE UM NOVO TEMPO";"PSDB / DEM / PSD / PRB / PATRI";"N";1940;"Válido";1940;6;"2º TURNO"
"13/11/2024";"10:56:11";2018;2;"Eleição Ordinária";1;297;"ELEIÇÕES GERAIS ESTADUAIS 2018";"07/10/2018";"E";"RO";"RO";"RONDÔNIA";728;"PRIMAVERA DE RONDÔNIA";9;3;"Governador";220000609850;45;"EXPEDITO GONÇALVES FERREIRA JUNIOR";"EXPEDITO JUNIOR";"#NULO#";12;"APTO";2;"DEFERIDO";-3;"#NE";-3;"#NE";-3;"#NE";"COLIGAÇÃO";45;"PSDB";"Partido da Social Democracia Brasileira";-1;"#NULO#";"#NULO#";"#NULO#";220000050260;"RONDÔNIA, ESPERANÇA DE UM NOVO TEMPO";"PSDB / DEM / PSD / PRB / PATRI";"N";767;"Válido";767;6;"2º TURNO"
"13/11/2024";"10:56:11";2018;2;"Eleição Ordinária";1;297;"ELEIÇÕES GERAIS ESTADUAIS 2018";"07/10/2018";"E";"RO";"RO";"RONDÔNIA";310;"ALTA FLORESTA D OESTE";17;3;"Governador";220000609850;45;"EXPEDITO GONÇALVES FERREIRA JUNIOR";"EXPEDITO JUNIOR";"#NULO#";12;"APTO";2;"DEFERIDO";-3;"#NE";-3;"#NE";-3;"#NE";"COLIGAÇÃO";45;"PSDB";"Partido da Social Democracia Brasileira";-1;"#NULO#";"#NULO#";"#NULO#";220000050260;"RONDÔNIA, ESPERANÇA DE UM NOVO TEMPO";"PSDB / DEM / PSD / PRB / PATRI";"N";5964;"Válido";5964;6;"2º TURNO"
"13/11/2024";"10:56:11";2018;2;"Eleição Ordinária";1;297;"ELEIÇÕES GERAIS ESTADUAIS 2018";"07/10/2018";"E";"RO";"RO";"RONDÔNIA";809;"CHUPINGUAIA";8;3;"Governador";220000609850;45;"EXPEDITO GONÇALVES FERREIRA JUNIOR";"EXPEDITO JUNIOR";"#NULO#";12;"APTO";2;"DEFERIDO";-3;"#NE";-3;"#NE";-3;"#NE";"COLIGAÇÃO";45;"PSDB";"Partido da Social Democracia Brasileira";-1;"#NULO#";"#NULO#";"#NULO#";220000050260;"RONDÔNIA, ESPERANÇA DE UM NOVO TEMPO";"PSDB / DEM / PSD / PRB / PATRI";"N";2290;"Válido";2290;6;"2º TURNO"
"13/11/2024";"10:56:11";2018;2;"Eleição Ordinária";1;297;"ELEIÇÕES GERAIS ESTADUAIS 2018";"07/10/2018";"E";"RO";"RO";"RONDÔNIA";337;"ALVORADA DO OESTE";18;3;"Governador";220000609850;45;"EXPEDITO GONÇALVES FERREIRA JUNIOR";"EXPEDITO JUNIOR";"#NULO#";12;"APTO";2;"DEFERIDO";-3;"#NE";-3;"#NE";-3;"#NE";"COLIGAÇÃO";45;"PSDB";"Partido da Social Democracia Brasileira";-1;"#NULO#";"#NULO#";"#NULO#";220000050260;"RONDÔNIA, ESPERANÇA DE UM NOVO TEMPO";"PSDB / DEM / PSD / PRB / PATRI";"N";2487;"Válido";2487;6;"2º TURNO"
"13/11/2024";"10:56:11";2018;2;"Eleição Ordinária";1;297;"ELEIÇÕES GERAIS ESTADUAIS 2018";"07/10/2018";"E";"RO";"RO";"RONDÔNIA";213;"COSTA MARQUES";5;3;"Governador";220000609850;45;"EXPEDITO GONÇALVES FERREIRA JUNIOR";"EXPEDITO JUNIOR";"#NULO#";12;"APTO";2;"DEFERIDO";-3;"#NE";-3;"#NE";-3;"#NE";"COLIGAÇÃO";45;"PSDB";"Partido da Social Democracia Brasileira";-1;"#NULO#";"#NULO#";"#NULO#";220000050260;"RONDÔNIA, ESPERANÇA DE UM NOVO TEMPO";"PSDB / DEM / PSD / PRB / PATRI";"N";2957;"Válido";2957;6;"2º TURNO"
"13/11/2024";"10:56:11";2018;2;"Eleição Ordinária";1;297;"ELEIÇÕES GERAIS ESTADUAIS 2018";"07/10/2018";"E";"RO";"RO";"RONDÔNIA";353;"SANTA LUZIA D OESTE";19;3;"Governador";220000609850;45;"EXPEDITO GONÇALVES FERREIRA JUNIOR";"EXPEDITO JUNIOR";"#NULO#";12;"APTO";2;"DEFERIDO";-3;"#NE";-3;"#NE";-3;"#NE";"COLIGAÇÃO";45;"PSDB";"Partido da Social Democracia Brasileira";-1;"#NULO#";"#NULO#";"#NULO#";220000050260;"RONDÔNIA, ESPERANÇA DE UM NOVO TEMPO";"PSDB / DEM / PSD / PRB / PATRI";"N";2358;"Válido";2358;6;"2º TURNO"
"13/11/2024";"10:56:11";2018;2;"Eleição Ordinária";1;297;"ELEIÇÕES GERAIS ESTADUAIS 2018";"07/10/2018";"E";"RO";"RO";"RONDÔNIA";299;"ROLIM DE MOURA";29;3;"Governador";220000609850;45;"EXPEDITO GONÇALVES FERREIRA JUNIOR";"EXPEDITO JUNIOR";"#NULO#";12;"APTO";2;"DEFERIDO";-3;"#NE";-3;"#NE";-3;"#NE";"COLIGAÇÃO";45;"PSDB";"Partido da Social Democracia Brasileira";-1;"#NULO#";"#NULO#";"#NULO#";220000050260;"RONDÔNIA, ESPERANÇA DE UM NOVO TEMPO";"PSDB / DEM / PSD / PRB / PATRI";"N";10942;"Válido";10942;6;"2º TURNO"
"13/11/2024";"10:56:11";2018;2;"Eleição Ordinária";1;297;"ELEIÇÕES GERAIS ESTADUAIS 2018";"07/10/2018";"E";"RO";"RO";"RONDÔNIA";590;"THEOBROMA";27;3;"Governador";220000609850;45;"EXPEDITO GONÇALVES FERREIRA JUNIOR";"EXPEDITO JUNIOR";"#NULO#";12;"APTO";2;"DEFERIDO";-3;"#NE";-3;"#NE";-3;"#NE";"COLIGAÇÃO";45;"PSDB";"Partido da Social Democracia Brasileira";-1;"#NULO#";"#NULO#";"#NULO#";220000050260;"RONDÔNIA, ESPERANÇA DE UM NOVO TEMPO";"PSDB / DEM / PSD / PRB / PATRI";"N";2109;"Válido";2109;6;"2º TURNO"
"13/11/2024";"10:56:11";2018;2;"Eleição Ordinária";1;297;"ELEIÇÕES GERAIS ESTADUAIS 2018";"07/10/2018";"E";"RO";"RO";"RONDÔNIA";175;"OURO PRETO DO OESTE";13;3;"Governador";220000609850;45;"EXPEDITO GONÇALVES FERREIRA JUNIOR";"EXPEDITO JUNIOR";"#NULO#";12;"APTO";2;"DEFERIDO";-3;"#NE";-3;"#NE";-3;"#NE";"COLIGAÇÃO";45;"PSDB";"Partido da Social Democracia Brasileira";-1;"#NULO#";"#NULO#";"#NULO#";220000050260;"RONDÔNIA, ESPERANÇA DE UM NOVO TEMPO";"PSDB / DEM / PSD / PRB / PATRI";"N";5753;"Válido";5753;6;"2º TURNO"
"13/11/2024";"10:56:11";2018;2;"Eleição Ordinária";1;297;"ELEIÇÕES GERAIS ESTADUAIS 2018";"07/10/2018";"E";"RO";"RO";"RONDÔNIA";19;"GUAJARÁ-MIRIM";1;3;"Governador";220000609850;45;"EXPEDITO GONÇALVES FERREIRA JUNIOR";"EXPEDITO JUNIOR";"#NULO#";12;"APTO";2;"DEFERIDO";-3;"#NE";-3;"#NE";-3;"#NE";"COLIGAÇÃO";45;"PSDB";"Partido da Social Democracia Brasileira";-1;"#NULO#";"#NULO#";"#NULO#";220000050260;"RONDÔNIA, ESPERANÇA DE UM NOVO TEMPO";"PSDB / DEM / PSD / PRB / PATRI";"N";7806;"Válido";7806;6;"2º TURNO"
"13/11/2024";"10:56:11";2018;2;"Eleição Ordinária";1;297;"ELEIÇÕES GERAIS ESTADUAIS 2018";"07/10/2018";"E";"RO";"RO";"RONDÔNIA";191;"PRESIDENTE MÉDICI";3;3;"Governador";220000609850;45;"EXPEDITO GONÇALVES FERREIRA JUNIOR";"EXPEDITO JUNIOR";"#NULO#";12;"APTO";2;"DEFERIDO";-3;"#NE";-3;"#NE";-3;"#NE";"COLIGAÇÃO";45;"PSDB";"Partido da Social Democracia Brasileira";-1;"#NULO#";"#NULO#";"#NULO#";220000050260;"RONDÔNIA, ESPERANÇA DE UM NOVO TEMPO";"PSDB / DEM / PSD / PRB / PATRI";"N";3907;"Válido";3907;6;"2º TURNO"
"13/11/2024";"10:56:11";2018;2;"Eleição Ordinária";1;297;"ELEIÇÕES GERAIS ESTADUAIS 2018";"07/10/2018";"E";"RO";"RO";"RONDÔNIA";256;"ESPIGÃO DO OESTE";12;3;"Governador";220000609850;45;"EXPEDITO GONÇALVES FERREIRA JUNIOR";"EXPEDITO JUNIOR";"#NULO#";12;"APTO";2;"DEFERIDO";-3;"#NE";-3;"#NE";-3;"#NE";"COLIGAÇÃO";45;"PSDB";"Partido da Social Democracia Brasileira";-1;"#NULO#";"#NULO#";"#NULO#";220000050260;"RONDÔNIA, ESPERANÇA DE UM NOVO TEMPO";"PSDB / DEM / PSD / PRB / PATRI";"N";4967;"Válido";4967;6;"2º TURNO"
"13/11/2024";"10:56:11";2018;2;"Eleição Ordinária";1;297;"ELEIÇÕES GERAIS ESTADUAIS 2018";"07/10/2018";"E";"RO";"RO";"RONDÔNIA";663;"MONTE NEGRO";25;3;"Governador";220000609850;45;"EXPEDITO GONÇALVES FERREIRA JUNIOR";"EXPEDITO JUNIOR";"#NULO#";12;"APTO";2;"DEFERIDO";-3;"#NE";-3;"#NE";-3;"#NE";"COLIGAÇÃO";45;"PSDB";"Partido da Social Democracia Brasileira";-1;"#NULO#";"#NULO#";"#NULO#";220000050260;"RONDÔNIA, ESPERANÇA DE UM NOVO TEMPO";"PSDB / DEM / PSD / PRB / PATRI";"N";2289;"Válido";2289;6;"2º TURNO"
"13/11/2024";"10:56:11";2018;2;"Eleição Ordinária";1;297;"ELEIÇÕES GERAIS ESTADUAIS 2018";"07/10/2018";"E";"RO";"RO";"RONDÔNIA";230;"COLORADO DO OESTE";8;3;"Governador";220000625838;17;"MARCOS JOSE ROCHA DOS SANTOS";"CORONEL MARCOS ROCHA";"#NULO#";12;"APTO";2;"DEFERIDO";-3;"#NE";-3;"#NE";-3;"#NE";"PARTIDO ISOLADO";17;"PSL";"Partido Social Liberal";-1;"#NULO#";"#NULO#";"#NULO#";220000050702;"PARTIDO ISOLADO";"PSL";"N";2207;"Válido";2207;6;"2º TURNO"
"13/11/2024";"10:56:11";2018;2;"Eleição Ordinária";1;297;"ELEIÇÕES GERAIS ESTADUAIS 2018";"07/10/2018";"E";"RO";"RO";"RONDÔNIA";159;"JARU";10;3;"Governador";220000625838;17;"MARCOS JOSE ROCHA DOS SANTOS";"CORONEL MARCOS ROCHA";"#NULO#";12;"APTO";2;"DEFERIDO";-3;"#NE";-3;"#NE";-3;"#NE";"PARTIDO ISOLADO";17;"PSL";"Partido Social Liberal";-1;"#NULO#";"#NULO#";"#NULO#";220000050702;"PARTIDO ISOLADO";"PSL";"N";7335;"Válido";7335;6;"2º TURNO"
"13/11/2024";"10:56:11";2018;2;"Eleição Ordinária";1;297;"ELEIÇÕES GERAIS ESTADUAIS 2018";"07/10/2018";"E";"RO";"RO";"RONDÔNIA";78;"ARIQUEMES";7;3;"Governador";220000625838;17;"MARCOS JOSE ROCHA DOS SANTOS";"CORONEL MARCOS ROCHA";"#NULO#";12;"APTO";2;"DEFERIDO";-3;"#NE";-3;"#NE";-3;"#NE";"PARTIDO ISOLADO";17;"PSL";"Partido Social Liberal";-1;"#NULO#";"#NULO#";"#NULO#";220000050702;"PARTIDO ISOLADO";"PSL";"N";14718;"Válido";14718;6;"2º TURNO"
"13/11/2024";"10:56:11";2018;2;"Eleição Ordinária";1;297;"ELEIÇÕES GERAIS ESTADUAIS 2018";"07/10/2018";"E";"RO";"RO";"RONDÔNIA";132;"VILHENA";4;3;"Governador";220000625838;17;"MARCOS JOSE ROCHA DOS SANTOS";"CORONEL MARCOS ROCHA";"#NULO#";12;"APTO";2;"DEFERIDO";-3;"#NE";-3;"#NE";-3;"#NE";"PARTIDO ISOLADO";17;"PSL";"Partido Social Liberal";-1;"#NULO#";"#NULO#";"#NULO#";220000050702;"PARTIDO ISOLADO";"PSL";"N";15129;"Válido";15129;6;"2º TURNO"
"13/11/2024";"10:56:11";2018;2;"Eleição Ordinária";1;297;"ELEIÇÕES GERAIS ESTADUAIS 2018";"07/10/2018";"E";"RO";"RO";"RONDÔNIA";710;"SÃO FELIPE D OESTE";19;3;"Governador";220000625838;17;"MARCOS JOSE ROCHA DOS SANTOS";"CORONEL MARCOS ROCHA";"#NULO#";12;"APTO";2;"DEFERIDO";-3;"#NE";-3;"#NE";-3;"#NE";"PARTIDO ISOLADO";17;"PSL";"Partido Social Liberal";-1;"#NULO#";"#NULO#";"#NULO#";220000050702;"PARTIDO ISOLADO";"PSL";"N";455;"Válido";455;6;"2º TURNO"
"13/11/2024";"10:56:11";2018;2;"Eleição Ordinária";1;297;"ELEIÇÕES GERAIS ESTADUAIS 2018";"07/10/2018";"E";"RO";"RO";"RONDÔNIA";35;"PORTO VELHO";21;3;"Governador";220000625838;17;"MARCOS JOSE ROCHA DOS SANTOS";"CORONEL MARCOS ROCHA";"#NULO#";12;"APTO";2;"DEFERIDO";-3;"#NE";-3;"#NE";-3;"#NE";"PARTIDO ISOLADO";17;"PSL";"Partido Social Liberal";-1;"#NULO#";"#NULO#";"#NULO#";220000050702;"PARTIDO ISOLADO";"PSL";"N";7740;"Válido";7740;6;"2º TURNO"
"13/11/2024";"10:56:11";2018;2;"Eleição Ordinária";1;297;"ELEIÇÕES GERAIS ESTADUAIS 2018";"07/10/2018";"E";"RO";"RO";"RONDÔNIA";35;"PORTO VELHO";2;3;"Governador";220000625838;17;"MARCOS JOSE ROCHA DOS SANTOS";"CORONEL MARCOS ROCHA";"#NULO#";12;"APTO";2;"DEFERIDO";-3;"#NE";-3;"#NE";-3;"#NE";"PARTIDO ISOLADO";17;"PSL";"Partido Social Liberal";-1;"#NULO#";"#NULO#";"#NULO#";220000050702;"PARTIDO ISOLADO";"PSL";"N";15144;"Válido";15144;6;"2º TURNO"
"13/11/2024";"10:56:11";2018;2;"Eleição Ordinária";1;297;"ELEIÇÕES GERAIS ESTADUAIS 2018";"07/10/2018";"E";"RO";"RO";"RONDÔNIA";35;"PORTO VELHO";6;3;"Governador";220000625838;17;"MARCOS JOSE ROCHA DOS SANTOS";"CORONEL MARCOS ROCHA";"#NULO#";12;"APTO";2;"DEFERIDO";-3;"#NE";-3;"#NE";-3;"#NE";"PARTIDO ISOLADO";17;"PSL";"Partido Social Liberal";-1;"#NULO#";"#NULO#";"#NULO#";220000050702;"PARTIDO ISOLADO";"PSL";"N";11252;"Válido";11252;6;"2º TURNO"
"13/11/2024";"10:56:11";2018;2;"Eleição Ordinária";1;297;"ELEIÇÕES GERAIS ESTADUAIS 2018";"07/10/2018";"E";"RO";"RO";"RONDÔNIA";35;"PORTO VELHO";20;3;"Governador";220000625838;17;"MARCOS JOSE ROCHA DOS SANTOS";"CORONEL MARCOS ROCHA";"#NULO#";12;"APTO";2;"DEFERIDO";-3;"#NE";-3;"#NE";-3;"#NE";"PARTIDO ISOLADO";17;"PSL";"Partido Social Liberal";-1;"#NULO#";"#NULO#";"#NULO#";220000050702;"PARTIDO ISOLADO";"PSL";"N";12802;"Válido";12802;6;"2º TURNO"
"13/11/2024";"10:56:11";2018;2;"Eleição Ordinária";1;297;"ELEIÇÕES GERAIS ESTADUAIS 2018";"07/10/2018";"E";"RO";"RO";"RONDÔNIA";736;"ALTO ALEGRE DOS PARECIS";19;3;"Governador";220000625838;17;"MARCOS JOSE ROCHA DOS SANTOS";"CORONEL MARCOS ROCHA";"#NULO#";12;"APTO";2;"DEFERIDO";-3;"#NE";-3;"#NE";-3;"#NE";"PARTIDO ISOLADO";17;"PSL";"Partido Social Liberal";-1;"#NULO#";"#NULO#";"#NULO#";220000050702;"PARTIDO ISOLADO";"PSL";"N";797;"Válido";797;6;"2º TURNO"
"13/11/2024";"10:56:11";2018;2;"Eleição Ordinária";1;297;"ELEIÇÕES GERAIS ESTADUAIS 2018";"07/10/2018";"E";"RO";"RO";"RONDÔNIA";639;"ALTO PARAÍSO";25;3;"Governador";220000625838;17;"MARCOS JOSE ROCHA DOS SANTOS";"CORONEL MARCOS ROCHA";"#NULO#";12;"APTO";2;"DEFERIDO";-3;"#NE";-3;"#NE";-3;"#NE";"PARTIDO ISOLADO";17;"PSL";"Partido Social Liberal";-1;"#NULO#";"#NULO#";"#NULO#";220000050702;"PARTIDO ISOLADO";"PSL";"N";1828;"Válido";1828;6;"2º TURNO"
"13/11/2024";"10:56:11";2018;2;"Eleição Ordinária";1;297;"ELEIÇÕES GERAIS ESTADUAIS 2018";"07/10/2018";"E";"RO";"RO";"RONDÔNIA";612;"GOVERNADOR JORGE TEIXEIRA";27;3;"Governador";220000625838;17;"MARCOS JOSE ROCHA DOS SANTOS";"CORONEL MARCOS ROCHA";"#NULO#";12;"APTO";2;"DEFERIDO";-3;"#NE";-3;"#NE";-3;"#NE";"PARTIDO ISOLADO";17;"PSL";"Partido Social Liberal";-1;"#NULO#";"#NULO#";"#NULO#";220000050702;"PARTIDO ISOLADO";"PSL";"N";651;"Válido";651;6;"2º TURNO"
"13/11/2024";"10:56:11";2018;2;"Eleição Ordinária";1;297;"ELEIÇÕES GERAIS ESTADUAIS 2018";"07/10/2018";"E";"RO";"RO";"RONDÔNIA";370;"NOVA BRASILÂNDIA D OESTE";15;3;"Governador";220000625838;17;"MARCOS JOSE ROCHA DOS SANTOS";"CORONEL MARCOS ROCHA";"#NULO#";12;"APTO";2;"DEFERIDO";-3;"#NE";-3;"#NE";-3;"#NE";"PARTIDO ISOLADO";17;"PSL";"Partido Social Liberal";-1;"#NULO#";"#NULO#";"#NULO#";220000050702;"PARTIDO ISOLADO";"PSL";"N";1614;"Válido";1614;6;"2º TURNO"
"13/11/2024";"10:56:11";2018;2;"Eleição Ordinária";1;297;"ELEIÇÕES GERAIS ESTADUAIS 2018";"07/10/2018";"E";"RO";"RO";"RONDÔNIA";647;"RIO CRESPO";26;3;"Governador";220000625838;17;"MARCOS JOSE ROCHA DOS SANTOS";"CORONEL MARCOS ROCHA";"#NULO#";12;"APTO";2;"DEFERIDO";-3;"#NE";-3;"#NE";-3;"#NE";"PARTIDO ISOLADO";17;"PSL";"Partido Social Liberal";-1;"#NULO#";"#NULO#";"#NULO#";220000050702;"PARTIDO ISOLADO";"PSL";"N";342;"Válido";342;6;"2º TURNO"
"13/11/2024";"10:56:11";2018;2;"Eleição Ordinária";1;297;"ELEIÇÕES GERAIS ESTADUAIS 2018";"07/10/2018";"E";"RO";"RO";"RONDÔNIA";620;"CACAULÂNDIA";26;3;"Governador";220000625838;17;"MARCOS JOSE ROCHA DOS SANTOS";"CORONEL MARCOS ROCHA";"#NULO#";12;"APTO";2;"DEFERIDO";-3;"#NE";-3;"#NE";-3;"#NE";"PARTIDO ISOLADO";17;"PSL";"Partido Social Liberal";-1;"#NULO#";"#NULO#";"#NULO#";220000050702;"PARTIDO ISOLADO";"PSL";"N";588;"Válido";588;6;"2º TURNO"
"13/11/2024";"10:56:11";2018;2;"Eleição Ordinária";1;297;"ELEIÇÕES GERAIS ESTADUAIS 2018";"07/10/2018";"E";"RO";"RO";"RONDÔNIA";477;"CANDEIAS DO JAMARI";21;3;"Governador";220000625838;17;"MARCOS JOSE ROCHA DOS SANTOS";"CORONEL MARCOS ROCHA";"#NULO#";12;"APTO";2;"DEFERIDO";-3;"#NE";-3;"#NE";-3;"#NE";"PARTIDO ISOLADO";17;"PSL";"Partido Social Liberal";-1;"#NULO#";"#NULO#";"#NULO#";220000050702;"PARTIDO ISOLADO";"PSL";"N";1677;"Válido";1677;6;"2º TURNO"
"13/11/2024";"10:56:11";2018;2;"Eleição Ordinária";1;297;"ELEIÇÕES GERAIS ESTADUAIS 2018";"07/10/2018";"E";"RO";"RO";"RONDÔNIA";94;"CACOAL";11;3;"Governador";220000625838;17;"MARCOS JOSE ROCHA DOS SANTOS";"CORONEL MARCOS ROCHA";"#NULO#";12;"APTO";2;"DEFERIDO";-3;"#NE";-3;"#NE";-3;"#NE";"PARTIDO ISOLADO";17;"PSL";"Partido Social Liberal";-1;"#NULO#";"#NULO#";"#NULO#";220000050702;"PARTIDO ISOLADO";"PSL";"N";12272;"Válido";12272;6;"2º TURNO"
"13/11/2024";"10:56:11";2018;2;"Eleição Ordinária";1;297;"ELEIÇÕES GERAIS ESTADUAIS 2018";"07/10/2018";"E";"RO";"RO";"RONDÔNIA";655;"CORUMBIARA";16;3;"Governador";220000625838;17;"MARCOS JOSE ROCHA DOS SANTOS";"CORONEL MARCOS ROCHA";"#NULO#";12;"APTO";2;"DEFERIDO";-3;"#NE";-3;"#NE";-3;"#NE";"PARTIDO ISOLADO";17;"PSL";"Partido Social Liberal";-1;"#NULO#";"#NULO#";"#NULO#";220000050702;"PARTIDO ISOLADO";"PSL";"N";465;"Válido";465;6;"2º TURNO"
"13/11/2024";"10:56:11";2018;2;"Eleição Ordinária";1;297;"ELEIÇÕES GERAIS ESTADUAIS 2018";"07/10/2018";"E";"RO";"RO";"RONDÔNIA";116;"PIMENTA BUENO";9;3;"Governador";220000625838;17;"MARCOS JOSE ROCHA DOS SANTOS";"CORONEL MARCOS ROCHA";"#NULO#";12;"APTO";2;"DEFERIDO";-3;"#NE";-3;"#NE";-3;"#NE";"PARTIDO ISOLADO";17;"PSL";"Partido Social Liberal";-1;"#NULO#";"#NULO#";"#NULO#";220000050702;"PARTIDO ISOLADO";"PSL";"N";5402;"Válido";5402;6;"2º TURNO"
"13/11/2024";"10:56:11";2018;2;"Eleição Ordinária";1;297;"ELEIÇÕES GERAIS ESTADUAIS 2018";"07/10/2018";"E";"RO";"RO";"RONDÔNIA";701;"PARECIS";19;3;"Governador";220000625838;17;"MARCOS JOSE ROCHA DOS SANTOS";"CORONEL MARCOS ROCHA";"#NULO#";12;"APTO";2;"DEFERIDO";-3;"#NE";-3;"#NE";-3;"#NE";"PARTIDO ISOLADO";17;"PSL";"Partido Social Liberal";-1;"#NULO#";"#NULO#";"#NULO#";220000050702;"PARTIDO ISOLADO";"PSL";"N";211;"Válido";211;6;"2º TURNO"
"13/11/2024";"10:56:11";2018;2;"Eleição Ordinária";1;297;"ELEIÇÕES GERAIS ESTADUAIS 2018";"07/10/2018";"E";"RO";"RO";"RONDÔNIA";515;"NOVO HORIZONTE DO OESTE";15;3;"Governador";220000625838;17;"MARCOS JOSE ROCHA DOS SANTOS";"CORONEL MARCOS ROCHA";"#NULO#";12;"APTO";2;"DEFERIDO";-3;"#NE";-3;"#NE";-3;"#NE";"PARTIDO ISOLADO";17;"PSL";"Partido Social Liberal";-1;"#NULO#";"#NULO#";"#NULO#";220000050702;"PARTIDO ISOLADO";"PSL";"N";667;"Válido";667;6;"2º TURNO"
"13/11/2024";"10:56:11";2018;2;"Eleição Ordinária";1;297;"ELEIÇÕES GERAIS ESTADUAIS 2018";"07/10/2018";"E";"RO";"RO";"RONDÔNIA";680;"CUJUBIM";26;3;"Governador";220000625838;17;"MARCOS JOSE ROCHA DOS SANTOS";"CORONEL MARCOS ROCHA";"#NULO#";12;"APTO";2;"DEFERIDO";-3;"#NE";-3;"#NE";-3;"#NE";"PARTIDO ISOLADO";17;"PSL";"Partido Social Liberal";-1;"#NULO#";"#NULO#";"#NULO#";220000050702;"PARTIDO ISOLADO";"PSL";"N";1004;"Válido";1004;6;"2º TURNO"
"13/11/2024";"10:56:11";2018;2;"Eleição Ordinária";1;297;"ELEIÇÕES GERAIS ESTADUAIS 2018";"07/10/2018";"E";"RO";"RO";"RONDÔNIA";744;"NOVA UNIÃO";28;3;"Governador";220000625838;17;"MARCOS JOSE ROCHA DOS SANTOS";"CORONEL MARCOS ROCHA";"#NULO#";12;"APTO";2;"DEFERIDO";-3;"#NE";-3;"#NE";-3;"#NE";"PARTIDO ISOLADO";17;"PSL";"Partido Social Liberal";-1;"#NULO#";"#NULO#";"#NULO#";220000050702;"PARTIDO ISOLADO";"PSL";"N";647;"Válido";647;6;"2º TURNO"
"13/11/2024";"10:56:11";2018;2;"Eleição Ordinária";1;297;"ELEIÇÕES GERAIS ESTADUAIS 2018";"07/10/2018";"E";"RO";"RO";"RONDÔNIA";418;"SÃO MIGUEL DO GUAPORÉ";35;3;"Governador";220000625838;17;"MARCOS JOSE ROCHA DOS SANTOS";"CORONEL MARCOS ROCHA";"#NULO#";12;"APTO";2;"DEFERIDO";-3;"#NE";-3;"#NE";-3;"#NE";"PARTIDO ISOLADO";17;"PSL";"Partido Social Liberal";-1;"#NULO#";"#NULO#";"#NULO#";220000050702;"PARTIDO ISOLADO";"PSL";"N";2012;"Válido";2012;6;"2º TURNO"
"13/11/2024";"10:56:11";2018;2;"Eleição Ordinária";1;297;"ELEIÇÕES GERAIS ESTADUAIS 2018";"07/10/2018";"E";"RO";"RO";"RONDÔNIA";272;"CEREJEIRAS";16;3;"Governador";220000625838;17;"MARCOS JOSE ROCHA DOS SANTOS";"CORONEL MARCOS ROCHA";"#NULO#";12;"APTO";2;"DEFERIDO";-3;"#NE";-3;"#NE";-3;"#NE";"PARTIDO ISOLADO";17;"PSL";"Partido Social Liberal";-1;"#NULO#";"#NULO#";"#NULO#";220000050702;"PARTIDO ISOLADO";"PSL";"N";2995;"Válido";2995;6;"2º TURNO"
"13/11/2024";"10:56:11";2018;2;"Eleição Ordinária";1;297;"ELEIÇÕES GERAIS ESTADUAIS 2018";"07/10/2018";"E";"RO";"RO";"RONDÔNIA";787;"PIMENTEIRAS DO OESTE";16;3;"Governador";220000625838;17;"MARCOS JOSE ROCHA DOS SANTOS";"CORONEL MARCOS ROCHA";"#NULO#";12;"APTO";2;"DEFERIDO";-3;"#NE";-3;"#NE";-3;"#NE";"PARTIDO ISOLADO";17;"PSL";"Partido Social Liberal";-1;"#NULO#";"#NULO#";"#NULO#";220000050702;"PARTIDO ISOLADO";"PSL";"N";162;"Válido";162;6;"2º TURNO"
"13/11/2024";"10:56:11";2018;2;"Eleição Ordinária";1;297;"ELEIÇÕES GERAIS ESTADUAIS 2018";"07/10/2018";"E";"RO";"RO";"RONDÔNIA";51;"JI-PARANÁ";30;3;"Governador";220000625838;17;"MARCOS JOSE ROCHA DOS SANTOS";"CORONEL MARCOS ROCHA";"#NULO#";12;"APTO";2;"DEFERIDO";-3;"#NE";-3;"#NE";-3;"#NE";"PARTIDO ISOLADO";17;"PSL";"Partido Social Liberal";-1;"#NULO#";"#NULO#";"#NULO#";220000050702;"PARTIDO ISOLADO";"PSL";"N";12181;"Válido";12181;6;"2º TURNO"
"13/11/2024";"10:56:11";2018;2;"Eleição Ordinária";1;297;"ELEIÇÕES GERAIS ESTADUAIS 2018";"07/10/2018";"E";"RO";"RO";"RONDÔNIA";450;"CABIXI";8;3;"Governador";220000625838;17;"MARCOS JOSE ROCHA DOS SANTOS";"CORONEL MARCOS ROCHA";"#NULO#";12;"APTO";2;"DEFERIDO";-3;"#NE";-3;"#NE";-3;"#NE";"PARTIDO ISOLADO";17;"PSL";"Partido Social Liberal";-1;"#NULO#";"#NULO#";"#NULO#";220000050702;"PARTIDO ISOLADO";"PSL";"N";527;"Válido";527;6;"2º TURNO"
"13/11/2024";"10:56:11";2018;2;"Eleição Ordinária";1;297;"ELEIÇÕES GERAIS ESTADUAIS 2018";"07/10/2018";"E";"RO";"RO";"RONDÔNIA";582;"SERINGUEIRAS";35;3;"Governador";220000625838;17;"MARCOS JOSE ROCHA DOS SANTOS";"CORONEL MARCOS ROCHA";"#NULO#";12;"APTO";2;"DEFERIDO";-3;"#NE";-3;"#NE";-3;"#NE";"PARTIDO ISOLADO";17;"PSL";"Partido Social Liberal";-1;"#NULO#";"#NULO#";"#NULO#";220000050702;"PARTIDO ISOLADO";"PSL";"N";793;"Válido";793;6;"2º TURNO"
"13/11/2024";"10:56:11";2018;2;"Eleição Ordinária";1;297;"ELEIÇÕES GERAIS ESTADUAIS 2018";"07/10/2018";"E";"RO";"RO";"RONDÔNIA";434;"NOVA MAMORÉ";1;3;"Governador";220000625838;17;"MARCOS JOSE ROCHA DOS SANTOS";"CORONEL MARCOS ROCHA";"#NULO#";12;"APTO";2;"DEFERIDO";-3;"#NE";-3;"#NE";-3;"#NE";"PARTIDO ISOLADO";17;"PSL";"Partido Social Liberal";-1;"#NULO#";"#NULO#";"#NULO#";220000050702;"PARTIDO ISOLADO";"PSL";"N";2033;"Válido";2033;6;"2º TURNO"
"13/11/2024";"10:56:11";2018;2;"Eleição Ordinária";1;297;"ELEIÇÕES GERAIS ESTADUAIS 2018";"07/10/2018";"E";"RO";"RO";"RONDÔNIA";51;"JI-PARANÁ";3;3;"Governador";220000625838;17;"MARCOS JOSE ROCHA DOS SANTOS";"CORONEL MARCOS ROCHA";"#NULO#";12;"APTO";2;"DEFERIDO";-3;"#NE";-3;"#NE";-3;"#NE";"PARTIDO ISOLADO";17;"PSL";"Partido Social Liberal";-1;"#NULO#";"#NULO#";"#NULO#";220000050702;"PARTIDO ISOLADO";"PSL";"N";5423;"Válido";5423;6;"2º TURNO"
"13/11/2024";"10:56:11";2018;2;"Eleição Ordinária";1;297;"ELEIÇÕES GERAIS ESTADUAIS 2018";"07/10/2018";"E";"RO";"RO";"RONDÔNIA";752;"TEIXEIRÓPOLIS";13;3;"Governador";220000625838;17;"MARCOS JOSE ROCHA DOS SANTOS";"CORONEL MARCOS ROCHA";"#NULO#";12;"APTO";2;"DEFERIDO";-3;"#NE";-3;"#NE";-3;"#NE";"PARTIDO ISOLADO";17;"PSL";"Partido Social Liberal";-1;"#NULO#";"#NULO#";"#NULO#";220000050702;"PARTIDO ISOLADO";"PSL";"N";502;"Válido";502;6;"2º TURNO"
"13/11/2024";"10:56:11";2018;2;"Eleição Ordinária";1;297;"ELEIÇÕES GERAIS ESTADUAIS 2018";"07/10/2018";"E";"RO";"RO";"RONDÔNIA";493;"ITAPUÃ DO OESTE";2;3;"Governador";220000625838;17;"MARCOS JOSE ROCHA DOS SANTOS";"CORONEL MARCOS ROCHA";"#NULO#";12;"APTO";2;"DEFERIDO";-3;"#NE";-3;"#NE";-3;"#NE";"PARTIDO ISOLADO";17;"PSL";"Partido Social Liberal";-1;"#NULO#";"#NULO#";"#NULO#";220000050702;"PARTIDO ISOLADO";"PSL";"N";602;"Válido";602;6;"2º TURNO"
"13/11/2024";"10:56:11";2018;2;"Eleição Ordinária";1;297;"ELEIÇÕES GERAIS ESTADUAIS 2018";"07/10/2018";"E";"RO";"RO";"RONDÔNIA";671;"CAMPO NOVO DE RONDÔNIA";34;3;"Governador";220000625838;17;"MARCOS JOSE ROCHA DOS SANTOS";"CORONEL MARCOS ROCHA";"#NULO#";12;"APTO";2;"DEFERIDO";-3;"#NE";-3;"#NE";-3;"#NE";"PARTIDO ISOLADO";17;"PSL";"Partido Social Liberal";-1;"#NULO#";"#NULO#";"#NULO#";220000050702;"PARTIDO ISOLADO";"PSL";"N";838;"Válido";838;6;"2º TURNO"
"13/11/2024";"10:56:11";2018;2;"Eleição Ordinária";1;297;"ELEIÇÕES GERAIS ESTADUAIS 2018";"07/10/2018";"E";"RO";"RO";"RONDÔNIA";574;"MIRANTE DA SERRA";28;3;"Governador";220000625838;17;"MARCOS JOSE ROCHA DOS SANTOS";"CORONEL MARCOS ROCHA";"#NULO#";12;"APTO";2;"DEFERIDO";-3;"#NE";-3;"#NE";-3;"#NE";"PARTIDO ISOLADO";17;"PSL";"Partido Social Liberal";-1;"#NULO#";"#NULO#";"#NULO#";220000050702;"PARTIDO ISOLADO";"PSL";"N";1076;"Válido";1076;6;"2º TURNO"
"13/11/2024";"10:56:11";2018;2;"Eleição Ordinária";1;297;"ELEIÇÕES GERAIS ESTADUAIS 2018";"07/10/2018";"E";"RO";"RO";"RONDÔNIA";779;"BURITIS";34;3;"Governador";220000625838;17;"MARCOS JOSE ROCHA DOS SANTOS";"CORONEL MARCOS ROCHA";"#NULO#";12;"APTO";2;"DEFERIDO";-3;"#NE";-3;"#NE";-3;"#NE";"PARTIDO ISOLADO";17;"PSL";"Partido Social Liberal";-1;"#NULO#";"#NULO#";"#NULO#";220000050702;"PARTIDO ISOLADO";"PSL";"N";4667;"Válido";4667;6;"2º TURNO"
"13/11/2024";"10:56:11";2018;2;"Eleição Ordinária";1;297;"ELEIÇÕES GERAIS ESTADUAIS 2018";"07/10/2018";"E";"RO";"RO";"RONDÔNIA";396;"MACHADINHO D OESTE";32;3;"Governador";220000625838;17;"MARCOS JOSE ROCHA DOS SANTOS";"CORONEL MARCOS ROCHA";"#NULO#";12;"APTO";2;"DEFERIDO";-3;"#NE";-3;"#NE";-3;"#NE";"PARTIDO ISOLADO";17;"PSL";"Partido Social Liberal";-1;"#NULO#";"#NULO#";"#NULO#";220000050702;"PARTIDO ISOLADO";"PSL";"N";1719;"Válido";1719;6;"2º TURNO"
"13/11/2024";"10:56:11";2018;2;"Eleição Ordinária";1;297;"ELEIÇÕES GERAIS ESTADUAIS 2018";"07/10/2018";"E";"RO";"RO";"RONDÔNIA";698;"VALE DO ANARI";32;3;"Governador";220000625838;17;"MARCOS JOSE ROCHA DOS SANTOS";"CORONEL MARCOS ROCHA";"#NULO#";12;"APTO";2;"DEFERIDO";-3;"#NE";-3;"#NE";-3;"#NE";"PARTIDO ISOLADO";17;"PSL";"Partido Social Liberal";-1;"#NULO#";"#NULO#";"#NULO#";220000050702;"PARTIDO ISOLADO";"PSL";"N";485;"Válido";485;6;"2º TURNO"
"13/11/2024";"10:56:11";2018;2;"Eleição Ordinária";1;297;"ELEIÇÕES GERAIS ESTADUAIS 2018";"07/10/2018";"E";"RO";"RO";"RONDÔNIA";795;"SÃO FRANCISCO DO GUAPORÉ";5;3;"Governador";220000625838;17;"MARCOS JOSE ROCHA DOS SANTOS";"CORONEL MARCOS ROCHA";"#NULO#";12;"APTO";2;"DEFERIDO";-3;"#NE";-3;"#NE";-3;"#NE";"PARTIDO ISOLADO";17;"PSL";"Partido Social Liberal";-1;"#NULO#";"#NULO#";"#NULO#";220000050702;"PARTIDO ISOLADO";"PSL";"N";1223;"Válido";1223;6;"2º TURNO"
"13/11/2024";"10:56:11";2018;2;"Eleição Ordinária";1;297;"ELEIÇÕES GERAIS ESTADUAIS 2018";"07/10/2018";"E";"RO";"RO";"RONDÔNIA";531;"CASTANHEIRAS";15;3;"Governador";220000625838;17;"MARCOS JOSE ROCHA DOS SANTOS";"CORONEL MARCOS ROCHA";"#NULO#";12;"APTO";2;"DEFERIDO";-3;"#NE";-3;"#NE";-3;"#NE";"PARTIDO ISOLADO";17;"PSL";"Partido Social Liberal";-1;"#NULO#";"#NULO#";"#NULO#";220000050702;"PARTIDO ISOLADO";"PSL";"N";252;"Válido";252;6;"2º TURNO"
"13/11/2024";"10:56:11";2018;2;"Eleição Ordinária";1;297;"ELEIÇÕES GERAIS ESTADUAIS 2018";"07/10/2018";"E";"RO";"RO";"RONDÔNIA";604;"MINISTRO ANDREAZZA";11;3;"Governador";220000625838;17;"MARCOS JOSE ROCHA DOS SANTOS";"CORONEL MARCOS ROCHA";"#NULO#";12;"APTO";2;"DEFERIDO";-3;"#NE";-3;"#NE";-3;"#NE";"PARTIDO ISOLADO";17;"PSL";"Partido Social Liberal";-1;"#NULO#";"#NULO#";"#NULO#";220000050702;"PARTIDO ISOLADO";"PSL";"N";414;"Válido";414;6;"2º TURNO"
"13/11/2024";"10:56:11";2018;2;"Eleição Ordinária";1;297;"ELEIÇÕES GERAIS ESTADUAIS 2018";"07/10/2018";"E";"RO";"RO";"RONDÔNIA";728;"PRIMAVERA DE RONDÔNIA";9;3;"Governador";220000625838;17;"MARCOS JOSE ROCHA DOS SANTOS";"CORONEL MARCOS ROCHA";"#NULO#";12;"APTO";2;"DEFERIDO";-3;"#NE";-3;"#NE";-3;"#NE";"PARTIDO ISOLADO";17;"PSL";"Partido Social Liberal";-1;"#NULO#";"#NULO#";"#NULO#";220000050702;"PARTIDO ISOLADO";"PSL";"N";341;"Válido";341;6;"2º TURNO"
"13/11/2024";"10:56:11";2018;2;"Eleição Ordinária";1;297;"ELEIÇÕES GERAIS ESTADUAIS 2018";"07/10/2018";"E";"RO";"RO";"RONDÔNIA";809;"CHUPINGUAIA";8;3;"Governador";220000625838;17;"MARCOS JOSE ROCHA DOS SANTOS";"CORONEL MARCOS ROCHA";"#NULO#";12;"APTO";2;"DEFERIDO";-3;"#NE";-3;"#NE";-3;"#NE";"PARTIDO ISOLADO";17;"PSL";"Partido Social Liberal";-1;"#NULO#";"#NULO#";"#NULO#";220000050702;"PARTIDO ISOLADO";"PSL";"N";689;"Válido";689;6;"2º TURNO"
"13/11/2024";"10:56:11";2018;2;"Eleição Ordinária";1;297;"ELEIÇÕES GERAIS ESTADUAIS 2018";"07/10/2018";"E";"RO";"RO";"RONDÔNIA";310;"ALTA FLORESTA D OESTE";17;3;"Governador";220000625838;17;"MARCOS JOSE ROCHA DOS SANTOS";"CORONEL MARCOS ROCHA";"#NULO#";12;"APTO";2;"DEFERIDO";-3;"#NE";-3;"#NE";-3;"#NE";"PARTIDO ISOLADO";17;"PSL";"Partido Social Liberal";-1;"#NULO#";"#NULO#";"#NULO#";220000050702;"PARTIDO ISOLADO";"PSL";"N";2151;"Válido";2151;6;"2º TURNO"
"13/11/2024";"10:56:11";2018;2;"Eleição Ordinária";1;297;"ELEIÇÕES GERAIS ESTADUAIS 2018";"07/10/2018";"E";"RO";"RO";"RONDÔNIA";566;"URUPÁ";18;3;"Governador";220000625838;17;"MARCOS JOSE ROCHA DOS SANTOS";"CORONEL MARCOS ROCHA";"#NULO#";12;"APTO";2;"DEFERIDO";-3;"#NE";-3;"#NE";-3;"#NE";"PARTIDO ISOLADO";17;"PSL";"Partido Social Liberal";-1;"#NULO#";"#NULO#";"#NULO#";220000050702;"PARTIDO ISOLADO";"PSL";"N";1722;"Válido";1722;6;"2º TURNO"
"13/11/2024";"10:56:11";2018;2;"Eleição Ordinária";1;297;"ELEIÇÕES GERAIS ESTADUAIS 2018";"07/10/2018";"E";"RO";"RO";"RONDÔNIA";558;"VALE DO PARAÍSO";28;3;"Governador";220000625838;17;"MARCOS JOSE ROCHA DOS SANTOS";"CORONEL MARCOS ROCHA";"#NULO#";12;"APTO";2;"DEFERIDO";-3;"#NE";-3;"#NE";-3;"#NE";"PARTIDO ISOLADO";17;"PSL";"Partido Social Liberal";-1;"#NULO#";"#NULO#";"#NULO#";220000050702;"PARTIDO ISOLADO";"PSL";"N";645;"Válido";645;6;"2º TURNO"
"13/11/2024";"10:56:11";2018;2;"Eleição Ordinária";1;297;"ELEIÇÕES GERAIS ESTADUAIS 2018";"07/10/2018";"E";"RO";"RO";"RONDÔNIA";353;"SANTA LUZIA D OESTE";19;3;"Governador";220000625838;17;"MARCOS JOSE ROCHA DOS SANTOS";"CORONEL MARCOS ROCHA";"#NULO#";12;"APTO";2;"DEFERIDO";-3;"#NE";-3;"#NE";-3;"#NE";"PARTIDO ISOLADO";17;"PSL";"Partido Social Liberal";-1;"#NULO#";"#NULO#";"#NULO#";220000050702;"PARTIDO ISOLADO";"PSL";"N";617;"Válido";617;6;"2º TURNO"
"13/11/2024";"10:56:11";2018;2;"Eleição Ordinária";1;297;"ELEIÇÕES GERAIS ESTADUAIS 2018";"07/10/2018";"E";"RO";"RO";"RONDÔNIA";175;"OURO PRETO DO OESTE";13;3;"Governador";220000625838;17;"MARCOS JOSE ROCHA DOS SANTOS";"CORONEL MARCOS ROCHA";"#NULO#";12;"APTO";2;"DEFERIDO";-3;"#NE";-3;"#NE";-3;"#NE";"PARTIDO ISOLADO";17;"PSL";"Partido Social Liberal";-1;"#NULO#";"#NULO#";"#NULO#";220000050702;"PARTIDO ISOLADO";"PSL";"N";5140;"Válido";5140;6;"2º TURNO"
"13/11/2024";"10:56:11";2018;2;"Eleição Ordinária";1;297;"ELEIÇÕES GERAIS ESTADUAIS 2018";"07/10/2018";"E";"RO";"RO";"RONDÔNIA";663;"MONTE NEGRO";25;3;"Governador";220000625838;17;"MARCOS JOSE ROCHA DOS SANTOS";"CORONEL MARCOS ROCHA";"#NULO#";12;"APTO";2;"DEFERIDO";-3;"#NE";-3;"#NE";-3;"#NE";"PARTIDO ISOLADO";17;"PSL";"Partido Social Liberal";-1;"#NULO#";"#NULO#";"#NULO#";220000050702;"PARTIDO ISOLADO";"PSL";"N";1560;"Válido";1560;6;"2º TURNO"
"13/11/2024";"10:56:11";2018;2;"Eleição Ordinária";1;297;"ELEIÇÕES GERAIS ESTADUAIS 2018";"07/10/2018";"E";"RO";"RO";"RONDÔNIA";272;"CEREJEIRAS";16;5;"Senador";220000627641;180;"ALUÍZIO VIDAL FLOR";"ALUÍZIO VIDAL";"#NULO#";12;"APTO";2;"DEFERIDO";-3;"#NE";-3;"#NE";-3;"#NE";"COLIGAÇÃO";18;"REDE";"Rede Sustentabilidade";-1;"#NULO#";"#NULO#";"#NULO#";220000050763;"POR UMA RONDÔNIA QUE QUEREMOS";"REDE / PPS / PRP";"N";82;"Válido";82;4;"NÃO ELEITO"
"13/11/2024";"10:56:11";2018;2;"Eleição Ordinária";1;297;"ELEIÇÕES GERAIS ESTADUAIS 2018";"07/10/2018";"E";"RO";"RO";"RONDÔNIA";450;"CABIXI";8;5;"Senador";220000627641;180;"ALUÍZIO VIDAL FLOR";"ALUÍZIO VIDAL";"#NULO#";12;"APTO";2;"DEFERIDO";-3;"#NE";-3;"#NE";-3;"#NE";"COLIGAÇÃO";18;"REDE";"Rede Sustentabilidade";-1;"#NULO#";"#NULO#";"#NULO#";220000050763;"POR UMA RONDÔNIA QUE QUEREMOS";"REDE / PPS / PRP";"N";99;"Válido";99;4;"NÃO ELEITO"
"13/11/2024";"10:56:11";2018;2;"Eleição Ordinária";1;297;"ELEIÇÕES GERAIS ESTADUAIS 2018";"07/10/2018";"E";"RO";"RO";"RONDÔNIA";582;"SERINGUEIRAS";35;5;"Senador";220000627641;180;"ALUÍZIO VIDAL FLOR";"ALUÍZIO VIDAL";"#NULO#";12;"APTO";2;"DEFERIDO";-3;"#NE";-3;"#NE";-3;"#NE";"COLIGAÇÃO";18;"REDE";"Rede Sustentabilidade";-1;"#NULO#";"#NULO#";"#NULO#";220000050763;"POR UMA RONDÔNIA QUE QUEREMOS";"REDE / PPS / PRP";"N";168;"Válido";168;4;"NÃO ELEITO"
"13/11/2024";"10:56:11";2018;2;"Eleição Ordinária";1;297;"ELEIÇÕES GERAIS ESTADUAIS 2018";"07/10/2018";"E";"RO";"RO";"RONDÔNIA";434;"NOVA MAMORÉ";1;5;"Senador";220000627641;180;"ALUÍZIO VIDAL FLOR";"ALUÍZIO VIDAL";"#NULO#";12;"APTO";2;"DEFERIDO";-3;"#NE";-3;"#NE";-3;"#NE";"COLIGAÇÃO";18;"REDE";"Rede Sustentabilidade";-1;"#NULO#";"#NULO#";"#NULO#";220000050763;"POR UMA RONDÔNIA QUE QUEREMOS";"REDE / PPS / PRP";"N";184;"Válido";184;4;"NÃO ELEITO"
"13/11/2024";"10:56:11";2018;2;"Eleição Ordinária";1;297;"ELEIÇÕES GERAIS ESTADUAIS 2018";"07/10/2018";"E";"RO";"RO";"RONDÔNIA";51;"JI-PARANÁ";30;5;"Senador";220000627641;180;"ALUÍZIO VIDAL FLOR";"ALUÍZIO VIDAL";"#NULO#";12;"APTO";2;"DEFERIDO";-3;"#NE";-3;"#NE";-3;"#NE";"COLIGAÇÃO";18;"REDE";"Rede Sustentabilidade";-1;"#NULO#";"#NULO#";"#NULO#";220000050763;"POR UMA RONDÔNIA QUE QUEREMOS";"REDE / PPS / PRP";"N";722;"Válido";722;4;"NÃO ELEITO"
"13/11/2024";"10:56:11";2018;2;"Eleição Ordinária";1;297;"ELEIÇÕES GERAIS ESTADUAIS 2018";"07/10/2018";"E";"RO";"RO";"RONDÔNIA";787;"PIMENTEIRAS DO OESTE";16;5;"Senador";220000627641;180;"ALUÍZIO VIDAL FLOR";"ALUÍZIO VIDAL";"#NULO#";12;"APTO";2;"DEFERIDO";-3;"#NE";-3;"#NE";-3;"#NE";"COLIGAÇÃO";18;"REDE";"Rede Sustentabilidade";-1;"#NULO#";"#NULO#";"#NULO#";220000050763;"POR UMA RONDÔNIA QUE QUEREMOS";"REDE / PPS / PRP";"N";5;"Válido";5;4;"NÃO ELEITO"
"13/11/2024";"10:56:11";2018;2;"Eleição Ordinária";1;297;"ELEIÇÕES GERAIS ESTADUAIS 2018";"07/10/2018";"E";"RO";"RO";"RONDÔNIA";493;"ITAPUÃ DO OESTE";2;5;"Senador";220000627641;180;"ALUÍZIO VIDAL FLOR";"ALUÍZIO VIDAL";"#NULO#";12;"APTO";2;"DEFERIDO";-3;"#NE";-3;"#NE";-3;"#NE";"COLIGAÇÃO";18;"REDE";"Rede Sustentabilidade";-1;"#NULO#";"#NULO#";"#NULO#";220000050763;"POR UMA RONDÔNIA QUE QUEREMOS";"REDE / PPS / PRP";"N";157;"Válido";157;4;"NÃO ELEITO"
"13/11/2024";"10:56:11";2018;2;"Eleição Ordinária";1;297;"ELEIÇÕES GERAIS ESTADUAIS 2018";"07/10/2018";"E";"RO";"RO";"RONDÔNIA";744;"NOVA UNIÃO";28;5;"Senador";220000627641;180;"ALUÍZIO VIDAL FLOR";"ALUÍZIO VIDAL";"#NULO#";12;"APTO";2;"DEFERIDO";-3;"#NE";-3;"#NE";-3;"#NE";"COLIGAÇÃO";18;"REDE";"Rede Sustentabilidade";-1;"#NULO#";"#NULO#";"#NULO#";220000050763;"POR UMA RONDÔNIA QUE QUEREMOS";"REDE / PPS / PRP";"N";128;"Válido";128;4;"NÃO ELEITO"
"13/11/2024";"10:56:11";2018;2;"Eleição Ordinária";1;297;"ELEIÇÕES GERAIS ESTADUAIS 2018";"07/10/2018";"E";"RO";"RO";"RONDÔNIA";752;"TEIXEIRÓPOLIS";13;5;"Senador";220000627641;180;"ALUÍZIO VIDAL FLOR";"ALUÍZIO VIDAL";"#NULO#";12;"APTO";2;"DEFERIDO";-3;"#NE";-3;"#NE";-3;"#NE";"COLIGAÇÃO";18;"REDE";"Rede Sustentabilidade";-1;"#NULO#";"#NULO#";"#NULO#";220000050763;"POR UMA RONDÔNIA QUE QUEREMOS";"REDE / PPS / PRP";"N";275;"Válido";275;4;"NÃO ELEITO"
"13/11/2024";"10:56:11";2018;2;"Eleição Ordinária";1;297;"ELEIÇÕES GERAIS ESTADUAIS 2018";"07/10/2018";"E";"RO";"RO";"RONDÔNIA";418;"SÃO MIGUEL DO GUAPORÉ";35;5;"Senador";220000627641;180;"ALUÍZIO VIDAL FLOR";"ALUÍZIO VIDAL";"#NULO#";12;"APTO";2;"DEFERIDO";-3;"#NE";-3;"#NE";-3;"#NE";"COLIGAÇÃO";18;"REDE";"Rede Sustentabilidade";-1;"#NULO#";"#NULO#";"#NULO#";220000050763;"POR UMA RONDÔNIA QUE QUEREMOS";"REDE / PPS / PRP";"N";126;"Válido";126;4;"NÃO ELEITO"
"13/11/2024";"10:56:11";2018;2;"Eleição Ordinária";1;297;"ELEIÇÕES GERAIS ESTADUAIS 2018";"07/10/2018";"E";"RO";"RO";"RONDÔNIA";51;"JI-PARANÁ";3;5;"Senador";220000627641;180;"ALUÍZIO VIDAL FLOR";"ALUÍZIO VIDAL";"#NULO#";12;"APTO";2;"DEFERIDO";-3;"#NE";-3;"#NE";-3;"#NE";"COLIGAÇÃO";18;"REDE";"Rede Sustentabilidade";-1;"#NULO#";"#NULO#";"#NULO#";220000050763;"POR UMA RONDÔNIA QUE QUEREMOS";"REDE / PPS / PRP";"N";339;"Válido";339;4;"NÃO ELEITO"
"13/11/2024";"10:56:11";2018;2;"Eleição Ordinária";1;297;"ELEIÇÕES GERAIS ESTADUAIS 2018";"07/10/2018";"E";"RO";"RO";"RONDÔNIA";418;"SÃO MIGUEL DO GUAPORÉ";35;3;"Governador";220000627640;18;"VINICIUS VALENTIN RADUAN MIGUEL";"VINICIUS MIGUEL";"#NULO#";12;"APTO";2;"DEFERIDO";-3;"#NE";-3;"#NE";-3;"#NE";"COLIGAÇÃO";18;"REDE";"Rede Sustentabilidade";-1;"#NULO#";"#NULO#";"#NULO#";220000050763;"POR UMA RONDÔNIA QUE QUEREMOS";"REDE / PPS / PRP";"N";271;"Válido";271;4;"NÃO ELEITO"
"13/11/2024";"10:56:11";2018;2;"Eleição Ordinária";1;297;"ELEIÇÕES GERAIS ESTADUAIS 2018";"07/10/2018";"E";"RO";"RO";"RONDÔNIA";752;"TEIXEIRÓPOLIS";13;3;"Governador";220000627640;18;"VINICIUS VALENTIN RADUAN MIGUEL";"VINICIUS MIGUEL";"#NULO#";12;"APTO";2;"DEFERIDO";-3;"#NE";-3;"#NE";-3;"#NE";"COLIGAÇÃO";18;"REDE";"Rede Sustentabilidade";-1;"#NULO#";"#NULO#";"#NULO#";220000050763;"POR UMA RONDÔNIA QUE QUEREMOS";"REDE / PPS / PRP";"N";113;"Válido";113;4;"NÃO ELEITO"
"13/11/2024";"10:56:11";2018;2;"Eleição Ordinária";1;297;"ELEIÇÕES GERAIS ESTADUAIS 2018";"07/10/2018";"E";"RO";"RO";"RONDÔNIA";493;"ITAPUÃ DO OESTE";2;3;"Governador";220000627640;18;"VINICIUS VALENTIN RADUAN MIGUEL";"VINICIUS MIGUEL";"#NULO#";12;"APTO";2;"DEFERIDO";-3;"#NE";-3;"#NE";-3;"#NE";"COLIGAÇÃO";18;"REDE";"Rede Sustentabilidade";-1;"#NULO#";"#NULO#";"#NULO#";220000050763;"POR UMA RONDÔNIA QUE QUEREMOS";"REDE / PPS / PRP";"N";250;"Válido";250;4;"NÃO ELEITO"
"13/11/2024";"10:56:11";2018;2;"Eleição Ordinária";1;297;"ELEIÇÕES GERAIS ESTADUAIS 2018";"07/10/2018";"E";"RO";"RO";"RONDÔNIA";51;"JI-PARANÁ";3;3;"Governador";220000627640;18;"VINICIUS VALENTIN RADUAN MIGUEL";"VINICIUS MIGUEL";"#NULO#";12;"APTO";2;"DEFERIDO";-3;"#NE";-3;"#NE";-3;"#NE";"COLIGAÇÃO";18;"REDE";"Rede Sustentabilidade";-1;"#NULO#";"#NULO#";"#NULO#";220000050763;"POR UMA RONDÔNIA QUE QUEREMOS";"REDE / PPS / PRP";"N";2087;"Válido";2087;4;"NÃO ELEITO"
"13/11/2024";"10:56:11";2018;2;"Eleição Ordinária";1;297;"ELEIÇÕES GERAIS ESTADUAIS 2018";"07/10/2018";"E";"RO";"RO";"RONDÔNIA";450;"CABIXI";8;3;"Governador";220000627640;18;"VINICIUS VALENTIN RADUAN MIGUEL";"VINICIUS MIGUEL";"#NULO#";12;"APTO";2;"DEFERIDO";-3;"#NE";-3;"#NE";-3;"#NE";"COLIGAÇÃO";18;"REDE";"Rede Sustentabilidade";-1;"#NULO#";"#NULO#";"#NULO#";220000050763;"POR UMA RONDÔNIA QUE QUEREMOS";"REDE / PPS / PRP";"N";100;"Válido";100;4;"NÃO ELEITO"
"13/11/2024";"10:56:11";2018;2;"Eleição Ordinária";1;297;"ELEIÇÕES GERAIS ESTADUAIS 2018";"07/10/2018";"E";"RO";"RO";"RONDÔNIA";787;"PIMENTEIRAS DO OESTE";16;3;"Governador";220000627640;18;"VINICIUS VALENTIN RADUAN MIGUEL";"VINICIUS MIGUEL";"#NULO#";12;"APTO";2;"DEFERIDO";-3;"#NE";-3;"#NE";-3;"#NE";"COLIGAÇÃO";18;"REDE";"Rede Sustentabilidade";-1;"#NULO#";"#NULO#";"#NULO#";220000050763;"POR UMA RONDÔNIA QUE QUEREMOS";"REDE / PPS / PRP";"N";21;"Válido";21;4;"NÃO ELEITO"
"13/11/2024";"10:56:11";2018;2;"Eleição Ordinária";1;297;"ELEIÇÕES GERAIS ESTADUAIS 2018";"07/10/2018";"E";"RO";"RO";"RONDÔNIA";51;"JI-PARANÁ";30;3;"Governador";220000627640;18;"VINICIUS VALENTIN RADUAN MIGUEL";"VINICIUS MIGUEL";"#NULO#";12;"APTO";2;"DEFERIDO";-3;"#NE";-3;"#NE";-3;"#NE";"COLIGAÇÃO";18;"REDE";"Rede Sustentabilidade";-1;"#NULO#";"#NULO#";"#NULO#";220000050763;"POR UMA RONDÔNIA QUE QUEREMOS";"REDE / PPS / PRP";"N";3796;"Válido";3796;4;"NÃO ELEITO"
"13/11/2024";"10:56:11";2018;2;"Eleição Ordinária";1;297;"ELEIÇÕES GERAIS ESTADUAIS 2018";"07/10/2018";"E";"RO";"RO";"RONDÔNIA";434;"NOVA MAMORÉ";1;3;"Governador";220000627640;18;"VINICIUS VALENTIN RADUAN MIGUEL";"VINICIUS MIGUEL";"#NULO#";12;"APTO";2;"DEFERIDO";-3;"#NE";-3;"#NE";-3;"#NE";"COLIGAÇÃO";18;"REDE";"Rede Sustentabilidade";-1;"#NULO#";"#NULO#";"#NULO#";220000050763;"POR UMA RONDÔNIA QUE QUEREMOS";"REDE / PPS / PRP";"N";396;"Válido";396;4;"NÃO ELEITO"
"13/11/2024";"10:56:11";2018;2;"Eleição Ordinária";1;297;"ELEIÇÕES GERAIS ESTADUAIS 2018";"07/10/2018";"E";"RO";"RO";"RONDÔNIA";582;"SERINGUEIRAS";35;3;"Governador";220000627640;18;"VINICIUS VALENTIN RADUAN MIGUEL";"VINICIUS MIGUEL";"#NULO#";12;"APTO";2;"DEFERIDO";-3;"#NE";-3;"#NE";-3;"#NE";"COLIGAÇÃO";18;"REDE";"Rede Sustentabilidade";-1;"#NULO#";"#NULO#";"#NULO#";220000050763;"POR UMA RONDÔNIA QUE QUEREMOS";"REDE / PPS / PRP";"N";106;"Válido";106;4;"NÃO ELEITO"
"13/11/2024";"10:56:11";2018;2;"Eleição Ordinária";1;297;"ELEIÇÕES GERAIS ESTADUAIS 2018";"07/10/2018";"E";"RO";"RO";"RONDÔNIA";272;"CEREJEIRAS";16;3;"Governador";220000627640;18;"VINICIUS VALENTIN RADUAN MIGUEL";"VINICIUS MIGUEL";"#NULO#";12;"APTO";2;"DEFERIDO";-3;"#NE";-3;"#NE";-3;"#NE";"COLIGAÇÃO";18;"REDE";"Rede Sustentabilidade";-1;"#NULO#";"#NULO#";"#NULO#";220000050763;"POR UMA RONDÔNIA QUE QUEREMOS";"REDE / PPS / PRP";"N";387;"Válido";387;4;"NÃO ELEITO"
"13/11/2024";"10:56:11";2018;2;"Eleição Ordinária";1;297;"ELEIÇÕES GERAIS ESTADUAIS 2018";"07/10/2018";"E";"RO";"RO";"RONDÔNIA";744;"NOVA UNIÃO";28;3;"Governador";220000627640;18;"VINICIUS VALENTIN RADUAN MIGUEL";"VINICIUS MIGUEL";"#NULO#";12;"APTO";2;"DEFERIDO";-3;"#NE";-3;"#NE";-3;"#NE";"COLIGAÇÃO";18;"REDE";"Rede Sustentabilidade";-1;"#NULO#";"#NULO#";"#NULO#";220000050763;"POR UMA RONDÔNIA QUE QUEREMOS";"REDE / PPS / PRP";"N";149;"Válido";149;4;"NÃO ELEITO"
"13/11/2024";"10:56:11";2018;2;"Eleição Ordinária";1;297;"ELEIÇÕES GERAIS ESTADUAIS 2018";"07/10/2018";"E";"RO";"RO";"RONDÔNIA";809;"CHUPINGUAIA";8;5;"Senador";220000627641;180;"ALUÍZIO VIDAL FLOR";"ALUÍZIO VIDAL";"#NULO#";12;"APTO";2;"DEFERIDO";-3;"#NE";-3;"#NE";-3;"#NE";"COLIGAÇÃO";18;"REDE";"Rede Sustentabilidade";-1;"#NULO#";"#NULO#";"#NULO#";220000050763;"POR UMA RONDÔNIA QUE QUEREMOS";"REDE / PPS / PRP";"N";35;"Válido";35;4;"NÃO ELEITO"
"13/11/2024";"10:56:11";2018;2;"Eleição Ordinária";1;297;"ELEIÇÕES GERAIS ESTADUAIS 2018";"07/10/2018";"E";"RO";"RO";"RONDÔNIA";558;"VALE DO PARAÍSO";28;5;"Senador";220000627641;180;"ALUÍZIO VIDAL FLOR";"ALUÍZIO VIDAL";"#NULO#";12;"APTO";2;"DEFERIDO";-3;"#NE";-3;"#NE";-3;"#NE";"COLIGAÇÃO";18;"REDE";"Rede Sustentabilidade";-1;"#NULO#";"#NULO#";"#NULO#";220000050763;"POR UMA RONDÔNIA QUE QUEREMOS";"REDE / PPS / PRP";"N";233;"Válido";233;4;"NÃO ELEITO"
"13/11/2024";"10:56:11";2018;2;"Eleição Ordinária";1;297;"ELEIÇÕES GERAIS ESTADUAIS 2018";"07/10/2018";"E";"RO";"RO";"RONDÔNIA";310;"ALTA FLORESTA D OESTE";17;5;"Senador";220000627641;180;"ALUÍZIO VIDAL FLOR";"ALUÍZIO VIDAL";"#NULO#";12;"APTO";2;"DEFERIDO";-3;"#NE";-3;"#NE";-3;"#NE";"COLIGAÇÃO";18;"REDE";"Rede Sustentabilidade";-1;"#NULO#";"#NULO#";"#NULO#";220000050763;"POR UMA RONDÔNIA QUE QUEREMOS";"REDE / PPS / PRP";"N";108;"Válido";108;4;"NÃO ELEITO"
"13/11/2024";"10:56:11";2018;2;"Eleição Ordinária";1;297;"ELEIÇÕES GERAIS ESTADUAIS 2018";"07/10/2018";"E";"RO";"RO";"RONDÔNIA";728;"PRIMAVERA DE RONDÔNIA";9;5;"Senador";220000627641;180;"ALUÍZIO VIDAL FLOR";"ALUÍZIO VIDAL";"#NULO#";12;"APTO";2;"DEFERIDO";-3;"#NE";-3;"#NE";-3;"#NE";"COLIGAÇÃO";18;"REDE";"Rede Sustentabilidade";-1;"#NULO#";"#NULO#";"#NULO#";220000050763;"POR UMA RONDÔNIA QUE QUEREMOS";"REDE / PPS / PRP";"N";31;"Válido";31;4;"NÃO ELEITO"
"13/11/2024";"10:56:11";2018;2;"Eleição Ordinária";1;297;"ELEIÇÕES GERAIS ESTADUAIS 2018";"07/10/2018";"E";"RO";"RO";"RONDÔNIA";566;"URUPÁ";18;5;"Senador";220000627641;180;"ALUÍZIO VIDAL FLOR";"ALUÍZIO VIDAL";"#NULO#";12;"APTO";2;"DEFERIDO";-3;"#NE";-3;"#NE";-3;"#NE";"COLIGAÇÃO";18;"REDE";"Rede Sustentabilidade";-1;"#NULO#";"#NULO#";"#NULO#";220000050763;"POR UMA RONDÔNIA QUE QUEREMOS";"REDE / PPS / PRP";"N";53;"Válido";53;4;"NÃO ELEITO"
"13/11/2024";"10:56:11";2018;2;"Eleição Ordinária";1;297;"ELEIÇÕES GERAIS ESTADUAIS 2018";"07/10/2018";"E";"RO";"RO";"RONDÔNIA";566;"URUPÁ";18;3;"Governador";220000627640;18;"VINICIUS VALENTIN RADUAN MIGUEL";"VINICIUS MIGUEL";"#NULO#";12;"APTO";2;"DEFERIDO";-3;"#NE";-3;"#NE";-3;"#NE";"COLIGAÇÃO";18;"REDE";"Rede Sustentabilidade";-1;"#NULO#";"#NULO#";"#NULO#";220000050763;"POR UMA RONDÔNIA QUE QUEREMOS";"REDE / PPS / PRP";"N";211;"Válido";211;4;"NÃO ELEITO"
"13/11/2024";"10:56:11";2018;2;"Eleição Ordinária";1;297;"ELEIÇÕES GERAIS ESTADUAIS 2018";"07/10/2018";"E";"RO";"RO";"RONDÔNIA";310;"ALTA FLORESTA D OESTE";17;3;"Governador";220000627640;18;"VINICIUS VALENTIN RADUAN MIGUEL";"VINICIUS MIGUEL";"#NULO#";12;"APTO";2;"DEFERIDO";-3;"#NE";-3;"#NE";-3;"#NE";"COLIGAÇÃO";18;"REDE";"Rede Sustentabilidade";-1;"#NULO#";"#NULO#";"#NULO#";220000050763;"POR UMA RONDÔNIA QUE QUEREMOS";"REDE / PPS / PRP";"N";367;"Válido";367;4;"NÃO ELEITO"
"13/11/2024";"10:56:11";2018;2;"Eleição Ordinária";1;297;"ELEIÇÕES GERAIS ESTADUAIS 2018";"07/10/2018";"E";"RO";"RO";"RONDÔNIA";809;"CHUPINGUAIA";8;3;"Governador";220000627640;18;"VINICIUS VALENTIN RADUAN MIGUEL";"VINICIUS MIGUEL";"#NULO#";12;"APTO";2;"DEFERIDO";-3;"#NE";-3;"#NE";-3;"#NE";"COLIGAÇÃO";18;"REDE";"Rede Sustentabilidade";-1;"#NULO#";"#NULO#";"#NULO#";220000050763;"POR UMA RONDÔNIA QUE QUEREMOS";"REDE / PPS / PRP";"N";53;"Válido";53;4;"NÃO ELEITO"
"13/11/2024";"10:56:11";2018;2;"Eleição Ordinária";1;297;"ELEIÇÕES GERAIS ESTADUAIS 2018";"07/10/2018";"E";"RO";"RO";"RONDÔNIA";558;"VALE DO PARAÍSO";28;3;"Governador";220000627640;18;"VINICIUS VALENTIN RADUAN MIGUEL";"VINICIUS MIGUEL";"#NULO#";12;"APTO";2;"DEFERIDO";-3;"#NE";-3;"#NE";-3;"#NE";"COLIGAÇÃO";18;"REDE";"Rede Sustentabilidade";-1;"#NULO#";"#NULO#";"#NULO#";220000050763;"POR UMA RONDÔNIA QUE QUEREMOS";"REDE / PPS / PRP";"N";142;"Válido";142;4;"NÃO ELEITO"
"13/11/2024";"10:56:11";2018;2;"Eleição Ordinária";1;297;"ELEIÇÕES GERAIS ESTADUAIS 2018";"07/10/2018";"E";"RO";"RO";"RONDÔNIA";728;"PRIMAVERA DE RONDÔNIA";9;3;"Governador";220000627640;18;"VINICIUS VALENTIN RADUAN MIGUEL";"VINICIUS MIGUEL";"#NULO#";12;"APTO";2;"DEFERIDO";-3;"#NE";-3;"#NE";-3;"#NE";"COLIGAÇÃO";18;"REDE";"Rede Sustentabilidade";-1;"#NULO#";"#NULO#";"#NULO#";220000050763;"POR UMA RONDÔNIA QUE QUEREMOS";"REDE / PPS / PRP";"N";99;"Válido";99;4;"NÃO ELEITO"
"13/11/2024";"10:56:11";2018;2;"Eleição Ordinária";1;297;"ELEIÇÕES GERAIS ESTADUAIS 2018";"07/10/2018";"E";"RO";"RO";"RONDÔNIA";574;"MIRANTE DA SERRA";28;5;"Senador";220000625840;177;"JAIME MAXIMINO BAGATTOLI";"JAIME BAGATTOLI";"#NULO#";12;"APTO";2;"DEFERIDO";-3;"#NE";-3;"#NE";-3;"#NE";"PARTIDO ISOLADO";17;"PSL";"Partido Social Liberal";-1;"#NULO#";"#NULO#";"#NULO#";220000050702;"PARTIDO ISOLADO";"PSL";"N";1036;"Válido";1036;4;"NÃO ELEITO"
"13/11/2024";"10:56:11";2018;2;"Eleição Ordinária";1;297;"ELEIÇÕES GERAIS ESTADUAIS 2018";"07/10/2018";"E";"RO";"RO";"RONDÔNIA";671;"CAMPO NOVO DE RONDÔNIA";34;5;"Senador";220000625840;177;"JAIME MAXIMINO BAGATTOLI";"JAIME BAGATTOLI";"#NULO#";12;"APTO";2;"DEFERIDO";-3;"#NE";-3;"#NE";-3;"#NE";"PARTIDO ISOLADO";17;"PSL";"Partido Social Liberal";-1;"#NULO#";"#NULO#";"#NULO#";220000050702;"PARTIDO ISOLADO";"PSL";"N";601;"Válido";601;4;"NÃO ELEITO"
"13/11/2024";"10:56:11";2018;2;"Eleição Ordinária";1;297;"ELEIÇÕES GERAIS ESTADUAIS 2018";"07/10/2018";"E";"RO";"RO";"RONDÔNIA";779;"BURITIS";34;5;"Senador";220000625840;177;"JAIME MAXIMINO BAGATTOLI";"JAIME BAGATTOLI";"#NULO#";12;"APTO";2;"DEFERIDO";-3;"#NE";-3;"#NE";-3;"#NE";"PARTIDO ISOLADO";17;"PSL";"Partido Social Liberal";-1;"#NULO#";"#NULO#";"#NULO#";220000050702;"PARTIDO ISOLADO";"PSL";"N";3781;"Válido";3781;4;"NÃO ELEITO"
"13/11/2024";"10:56:11";2018;2;"Eleição Ordinária";1;297;"ELEIÇÕES GERAIS ESTADUAIS 2018";"07/10/2018";"E";"RO";"RO";"RONDÔNIA";213;"COSTA MARQUES";5;3;"Governador";220000625838;17;"MARCOS JOSE ROCHA DOS SANTOS";"CORONEL MARCOS ROCHA";"#NULO#";12;"APTO";2;"DEFERIDO";-3;"#NE";-3;"#NE";-3;"#NE";"PARTIDO ISOLADO";17;"PSL";"Partido Social Liberal";-1;"#NULO#";"#NULO#";"#NULO#";220000050702;"PARTIDO ISOLADO";"PSL";"N";736;"Válido";736;6;"2º TURNO"
"13/11/2024";"10:56:11";2018;2;"Eleição Ordinária";1;297;"ELEIÇÕES GERAIS ESTADUAIS 2018";"07/10/2018";"E";"RO";"RO";"RONDÔNIA";337;"ALVORADA DO OESTE";18;3;"Governador";220000625838;17;"MARCOS JOSE ROCHA DOS SANTOS";"CORONEL MARCOS ROCHA";"#NULO#";12;"APTO";2;"DEFERIDO";-3;"#NE";-3;"#NE";-3;"#NE";"PARTIDO ISOLADO";17;"PSL";"Partido Social Liberal";-1;"#NULO#";"#NULO#";"#NULO#";220000050702;"PARTIDO ISOLADO";"PSL";"N";1204;"Válido";1204;6;"2º TURNO"
"13/11/2024";"10:56:11";2018;2;"Eleição Ordinária";1;297;"ELEIÇÕES GERAIS ESTADUAIS 2018";"07/10/2018";"E";"RO";"RO";"RONDÔNIA";590;"THEOBROMA";27;3;"Governador";220000625838;17;"MARCOS JOSE ROCHA DOS SANTOS";"CORONEL MARCOS ROCHA";"#NULO#";12;"APTO";2;"DEFERIDO";-3;"#NE";-3;"#NE";-3;"#NE";"PARTIDO ISOLADO";17;"PSL";"Partido Social Liberal";-1;"#NULO#";"#NULO#";"#NULO#";220000050702;"PARTIDO ISOLADO";"PSL";"N";698;"Válido";698;6;"2º TURNO"
"13/11/2024";"10:56:11";2018;2;"Eleição Ordinária";1;297;"ELEIÇÕES GERAIS ESTADUAIS 2018";"07/10/2018";"E";"RO";"RO";"RONDÔNIA";256;"ESPIGÃO DO OESTE";12;3;"Governador";220000625838;17;"MARCOS JOSE ROCHA DOS SANTOS";"CORONEL MARCOS ROCHA";"#NULO#";12;"APTO";2;"DEFERIDO";-3;"#NE";-3;"#NE";-3;"#NE";"PARTIDO ISOLADO";17;"PSL";"Partido Social Liberal";-1;"#NULO#";"#NULO#";"#NULO#";220000050702;"PARTIDO ISOLADO";"PSL";"N";3879;"Válido";3879;6;"2º TURNO"
"13/11/2024";"10:56:11";2018;2;"Eleição Ordinária";1;297;"ELEIÇÕES GERAIS ESTADUAIS 2018";"07/10/2018";"E";"RO";"RO";"RONDÔNIA";19;"GUAJARÁ-MIRIM";1;3;"Governador";220000625838;17;"MARCOS JOSE ROCHA DOS SANTOS";"CORONEL MARCOS ROCHA";"#NULO#";12;"APTO";2;"DEFERIDO";-3;"#NE";-3;"#NE";-3;"#NE";"PARTIDO ISOLADO";17;"PSL";"Partido Social Liberal";-1;"#NULO#";"#NULO#";"#NULO#";220000050702;"PARTIDO ISOLADO";"PSL";"N";2737;"Válido";2737;6;"2º TURNO"
"13/11/2024";"10:56:11";2018;2;"Eleição Ordinária";1;297;"ELEIÇÕES GERAIS ESTADUAIS 2018";"07/10/2018";"E";"RO";"RO";"RONDÔNIA";299;"ROLIM DE MOURA";29;3;"Governador";220000625838;17;"MARCOS JOSE ROCHA DOS SANTOS";"CORONEL MARCOS ROCHA";"#NULO#";12;"APTO";2;"DEFERIDO";-3;"#NE";-3;"#NE";-3;"#NE";"PARTIDO ISOLADO";17;"PSL";"Partido Social Liberal";-1;"#NULO#";"#NULO#";"#NULO#";220000050702;"PARTIDO ISOLADO";"PSL";"N";6589;"Válido";6589;6;"2º TURNO"
"13/11/2024";"10:56:11";2018;2;"Eleição Ordinária";1;297;"ELEIÇÕES GERAIS ESTADUAIS 2018";"07/10/2018";"E";"RO";"RO";"RONDÔNIA";191;"PRESIDENTE MÉDICI";3;3;"Governador";220000625838;17;"MARCOS JOSE ROCHA DOS SANTOS";"CORONEL MARCOS ROCHA";"#NULO#";12;"APTO";2;"DEFERIDO";-3;"#NE";-3;"#NE";-3;"#NE";"PARTIDO ISOLADO";17;"PSL";"Partido Social Liberal";-1;"#NULO#";"#NULO#";"#NULO#";220000050702;"PARTIDO ISOLADO";"PSL";"N";2132;"Válido";2132;6;"2º TURNO"
"13/11/2024";"10:56:11";2018;2;"Eleição Ordinária";2;298;"ELEIÇÕES GERAIS ESTADUAIS 2018";"28/10/2018";"E";"RO";"RO";"RONDÔNIA";230;"COLORADO DO OESTE";8;3;"Governador";220000609850;45;"EXPEDITO GONÇALVES FERREIRA JUNIOR";"EXPEDITO JUNIOR";"#NULO#";12;"APTO";2;"DEFERIDO";-3;"#NE";-3;"#NE";-3;"#NE";"COLIGAÇÃO";45;"PSDB";"Partido da Social Democracia Brasileira";-1;"#NULO#";"#NULO#";"#NULO#";220000050260;"RONDÔNIA, ESPERANÇA DE UM NOVO TEMPO";"PSDB / DEM / PSD / PRB / PATRI";"N";2929;"Válido";2929;4;"NÃO ELEITO"
"13/11/2024";"10:56:11";2018;2;"Eleição Ordinária";2;298;"ELEIÇÕES GERAIS ESTADUAIS 2018";"28/10/2018";"E";"RO";"RO";"RONDÔNIA";159;"JARU";10;3;"Governador";220000609850;45;"EXPEDITO GONÇALVES FERREIRA JUNIOR";"EXPEDITO JUNIOR";"#NULO#";12;"APTO";2;"DEFERIDO";-3;"#NE";-3;"#NE";-3;"#NE";"COLIGAÇÃO";45;"PSDB";"Partido da Social Democracia Brasileira";-1;"#NULO#";"#NULO#";"#NULO#";220000050260;"RONDÔNIA, ESPERANÇA DE UM NOVO TEMPO";"PSDB / DEM / PSD / PRB / PATRI";"N";7446;"Válido";7446;4;"NÃO ELEITO"
"13/11/2024";"10:56:11";2018;2;"Eleição Ordinária";2;298;"ELEIÇÕES GERAIS ESTADUAIS 2018";"28/10/2018";"E";"RO";"RO";"RONDÔNIA";78;"ARIQUEMES";7;3;"Governador";220000609850;45;"EXPEDITO GONÇALVES FERREIRA JUNIOR";"EXPEDITO JUNIOR";"#NULO#";12;"APTO";2;"DEFERIDO";-3;"#NE";-3;"#NE";-3;"#NE";"COLIGAÇÃO";45;"PSDB";"Partido da Social Democracia Brasileira";-1;"#NULO#";"#NULO#";"#NULO#";220000050260;"RONDÔNIA, ESPERANÇA DE UM NOVO TEMPO";"PSDB / DEM / PSD / PRB / PATRI";"N";12009;"Válido";12009;4;"NÃO ELEITO"
"13/11/2024";"10:56:11";2018;2;"Eleição Ordinária";2;298;"ELEIÇÕES GERAIS ESTADUAIS 2018";"28/10/2018";"E";"RO";"RO";"RONDÔNIA";132;"VILHENA";4;3;"Governador";220000609850;45;"EXPEDITO GONÇALVES FERREIRA JUNIOR";"EXPEDITO JUNIOR";"#NULO#";12;"APTO";2;"DEFERIDO";-3;"#NE";-3;"#NE";-3;"#NE";"COLIGAÇÃO";45;"PSDB";"Partido da Social Democracia Brasileira";-1;"#NULO#";"#NULO#";"#NULO#";220000050260;"RONDÔNIA, ESPERANÇA DE UM NOVO TEMPO";"PSDB / DEM / PSD / PRB / PATRI";"N";11772;"Válido";11772;4;"NÃO ELEITO"
"13/11/2024";"10:56:11";2018;2;"Eleição Ordinária";2;298;"ELEIÇÕES GERAIS ESTADUAIS 2018";"28/10/2018";"E";"RO";"RO";"RONDÔNIA";710;"SÃO FELIPE D OESTE";19;3;"Governador";220000609850;45;"EXPEDITO GONÇALVES FERREIRA JUNIOR";"EXPEDITO JUNIOR";"#NULO#";12;"APTO";2;"DEFERIDO";-3;"#NE";-3;"#NE";-3;"#NE";"COLIGAÇÃO";45;"PSDB";"Partido da Social Democracia Brasileira";-1;"#NULO#";"#NULO#";"#NULO#";220000050260;"RONDÔNIA, ESPERANÇA DE UM NOVO TEMPO";"PSDB / DEM / PSD / PRB / PATRI";"N";1221;"Válido";1221;4;"NÃO ELEITO"
"13/11/2024";"10:56:11";2018;2;"Eleição Ordinária";2;298;"ELEIÇÕES GERAIS ESTADUAIS 2018";"28/10/2018";"E";"RO";"RO";"RONDÔNIA";35;"PORTO VELHO";20;3;"Governador";220000609850;45;"EXPEDITO GONÇALVES FERREIRA JUNIOR";"EXPEDITO JUNIOR";"#NULO#";12;"APTO";2;"DEFERIDO";-3;"#NE";-3;"#NE";-3;"#NE";"COLIGAÇÃO";45;"PSDB";"Partido da Social Democracia Brasileira";-1;"#NULO#";"#NULO#";"#NULO#";220000050260;"RONDÔNIA, ESPERANÇA DE UM NOVO TEMPO";"PSDB / DEM / PSD / PRB / PATRI";"N";21280;"Válido";21280;4;"NÃO ELEITO"
"13/11/2024";"10:56:11";2018;2;"Eleição Ordinária";2;298;"ELEIÇÕES GERAIS ESTADUAIS 2018";"28/10/2018";"E";"RO";"RO";"RONDÔNIA";35;"PORTO VELHO";6;3;"Governador";220000609850;45;"EXPEDITO GONÇALVES FERREIRA JUNIOR";"EXPEDITO JUNIOR";"#NULO#";12;"APTO";2;"DEFERIDO";-3;"#NE";-3;"#NE";-3;"#NE";"COLIGAÇÃO";45;"PSDB";"Partido da Social Democracia Brasileira";-1;"#NULO#";"#NULO#";"#NULO#";220000050260;"RONDÔNIA, ESPERANÇA DE UM NOVO TEMPO";"PSDB / DEM / PSD / PRB / PATRI";"N";19404;"Válido";19404;4;"NÃO ELEITO"
"13/11/2024";"10:56:11";2018;2;"Eleição Ordinária";2;298;"ELEIÇÕES GERAIS ESTADUAIS 2018";"28/10/2018";"E";"RO";"RO";"RONDÔNIA";35;"PORTO VELHO";2;3;"Governador";220000609850;45;"EXPEDITO GONÇALVES FERREIRA JUNIOR";"EXPEDITO JUNIOR";"#NULO#";12;"APTO";2;"DEFERIDO";-3;"#NE";-3;"#NE";-3;"#NE";"COLIGAÇÃO";45;"PSDB";"Partido da Social Democracia Brasileira";-1;"#NULO#";"#NULO#";"#NULO#";220000050260;"RONDÔNIA, ESPERANÇA DE UM NOVO TEMPO";"PSDB / DEM / PSD / PRB / PATRI";"N";23652;"Válido";23652;4;"NÃO ELEITO"
"13/11/2024";"10:56:11";2018;2;"Eleição Ordinária";2;298;"ELEIÇÕES GERAIS ESTADUAIS 2018";"28/10/2018";"E";"RO";"RO";"RONDÔNIA";35;"PORTO VELHO";21;3;"Governador";220000609850;45;"EXPEDITO GONÇALVES FERREIRA JUNIOR";"EXPEDITO JUNIOR";"#NULO#";12;"APTO";2;"DEFERIDO";-3;"#NE";-3;"#NE";-3;"#NE";"COLIGAÇÃO";45;"PSDB";"Partido da Social Democracia Brasileira";-1;"#NULO#";"#NULO#";"#NULO#";220000050260;"RONDÔNIA, ESPERANÇA DE UM NOVO TEMPO";"PSDB / DEM / PSD / PRB / PATRI";"N";13983;"Válido";13983;4;"NÃO ELEITO"
"13/11/2024";"10:56:11";2018;2;"Eleição Ordinária";2;298;"ELEIÇÕES GERAIS ESTADUAIS 2018";"28/10/2018";"E";"RO";"RO";"RONDÔNIA";736;"ALTO ALEGRE DOS PARECIS";19;3;"Governador";220000609850;45;"EXPEDITO GONÇALVES FERREIRA JUNIOR";"EXPEDITO JUNIOR";"#NULO#";12;"APTO";2;"DEFERIDO";-3;"#NE";-3;"#NE";-3;"#NE";"COLIGAÇÃO";45;"PSDB";"Partido da Social Democracia Brasileira";-1;"#NULO#";"#NULO#";"#NULO#";220000050260;"RONDÔNIA, ESPERANÇA DE UM NOVO TEMPO";"PSDB / DEM / PSD / PRB / PATRI";"N";2892;"Válido";2892;4;"NÃO ELEITO"
"13/11/2024";"10:56:11";2018;2;"Eleição Ordinária";2;298;"ELEIÇÕES GERAIS ESTADUAIS 2018";"28/10/2018";"E";"RO";"RO";"RONDÔNIA";477;"CANDEIAS DO JAMARI";21;3;"Governador";220000609850;45;"EXPEDITO GONÇALVES FERREIRA JUNIOR";"EXPEDITO JUNIOR";"#NULO#";12;"APTO";2;"DEFERIDO";-3;"#NE";-3;"#NE";-3;"#NE";"COLIGAÇÃO";45;"PSDB";"Partido da Social Democracia Brasileira";-1;"#NULO#";"#NULO#";"#NULO#";220000050260;"RONDÔNIA, ESPERANÇA DE UM NOVO TEMPO";"PSDB / DEM / PSD / PRB / PATRI";"N";4600;"Válido";4600;4;"NÃO ELEITO"
"13/11/2024";"10:56:11";2018;2;"Eleição Ordinária";2;298;"ELEIÇÕES GERAIS ESTADUAIS 2018";"28/10/2018";"E";"RO";"RO";"RONDÔNIA";639;"ALTO PARAÍSO";25;3;"Governador";220000609850;45;"EXPEDITO GONÇALVES FERREIRA JUNIOR";"EXPEDITO JUNIOR";"#NULO#";12;"APTO";2;"DEFERIDO";-3;"#NE";-3;"#NE";-3;"#NE";"COLIGAÇÃO";45;"PSDB";"Partido da Social Democracia Brasileira";-1;"#NULO#";"#NULO#";"#NULO#";220000050260;"RONDÔNIA, ESPERANÇA DE UM NOVO TEMPO";"PSDB / DEM / PSD / PRB / PATRI";"N";2564;"Válido";2564;4;"NÃO ELEITO"
"13/11/2024";"10:56:11";2018;2;"Eleição Ordinária";2;298;"ELEIÇÕES GERAIS ESTADUAIS 2018";"28/10/2018";"E";"RO";"RO";"RONDÔNIA";612;"GOVERNADOR JORGE TEIXEIRA";27;3;"Governador";220000609850;45;"EXPEDITO GONÇALVES FERREIRA JUNIOR";"EXPEDITO JUNIOR";"#NULO#";12;"APTO";2;"DEFERIDO";-3;"#NE";-3;"#NE";-3;"#NE";"COLIGAÇÃO";45;"PSDB";"Partido da Social Democracia Brasileira";-1;"#NULO#";"#NULO#";"#NULO#";220000050260;"RONDÔNIA, ESPERANÇA DE UM NOVO TEMPO";"PSDB / DEM / PSD / PRB / PATRI";"N";1660;"Válido";1660;4;"NÃO ELEITO"
"13/11/2024";"10:56:11";2018;2;"Eleição Ordinária";2;298;"ELEIÇÕES GERAIS ESTADUAIS 2018";"28/10/2018";"E";"RO";"RO";"RONDÔNIA";370;"NOVA BRASILÂNDIA D OESTE";15;3;"Governador";220000609850;45;"EXPEDITO GONÇALVES FERREIRA JUNIOR";"EXPEDITO JUNIOR";"#NULO#";12;"APTO";2;"DEFERIDO";-3;"#NE";-3;"#NE";-3;"#NE";"COLIGAÇÃO";45;"PSDB";"Partido da Social Democracia Brasileira";-1;"#NULO#";"#NULO#";"#NULO#";220000050260;"RONDÔNIA, ESPERANÇA DE UM NOVO TEMPO";"PSDB / DEM / PSD / PRB / PATRI";"N";3858;"Válido";3858;4;"NÃO ELEITO"
"13/11/2024";"10:56:11";2018;2;"Eleição Ordinária";2;298;"ELEIÇÕES GERAIS ESTADUAIS 2018";"28/10/2018";"E";"RO";"RO";"RONDÔNIA";620;"CACAULÂNDIA";26;3;"Governador";220000609850;45;"EXPEDITO GONÇALVES FERREIRA JUNIOR";"EXPEDITO JUNIOR";"#NULO#";12;"APTO";2;"DEFERIDO";-3;"#NE";-3;"#NE";-3;"#NE";"COLIGAÇÃO";45;"PSDB";"Partido da Social Democracia Brasileira";-1;"#NULO#";"#NULO#";"#NULO#";220000050260;"RONDÔNIA, ESPERANÇA DE UM NOVO TEMPO";"PSDB / DEM / PSD / PRB / PATRI";"N";823;"Válido";823;4;"NÃO ELEITO"
"13/11/2024";"10:56:11";2018;2;"Eleição Ordinária";2;298;"ELEIÇÕES GERAIS ESTADUAIS 2018";"28/10/2018";"E";"RO";"RO";"RONDÔNIA";647;"RIO CRESPO";26;3;"Governador";220000609850;45;"EXPEDITO GONÇALVES FERREIRA JUNIOR";"EXPEDITO JUNIOR";"#NULO#";12;"APTO";2;"DEFERIDO";-3;"#NE";-3;"#NE";-3;"#NE";"COLIGAÇÃO";45;"PSDB";"Partido da Social Democracia Brasileira";-1;"#NULO#";"#NULO#";"#NULO#";220000050260;"RONDÔNIA, ESPERANÇA DE UM NOVO TEMPO";"PSDB / DEM / PSD / PRB / PATRI";"N";643;"Válido";643;4;"NÃO ELEITO"
"13/11/2024";"10:56:11";2018;2;"Eleição Ordinária";2;298;"ELEIÇÕES GERAIS ESTADUAIS 2018";"28/10/2018";"E";"RO";"RO";"RONDÔNIA";94;"CACOAL";11;3;"Governador";220000609850;45;"EXPEDITO GONÇALVES FERREIRA JUNIOR";"EXPEDITO JUNIOR";"#NULO#";12;"APTO";2;"DEFERIDO";-3;"#NE";-3;"#NE";-3;"#NE";"COLIGAÇÃO";45;"PSDB";"Partido da Social Democracia Brasileira";-1;"#NULO#";"#NULO#";"#NULO#";220000050260;"RONDÔNIA, ESPERANÇA DE UM NOVO TEMPO";"PSDB / DEM / PSD / PRB / PATRI";"N";12209;"Válido";12209;4;"NÃO ELEITO"
"13/11/2024";"10:56:11";2018;2;"Eleição Ordinária";2;298;"ELEIÇÕES GERAIS ESTADUAIS 2018";"28/10/2018";"E";"RO";"RO";"RONDÔNIA";680;"CUJUBIM";26;3;"Governador";220000609850;45;"EXPEDITO GONÇALVES FERREIRA JUNIOR";"EXPEDITO JUNIOR";"#NULO#";12;"APTO";2;"DEFERIDO";-3;"#NE";-3;"#NE";-3;"#NE";"COLIGAÇÃO";45;"PSDB";"Partido da Social Democracia Brasileira";-1;"#NULO#";"#NULO#";"#NULO#";220000050260;"RONDÔNIA, ESPERANÇA DE UM NOVO TEMPO";"PSDB / DEM / PSD / PRB / PATRI";"N";2570;"Válido";2570;4;"NÃO ELEITO"
"13/11/2024";"10:56:11";2018;2;"Eleição Ordinária";2;298;"ELEIÇÕES GERAIS ESTADUAIS 2018";"28/10/2018";"E";"RO";"RO";"RONDÔNIA";701;"PARECIS";19;3;"Governador";220000609850;45;"EXPEDITO GONÇALVES FERREIRA JUNIOR";"EXPEDITO JUNIOR";"#NULO#";12;"APTO";2;"DEFERIDO";-3;"#NE";-3;"#NE";-3;"#NE";"COLIGAÇÃO";45;"PSDB";"Partido da Social Democracia Brasileira";-1;"#NULO#";"#NULO#";"#NULO#";220000050260;"RONDÔNIA, ESPERANÇA DE UM NOVO TEMPO";"PSDB / DEM / PSD / PRB / PATRI";"N";1056;"Válido";1056;4;"NÃO ELEITO"
"13/11/2024";"10:56:11";2018;2;"Eleição Ordinária";2;298;"ELEIÇÕES GERAIS ESTADUAIS 2018";"28/10/2018";"E";"RO";"RO";"RONDÔNIA";655;"CORUMBIARA";16;3;"Governador";220000609850;45;"EXPEDITO GONÇALVES FERREIRA JUNIOR";"EXPEDITO JUNIOR";"#NULO#";12;"APTO";2;"DEFERIDO";-3;"#NE";-3;"#NE";-3;"#NE";"COLIGAÇÃO";45;"PSDB";"Partido da Social Democracia Brasileira";-1;"#NULO#";"#NULO#";"#NULO#";220000050260;"RONDÔNIA, ESPERANÇA DE UM NOVO TEMPO";"PSDB / DEM / PSD / PRB / PATRI";"N";1867;"Válido";1867;4;"NÃO ELEITO"
"13/11/2024";"10:56:11";2018;2;"Eleição Ordinária";2;298;"ELEIÇÕES GERAIS ESTADUAIS 2018";"28/10/2018";"E";"RO";"RO";"RONDÔNIA";116;"PIMENTA BUENO";9;3;"Governador";220000609850;45;"EXPEDITO GONÇALVES FERREIRA JUNIOR";"EXPEDITO JUNIOR";"#NULO#";12;"APTO";2;"DEFERIDO";-3;"#NE";-3;"#NE";-3;"#NE";"COLIGAÇÃO";45;"PSDB";"Partido da Social Democracia Brasileira";-1;"#NULO#";"#NULO#";"#NULO#";220000050260;"RONDÔNIA, ESPERANÇA DE UM NOVO TEMPO";"PSDB / DEM / PSD / PRB / PATRI";"N";4745;"Válido";4745;4;"NÃO ELEITO"
"13/11/2024";"10:56:11";2018;2;"Eleição Ordinária";2;298;"ELEIÇÕES GERAIS ESTADUAIS 2018";"28/10/2018";"E";"RO";"RO";"RONDÔNIA";515;"NOVO HORIZONTE DO OESTE";15;3;"Governador";220000609850;45;"EXPEDITO GONÇALVES FERREIRA JUNIOR";"EXPEDITO JUNIOR";"#NULO#";12;"APTO";2;"DEFERIDO";-3;"#NE";-3;"#NE";-3;"#NE";"COLIGAÇÃO";45;"PSDB";"Partido da Social Democracia Brasileira";-1;"#NULO#";"#NULO#";"#NULO#";220000050260;"RONDÔNIA, ESPERANÇA DE UM NOVO TEMPO";"PSDB / DEM / PSD / PRB / PATRI";"N";2807;"Válido";2807;4;"NÃO ELEITO"
"13/11/2024";"10:56:11";2018;2;"Eleição Ordinária";2;298;"ELEIÇÕES GERAIS ESTADUAIS 2018";"28/10/2018";"E";"RO";"RO";"RONDÔNIA";51;"JI-PARANÁ";30;3;"Governador";220000609850;45;"EXPEDITO GONÇALVES FERREIRA JUNIOR";"EXPEDITO JUNIOR";"#NULO#";12;"APTO";2;"DEFERIDO";-3;"#NE";-3;"#NE";-3;"#NE";"COLIGAÇÃO";45;"PSDB";"Partido da Social Democracia Brasileira";-1;"#NULO#";"#NULO#";"#NULO#";220000050260;"RONDÔNIA, ESPERANÇA DE UM NOVO TEMPO";"PSDB / DEM / PSD / PRB / PATRI";"N";13217;"Válido";13217;4;"NÃO ELEITO"
"13/11/2024";"10:56:11";2018;2;"Eleição Ordinária";2;298;"ELEIÇÕES GERAIS ESTADUAIS 2018";"28/10/2018";"E";"RO";"RO";"RONDÔNIA";450;"CABIXI";8;3;"Governador";220000609850;45;"EXPEDITO GONÇALVES FERREIRA JUNIOR";"EXPEDITO JUNIOR";"#NULO#";12;"APTO";2;"DEFERIDO";-3;"#NE";-3;"#NE";-3;"#NE";"COLIGAÇÃO";45;"PSDB";"Partido da Social Democracia Brasileira";-1;"#NULO#";"#NULO#";"#NULO#";220000050260;"RONDÔNIA, ESPERANÇA DE UM NOVO TEMPO";"PSDB / DEM / PSD / PRB / PATRI";"N";1221;"Válido";1221;4;"NÃO ELEITO"
"13/11/2024";"10:56:11";2018;2;"Eleição Ordinária";2;298;"ELEIÇÕES GERAIS ESTADUAIS 2018";"28/10/2018";"E";"RO";"RO";"RONDÔNIA";51;"JI-PARANÁ";3;3;"Governador";220000609850;45;"EXPEDITO GONÇALVES FERREIRA JUNIOR";"EXPEDITO JUNIOR";"#NULO#";12;"APTO";2;"DEFERIDO";-3;"#NE";-3;"#NE";-3;"#NE";"COLIGAÇÃO";45;"PSDB";"Partido da Social Democracia Brasileira";-1;"#NULO#";"#NULO#";"#NULO#";220000050260;"RONDÔNIA, ESPERANÇA DE UM NOVO TEMPO";"PSDB / DEM / PSD / PRB / PATRI";"N";5590;"Válido";5590;4;"NÃO ELEITO"
"13/11/2024";"10:56:11";2018;2;"Eleição Ordinária";2;298;"ELEIÇÕES GERAIS ESTADUAIS 2018";"28/10/2018";"E";"RO";"RO";"RONDÔNIA";493;"ITAPUÃ DO OESTE";2;3;"Governador";220000609850;45;"EXPEDITO GONÇALVES FERREIRA JUNIOR";"EXPEDITO JUNIOR";"#NULO#";12;"APTO";2;"DEFERIDO";-3;"#NE";-3;"#NE";-3;"#NE";"COLIGAÇÃO";45;"PSDB";"Partido da Social Democracia Brasileira";-1;"#NULO#";"#NULO#";"#NULO#";220000050260;"RONDÔNIA, ESPERANÇA DE UM NOVO TEMPO";"PSDB / DEM / PSD / PRB / PATRI";"N";1566;"Válido";1566;4;"NÃO ELEITO"
"13/11/2024";"10:56:11";2018;2;"Eleição Ordinária";2;298;"ELEIÇÕES GERAIS ESTADUAIS 2018";"28/10/2018";"E";"RO";"RO";"RONDÔNIA";418;"SÃO MIGUEL DO GUAPORÉ";35;3;"Governador";220000609850;45;"EXPEDITO GONÇALVES FERREIRA JUNIOR";"EXPEDITO JUNIOR";"#NULO#";12;"APTO";2;"DEFERIDO";-3;"#NE";-3;"#NE";-3;"#NE";"COLIGAÇÃO";45;"PSDB";"Partido da Social Democracia Brasileira";-1;"#NULO#";"#NULO#";"#NULO#";220000050260;"RONDÔNIA, ESPERANÇA DE UM NOVO TEMPO";"PSDB / DEM / PSD / PRB / PATRI";"N";3666;"Válido";3666;4;"NÃO ELEITO"
"13/11/2024";"10:56:11";2018;2;"Eleição Ordinária";2;298;"ELEIÇÕES GERAIS ESTADUAIS 2018";"28/10/2018";"E";"RO";"RO";"RONDÔNIA";582;"SERINGUEIRAS";35;3;"Governador";220000609850;45;"EXPEDITO GONÇALVES FERREIRA JUNIOR";"EXPEDITO JUNIOR";"#NULO#";12;"APTO";2;"DEFERIDO";-3;"#NE";-3;"#NE";-3;"#NE";"COLIGAÇÃO";45;"PSDB";"Partido da Social Democracia Brasileira";-1;"#NULO#";"#NULO#";"#NULO#";220000050260;"RONDÔNIA, ESPERANÇA DE UM NOVO TEMPO";"PSDB / DEM / PSD / PRB / PATRI";"N";2330;"Válido";2330;4;"NÃO ELEITO"
"13/11/2024";"10:56:11";2018;2;"Eleição Ordinária";2;298;"ELEIÇÕES GERAIS ESTADUAIS 2018";"28/10/2018";"E";"RO";"RO";"RONDÔNIA";752;"TEIXEIRÓPOLIS";13;3;"Governador";220000609850;45;"EXPEDITO GONÇALVES FERREIRA JUNIOR";"EXPEDITO JUNIOR";"#NULO#";12;"APTO";2;"DEFERIDO";-3;"#NE";-3;"#NE";-3;"#NE";"COLIGAÇÃO";45;"PSDB";"Partido da Social Democracia Brasileira";-1;"#NULO#";"#NULO#";"#NULO#";220000050260;"RONDÔNIA, ESPERANÇA DE UM NOVO TEMPO";"PSDB / DEM / PSD / PRB / PATRI";"N";1017;"Válido";1017;4;"NÃO ELEITO"
"13/11/2024";"10:56:11";2018;2;"Eleição Ordinária";1;297;"ELEIÇÕES GERAIS ESTADUAIS 2018";"07/10/2018";"E";"RO";"RO";"RONDÔNIA";680;"CUJUBIM";26;5;"Senador";220000625840;177;"JAIME MAXIMINO BAGATTOLI";"JAIME BAGATTOLI";"#NULO#";12;"APTO";2;"DEFERIDO";-3;"#NE";-3;"#NE";-3;"#NE";"PARTIDO ISOLADO";17;"PSL";"Partido Social Liberal";-1;"#NULO#";"#NULO#";"#NULO#";220000050702;"PARTIDO ISOLADO";"PSL";"N";963;"Válido";963;4;"NÃO ELEITO"
"13/11/2024";"10:56:11";2018;2;"Eleição Ordinária";1;297;"ELEIÇÕES GERAIS ESTADUAIS 2018";"07/10/2018";"E";"RO";"RO";"RONDÔNIA";116;"PIMENTA BUENO";9;5;"Senador";220000625840;177;"JAIME MAXIMINO BAGATTOLI";"JAIME BAGATTOLI";"#NULO#";12;"APTO";2;"DEFERIDO";-3;"#NE";-3;"#NE";-3;"#NE";"PARTIDO ISOLADO";17;"PSL";"Partido Social Liberal";-1;"#NULO#";"#NULO#";"#NULO#";220000050702;"PARTIDO ISOLADO";"PSL";"N";6537;"Válido";6537;4;"NÃO ELEITO"
"13/11/2024";"10:56:11";2018;2;"Eleição Ordinária";1;297;"ELEIÇÕES GERAIS ESTADUAIS 2018";"07/10/2018";"E";"RO";"RO";"RONDÔNIA";515;"NOVO HORIZONTE DO OESTE";15;5;"Senador";220000625840;177;"JAIME MAXIMINO BAGATTOLI";"JAIME BAGATTOLI";"#NULO#";12;"APTO";2;"DEFERIDO";-3;"#NE";-3;"#NE";-3;"#NE";"PARTIDO ISOLADO";17;"PSL";"Partido Social Liberal";-1;"#NULO#";"#NULO#";"#NULO#";220000050702;"PARTIDO ISOLADO";"PSL";"N";749;"Válido";749;4;"NÃO ELEITO"
"13/11/2024";"10:56:11";2018;2;"Eleição Ordinária";1;297;"ELEIÇÕES GERAIS ESTADUAIS 2018";"07/10/2018";"E";"RO";"RO";"RONDÔNIA";701;"PARECIS";19;5;"Senador";220000625840;177;"JAIME MAXIMINO BAGATTOLI";"JAIME BAGATTOLI";"#NULO#";12;"APTO";2;"DEFERIDO";-3;"#NE";-3;"#NE";-3;"#NE";"PARTIDO ISOLADO";17;"PSL";"Partido Social Liberal";-1;"#NULO#";"#NULO#";"#NULO#";220000050702;"PARTIDO ISOLADO";"PSL";"N";327;"Válido";327;4;"NÃO ELEITO"
"13/11/2024";"10:56:11";2018;2;"Eleição Ordinária";1;297;"ELEIÇÕES GERAIS ESTADUAIS 2018";"07/10/2018";"E";"RO";"RO";"RONDÔNIA";94;"CACOAL";11;5;"Senador";220000625840;177;"JAIME MAXIMINO BAGATTOLI";"JAIME BAGATTOLI";"#NULO#";12;"APTO";2;"DEFERIDO";-3;"#NE";-3;"#NE";-3;"#NE";"PARTIDO ISOLADO";17;"PSL";"Partido Social Liberal";-1;"#NULO#";"#NULO#";"#NULO#";220000050702;"PARTIDO ISOLADO";"PSL";"N";14549;"Válido";14549;4;"NÃO ELEITO"
"13/11/2024";"10:56:11";2018;2;"Eleição Ordinária";1;297;"ELEIÇÕES GERAIS ESTADUAIS 2018";"07/10/2018";"E";"RO";"RO";"RONDÔNIA";655;"CORUMBIARA";16;5;"Senador";220000625840;177;"JAIME MAXIMINO BAGATTOLI";"JAIME BAGATTOLI";"#NULO#";12;"APTO";2;"DEFERIDO";-3;"#NE";-3;"#NE";-3;"#NE";"PARTIDO ISOLADO";17;"PSL";"Partido Social Liberal";-1;"#NULO#";"#NULO#";"#NULO#";220000050702;"PARTIDO ISOLADO";"PSL";"N";1396;"Válido";1396;4;"NÃO ELEITO"
"13/11/2024";"10:56:11";2018;2;"Eleição Ordinária";2;298;"ELEIÇÕES GERAIS ESTADUAIS 2018";"28/10/2018";"E";"RO";"RO";"RONDÔNIA";744;"NOVA UNIÃO";28;3;"Governador";220000609850;45;"EXPEDITO GONÇALVES FERREIRA JUNIOR";"EXPEDITO JUNIOR";"#NULO#";12;"APTO";2;"DEFERIDO";-3;"#NE";-3;"#NE";-3;"#NE";"COLIGAÇÃO";45;"PSDB";"Partido da Social Democracia Brasileira";-1;"#NULO#";"#NULO#";"#NULO#";220000050260;"RONDÔNIA, ESPERANÇA DE UM NOVO TEMPO";"PSDB / DEM / PSD / PRB / PATRI";"N";1784;"Válido";1784;4;"NÃO ELEITO"
"13/11/2024";"10:56:11";2018;2;"Eleição Ordinária";2;298;"ELEIÇÕES GERAIS ESTADUAIS 2018";"28/10/2018";"E";"RO";"RO";"RONDÔNIA";434;"NOVA MAMORÉ";1;3;"Governador";220000609850;45;"EXPEDITO GONÇALVES FERREIRA JUNIOR";"EXPEDITO JUNIOR";"#NULO#";12;"APTO";2;"DEFERIDO";-3;"#NE";-3;"#NE";-3;"#NE";"COLIGAÇÃO";45;"PSDB";"Partido da Social Democracia Brasileira";-1;"#NULO#";"#NULO#";"#NULO#";220000050260;"RONDÔNIA, ESPERANÇA DE UM NOVO TEMPO";"PSDB / DEM / PSD / PRB / PATRI";"N";3352;"Válido";3352;4;"NÃO ELEITO"
"13/11/2024";"10:56:11";2018;2;"Eleição Ordinária";2;298;"ELEIÇÕES GERAIS ESTADUAIS 2018";"28/10/2018";"E";"RO";"RO";"RONDÔNIA";272;"CEREJEIRAS";16;3;"Governador";220000609850;45;"EXPEDITO GONÇALVES FERREIRA JUNIOR";"EXPEDITO JUNIOR";"#NULO#";12;"APTO";2;"DEFERIDO";-3;"#NE";-3;"#NE";-3;"#NE";"COLIGAÇÃO";45;"PSDB";"Partido da Social Democracia Brasileira";-1;"#NULO#";"#NULO#";"#NULO#";220000050260;"RONDÔNIA, ESPERANÇA DE UM NOVO TEMPO";"PSDB / DEM / PSD / PRB / PATRI";"N";2126;"Válido";2126;4;"NÃO ELEITO"
"13/11/2024";"10:56:11";2018;2;"Eleição Ordinária";2;298;"ELEIÇÕES GERAIS ESTADUAIS 2018";"28/10/2018";"E";"RO";"RO";"RONDÔNIA";787;"PIMENTEIRAS DO OESTE";16;3;"Governador";220000609850;45;"EXPEDITO GONÇALVES FERREIRA JUNIOR";"EXPEDITO JUNIOR";"#NULO#";12;"APTO";2;"DEFERIDO";-3;"#NE";-3;"#NE";-3;"#NE";"COLIGAÇÃO";45;"PSDB";"Partido da Social Democracia Brasileira";-1;"#NULO#";"#NULO#";"#NULO#";220000050260;"RONDÔNIA, ESPERANÇA DE UM NOVO TEMPO";"PSDB / DEM / PSD / PRB / PATRI";"N";602;"Válido";602;4;"NÃO ELEITO"
"13/11/2024";"10:56:11";2018;2;"Eleição Ordinária";2;298;"ELEIÇÕES GERAIS ESTADUAIS 2018";"28/10/2018";"E";"RO";"RO";"RONDÔNIA";779;"BURITIS";34;3;"Governador";220000609850;45;"EXPEDITO GONÇALVES FERREIRA JUNIOR";"EXPEDITO JUNIOR";"#NULO#";12;"APTO";2;"DEFERIDO";-3;"#NE";-3;"#NE";-3;"#NE";"COLIGAÇÃO";45;"PSDB";"Partido da Social Democracia Brasileira";-1;"#NULO#";"#NULO#";"#NULO#";220000050260;"RONDÔNIA, ESPERANÇA DE UM NOVO TEMPO";"PSDB / DEM / PSD / PRB / PATRI";"N";4185;"Válido";4185;4;"NÃO ELEITO"
"13/11/2024";"10:56:11";2018;2;"Eleição Ordinária";2;298;"ELEIÇÕES GERAIS ESTADUAIS 2018";"28/10/2018";"E";"RO";"RO";"RONDÔNIA";671;"CAMPO NOVO DE RONDÔNIA";34;3;"Governador";220000609850;45;"EXPEDITO GONÇALVES FERREIRA JUNIOR";"EXPEDITO JUNIOR";"#NULO#";12;"APTO";2;"DEFERIDO";-3;"#NE";-3;"#NE";-3;"#NE";"COLIGAÇÃO";45;"PSDB";"Partido da Social Democracia Brasileira";-1;"#NULO#";"#NULO#";"#NULO#";220000050260;"RONDÔNIA, ESPERANÇA DE UM NOVO TEMPO";"PSDB / DEM / PSD / PRB / PATRI";"N";2317;"Válido";2317;4;"NÃO ELEITO"
"13/11/2024";"10:56:11";2018;2;"Eleição Ordinária";2;298;"ELEIÇÕES GERAIS ESTADUAIS 2018";"28/10/2018";"E";"RO";"RO";"RONDÔNIA";574;"MIRANTE DA SERRA";28;3;"Governador";220000609850;45;"EXPEDITO GONÇALVES FERREIRA JUNIOR";"EXPEDITO JUNIOR";"#NULO#";12;"APTO";2;"DEFERIDO";-3;"#NE";-3;"#NE";-3;"#NE";"COLIGAÇÃO";45;"PSDB";"Partido da Social Democracia Brasileira";-1;"#NULO#";"#NULO#";"#NULO#";220000050260;"RONDÔNIA, ESPERANÇA DE UM NOVO TEMPO";"PSDB / DEM / PSD / PRB / PATRI";"N";2239;"Válido";2239;4;"NÃO ELEITO"
"13/11/2024";"10:56:11";2018;2;"Eleição Ordinária";2;298;"ELEIÇÕES GERAIS ESTADUAIS 2018";"28/10/2018";"E";"RO";"RO";"RONDÔNIA";698;"VALE DO ANARI";32;3;"Governador";220000609850;45;"EXPEDITO GONÇALVES FERREIRA JUNIOR";"EXPEDITO JUNIOR";"#NULO#";12;"APTO";2;"DEFERIDO";-3;"#NE";-3;"#NE";-3;"#NE";"COLIGAÇÃO";45;"PSDB";"Partido da Social Democracia Brasileira";-1;"#NULO#";"#NULO#";"#NULO#";220000050260;"RONDÔNIA, ESPERANÇA DE UM NOVO TEMPO";"PSDB / DEM / PSD / PRB / PATRI";"N";1539;"Válido";1539;4;"NÃO ELEITO"
"13/11/2024";"10:56:11";2018;2;"Eleição Ordinária";2;298;"ELEIÇÕES GERAIS ESTADUAIS 2018";"28/10/2018";"E";"RO";"RO";"RONDÔNIA";396;"MACHADINHO D OESTE";32;3;"Governador";220000609850;45;"EXPEDITO GONÇALVES FERREIRA JUNIOR";"EXPEDITO JUNIOR";"#NULO#";12;"APTO";2;"DEFERIDO";-3;"#NE";-3;"#NE";-3;"#NE";"COLIGAÇÃO";45;"PSDB";"Partido da Social Democracia Brasileira";-1;"#NULO#";"#NULO#";"#NULO#";220000050260;"RONDÔNIA, ESPERANÇA DE UM NOVO TEMPO";"PSDB / DEM / PSD / PRB / PATRI";"N";5132;"Válido";5132;4;"NÃO ELEITO"
"13/11/2024";"10:56:11";2018;2;"Eleição Ordinária";2;298;"ELEIÇÕES GERAIS ESTADUAIS 2018";"28/10/2018";"E";"RO";"RO";"RONDÔNIA";795;"SÃO FRANCISCO DO GUAPORÉ";5;3;"Governador";220000609850;45;"EXPEDITO GONÇALVES FERREIRA JUNIOR";"EXPEDITO JUNIOR";"#NULO#";12;"APTO";2;"DEFERIDO";-3;"#NE";-3;"#NE";-3;"#NE";"COLIGAÇÃO";45;"PSDB";"Partido da Social Democracia Brasileira";-1;"#NULO#";"#NULO#";"#NULO#";220000050260;"RONDÔNIA, ESPERANÇA DE UM NOVO TEMPO";"PSDB / DEM / PSD / PRB / PATRI";"N";2552;"Válido";2552;4;"NÃO ELEITO"
"13/11/2024";"10:56:11";2018;2;"Eleição Ordinária";2;298;"ELEIÇÕES GERAIS ESTADUAIS 2018";"28/10/2018";"E";"RO";"RO";"RONDÔNIA";604;"MINISTRO ANDREAZZA";11;3;"Governador";220000609850;45;"EXPEDITO GONÇALVES FERREIRA JUNIOR";"EXPEDITO JUNIOR";"#NULO#";12;"APTO";2;"DEFERIDO";-3;"#NE";-3;"#NE";-3;"#NE";"COLIGAÇÃO";45;"PSDB";"Partido da Social Democracia Brasileira";-1;"#NULO#";"#NULO#";"#NULO#";220000050260;"RONDÔNIA, ESPERANÇA DE UM NOVO TEMPO";"PSDB / DEM / PSD / PRB / PATRI";"N";1340;"Válido";1340;4;"NÃO ELEITO"
"13/11/2024";"10:56:11";2018;2;"Eleição Ordinária";2;298;"ELEIÇÕES GERAIS ESTADUAIS 2018";"28/10/2018";"E";"RO";"RO";"RONDÔNIA";531;"CASTANHEIRAS";15;3;"Governador";220000609850;45;"EXPEDITO GONÇALVES FERREIRA JUNIOR";"EXPEDITO JUNIOR";"#NULO#";12;"APTO";2;"DEFERIDO";-3;"#NE";-3;"#NE";-3;"#NE";"COLIGAÇÃO";45;"PSDB";"Partido da Social Democracia Brasileira";-1;"#NULO#";"#NULO#";"#NULO#";220000050260;"RONDÔNIA, ESPERANÇA DE UM NOVO TEMPO";"PSDB / DEM / PSD / PRB / PATRI";"N";950;"Válido";950;4;"NÃO ELEITO"
"13/11/2024";"10:56:11";2018;2;"Eleição Ordinária";2;298;"ELEIÇÕES GERAIS ESTADUAIS 2018";"28/10/2018";"E";"RO";"RO";"RONDÔNIA";728;"PRIMAVERA DE RONDÔNIA";9;3;"Governador";220000609850;45;"EXPEDITO GONÇALVES FERREIRA JUNIOR";"EXPEDITO JUNIOR";"#NULO#";12;"APTO";2;"DEFERIDO";-3;"#NE";-3;"#NE";-3;"#NE";"COLIGAÇÃO";45;"PSDB";"Partido da Social Democracia Brasileira";-1;"#NULO#";"#NULO#";"#NULO#";220000050260;"RONDÔNIA, ESPERANÇA DE UM NOVO TEMPO";"PSDB / DEM / PSD / PRB / PATRI";"N";619;"Válido";619;4;"NÃO ELEITO"
"13/11/2024";"10:56:11";2018;2;"Eleição Ordinária";2;298;"ELEIÇÕES GERAIS ESTADUAIS 2018";"28/10/2018";"E";"RO";"RO";"RONDÔNIA";809;"CHUPINGUAIA";8;3;"Governador";220000609850;45;"EXPEDITO GONÇALVES FERREIRA JUNIOR";"EXPEDITO JUNIOR";"#NULO#";12;"APTO";2;"DEFERIDO";-3;"#NE";-3;"#NE";-3;"#NE";"COLIGAÇÃO";45;"PSDB";"Partido da Social Democracia Brasileira";-1;"#NULO#";"#NULO#";"#NULO#";220000050260;"RONDÔNIA, ESPERANÇA DE UM NOVO TEMPO";"PSDB / DEM / PSD / PRB / PATRI";"N";1821;"Válido";1821;4;"NÃO ELEITO"
"13/11/2024";"10:56:11";2018;2;"Eleição Ordinária";2;298;"ELEIÇÕES GERAIS ESTADUAIS 2018";"28/10/2018";"E";"RO";"RO";"RONDÔNIA";566;"URUPÁ";18;3;"Governador";220000609850;45;"EXPEDITO GONÇALVES FERREIRA JUNIOR";"EXPEDITO JUNIOR";"#NULO#";12;"APTO";2;"DEFERIDO";-3;"#NE";-3;"#NE";-3;"#NE";"COLIGAÇÃO";45;"PSDB";"Partido da Social Democracia Brasileira";-1;"#NULO#";"#NULO#";"#NULO#";220000050260;"RONDÔNIA, ESPERANÇA DE UM NOVO TEMPO";"PSDB / DEM / PSD / PRB / PATRI";"N";1763;"Válido";1763;4;"NÃO ELEITO"
"13/11/2024";"10:56:11";2018;2;"Eleição Ordinária";2;298;"ELEIÇÕES GERAIS ESTADUAIS 2018";"28/10/2018";"E";"RO";"RO";"RONDÔNIA";310;"ALTA FLORESTA D OESTE";17;3;"Governador";220000609850;45;"EXPEDITO GONÇALVES FERREIRA JUNIOR";"EXPEDITO JUNIOR";"#NULO#";12;"APTO";2;"DEFERIDO";-3;"#NE";-3;"#NE";-3;"#NE";"COLIGAÇÃO";45;"PSDB";"Partido da Social Democracia Brasileira";-1;"#NULO#";"#NULO#";"#NULO#";220000050260;"RONDÔNIA, ESPERANÇA DE UM NOVO TEMPO";"PSDB / DEM / PSD / PRB / PATRI";"N";4928;"Válido";4928;4;"NÃO ELEITO"
"13/11/2024";"10:56:11";2018;2;"Eleição Ordinária";2;298;"ELEIÇÕES GERAIS ESTADUAIS 2018";"28/10/2018";"E";"RO";"RO";"RONDÔNIA";558;"VALE DO PARAÍSO";28;3;"Governador";220000609850;45;"EXPEDITO GONÇALVES FERREIRA JUNIOR";"EXPEDITO JUNIOR";"#NULO#";12;"APTO";2;"DEFERIDO";-3;"#NE";-3;"#NE";-3;"#NE";"COLIGAÇÃO";45;"PSDB";"Partido da Social Democracia Brasileira";-1;"#NULO#";"#NULO#";"#NULO#";220000050260;"RONDÔNIA, ESPERANÇA DE UM NOVO TEMPO";"PSDB / DEM / PSD / PRB / PATRI";"N";1920;"Válido";1920;4;"NÃO ELEITO"
"13/11/2024";"10:56:11";2018;2;"Eleição Ordinária";2;298;"ELEIÇÕES GERAIS ESTADUAIS 2018";"28/10/2018";"E";"RO";"RO";"RONDÔNIA";590;"THEOBROMA";27;3;"Governador";220000609850;45;"EXPEDITO GONÇALVES FERREIRA JUNIOR";"EXPEDITO JUNIOR";"#NULO#";12;"APTO";2;"DEFERIDO";-3;"#NE";-3;"#NE";-3;"#NE";"COLIGAÇÃO";45;"PSDB";"Partido da Social Democracia Brasileira";-1;"#NULO#";"#NULO#";"#NULO#";220000050260;"RONDÔNIA, ESPERANÇA DE UM NOVO TEMPO";"PSDB / DEM / PSD / PRB / PATRI";"N";2265;"Válido";2265;4;"NÃO ELEITO"
"13/11/2024";"10:56:11";2018;2;"Eleição Ordinária";2;298;"ELEIÇÕES GERAIS ESTADUAIS 2018";"28/10/2018";"E";"RO";"RO";"RONDÔNIA";256;"ESPIGÃO DO OESTE";12;3;"Governador";220000609850;45;"EXPEDITO GONÇALVES FERREIRA JUNIOR";"EXPEDITO JUNIOR";"#NULO#";12;"APTO";2;"DEFERIDO";-3;"#NE";-3;"#NE";-3;"#NE";"COLIGAÇÃO";45;"PSDB";"Partido da Social Democracia Brasileira";-1;"#NULO#";"#NULO#";"#NULO#";220000050260;"RONDÔNIA, ESPERANÇA DE UM NOVO TEMPO";"PSDB / DEM / PSD / PRB / PATRI";"N";4693;"Válido";4693;4;"NÃO ELEITO"
"13/11/2024";"10:56:11";2018;2;"Eleição Ordinária";2;298;"ELEIÇÕES GERAIS ESTADUAIS 2018";"28/10/2018";"E";"RO";"RO";"RONDÔNIA";663;"MONTE NEGRO";25;3;"Governador";220000609850;45;"EXPEDITO GONÇALVES FERREIRA JUNIOR";"EXPEDITO JUNIOR";"#NULO#";12;"APTO";2;"DEFERIDO";-3;"#NE";-3;"#NE";-3;"#NE";"COLIGAÇÃO";45;"PSDB";"Partido da Social Democracia Brasileira";-1;"#NULO#";"#NULO#";"#NULO#";220000050260;"RONDÔNIA, ESPERANÇA DE UM NOVO TEMPO";"PSDB / DEM / PSD / PRB / PATRI";"N";2268;"Válido";2268;4;"NÃO ELEITO"
"13/11/2024";"10:56:11";2018;2;"Eleição Ordinária";2;298;"ELEIÇÕES GERAIS ESTADUAIS 2018";"28/10/2018";"E";"RO";"RO";"RONDÔNIA";337;"ALVORADA DO OESTE";18;3;"Governador";220000609850;45;"EXPEDITO GONÇALVES FERREIRA JUNIOR";"EXPEDITO JUNIOR";"#NULO#";12;"APTO";2;"DEFERIDO";-3;"#NE";-3;"#NE";-3;"#NE";"COLIGAÇÃO";45;"PSDB";"Partido da Social Democracia Brasileira";-1;"#NULO#";"#NULO#";"#NULO#";220000050260;"RONDÔNIA, ESPERANÇA DE UM NOVO TEMPO";"PSDB / DEM / PSD / PRB / PATRI";"N";2596;"Válido";2596;4;"NÃO ELEITO"
"13/11/2024";"10:56:11";2018;2;"Eleição Ordinária";2;298;"ELEIÇÕES GERAIS ESTADUAIS 2018";"28/10/2018";"E";"RO";"RO";"RONDÔNIA";191;"PRESIDENTE MÉDICI";3;3;"Governador";220000609850;45;"EXPEDITO GONÇALVES FERREIRA JUNIOR";"EXPEDITO JUNIOR";"#NULO#";12;"APTO";2;"DEFERIDO";-3;"#NE";-3;"#NE";-3;"#NE";"COLIGAÇÃO";45;"PSDB";"Partido da Social Democracia Brasileira";-1;"#NULO#";"#NULO#";"#NULO#";220000050260;"RONDÔNIA, ESPERANÇA DE UM NOVO TEMPO";"PSDB / DEM / PSD / PRB / PATRI";"N";3590;"Válido";3590;4;"NÃO ELEITO"
"13/11/2024";"10:56:11";2018;2;"Eleição Ordinária";2;298;"ELEIÇÕES GERAIS ESTADUAIS 2018";"28/10/2018";"E";"RO";"RO";"RONDÔNIA";299;"ROLIM DE MOURA";29;3;"Governador";220000609850;45;"EXPEDITO GONÇALVES FERREIRA JUNIOR";"EXPEDITO JUNIOR";"#NULO#";12;"APTO";2;"DEFERIDO";-3;"#NE";-3;"#NE";-3;"#NE";"COLIGAÇÃO";45;"PSDB";"Partido da Social Democracia Brasileira";-1;"#NULO#";"#NULO#";"#NULO#";220000050260;"RONDÔNIA, ESPERANÇA DE UM NOVO TEMPO";"PSDB / DEM / PSD / PRB / PATRI";"N";10309;"Válido";10309;4;"NÃO ELEITO"
"13/11/2024";"10:56:11";2018;2;"Eleição Ordinária";2;298;"ELEIÇÕES GERAIS ESTADUAIS 2018";"28/10/2018";"E";"RO";"RO";"RONDÔNIA";353;"SANTA LUZIA D OESTE";19;3;"Governador";220000609850;45;"EXPEDITO GONÇALVES FERREIRA JUNIOR";"EXPEDITO JUNIOR";"#NULO#";12;"APTO";2;"DEFERIDO";-3;"#NE";-3;"#NE";-3;"#NE";"COLIGAÇÃO";45;"PSDB";"Partido da Social Democracia Brasileira";-1;"#NULO#";"#NULO#";"#NULO#";220000050260;"RONDÔNIA, ESPERANÇA DE UM NOVO TEMPO";"PSDB / DEM / PSD / PRB / PATRI";"N";2004;"Válido";2004;4;"NÃO ELEITO"
"13/11/2024";"10:56:11";2018;2;"Eleição Ordinária";2;298;"ELEIÇÕES GERAIS ESTADUAIS 2018";"28/10/2018";"E";"RO";"RO";"RONDÔNIA";175;"OURO PRETO DO OESTE";13;3;"Governador";220000609850;45;"EXPEDITO GONÇALVES FERREIRA JUNIOR";"EXPEDITO JUNIOR";"#NULO#";12;"APTO";2;"DEFERIDO";-3;"#NE";-3;"#NE";-3;"#NE";"COLIGAÇÃO";45;"PSDB";"Partido da Social Democracia Brasileira";-1;"#NULO#";"#NULO#";"#NULO#";220000050260;"RONDÔNIA, ESPERANÇA DE UM NOVO TEMPO";"PSDB / DEM / PSD / PRB / PATRI";"N";5560;"Válido";5560;4;"NÃO ELEITO"
"13/11/2024";"10:56:11";2018;2;"Eleição Ordinária";2;298;"ELEIÇÕES GERAIS ESTADUAIS 2018";"28/10/2018";"E";"RO";"RO";"RONDÔNIA";19;"GUAJARÁ-MIRIM";1;3;"Governador";220000609850;45;"EXPEDITO GONÇALVES FERREIRA JUNIOR";"EXPEDITO JUNIOR";"#NULO#";12;"APTO";2;"DEFERIDO";-3;"#NE";-3;"#NE";-3;"#NE";"COLIGAÇÃO";45;"PSDB";"Partido da Social Democracia Brasileira";-1;"#NULO#";"#NULO#";"#NULO#";220000050260;"RONDÔNIA, ESPERANÇA DE UM NOVO TEMPO";"PSDB / DEM / PSD / PRB / PATRI";"N";9198;"Válido";9198;4;"NÃO ELEITO"
"13/11/2024";"10:56:11";2018;2;"Eleição Ordinária";2;298;"ELEIÇÕES GERAIS ESTADUAIS 2018";"28/10/2018";"E";"RO";"RO";"RONDÔNIA";213;"COSTA MARQUES";5;3;"Governador";220000609850;45;"EXPEDITO GONÇALVES FERREIRA JUNIOR";"EXPEDITO JUNIOR";"#NULO#";12;"APTO";2;"DEFERIDO";-3;"#NE";-3;"#NE";-3;"#NE";"COLIGAÇÃO";45;"PSDB";"Partido da Social Democracia Brasileira";-1;"#NULO#";"#NULO#";"#NULO#";220000050260;"RONDÔNIA, ESPERANÇA DE UM NOVO TEMPO";"PSDB / DEM / PSD / PRB / PATRI";"N";2783;"Válido";2783;4;"NÃO ELEITO"
"13/11/2024";"10:56:11";2018;2;"Eleição Ordinária";1;297;"ELEIÇÕES GERAIS ESTADUAIS 2018";"07/10/2018";"E";"RO";"RO";"RONDÔNIA";230;"COLORADO DO OESTE";8;5;"Senador";220000618467;152;"CONFUCIO AIRES MOURA";"CONFUCIO MOURA";"#NULO#";12;"APTO";2;"DEFERIDO";-3;"#NE";-3;"#NE";-3;"#NE";"COLIGAÇÃO";15;"MDB";"Movimento Democrático Brasileiro";-1;"#NULO#";"#NULO#";"#NULO#";220000050479;"RONDONIA, UNIDOS SOMOS FORTES ";"MDB / PODE / PMN / PSC / PC do B / PHS / PROS / PV";"N";1540;"Válido";1540;1;"ELEITO"
"13/11/2024";"10:56:11";2018;2;"Eleição Ordinária";1;297;"ELEIÇÕES GERAIS ESTADUAIS 2018";"07/10/2018";"E";"RO";"RO";"RONDÔNIA";159;"JARU";10;5;"Senador";220000618467;152;"CONFUCIO AIRES MOURA";"CONFUCIO MOURA";"#NULO#";12;"APTO";2;"DEFERIDO";-3;"#NE";-3;"#NE";-3;"#NE";"COLIGAÇÃO";15;"MDB";"Movimento Democrático Brasileiro";-1;"#NULO#";"#NULO#";"#NULO#";220000050479;"RONDONIA, UNIDOS SOMOS FORTES ";"MDB / PODE / PMN / PSC / PC do B / PHS / PROS / PV";"N";7632;"Válido";7632;1;"ELEITO"
"13/11/2024";"10:56:11";2018;2;"Eleição Ordinária";1;297;"ELEIÇÕES GERAIS ESTADUAIS 2018";"07/10/2018";"E";"RO";"RO";"RONDÔNIA";78;"ARIQUEMES";7;5;"Senador";220000618467;152;"CONFUCIO AIRES MOURA";"CONFUCIO MOURA";"#NULO#";12;"APTO";2;"DEFERIDO";-3;"#NE";-3;"#NE";-3;"#NE";"COLIGAÇÃO";15;"MDB";"Movimento Democrático Brasileiro";-1;"#NULO#";"#NULO#";"#NULO#";220000050479;"RONDONIA, UNIDOS SOMOS FORTES ";"MDB / PODE / PMN / PSC / PC do B / PHS / PROS / PV";"N";14585;"Válido";14585;1;"ELEITO"
"13/11/2024";"10:56:11";2018;2;"Eleição Ordinária";1;297;"ELEIÇÕES GERAIS ESTADUAIS 2018";"07/10/2018";"E";"RO";"RO";"RONDÔNIA";132;"VILHENA";4;5;"Senador";220000618467;152;"CONFUCIO AIRES MOURA";"CONFUCIO MOURA";"#NULO#";12;"APTO";2;"DEFERIDO";-3;"#NE";-3;"#NE";-3;"#NE";"COLIGAÇÃO";15;"MDB";"Movimento Democrático Brasileiro";-1;"#NULO#";"#NULO#";"#NULO#";220000050479;"RONDONIA, UNIDOS SOMOS FORTES ";"MDB / PODE / PMN / PSC / PC do B / PHS / PROS / PV";"N";5424;"Válido";5424;1;"ELEITO"
"13/11/2024";"10:56:11";2018;2;"Eleição Ordinária";1;297;"ELEIÇÕES GERAIS ESTADUAIS 2018";"07/10/2018";"E";"RO";"RO";"RONDÔNIA";710;"SÃO FELIPE D OESTE";19;5;"Senador";220000618467;152;"CONFUCIO AIRES MOURA";"CONFUCIO MOURA";"#NULO#";12;"APTO";2;"DEFERIDO";-3;"#NE";-3;"#NE";-3;"#NE";"COLIGAÇÃO";15;"MDB";"Movimento Democrático Brasileiro";-1;"#NULO#";"#NULO#";"#NULO#";220000050479;"RONDONIA, UNIDOS SOMOS FORTES ";"MDB / PODE / PMN / PSC / PC do B / PHS / PROS / PV";"N";814;"Válido";814;1;"ELEITO"
"13/11/2024";"10:56:11";2018;2;"Eleição Ordinária";1;297;"ELEIÇÕES GERAIS ESTADUAIS 2018";"07/10/2018";"E";"RO";"RO";"RONDÔNIA";35;"PORTO VELHO";2;5;"Senador";220000618467;152;"CONFUCIO AIRES MOURA";"CONFUCIO MOURA";"#NULO#";12;"APTO";2;"DEFERIDO";-3;"#NE";-3;"#NE";-3;"#NE";"COLIGAÇÃO";15;"MDB";"Movimento Democrático Brasileiro";-1;"#NULO#";"#NULO#";"#NULO#";220000050479;"RONDONIA, UNIDOS SOMOS FORTES ";"MDB / PODE / PMN / PSC / PC do B / PHS / PROS / PV";"N";27120;"Válido";27120;1;"ELEITO"
"13/11/2024";"10:56:11";2018;2;"Eleição Ordinária";1;297;"ELEIÇÕES GERAIS ESTADUAIS 2018";"07/10/2018";"E";"RO";"RO";"RONDÔNIA";35;"PORTO VELHO";6;5;"Senador";220000618467;152;"CONFUCIO AIRES MOURA";"CONFUCIO MOURA";"#NULO#";12;"APTO";2;"DEFERIDO";-3;"#NE";-3;"#NE";-3;"#NE";"COLIGAÇÃO";15;"MDB";"Movimento Democrático Brasileiro";-1;"#NULO#";"#NULO#";"#NULO#";220000050479;"RONDONIA, UNIDOS SOMOS FORTES ";"MDB / PODE / PMN / PSC / PC do B / PHS / PROS / PV";"N";18616;"Válido";18616;1;"ELEITO"
"13/11/2024";"10:56:11";2018;2;"Eleição Ordinária";1;297;"ELEIÇÕES GERAIS ESTADUAIS 2018";"07/10/2018";"E";"RO";"RO";"RONDÔNIA";493;"ITAPUÃ DO OESTE";2;5;"Senador";220000618467;152;"CONFUCIO AIRES MOURA";"CONFUCIO MOURA";"#NULO#";12;"APTO";2;"DEFERIDO";-3;"#NE";-3;"#NE";-3;"#NE";"COLIGAÇÃO";15;"MDB";"Movimento Democrático Brasileiro";-1;"#NULO#";"#NULO#";"#NULO#";220000050479;"RONDONIA, UNIDOS SOMOS FORTES ";"MDB / PODE / PMN / PSC / PC do B / PHS / PROS / PV";"N";1858;"Válido";1858;1;"ELEITO"
"13/11/2024";"10:56:11";2018;2;"Eleição Ordinária";1;297;"ELEIÇÕES GERAIS ESTADUAIS 2018";"07/10/2018";"E";"RO";"RO";"RONDÔNIA";744;"NOVA UNIÃO";28;5;"Senador";220000618467;152;"CONFUCIO AIRES MOURA";"CONFUCIO MOURA";"#NULO#";12;"APTO";2;"DEFERIDO";-3;"#NE";-3;"#NE";-3;"#NE";"COLIGAÇÃO";15;"MDB";"Movimento Democrático Brasileiro";-1;"#NULO#";"#NULO#";"#NULO#";220000050479;"RONDONIA, UNIDOS SOMOS FORTES ";"MDB / PODE / PMN / PSC / PC do B / PHS / PROS / PV";"N";548;"Válido";548;1;"ELEITO"
"13/11/2024";"10:56:11";2018;2;"Eleição Ordinária";1;297;"ELEIÇÕES GERAIS ESTADUAIS 2018";"07/10/2018";"E";"RO";"RO";"RONDÔNIA";51;"JI-PARANÁ";30;5;"Senador";220000618467;152;"CONFUCIO AIRES MOURA";"CONFUCIO MOURA";"#NULO#";12;"APTO";2;"DEFERIDO";-3;"#NE";-3;"#NE";-3;"#NE";"COLIGAÇÃO";15;"MDB";"Movimento Democrático Brasileiro";-1;"#NULO#";"#NULO#";"#NULO#";220000050479;"RONDONIA, UNIDOS SOMOS FORTES ";"MDB / PODE / PMN / PSC / PC do B / PHS / PROS / PV";"N";7673;"Válido";7673;1;"ELEITO"
"13/11/2024";"10:56:11";2018;2;"Eleição Ordinária";1;297;"ELEIÇÕES GERAIS ESTADUAIS 2018";"07/10/2018";"E";"RO";"RO";"RONDÔNIA";787;"PIMENTEIRAS DO OESTE";16;5;"Senador";220000618467;152;"CONFUCIO AIRES MOURA";"CONFUCIO MOURA";"#NULO#";12;"APTO";2;"DEFERIDO";-3;"#NE";-3;"#NE";-3;"#NE";"COLIGAÇÃO";15;"MDB";"Movimento Democrático Brasileiro";-1;"#NULO#";"#NULO#";"#NULO#";220000050479;"RONDONIA, UNIDOS SOMOS FORTES ";"MDB / PODE / PMN / PSC / PC do B / PHS / PROS / PV";"N";420;"Válido";420;1;"ELEITO"
"13/11/2024";"10:56:11";2018;2;"Eleição Ordinária";1;297;"ELEIÇÕES GERAIS ESTADUAIS 2018";"07/10/2018";"E";"RO";"RO";"RONDÔNIA";51;"JI-PARANÁ";3;5;"Senador";220000618467;152;"CONFUCIO AIRES MOURA";"CONFUCIO MOURA";"#NULO#";12;"APTO";2;"DEFERIDO";-3;"#NE";-3;"#NE";-3;"#NE";"COLIGAÇÃO";15;"MDB";"Movimento Democrático Brasileiro";-1;"#NULO#";"#NULO#";"#NULO#";220000050479;"RONDONIA, UNIDOS SOMOS FORTES ";"MDB / PODE / PMN / PSC / PC do B / PHS / PROS / PV";"N";3016;"Válido";3016;1;"ELEITO"
"13/11/2024";"10:56:11";2018;2;"Eleição Ordinária";1;297;"ELEIÇÕES GERAIS ESTADUAIS 2018";"07/10/2018";"E";"RO";"RO";"RONDÔNIA";752;"TEIXEIRÓPOLIS";13;5;"Senador";220000618467;152;"CONFUCIO AIRES MOURA";"CONFUCIO MOURA";"#NULO#";12;"APTO";2;"DEFERIDO";-3;"#NE";-3;"#NE";-3;"#NE";"COLIGAÇÃO";15;"MDB";"Movimento Democrático Brasileiro";-1;"#NULO#";"#NULO#";"#NULO#";220000050479;"RONDONIA, UNIDOS SOMOS FORTES ";"MDB / PODE / PMN / PSC / PC do B / PHS / PROS / PV";"N";373;"Válido";373;1;"ELEITO"
"13/11/2024";"10:56:11";2018;2;"Eleição Ordinária";1;297;"ELEIÇÕES GERAIS ESTADUAIS 2018";"07/10/2018";"E";"RO";"RO";"RONDÔNIA";272;"CEREJEIRAS";16;5;"Senador";220000618467;152;"CONFUCIO AIRES MOURA";"CONFUCIO MOURA";"#NULO#";12;"APTO";2;"DEFERIDO";-3;"#NE";-3;"#NE";-3;"#NE";"COLIGAÇÃO";15;"MDB";"Movimento Democrático Brasileiro";-1;"#NULO#";"#NULO#";"#NULO#";220000050479;"RONDONIA, UNIDOS SOMOS FORTES ";"MDB / PODE / PMN / PSC / PC do B / PHS / PROS / PV";"N";2542;"Válido";2542;1;"ELEITO"
"13/11/2024";"10:56:11";2018;2;"Eleição Ordinária";1;297;"ELEIÇÕES GERAIS ESTADUAIS 2018";"07/10/2018";"E";"RO";"RO";"RONDÔNIA";418;"SÃO MIGUEL DO GUAPORÉ";35;5;"Senador";220000618467;152;"CONFUCIO AIRES MOURA";"CONFUCIO MOURA";"#NULO#";12;"APTO";2;"DEFERIDO";-3;"#NE";-3;"#NE";-3;"#NE";"COLIGAÇÃO";15;"MDB";"Movimento Democrático Brasileiro";-1;"#NULO#";"#NULO#";"#NULO#";220000050479;"RONDONIA, UNIDOS SOMOS FORTES ";"MDB / PODE / PMN / PSC / PC do B / PHS / PROS / PV";"N";3094;"Válido";3094;1;"ELEITO"
"13/11/2024";"10:56:11";2018;2;"Eleição Ordinária";1;297;"ELEIÇÕES GERAIS ESTADUAIS 2018";"07/10/2018";"E";"RO";"RO";"RONDÔNIA";434;"NOVA MAMORÉ";1;5;"Senador";220000618467;152;"CONFUCIO AIRES MOURA";"CONFUCIO MOURA";"#NULO#";12;"APTO";2;"DEFERIDO";-3;"#NE";-3;"#NE";-3;"#NE";"COLIGAÇÃO";15;"MDB";"Movimento Democrático Brasileiro";-1;"#NULO#";"#NULO#";"#NULO#";220000050479;"RONDONIA, UNIDOS SOMOS FORTES ";"MDB / PODE / PMN / PSC / PC do B / PHS / PROS / PV";"N";2721;"Válido";2721;1;"ELEITO"
"13/11/2024";"10:56:11";2018;2;"Eleição Ordinária";1;297;"ELEIÇÕES GERAIS ESTADUAIS 2018";"07/10/2018";"E";"RO";"RO";"RONDÔNIA";450;"CABIXI";8;5;"Senador";220000618467;152;"CONFUCIO AIRES MOURA";"CONFUCIO MOURA";"#NULO#";12;"APTO";2;"DEFERIDO";-3;"#NE";-3;"#NE";-3;"#NE";"COLIGAÇÃO";15;"MDB";"Movimento Democrático Brasileiro";-1;"#NULO#";"#NULO#";"#NULO#";220000050479;"RONDONIA, UNIDOS SOMOS FORTES ";"MDB / PODE / PMN / PSC / PC do B / PHS / PROS / PV";"N";596;"Válido";596;1;"ELEITO"
"13/11/2024";"10:56:11";2018;2;"Eleição Ordinária";1;297;"ELEIÇÕES GERAIS ESTADUAIS 2018";"07/10/2018";"E";"RO";"RO";"RONDÔNIA";582;"SERINGUEIRAS";35;5;"Senador";220000618467;152;"CONFUCIO AIRES MOURA";"CONFUCIO MOURA";"#NULO#";12;"APTO";2;"DEFERIDO";-3;"#NE";-3;"#NE";-3;"#NE";"COLIGAÇÃO";15;"MDB";"Movimento Democrático Brasileiro";-1;"#NULO#";"#NULO#";"#NULO#";220000050479;"RONDONIA, UNIDOS SOMOS FORTES ";"MDB / PODE / PMN / PSC / PC do B / PHS / PROS / PV";"N";2230;"Válido";2230;1;"ELEITO"
"13/11/2024";"10:56:11";2018;2;"Eleição Ordinária";1;297;"ELEIÇÕES GERAIS ESTADUAIS 2018";"07/10/2018";"E";"RO";"RO";"RONDÔNIA";574;"MIRANTE DA SERRA";28;5;"Senador";220000618467;152;"CONFUCIO AIRES MOURA";"CONFUCIO MOURA";"#NULO#";12;"APTO";2;"DEFERIDO";-3;"#NE";-3;"#NE";-3;"#NE";"COLIGAÇÃO";15;"MDB";"Movimento Democrático Brasileiro";-1;"#NULO#";"#NULO#";"#NULO#";220000050479;"RONDONIA, UNIDOS SOMOS FORTES ";"MDB / PODE / PMN / PSC / PC do B / PHS / PROS / PV";"N";1494;"Válido";1494;1;"ELEITO"
"13/11/2024";"10:56:11";2018;2;"Eleição Ordinária";1;297;"ELEIÇÕES GERAIS ESTADUAIS 2018";"07/10/2018";"E";"RO";"RO";"RONDÔNIA";671;"CAMPO NOVO DE RONDÔNIA";34;5;"Senador";220000618467;152;"CONFUCIO AIRES MOURA";"CONFUCIO MOURA";"#NULO#";12;"APTO";2;"DEFERIDO";-3;"#NE";-3;"#NE";-3;"#NE";"COLIGAÇÃO";15;"MDB";"Movimento Democrático Brasileiro";-1;"#NULO#";"#NULO#";"#NULO#";220000050479;"RONDONIA, UNIDOS SOMOS FORTES ";"MDB / PODE / PMN / PSC / PC do B / PHS / PROS / PV";"N";1219;"Válido";1219;1;"ELEITO"
"13/11/2024";"10:56:11";2018;2;"Eleição Ordinária";1;297;"ELEIÇÕES GERAIS ESTADUAIS 2018";"07/10/2018";"E";"RO";"RO";"RONDÔNIA";779;"BURITIS";34;5;"Senador";220000618467;152;"CONFUCIO AIRES MOURA";"CONFUCIO MOURA";"#NULO#";12;"APTO";2;"DEFERIDO";-3;"#NE";-3;"#NE";-3;"#NE";"COLIGAÇÃO";15;"MDB";"Movimento Democrático Brasileiro";-1;"#NULO#";"#NULO#";"#NULO#";220000050479;"RONDONIA, UNIDOS SOMOS FORTES ";"MDB / PODE / PMN / PSC / PC do B / PHS / PROS / PV";"N";1989;"Válido";1989;1;"ELEITO"
"13/11/2024";"10:56:11";2018;2;"Eleição Ordinária";1;297;"ELEIÇÕES GERAIS ESTADUAIS 2018";"07/10/2018";"E";"RO";"RO";"RONDÔNIA";698;"VALE DO ANARI";32;5;"Senador";220000618467;152;"CONFUCIO AIRES MOURA";"CONFUCIO MOURA";"#NULO#";12;"APTO";2;"DEFERIDO";-3;"#NE";-3;"#NE";-3;"#NE";"COLIGAÇÃO";15;"MDB";"Movimento Democrático Brasileiro";-1;"#NULO#";"#NULO#";"#NULO#";220000050479;"RONDONIA, UNIDOS SOMOS FORTES ";"MDB / PODE / PMN / PSC / PC do B / PHS / PROS / PV";"N";1264;"Válido";1264;1;"ELEITO"
"13/11/2024";"10:56:11";2018;2;"Eleição Ordinária";1;297;"ELEIÇÕES GERAIS ESTADUAIS 2018";"07/10/2018";"E";"RO";"RO";"RONDÔNIA";396;"MACHADINHO D OESTE";32;5;"Senador";220000618467;152;"CONFUCIO AIRES MOURA";"CONFUCIO MOURA";"#NULO#";12;"APTO";2;"DEFERIDO";-3;"#NE";-3;"#NE";-3;"#NE";"COLIGAÇÃO";15;"MDB";"Movimento Democrático Brasileiro";-1;"#NULO#";"#NULO#";"#NULO#";220000050479;"RONDONIA, UNIDOS SOMOS FORTES ";"MDB / PODE / PMN / PSC / PC do B / PHS / PROS / PV";"N";4435;"Válido";4435;1;"ELEITO"
"13/11/2024";"10:56:11";2018;2;"Eleição Ordinária";1;297;"ELEIÇÕES GERAIS ESTADUAIS 2018";"07/10/2018";"E";"RO";"RO";"RONDÔNIA";604;"MINISTRO ANDREAZZA";11;5;"Senador";220000618467;152;"CONFUCIO AIRES MOURA";"CONFUCIO MOURA";"#NULO#";12;"APTO";2;"DEFERIDO";-3;"#NE";-3;"#NE";-3;"#NE";"COLIGAÇÃO";15;"MDB";"Movimento Democrático Brasileiro";-1;"#NULO#";"#NULO#";"#NULO#";220000050479;"RONDONIA, UNIDOS SOMOS FORTES ";"MDB / PODE / PMN / PSC / PC do B / PHS / PROS / PV";"N";1226;"Válido";1226;1;"ELEITO"
"13/11/2024";"10:56:11";2018;2;"Eleição Ordinária";1;297;"ELEIÇÕES GERAIS ESTADUAIS 2018";"07/10/2018";"E";"RO";"RO";"RONDÔNIA";531;"CASTANHEIRAS";15;5;"Senador";220000618467;152;"CONFUCIO AIRES MOURA";"CONFUCIO MOURA";"#NULO#";12;"APTO";2;"DEFERIDO";-3;"#NE";-3;"#NE";-3;"#NE";"COLIGAÇÃO";15;"MDB";"Movimento Democrático Brasileiro";-1;"#NULO#";"#NULO#";"#NULO#";220000050479;"RONDONIA, UNIDOS SOMOS FORTES ";"MDB / PODE / PMN / PSC / PC do B / PHS / PROS / PV";"N";530;"Válido";530;1;"ELEITO"
"13/11/2024";"10:56:11";2018;2;"Eleição Ordinária";1;297;"ELEIÇÕES GERAIS ESTADUAIS 2018";"07/10/2018";"E";"RO";"RO";"RONDÔNIA";795;"SÃO FRANCISCO DO GUAPORÉ";5;5;"Senador";220000618467;152;"CONFUCIO AIRES MOURA";"CONFUCIO MOURA";"#NULO#";12;"APTO";2;"DEFERIDO";-3;"#NE";-3;"#NE";-3;"#NE";"COLIGAÇÃO";15;"MDB";"Movimento Democrático Brasileiro";-1;"#NULO#";"#NULO#";"#NULO#";220000050479;"RONDONIA, UNIDOS SOMOS FORTES ";"MDB / PODE / PMN / PSC / PC do B / PHS / PROS / PV";"N";3215;"Válido";3215;1;"ELEITO"
"13/11/2024";"10:56:11";2018;2;"Eleição Ordinária";1;297;"ELEIÇÕES GERAIS ESTADUAIS 2018";"07/10/2018";"E";"RO";"RO";"RONDÔNIA";558;"VALE DO PARAÍSO";28;5;"Senador";220000618467;152;"CONFUCIO AIRES MOURA";"CONFUCIO MOURA";"#NULO#";12;"APTO";2;"DEFERIDO";-3;"#NE";-3;"#NE";-3;"#NE";"COLIGAÇÃO";15;"MDB";"Movimento Democrático Brasileiro";-1;"#NULO#";"#NULO#";"#NULO#";220000050479;"RONDONIA, UNIDOS SOMOS FORTES ";"MDB / PODE / PMN / PSC / PC do B / PHS / PROS / PV";"N";719;"Válido";719;1;"ELEITO"
"13/11/2024";"10:56:11";2018;2;"Eleição Ordinária";1;297;"ELEIÇÕES GERAIS ESTADUAIS 2018";"07/10/2018";"E";"RO";"RO";"RONDÔNIA";310;"ALTA FLORESTA D OESTE";17;5;"Senador";220000618467;152;"CONFUCIO AIRES MOURA";"CONFUCIO MOURA";"#NULO#";12;"APTO";2;"DEFERIDO";-3;"#NE";-3;"#NE";-3;"#NE";"COLIGAÇÃO";15;"MDB";"Movimento Democrático Brasileiro";-1;"#NULO#";"#NULO#";"#NULO#";220000050479;"RONDONIA, UNIDOS SOMOS FORTES ";"MDB / PODE / PMN / PSC / PC do B / PHS / PROS / PV";"N";3879;"Válido";3879;1;"ELEITO"
"13/11/2024";"10:56:11";2018;2;"Eleição Ordinária";1;297;"ELEIÇÕES GERAIS ESTADUAIS 2018";"07/10/2018";"E";"RO";"RO";"RONDÔNIA";566;"URUPÁ";18;5;"Senador";220000618467;152;"CONFUCIO AIRES MOURA";"CONFUCIO MOURA";"#NULO#";12;"APTO";2;"DEFERIDO";-3;"#NE";-3;"#NE";-3;"#NE";"COLIGAÇÃO";15;"MDB";"Movimento Democrático Brasileiro";-1;"#NULO#";"#NULO#";"#NULO#";220000050479;"RONDONIA, UNIDOS SOMOS FORTES ";"MDB / PODE / PMN / PSC / PC do B / PHS / PROS / PV";"N";1029;"Válido";1029;1;"ELEITO"
"13/11/2024";"10:56:11";2018;2;"Eleição Ordinária";1;297;"ELEIÇÕES GERAIS ESTADUAIS 2018";"07/10/2018";"E";"RO";"RO";"RONDÔNIA";809;"CHUPINGUAIA";8;5;"Senador";220000618467;152;"CONFUCIO AIRES MOURA";"CONFUCIO MOURA";"#NULO#";12;"APTO";2;"DEFERIDO";-3;"#NE";-3;"#NE";-3;"#NE";"COLIGAÇÃO";15;"MDB";"Movimento Democrático Brasileiro";-1;"#NULO#";"#NULO#";"#NULO#";220000050479;"RONDONIA, UNIDOS SOMOS FORTES ";"MDB / PODE / PMN / PSC / PC do B / PHS / PROS / PV";"N";735;"Válido";735;1;"ELEITO"
"13/11/2024";"10:56:11";2018;2;"Eleição Ordinária";1;297;"ELEIÇÕES GERAIS ESTADUAIS 2018";"07/10/2018";"E";"RO";"RO";"RONDÔNIA";728;"PRIMAVERA DE RONDÔNIA";9;5;"Senador";220000618467;152;"CONFUCIO AIRES MOURA";"CONFUCIO MOURA";"#NULO#";12;"APTO";2;"DEFERIDO";-3;"#NE";-3;"#NE";-3;"#NE";"COLIGAÇÃO";15;"MDB";"Movimento Democrático Brasileiro";-1;"#NULO#";"#NULO#";"#NULO#";220000050479;"RONDONIA, UNIDOS SOMOS FORTES ";"MDB / PODE / PMN / PSC / PC do B / PHS / PROS / PV";"N";470;"Válido";470;1;"ELEITO"
"13/11/2024";"10:56:11";2018;2;"Eleição Ordinária";1;297;"ELEIÇÕES GERAIS ESTADUAIS 2018";"07/10/2018";"E";"RO";"RO";"RONDÔNIA";175;"OURO PRETO DO OESTE";13;5;"Senador";220000618467;152;"CONFUCIO AIRES MOURA";"CONFUCIO MOURA";"#NULO#";12;"APTO";2;"DEFERIDO";-3;"#NE";-3;"#NE";-3;"#NE";"COLIGAÇÃO";15;"MDB";"Movimento Democrático Brasileiro";-1;"#NULO#";"#NULO#";"#NULO#";220000050479;"RONDONIA, UNIDOS SOMOS FORTES ";"MDB / PODE / PMN / PSC / PC do B / PHS / PROS / PV";"N";3582;"Válido";3582;1;"ELEITO"
"13/11/2024";"10:56:11";2018;2;"Eleição Ordinária";1;297;"ELEIÇÕES GERAIS ESTADUAIS 2018";"07/10/2018";"E";"RO";"RO";"RONDÔNIA";590;"THEOBROMA";27;5;"Senador";220000618467;152;"CONFUCIO AIRES MOURA";"CONFUCIO MOURA";"#NULO#";12;"APTO";2;"DEFERIDO";-3;"#NE";-3;"#NE";-3;"#NE";"COLIGAÇÃO";15;"MDB";"Movimento Democrático Brasileiro";-1;"#NULO#";"#NULO#";"#NULO#";220000050479;"RONDONIA, UNIDOS SOMOS FORTES ";"MDB / PODE / PMN / PSC / PC do B / PHS / PROS / PV";"N";1575;"Válido";1575;1;"ELEITO"
"13/11/2024";"10:56:11";2018;2;"Eleição Ordinária";1;297;"ELEIÇÕES GERAIS ESTADUAIS 2018";"07/10/2018";"E";"RO";"RO";"RONDÔNIA";663;"MONTE NEGRO";25;5;"Senador";220000618467;152;"CONFUCIO AIRES MOURA";"CONFUCIO MOURA";"#NULO#";12;"APTO";2;"DEFERIDO";-3;"#NE";-3;"#NE";-3;"#NE";"COLIGAÇÃO";15;"MDB";"Movimento Democrático Brasileiro";-1;"#NULO#";"#NULO#";"#NULO#";220000050479;"RONDONIA, UNIDOS SOMOS FORTES ";"MDB / PODE / PMN / PSC / PC do B / PHS / PROS / PV";"N";1508;"Válido";1508;1;"ELEITO"
"13/11/2024";"10:56:11";2018;2;"Eleição Ordinária";1;297;"ELEIÇÕES GERAIS ESTADUAIS 2018";"07/10/2018";"E";"RO";"RO";"RONDÔNIA";299;"ROLIM DE MOURA";29;5;"Senador";220000618467;152;"CONFUCIO AIRES MOURA";"CONFUCIO MOURA";"#NULO#";12;"APTO";2;"DEFERIDO";-3;"#NE";-3;"#NE";-3;"#NE";"COLIGAÇÃO";15;"MDB";"Movimento Democrático Brasileiro";-1;"#NULO#";"#NULO#";"#NULO#";220000050479;"RONDONIA, UNIDOS SOMOS FORTES ";"MDB / PODE / PMN / PSC / PC do B / PHS / PROS / PV";"N";10018;"Válido";10018;1;"ELEITO"
"13/11/2024";"10:56:11";2018;2;"Eleição Ordinária";1;297;"ELEIÇÕES GERAIS ESTADUAIS 2018";"07/10/2018";"E";"RO";"RO";"RONDÔNIA";35;"PORTO VELHO";21;5;"Senador";220000618467;152;"CONFUCIO AIRES MOURA";"CONFUCIO MOURA";"#NULO#";12;"APTO";2;"DEFERIDO";-3;"#NE";-3;"#NE";-3;"#NE";"COLIGAÇÃO";15;"MDB";"Movimento Democrático Brasileiro";-1;"#NULO#";"#NULO#";"#NULO#";220000050479;"RONDONIA, UNIDOS SOMOS FORTES ";"MDB / PODE / PMN / PSC / PC do B / PHS / PROS / PV";"N";14784;"Válido";14784;1;"ELEITO"
"13/11/2024";"10:56:11";2018;2;"Eleição Ordinária";1;297;"ELEIÇÕES GERAIS ESTADUAIS 2018";"07/10/2018";"E";"RO";"RO";"RONDÔNIA";35;"PORTO VELHO";20;5;"Senador";220000618467;152;"CONFUCIO AIRES MOURA";"CONFUCIO MOURA";"#NULO#";12;"APTO";2;"DEFERIDO";-3;"#NE";-3;"#NE";-3;"#NE";"COLIGAÇÃO";15;"MDB";"Movimento Democrático Brasileiro";-1;"#NULO#";"#NULO#";"#NULO#";220000050479;"RONDONIA, UNIDOS SOMOS FORTES ";"MDB / PODE / PMN / PSC / PC do B / PHS / PROS / PV";"N";23483;"Válido";23483;1;"ELEITO"
"13/11/2024";"10:56:11";2018;2;"Eleição Ordinária";1;297;"ELEIÇÕES GERAIS ESTADUAIS 2018";"07/10/2018";"E";"RO";"RO";"RONDÔNIA";736;"ALTO ALEGRE DOS PARECIS";19;5;"Senador";220000618467;152;"CONFUCIO AIRES MOURA";"CONFUCIO MOURA";"#NULO#";12;"APTO";2;"DEFERIDO";-3;"#NE";-3;"#NE";-3;"#NE";"COLIGAÇÃO";15;"MDB";"Movimento Democrático Brasileiro";-1;"#NULO#";"#NULO#";"#NULO#";220000050479;"RONDONIA, UNIDOS SOMOS FORTES ";"MDB / PODE / PMN / PSC / PC do B / PHS / PROS / PV";"N";1201;"Válido";1201;1;"ELEITO"
"13/11/2024";"10:56:11";2018;2;"Eleição Ordinária";1;297;"ELEIÇÕES GERAIS ESTADUAIS 2018";"07/10/2018";"E";"RO";"RO";"RONDÔNIA";639;"ALTO PARAÍSO";25;5;"Senador";220000618467;152;"CONFUCIO AIRES MOURA";"CONFUCIO MOURA";"#NULO#";12;"APTO";2;"DEFERIDO";-3;"#NE";-3;"#NE";-3;"#NE";"COLIGAÇÃO";15;"MDB";"Movimento Democrático Brasileiro";-1;"#NULO#";"#NULO#";"#NULO#";220000050479;"RONDONIA, UNIDOS SOMOS FORTES ";"MDB / PODE / PMN / PSC / PC do B / PHS / PROS / PV";"N";1167;"Válido";1167;1;"ELEITO"
"13/11/2024";"10:56:11";2018;2;"Eleição Ordinária";1;297;"ELEIÇÕES GERAIS ESTADUAIS 2018";"07/10/2018";"E";"RO";"RO";"RONDÔNIA";647;"RIO CRESPO";26;5;"Senador";220000618467;152;"CONFUCIO AIRES MOURA";"CONFUCIO MOURA";"#NULO#";12;"APTO";2;"DEFERIDO";-3;"#NE";-3;"#NE";-3;"#NE";"COLIGAÇÃO";15;"MDB";"Movimento Democrático Brasileiro";-1;"#NULO#";"#NULO#";"#NULO#";220000050479;"RONDONIA, UNIDOS SOMOS FORTES ";"MDB / PODE / PMN / PSC / PC do B / PHS / PROS / PV";"N";413;"Válido";413;1;"ELEITO"
"13/11/2024";"10:56:11";2018;2;"Eleição Ordinária";1;297;"ELEIÇÕES GERAIS ESTADUAIS 2018";"07/10/2018";"E";"RO";"RO";"RONDÔNIA";612;"GOVERNADOR JORGE TEIXEIRA";27;5;"Senador";220000618467;152;"CONFUCIO AIRES MOURA";"CONFUCIO MOURA";"#NULO#";12;"APTO";2;"DEFERIDO";-3;"#NE";-3;"#NE";-3;"#NE";"COLIGAÇÃO";15;"MDB";"Movimento Democrático Brasileiro";-1;"#NULO#";"#NULO#";"#NULO#";220000050479;"RONDONIA, UNIDOS SOMOS FORTES ";"MDB / PODE / PMN / PSC / PC do B / PHS / PROS / PV";"N";1345;"Válido";1345;1;"ELEITO"
"13/11/2024";"10:56:11";2018;2;"Eleição Ordinária";1;297;"ELEIÇÕES GERAIS ESTADUAIS 2018";"07/10/2018";"E";"RO";"RO";"RONDÔNIA";477;"CANDEIAS DO JAMARI";21;5;"Senador";220000618467;152;"CONFUCIO AIRES MOURA";"CONFUCIO MOURA";"#NULO#";12;"APTO";2;"DEFERIDO";-3;"#NE";-3;"#NE";-3;"#NE";"COLIGAÇÃO";15;"MDB";"Movimento Democrático Brasileiro";-1;"#NULO#";"#NULO#";"#NULO#";220000050479;"RONDONIA, UNIDOS SOMOS FORTES ";"MDB / PODE / PMN / PSC / PC do B / PHS / PROS / PV";"N";3803;"Válido";3803;1;"ELEITO"
"13/11/2024";"10:56:11";2018;2;"Eleição Ordinária";1;297;"ELEIÇÕES GERAIS ESTADUAIS 2018";"07/10/2018";"E";"RO";"RO";"RONDÔNIA";620;"CACAULÂNDIA";26;5;"Senador";220000618467;152;"CONFUCIO AIRES MOURA";"CONFUCIO MOURA";"#NULO#";12;"APTO";2;"DEFERIDO";-3;"#NE";-3;"#NE";-3;"#NE";"COLIGAÇÃO";15;"MDB";"Movimento Democrático Brasileiro";-1;"#NULO#";"#NULO#";"#NULO#";220000050479;"RONDONIA, UNIDOS SOMOS FORTES ";"MDB / PODE / PMN / PSC / PC do B / PHS / PROS / PV";"N";451;"Válido";451;1;"ELEITO"
"13/11/2024";"10:56:11";2018;2;"Eleição Ordinária";1;297;"ELEIÇÕES GERAIS ESTADUAIS 2018";"07/10/2018";"E";"RO";"RO";"RONDÔNIA";370;"NOVA BRASILÂNDIA D OESTE";15;5;"Senador";220000618467;152;"CONFUCIO AIRES MOURA";"CONFUCIO MOURA";"#NULO#";12;"APTO";2;"DEFERIDO";-3;"#NE";-3;"#NE";-3;"#NE";"COLIGAÇÃO";15;"MDB";"Movimento Democrático Brasileiro";-1;"#NULO#";"#NULO#";"#NULO#";220000050479;"RONDONIA, UNIDOS SOMOS FORTES ";"MDB / PODE / PMN / PSC / PC do B / PHS / PROS / PV";"N";3015;"Válido";3015;1;"ELEITO"
"13/11/2024";"10:56:11";2018;2;"Eleição Ordinária";1;297;"ELEIÇÕES GERAIS ESTADUAIS 2018";"07/10/2018";"E";"RO";"RO";"RONDÔNIA";515;"NOVO HORIZONTE DO OESTE";15;5;"Senador";220000618467;152;"CONFUCIO AIRES MOURA";"CONFUCIO MOURA";"#NULO#";12;"APTO";2;"DEFERIDO";-3;"#NE";-3;"#NE";-3;"#NE";"COLIGAÇÃO";15;"MDB";"Movimento Democrático Brasileiro";-1;"#NULO#";"#NULO#";"#NULO#";220000050479;"RONDONIA, UNIDOS SOMOS FORTES ";"MDB / PODE / PMN / PSC / PC do B / PHS / PROS / PV";"N";1264;"Válido";1264;1;"ELEITO"
"13/11/2024";"10:56:11";2018;2;"Eleição Ordinária";1;297;"ELEIÇÕES GERAIS ESTADUAIS 2018";"07/10/2018";"E";"RO";"RO";"RONDÔNIA";655;"CORUMBIARA";16;5;"Senador";220000618467;152;"CONFUCIO AIRES MOURA";"CONFUCIO MOURA";"#NULO#";12;"APTO";2;"DEFERIDO";-3;"#NE";-3;"#NE";-3;"#NE";"COLIGAÇÃO";15;"MDB";"Movimento Democrático Brasileiro";-1;"#NULO#";"#NULO#";"#NULO#";220000050479;"RONDONIA, UNIDOS SOMOS FORTES ";"MDB / PODE / PMN / PSC / PC do B / PHS / PROS / PV";"N";1056;"Válido";1056;1;"ELEITO"
"13/11/2024";"10:56:11";2018;2;"Eleição Ordinária";1;297;"ELEIÇÕES GERAIS ESTADUAIS 2018";"07/10/2018";"E";"RO";"RO";"RONDÔNIA";94;"CACOAL";11;5;"Senador";220000618467;152;"CONFUCIO AIRES MOURA";"CONFUCIO MOURA";"#NULO#";12;"APTO";2;"DEFERIDO";-3;"#NE";-3;"#NE";-3;"#NE";"COLIGAÇÃO";15;"MDB";"Movimento Democrático Brasileiro";-1;"#NULO#";"#NULO#";"#NULO#";220000050479;"RONDONIA, UNIDOS SOMOS FORTES ";"MDB / PODE / PMN / PSC / PC do B / PHS / PROS / PV";"N";11203;"Válido";11203;1;"ELEITO"
"13/11/2024";"10:56:11";2018;2;"Eleição Ordinária";1;297;"ELEIÇÕES GERAIS ESTADUAIS 2018";"07/10/2018";"E";"RO";"RO";"RONDÔNIA";680;"CUJUBIM";26;5;"Senador";220000618467;152;"CONFUCIO AIRES MOURA";"CONFUCIO MOURA";"#NULO#";12;"APTO";2;"DEFERIDO";-3;"#NE";-3;"#NE";-3;"#NE";"COLIGAÇÃO";15;"MDB";"Movimento Democrático Brasileiro";-1;"#NULO#";"#NULO#";"#NULO#";220000050479;"RONDONIA, UNIDOS SOMOS FORTES ";"MDB / PODE / PMN / PSC / PC do B / PHS / PROS / PV";"N";726;"Válido";726;1;"ELEITO"
"13/11/2024";"10:56:11";2018;2;"Eleição Ordinária";1;297;"ELEIÇÕES GERAIS ESTADUAIS 2018";"07/10/2018";"E";"RO";"RO";"RONDÔNIA";701;"PARECIS";19;5;"Senador";220000618467;152;"CONFUCIO AIRES MOURA";"CONFUCIO MOURA";"#NULO#";12;"APTO";2;"DEFERIDO";-3;"#NE";-3;"#NE";-3;"#NE";"COLIGAÇÃO";15;"MDB";"Movimento Democrático Brasileiro";-1;"#NULO#";"#NULO#";"#NULO#";220000050479;"RONDONIA, UNIDOS SOMOS FORTES ";"MDB / PODE / PMN / PSC / PC do B / PHS / PROS / PV";"N";579;"Válido";579;1;"ELEITO"
"13/11/2024";"10:56:11";2018;2;"Eleição Ordinária";1;297;"ELEIÇÕES GERAIS ESTADUAIS 2018";"07/10/2018";"E";"RO";"RO";"RONDÔNIA";116;"PIMENTA BUENO";9;5;"Senador";220000618467;152;"CONFUCIO AIRES MOURA";"CONFUCIO MOURA";"#NULO#";12;"APTO";2;"DEFERIDO";-3;"#NE";-3;"#NE";-3;"#NE";"COLIGAÇÃO";15;"MDB";"Movimento Democrático Brasileiro";-1;"#NULO#";"#NULO#";"#NULO#";220000050479;"RONDONIA, UNIDOS SOMOS FORTES ";"MDB / PODE / PMN / PSC / PC do B / PHS / PROS / PV";"N";5562;"Válido";5562;1;"ELEITO"
"13/11/2024";"10:56:11";2018;2;"Eleição Ordinária";1;297;"ELEIÇÕES GERAIS ESTADUAIS 2018";"07/10/2018";"E";"RO";"RO";"RONDÔNIA";353;"SANTA LUZIA D OESTE";19;5;"Senador";220000618467;152;"CONFUCIO AIRES MOURA";"CONFUCIO MOURA";"#NULO#";12;"APTO";2;"DEFERIDO";-3;"#NE";-3;"#NE";-3;"#NE";"COLIGAÇÃO";15;"MDB";"Movimento Democrático Brasileiro";-1;"#NULO#";"#NULO#";"#NULO#";220000050479;"RONDONIA, UNIDOS SOMOS FORTES ";"MDB / PODE / PMN / PSC / PC do B / PHS / PROS / PV";"N";1703;"Válido";1703;1;"ELEITO"
"13/11/2024";"10:56:11";2018;2;"Eleição Ordinária";1;297;"ELEIÇÕES GERAIS ESTADUAIS 2018";"07/10/2018";"E";"RO";"RO";"RONDÔNIA";337;"ALVORADA DO OESTE";18;5;"Senador";220000618467;152;"CONFUCIO AIRES MOURA";"CONFUCIO MOURA";"#NULO#";12;"APTO";2;"DEFERIDO";-3;"#NE";-3;"#NE";-3;"#NE";"COLIGAÇÃO";15;"MDB";"Movimento Democrático Brasileiro";-1;"#NULO#";"#NULO#";"#NULO#";220000050479;"RONDONIA, UNIDOS SOMOS FORTES ";"MDB / PODE / PMN / PSC / PC do B / PHS / PROS / PV";"N";2016;"Válido";2016;1;"ELEITO"
"13/11/2024";"10:56:11";2018;2;"Eleição Ordinária";1;297;"ELEIÇÕES GERAIS ESTADUAIS 2018";"07/10/2018";"E";"RO";"RO";"RONDÔNIA";256;"ESPIGÃO DO OESTE";12;5;"Senador";220000618467;152;"CONFUCIO AIRES MOURA";"CONFUCIO MOURA";"#NULO#";12;"APTO";2;"DEFERIDO";-3;"#NE";-3;"#NE";-3;"#NE";"COLIGAÇÃO";15;"MDB";"Movimento Democrático Brasileiro";-1;"#NULO#";"#NULO#";"#NULO#";220000050479;"RONDONIA, UNIDOS SOMOS FORTES ";"MDB / PODE / PMN / PSC / PC do B / PHS / PROS / PV";"N";5446;"Válido";5446;1;"ELEITO"
"13/11/2024";"10:56:11";2018;2;"Eleição Ordinária";1;297;"ELEIÇÕES GERAIS ESTADUAIS 2018";"07/10/2018";"E";"RO";"RO";"RONDÔNIA";213;"COSTA MARQUES";5;5;"Senador";220000618467;152;"CONFUCIO AIRES MOURA";"CONFUCIO MOURA";"#NULO#";12;"APTO";2;"DEFERIDO";-3;"#NE";-3;"#NE";-3;"#NE";"COLIGAÇÃO";15;"MDB";"Movimento Democrático Brasileiro";-1;"#NULO#";"#NULO#";"#NULO#";220000050479;"RONDONIA, UNIDOS SOMOS FORTES ";"MDB / PODE / PMN / PSC / PC do B / PHS / PROS / PV";"N";1898;"Válido";1898;1;"ELEITO"
"13/11/2024";"10:56:11";2018;2;"Eleição Ordinária";1;297;"ELEIÇÕES GERAIS ESTADUAIS 2018";"07/10/2018";"E";"RO";"RO";"RONDÔNIA";19;"GUAJARÁ-MIRIM";1;5;"Senador";220000618467;152;"CONFUCIO AIRES MOURA";"CONFUCIO MOURA";"#NULO#";12;"APTO";2;"DEFERIDO";-3;"#NE";-3;"#NE";-3;"#NE";"COLIGAÇÃO";15;"MDB";"Movimento Democrático Brasileiro";-1;"#NULO#";"#NULO#";"#NULO#";220000050479;"RONDONIA, UNIDOS SOMOS FORTES ";"MDB / PODE / PMN / PSC / PC do B / PHS / PROS / PV";"N";7869;"Válido";7869;1;"ELEITO"
"13/11/2024";"10:56:11";2018;2;"Eleição Ordinária";1;297;"ELEIÇÕES GERAIS ESTADUAIS 2018";"07/10/2018";"E";"RO";"RO";"RONDÔNIA";191;"PRESIDENTE MÉDICI";3;5;"Senador";220000618467;152;"CONFUCIO AIRES MOURA";"CONFUCIO MOURA";"#NULO#";12;"APTO";2;"DEFERIDO";-3;"#NE";-3;"#NE";-3;"#NE";"COLIGAÇÃO";15;"MDB";"Movimento Democrático Brasileiro";-1;"#NULO#";"#NULO#";"#NULO#";220000050479;"RONDONIA, UNIDOS SOMOS FORTES ";"MDB / PODE / PMN / PSC / PC do B / PHS / PROS / PV";"N";1688;"Válido";1688;1;"ELEITO"
"13/11/2024";"10:56:11";2018;2;"Eleição Ordinária";1;297;"ELEIÇÕES GERAIS ESTADUAIS 2018";"07/10/2018";"E";"RO";"RO";"RONDÔNIA";230;"COLORADO DO OESTE";8;5;"Senador";220000609853;255;"MARCOS ROGÉRIO DA SILVA BRITO";"MARCOS ROGÉRIO";"#NULO#";12;"APTO";2;"DEFERIDO";-3;"#NE";-3;"#NE";-3;"#NE";"COLIGAÇÃO";25;"DEM";"Democratas";-1;"#NULO#";"#NULO#";"#NULO#";220000050260;"RONDÔNIA, ESPERANÇA DE UM NOVO TEMPO";"PSDB / DEM / PSD / PRB / PATRI";"N";3641;"Válido";3641;1;"ELEITO"
"13/11/2024";"10:56:11";2018;2;"Eleição Ordinária";1;297;"ELEIÇÕES GERAIS ESTADUAIS 2018";"07/10/2018";"E";"RO";"RO";"RONDÔNIA";159;"JARU";10;5;"Senador";220000609853;255;"MARCOS ROGÉRIO DA SILVA BRITO";"MARCOS ROGÉRIO";"#NULO#";12;"APTO";2;"DEFERIDO";-3;"#NE";-3;"#NE";-3;"#NE";"COLIGAÇÃO";25;"DEM";"Democratas";-1;"#NULO#";"#NULO#";"#NULO#";220000050260;"RONDÔNIA, ESPERANÇA DE UM NOVO TEMPO";"PSDB / DEM / PSD / PRB / PATRI";"N";10443;"Válido";10443;1;"ELEITO"
"13/11/2024";"10:56:11";2018;2;"Eleição Ordinária";1;297;"ELEIÇÕES GERAIS ESTADUAIS 2018";"07/10/2018";"E";"RO";"RO";"RONDÔNIA";78;"ARIQUEMES";7;5;"Senador";220000609853;255;"MARCOS ROGÉRIO DA SILVA BRITO";"MARCOS ROGÉRIO";"#NULO#";12;"APTO";2;"DEFERIDO";-3;"#NE";-3;"#NE";-3;"#NE";"COLIGAÇÃO";25;"DEM";"Democratas";-1;"#NULO#";"#NULO#";"#NULO#";220000050260;"RONDÔNIA, ESPERANÇA DE UM NOVO TEMPO";"PSDB / DEM / PSD / PRB / PATRI";"N";23620;"Válido";23620;1;"ELEITO"
"13/11/2024";"10:56:11";2018;2;"Eleição Ordinária";1;297;"ELEIÇÕES GERAIS ESTADUAIS 2018";"07/10/2018";"E";"RO";"RO";"RONDÔNIA";132;"VILHENA";4;5;"Senador";220000609853;255;"MARCOS ROGÉRIO DA SILVA BRITO";"MARCOS ROGÉRIO";"#NULO#";12;"APTO";2;"DEFERIDO";-3;"#NE";-3;"#NE";-3;"#NE";"COLIGAÇÃO";25;"DEM";"Democratas";-1;"#NULO#";"#NULO#";"#NULO#";220000050260;"RONDÔNIA, ESPERANÇA DE UM NOVO TEMPO";"PSDB / DEM / PSD / PRB / PATRI";"N";13932;"Válido";13932;1;"ELEITO"
"13/11/2024";"10:56:11";2018;2;"Eleição Ordinária";1;297;"ELEIÇÕES GERAIS ESTADUAIS 2018";"07/10/2018";"E";"RO";"RO";"RONDÔNIA";710;"SÃO FELIPE D OESTE";19;5;"Senador";220000609853;255;"MARCOS ROGÉRIO DA SILVA BRITO";"MARCOS ROGÉRIO";"#NULO#";12;"APTO";2;"DEFERIDO";-3;"#NE";-3;"#NE";-3;"#NE";"COLIGAÇÃO";25;"DEM";"Democratas";-1;"#NULO#";"#NULO#";"#NULO#";220000050260;"RONDÔNIA, ESPERANÇA DE UM NOVO TEMPO";"PSDB / DEM / PSD / PRB / PATRI";"N";1840;"Válido";1840;1;"ELEITO"
"13/11/2024";"10:56:11";2018;2;"Eleição Ordinária";1;297;"ELEIÇÕES GERAIS ESTADUAIS 2018";"07/10/2018";"E";"RO";"RO";"RONDÔNIA";35;"PORTO VELHO";21;5;"Senador";220000609853;255;"MARCOS ROGÉRIO DA SILVA BRITO";"MARCOS ROGÉRIO";"#NULO#";12;"APTO";2;"DEFERIDO";-3;"#NE";-3;"#NE";-3;"#NE";"COLIGAÇÃO";25;"DEM";"Democratas";-1;"#NULO#";"#NULO#";"#NULO#";220000050260;"RONDÔNIA, ESPERANÇA DE UM NOVO TEMPO";"PSDB / DEM / PSD / PRB / PATRI";"N";11524;"Válido";11524;1;"ELEITO"
"13/11/2024";"10:56:11";2018;2;"Eleição Ordinária";1;297;"ELEIÇÕES GERAIS ESTADUAIS 2018";"07/10/2018";"E";"RO";"RO";"RONDÔNIA";35;"PORTO VELHO";20;5;"Senador";220000609853;255;"MARCOS ROGÉRIO DA SILVA BRITO";"MARCOS ROGÉRIO";"#NULO#";12;"APTO";2;"DEFERIDO";-3;"#NE";-3;"#NE";-3;"#NE";"COLIGAÇÃO";25;"DEM";"Democratas";-1;"#NULO#";"#NULO#";"#NULO#";220000050260;"RONDÔNIA, ESPERANÇA DE UM NOVO TEMPO";"PSDB / DEM / PSD / PRB / PATRI";"N";20094;"Válido";20094;1;"ELEITO"
"13/11/2024";"10:56:11";2018;2;"Eleição Ordinária";1;297;"ELEIÇÕES GERAIS ESTADUAIS 2018";"07/10/2018";"E";"RO";"RO";"RONDÔNIA";35;"PORTO VELHO";2;5;"Senador";220000609853;255;"MARCOS ROGÉRIO DA SILVA BRITO";"MARCOS ROGÉRIO";"#NULO#";12;"APTO";2;"DEFERIDO";-3;"#NE";-3;"#NE";-3;"#NE";"COLIGAÇÃO";25;"DEM";"Democratas";-1;"#NULO#";"#NULO#";"#NULO#";220000050260;"RONDÔNIA, ESPERANÇA DE UM NOVO TEMPO";"PSDB / DEM / PSD / PRB / PATRI";"N";21538;"Válido";21538;1;"ELEITO"
"13/11/2024";"10:56:11";2018;2;"Eleição Ordinária";1;297;"ELEIÇÕES GERAIS ESTADUAIS 2018";"07/10/2018";"E";"RO";"RO";"RONDÔNIA";35;"PORTO VELHO";6;5;"Senador";220000609853;255;"MARCOS ROGÉRIO DA SILVA BRITO";"MARCOS ROGÉRIO";"#NULO#";12;"APTO";2;"DEFERIDO";-3;"#NE";-3;"#NE";-3;"#NE";"COLIGAÇÃO";25;"DEM";"Democratas";-1;"#NULO#";"#NULO#";"#NULO#";220000050260;"RONDÔNIA, ESPERANÇA DE UM NOVO TEMPO";"PSDB / DEM / PSD / PRB / PATRI";"N";20093;"Válido";20093;1;"ELEITO"
"13/11/2024";"10:56:11";2018;2;"Eleição Ordinária";1;297;"ELEIÇÕES GERAIS ESTADUAIS 2018";"07/10/2018";"E";"RO";"RO";"RONDÔNIA";736;"ALTO ALEGRE DOS PARECIS";19;5;"Senador";220000609853;255;"MARCOS ROGÉRIO DA SILVA BRITO";"MARCOS ROGÉRIO";"#NULO#";12;"APTO";2;"DEFERIDO";-3;"#NE";-3;"#NE";-3;"#NE";"COLIGAÇÃO";25;"DEM";"Democratas";-1;"#NULO#";"#NULO#";"#NULO#";220000050260;"RONDÔNIA, ESPERANÇA DE UM NOVO TEMPO";"PSDB / DEM / PSD / PRB / PATRI";"N";2782;"Válido";2782;1;"ELEITO"
"13/11/2024";"10:56:11";2018;2;"Eleição Ordinária";1;297;"ELEIÇÕES GERAIS ESTADUAIS 2018";"07/10/2018";"E";"RO";"RO";"RONDÔNIA";647;"RIO CRESPO";26;5;"Senador";220000609853;255;"MARCOS ROGÉRIO DA SILVA BRITO";"MARCOS ROGÉRIO";"#NULO#";12;"APTO";2;"DEFERIDO";-3;"#NE";-3;"#NE";-3;"#NE";"COLIGAÇÃO";25;"DEM";"Democratas";-1;"#NULO#";"#NULO#";"#NULO#";220000050260;"RONDÔNIA, ESPERANÇA DE UM NOVO TEMPO";"PSDB / DEM / PSD / PRB / PATRI";"N";1233;"Válido";1233;1;"ELEITO"
"13/11/2024";"10:56:11";2018;2;"Eleição Ordinária";1;297;"ELEIÇÕES GERAIS ESTADUAIS 2018";"07/10/2018";"E";"RO";"RO";"RONDÔNIA";639;"ALTO PARAÍSO";25;5;"Senador";220000609853;255;"MARCOS ROGÉRIO DA SILVA BRITO";"MARCOS ROGÉRIO";"#NULO#";12;"APTO";2;"DEFERIDO";-3;"#NE";-3;"#NE";-3;"#NE";"COLIGAÇÃO";25;"DEM";"Democratas";-1;"#NULO#";"#NULO#";"#NULO#";220000050260;"RONDÔNIA, ESPERANÇA DE UM NOVO TEMPO";"PSDB / DEM / PSD / PRB / PATRI";"N";4492;"Válido";4492;1;"ELEITO"
"13/11/2024";"10:56:11";2018;2;"Eleição Ordinária";1;297;"ELEIÇÕES GERAIS ESTADUAIS 2018";"07/10/2018";"E";"RO";"RO";"RONDÔNIA";620;"CACAULÂNDIA";26;5;"Senador";220000609853;255;"MARCOS ROGÉRIO DA SILVA BRITO";"MARCOS ROGÉRIO";"#NULO#";12;"APTO";2;"DEFERIDO";-3;"#NE";-3;"#NE";-3;"#NE";"COLIGAÇÃO";25;"DEM";"Democratas";-1;"#NULO#";"#NULO#";"#NULO#";220000050260;"RONDÔNIA, ESPERANÇA DE UM NOVO TEMPO";"PSDB / DEM / PSD / PRB / PATRI";"N";1760;"Válido";1760;1;"ELEITO"
"13/11/2024";"10:56:11";2018;2;"Eleição Ordinária";1;297;"ELEIÇÕES GERAIS ESTADUAIS 2018";"07/10/2018";"E";"RO";"RO";"RONDÔNIA";370;"NOVA BRASILÂNDIA D OESTE";15;5;"Senador";220000609853;255;"MARCOS ROGÉRIO DA SILVA BRITO";"MARCOS ROGÉRIO";"#NULO#";12;"APTO";2;"DEFERIDO";-3;"#NE";-3;"#NE";-3;"#NE";"COLIGAÇÃO";25;"DEM";"Democratas";-1;"#NULO#";"#NULO#";"#NULO#";220000050260;"RONDÔNIA, ESPERANÇA DE UM NOVO TEMPO";"PSDB / DEM / PSD / PRB / PATRI";"N";5075;"Válido";5075;1;"ELEITO"
"13/11/2024";"10:56:11";2018;2;"Eleição Ordinária";1;297;"ELEIÇÕES GERAIS ESTADUAIS 2018";"07/10/2018";"E";"RO";"RO";"RONDÔNIA";477;"CANDEIAS DO JAMARI";21;5;"Senador";220000609853;255;"MARCOS ROGÉRIO DA SILVA BRITO";"MARCOS ROGÉRIO";"#NULO#";12;"APTO";2;"DEFERIDO";-3;"#NE";-3;"#NE";-3;"#NE";"COLIGAÇÃO";25;"DEM";"Democratas";-1;"#NULO#";"#NULO#";"#NULO#";220000050260;"RONDÔNIA, ESPERANÇA DE UM NOVO TEMPO";"PSDB / DEM / PSD / PRB / PATRI";"N";3200;"Válido";3200;1;"ELEITO"
"13/11/2024";"10:56:11";2018;2;"Eleição Ordinária";1;297;"ELEIÇÕES GERAIS ESTADUAIS 2018";"07/10/2018";"E";"RO";"RO";"RONDÔNIA";612;"GOVERNADOR JORGE TEIXEIRA";27;5;"Senador";220000609853;255;"MARCOS ROGÉRIO DA SILVA BRITO";"MARCOS ROGÉRIO";"#NULO#";12;"APTO";2;"DEFERIDO";-3;"#NE";-3;"#NE";-3;"#NE";"COLIGAÇÃO";25;"DEM";"Democratas";-1;"#NULO#";"#NULO#";"#NULO#";220000050260;"RONDÔNIA, ESPERANÇA DE UM NOVO TEMPO";"PSDB / DEM / PSD / PRB / PATRI";"N";1981;"Válido";1981;1;"ELEITO"
"13/11/2024";"10:56:11";2018;2;"Eleição Ordinária";1;297;"ELEIÇÕES GERAIS ESTADUAIS 2018";"07/10/2018";"E";"RO";"RO";"RONDÔNIA";680;"CUJUBIM";26;5;"Senador";220000609853;255;"MARCOS ROGÉRIO DA SILVA BRITO";"MARCOS ROGÉRIO";"#NULO#";12;"APTO";2;"DEFERIDO";-3;"#NE";-3;"#NE";-3;"#NE";"COLIGAÇÃO";25;"DEM";"Democratas";-1;"#NULO#";"#NULO#";"#NULO#";220000050260;"RONDÔNIA, ESPERANÇA DE UM NOVO TEMPO";"PSDB / DEM / PSD / PRB / PATRI";"N";4391;"Válido";4391;1;"ELEITO"
"13/11/2024";"10:56:11";2018;2;"Eleição Ordinária";1;297;"ELEIÇÕES GERAIS ESTADUAIS 2018";"07/10/2018";"E";"RO";"RO";"RONDÔNIA";116;"PIMENTA BUENO";9;5;"Senador";220000609853;255;"MARCOS ROGÉRIO DA SILVA BRITO";"MARCOS ROGÉRIO";"#NULO#";12;"APTO";2;"DEFERIDO";-3;"#NE";-3;"#NE";-3;"#NE";"COLIGAÇÃO";25;"DEM";"Democratas";-1;"#NULO#";"#NULO#";"#NULO#";220000050260;"RONDÔNIA, ESPERANÇA DE UM NOVO TEMPO";"PSDB / DEM / PSD / PRB / PATRI";"N";6590;"Válido";6590;1;"ELEITO"
"13/11/2024";"10:56:11";2018;2;"Eleição Ordinária";1;297;"ELEIÇÕES GERAIS ESTADUAIS 2018";"07/10/2018";"E";"RO";"RO";"RONDÔNIA";701;"PARECIS";19;5;"Senador";220000609853;255;"MARCOS ROGÉRIO DA SILVA BRITO";"MARCOS ROGÉRIO";"#NULO#";12;"APTO";2;"DEFERIDO";-3;"#NE";-3;"#NE";-3;"#NE";"COLIGAÇÃO";25;"DEM";"Democratas";-1;"#NULO#";"#NULO#";"#NULO#";220000050260;"RONDÔNIA, ESPERANÇA DE UM NOVO TEMPO";"PSDB / DEM / PSD / PRB / PATRI";"N";1102;"Válido";1102;1;"ELEITO"
"13/11/2024";"10:56:11";2018;2;"Eleição Ordinária";1;297;"ELEIÇÕES GERAIS ESTADUAIS 2018";"07/10/2018";"E";"RO";"RO";"RONDÔNIA";515;"NOVO HORIZONTE DO OESTE";15;5;"Senador";220000609853;255;"MARCOS ROGÉRIO DA SILVA BRITO";"MARCOS ROGÉRIO";"#NULO#";12;"APTO";2;"DEFERIDO";-3;"#NE";-3;"#NE";-3;"#NE";"COLIGAÇÃO";25;"DEM";"Democratas";-1;"#NULO#";"#NULO#";"#NULO#";220000050260;"RONDÔNIA, ESPERANÇA DE UM NOVO TEMPO";"PSDB / DEM / PSD / PRB / PATRI";"N";2938;"Válido";2938;1;"ELEITO"
"13/11/2024";"10:56:11";2018;2;"Eleição Ordinária";1;297;"ELEIÇÕES GERAIS ESTADUAIS 2018";"07/10/2018";"E";"RO";"RO";"RONDÔNIA";94;"CACOAL";11;5;"Senador";220000609853;255;"MARCOS ROGÉRIO DA SILVA BRITO";"MARCOS ROGÉRIO";"#NULO#";12;"APTO";2;"DEFERIDO";-3;"#NE";-3;"#NE";-3;"#NE";"COLIGAÇÃO";25;"DEM";"Democratas";-1;"#NULO#";"#NULO#";"#NULO#";220000050260;"RONDÔNIA, ESPERANÇA DE UM NOVO TEMPO";"PSDB / DEM / PSD / PRB / PATRI";"N";20215;"Válido";20215;1;"ELEITO"
"13/11/2024";"10:56:11";2018;2;"Eleição Ordinária";1;297;"ELEIÇÕES GERAIS ESTADUAIS 2018";"07/10/2018";"E";"RO";"RO";"RONDÔNIA";655;"CORUMBIARA";16;5;"Senador";220000609853;255;"MARCOS ROGÉRIO DA SILVA BRITO";"MARCOS ROGÉRIO";"#NULO#";12;"APTO";2;"DEFERIDO";-3;"#NE";-3;"#NE";-3;"#NE";"COLIGAÇÃO";25;"DEM";"Democratas";-1;"#NULO#";"#NULO#";"#NULO#";220000050260;"RONDÔNIA, ESPERANÇA DE UM NOVO TEMPO";"PSDB / DEM / PSD / PRB / PATRI";"N";1710;"Válido";1710;1;"ELEITO"
"13/11/2024";"10:56:11";2018;2;"Eleição Ordinária";1;297;"ELEIÇÕES GERAIS ESTADUAIS 2018";"07/10/2018";"E";"RO";"RO";"RONDÔNIA";787;"PIMENTEIRAS DO OESTE";16;5;"Senador";220000609853;255;"MARCOS ROGÉRIO DA SILVA BRITO";"MARCOS ROGÉRIO";"#NULO#";12;"APTO";2;"DEFERIDO";-3;"#NE";-3;"#NE";-3;"#NE";"COLIGAÇÃO";25;"DEM";"Democratas";-1;"#NULO#";"#NULO#";"#NULO#";220000050260;"RONDÔNIA, ESPERANÇA DE UM NOVO TEMPO";"PSDB / DEM / PSD / PRB / PATRI";"N";648;"Válido";648;1;"ELEITO"
"13/11/2024";"10:56:11";2018;2;"Eleição Ordinária";1;297;"ELEIÇÕES GERAIS ESTADUAIS 2018";"07/10/2018";"E";"RO";"RO";"RONDÔNIA";493;"ITAPUÃ DO OESTE";2;5;"Senador";220000609853;255;"MARCOS ROGÉRIO DA SILVA BRITO";"MARCOS ROGÉRIO";"#NULO#";12;"APTO";2;"DEFERIDO";-3;"#NE";-3;"#NE";-3;"#NE";"COLIGAÇÃO";25;"DEM";"Democratas";-1;"#NULO#";"#NULO#";"#NULO#";220000050260;"RONDÔNIA, ESPERANÇA DE UM NOVO TEMPO";"PSDB / DEM / PSD / PRB / PATRI";"N";1495;"Válido";1495;1;"ELEITO"
"13/11/2024";"10:56:11";2018;2;"Eleição Ordinária";1;297;"ELEIÇÕES GERAIS ESTADUAIS 2018";"07/10/2018";"E";"RO";"RO";"RONDÔNIA";450;"CABIXI";8;5;"Senador";220000609853;255;"MARCOS ROGÉRIO DA SILVA BRITO";"MARCOS ROGÉRIO";"#NULO#";12;"APTO";2;"DEFERIDO";-3;"#NE";-3;"#NE";-3;"#NE";"COLIGAÇÃO";25;"DEM";"Democratas";-1;"#NULO#";"#NULO#";"#NULO#";220000050260;"RONDÔNIA, ESPERANÇA DE UM NOVO TEMPO";"PSDB / DEM / PSD / PRB / PATRI";"N";1538;"Válido";1538;1;"ELEITO"
"13/11/2024";"10:56:11";2018;2;"Eleição Ordinária";1;297;"ELEIÇÕES GERAIS ESTADUAIS 2018";"07/10/2018";"E";"RO";"RO";"RONDÔNIA";744;"NOVA UNIÃO";28;5;"Senador";220000609853;255;"MARCOS ROGÉRIO DA SILVA BRITO";"MARCOS ROGÉRIO";"#NULO#";12;"APTO";2;"DEFERIDO";-3;"#NE";-3;"#NE";-3;"#NE";"COLIGAÇÃO";25;"DEM";"Democratas";-1;"#NULO#";"#NULO#";"#NULO#";220000050260;"RONDÔNIA, ESPERANÇA DE UM NOVO TEMPO";"PSDB / DEM / PSD / PRB / PATRI";"N";1748;"Válido";1748;1;"ELEITO"
"13/11/2024";"10:56:11";2018;2;"Eleição Ordinária";1;297;"ELEIÇÕES GERAIS ESTADUAIS 2018";"07/10/2018";"E";"RO";"RO";"RONDÔNIA";434;"NOVA MAMORÉ";1;5;"Senador";220000609853;255;"MARCOS ROGÉRIO DA SILVA BRITO";"MARCOS ROGÉRIO";"#NULO#";12;"APTO";2;"DEFERIDO";-3;"#NE";-3;"#NE";-3;"#NE";"COLIGAÇÃO";25;"DEM";"Democratas";-1;"#NULO#";"#NULO#";"#NULO#";220000050260;"RONDÔNIA, ESPERANÇA DE UM NOVO TEMPO";"PSDB / DEM / PSD / PRB / PATRI";"N";3644;"Válido";3644;1;"ELEITO"
"13/11/2024";"10:56:11";2018;2;"Eleição Ordinária";1;297;"ELEIÇÕES GERAIS ESTADUAIS 2018";"07/10/2018";"E";"RO";"RO";"RONDÔNIA";51;"JI-PARANÁ";30;5;"Senador";220000609853;255;"MARCOS ROGÉRIO DA SILVA BRITO";"MARCOS ROGÉRIO";"#NULO#";12;"APTO";2;"DEFERIDO";-3;"#NE";-3;"#NE";-3;"#NE";"COLIGAÇÃO";25;"DEM";"Democratas";-1;"#NULO#";"#NULO#";"#NULO#";220000050260;"RONDÔNIA, ESPERANÇA DE UM NOVO TEMPO";"PSDB / DEM / PSD / PRB / PATRI";"N";17771;"Válido";17771;1;"ELEITO"
"13/11/2024";"10:56:11";2018;2;"Eleição Ordinária";1;297;"ELEIÇÕES GERAIS ESTADUAIS 2018";"07/10/2018";"E";"RO";"RO";"RONDÔNIA";418;"SÃO MIGUEL DO GUAPORÉ";35;5;"Senador";220000609853;255;"MARCOS ROGÉRIO DA SILVA BRITO";"MARCOS ROGÉRIO";"#NULO#";12;"APTO";2;"DEFERIDO";-3;"#NE";-3;"#NE";-3;"#NE";"COLIGAÇÃO";25;"DEM";"Democratas";-1;"#NULO#";"#NULO#";"#NULO#";220000050260;"RONDÔNIA, ESPERANÇA DE UM NOVO TEMPO";"PSDB / DEM / PSD / PRB / PATRI";"N";5661;"Válido";5661;1;"ELEITO"
"13/11/2024";"10:56:11";2018;2;"Eleição Ordinária";1;297;"ELEIÇÕES GERAIS ESTADUAIS 2018";"07/10/2018";"E";"RO";"RO";"RONDÔNIA";51;"JI-PARANÁ";3;5;"Senador";220000609853;255;"MARCOS ROGÉRIO DA SILVA BRITO";"MARCOS ROGÉRIO";"#NULO#";12;"APTO";2;"DEFERIDO";-3;"#NE";-3;"#NE";-3;"#NE";"COLIGAÇÃO";25;"DEM";"Democratas";-1;"#NULO#";"#NULO#";"#NULO#";220000050260;"RONDÔNIA, ESPERANÇA DE UM NOVO TEMPO";"PSDB / DEM / PSD / PRB / PATRI";"N";7226;"Válido";7226;1;"ELEITO"
"13/11/2024";"10:56:11";2018;2;"Eleição Ordinária";1;297;"ELEIÇÕES GERAIS ESTADUAIS 2018";"07/10/2018";"E";"RO";"RO";"RONDÔNIA";370;"NOVA BRASILÂNDIA D OESTE";15;5;"Senador";220000609854;100;"EDESIO FERNANDES DA SILVA";"PASTOR EDÉSIO FERNANDES";"#NULO#";12;"APTO";2;"DEFERIDO";-3;"#NE";-3;"#NE";-3;"#NE";"COLIGAÇÃO";10;"PRB";"Partido Republicano Brasileiro";-1;"#NULO#";"#NULO#";"#NULO#";220000050260;"RONDÔNIA, ESPERANÇA DE UM NOVO TEMPO";"PSDB / DEM / PSD / PRB / PATRI";"N";469;"Válido";469;4;"NÃO ELEITO"
"13/11/2024";"10:56:11";2018;2;"Eleição Ordinária";1;297;"ELEIÇÕES GERAIS ESTADUAIS 2018";"07/10/2018";"E";"RO";"RO";"RONDÔNIA";612;"GOVERNADOR JORGE TEIXEIRA";27;5;"Senador";220000609854;100;"EDESIO FERNANDES DA SILVA";"PASTOR EDÉSIO FERNANDES";"#NULO#";12;"APTO";2;"DEFERIDO";-3;"#NE";-3;"#NE";-3;"#NE";"COLIGAÇÃO";10;"PRB";"Partido Republicano Brasileiro";-1;"#NULO#";"#NULO#";"#NULO#";220000050260;"RONDÔNIA, ESPERANÇA DE UM NOVO TEMPO";"PSDB / DEM / PSD / PRB / PATRI";"N";102;"Válido";102;4;"NÃO ELEITO"
"13/11/2024";"10:56:11";2018;2;"Eleição Ordinária";1;297;"ELEIÇÕES GERAIS ESTADUAIS 2018";"07/10/2018";"E";"RO";"RO";"RONDÔNIA";620;"CACAULÂNDIA";26;5;"Senador";220000609854;100;"EDESIO FERNANDES DA SILVA";"PASTOR EDÉSIO FERNANDES";"#NULO#";12;"APTO";2;"DEFERIDO";-3;"#NE";-3;"#NE";-3;"#NE";"COLIGAÇÃO";10;"PRB";"Partido Republicano Brasileiro";-1;"#NULO#";"#NULO#";"#NULO#";220000050260;"RONDÔNIA, ESPERANÇA DE UM NOVO TEMPO";"PSDB / DEM / PSD / PRB / PATRI";"N";210;"Válido";210;4;"NÃO ELEITO"
"13/11/2024";"10:56:11";2018;2;"Eleição Ordinária";1;297;"ELEIÇÕES GERAIS ESTADUAIS 2018";"07/10/2018";"E";"RO";"RO";"RONDÔNIA";477;"CANDEIAS DO JAMARI";21;5;"Senador";220000609854;100;"EDESIO FERNANDES DA SILVA";"PASTOR EDÉSIO FERNANDES";"#NULO#";12;"APTO";2;"DEFERIDO";-3;"#NE";-3;"#NE";-3;"#NE";"COLIGAÇÃO";10;"PRB";"Partido Republicano Brasileiro";-1;"#NULO#";"#NULO#";"#NULO#";220000050260;"RONDÔNIA, ESPERANÇA DE UM NOVO TEMPO";"PSDB / DEM / PSD / PRB / PATRI";"N";1261;"Válido";1261;4;"NÃO ELEITO"
"13/11/2024";"10:56:11";2018;2;"Eleição Ordinária";1;297;"ELEIÇÕES GERAIS ESTADUAIS 2018";"07/10/2018";"E";"RO";"RO";"RONDÔNIA";647;"RIO CRESPO";26;5;"Senador";220000609854;100;"EDESIO FERNANDES DA SILVA";"PASTOR EDÉSIO FERNANDES";"#NULO#";12;"APTO";2;"DEFERIDO";-3;"#NE";-3;"#NE";-3;"#NE";"COLIGAÇÃO";10;"PRB";"Partido Republicano Brasileiro";-1;"#NULO#";"#NULO#";"#NULO#";220000050260;"RONDÔNIA, ESPERANÇA DE UM NOVO TEMPO";"PSDB / DEM / PSD / PRB / PATRI";"N";170;"Válido";170;4;"NÃO ELEITO"
"13/11/2024";"10:56:11";2018;2;"Eleição Ordinária";1;297;"ELEIÇÕES GERAIS ESTADUAIS 2018";"07/10/2018";"E";"RO";"RO";"RONDÔNIA";639;"ALTO PARAÍSO";25;5;"Senador";220000609854;100;"EDESIO FERNANDES DA SILVA";"PASTOR EDÉSIO FERNANDES";"#NULO#";12;"APTO";2;"DEFERIDO";-3;"#NE";-3;"#NE";-3;"#NE";"COLIGAÇÃO";10;"PRB";"Partido Republicano Brasileiro";-1;"#NULO#";"#NULO#";"#NULO#";220000050260;"RONDÔNIA, ESPERANÇA DE UM NOVO TEMPO";"PSDB / DEM / PSD / PRB / PATRI";"N";149;"Válido";149;4;"NÃO ELEITO"
"13/11/2024";"10:56:11";2018;2;"Eleição Ordinária";1;297;"ELEIÇÕES GERAIS ESTADUAIS 2018";"07/10/2018";"E";"RO";"RO";"RONDÔNIA";752;"TEIXEIRÓPOLIS";13;5;"Senador";220000609853;255;"MARCOS ROGÉRIO DA SILVA BRITO";"MARCOS ROGÉRIO";"#NULO#";12;"APTO";2;"DEFERIDO";-3;"#NE";-3;"#NE";-3;"#NE";"COLIGAÇÃO";25;"DEM";"Democratas";-1;"#NULO#";"#NULO#";"#NULO#";220000050260;"RONDÔNIA, ESPERANÇA DE UM NOVO TEMPO";"PSDB / DEM / PSD / PRB / PATRI";"N";838;"Válido";838;1;"ELEITO"
"13/11/2024";"10:56:11";2018;2;"Eleição Ordinária";1;297;"ELEIÇÕES GERAIS ESTADUAIS 2018";"07/10/2018";"E";"RO";"RO";"RONDÔNIA";272;"CEREJEIRAS";16;5;"Senador";220000609853;255;"MARCOS ROGÉRIO DA SILVA BRITO";"MARCOS ROGÉRIO";"#NULO#";12;"APTO";2;"DEFERIDO";-3;"#NE";-3;"#NE";-3;"#NE";"COLIGAÇÃO";25;"DEM";"Democratas";-1;"#NULO#";"#NULO#";"#NULO#";220000050260;"RONDÔNIA, ESPERANÇA DE UM NOVO TEMPO";"PSDB / DEM / PSD / PRB / PATRI";"N";3197;"Válido";3197;1;"ELEITO"
"13/11/2024";"10:56:11";2018;2;"Eleição Ordinária";1;297;"ELEIÇÕES GERAIS ESTADUAIS 2018";"07/10/2018";"E";"RO";"RO";"RONDÔNIA";582;"SERINGUEIRAS";35;5;"Senador";220000609853;255;"MARCOS ROGÉRIO DA SILVA BRITO";"MARCOS ROGÉRIO";"#NULO#";12;"APTO";2;"DEFERIDO";-3;"#NE";-3;"#NE";-3;"#NE";"COLIGAÇÃO";25;"DEM";"Democratas";-1;"#NULO#";"#NULO#";"#NULO#";220000050260;"RONDÔNIA, ESPERANÇA DE UM NOVO TEMPO";"PSDB / DEM / PSD / PRB / PATRI";"N";3288;"Válido";3288;1;"ELEITO"
"13/11/2024";"10:56:11";2018;2;"Eleição Ordinária";1;297;"ELEIÇÕES GERAIS ESTADUAIS 2018";"07/10/2018";"E";"RO";"RO";"RONDÔNIA";779;"BURITIS";34;5;"Senador";220000609853;255;"MARCOS ROGÉRIO DA SILVA BRITO";"MARCOS ROGÉRIO";"#NULO#";12;"APTO";2;"DEFERIDO";-3;"#NE";-3;"#NE";-3;"#NE";"COLIGAÇÃO";25;"DEM";"Democratas";-1;"#NULO#";"#NULO#";"#NULO#";220000050260;"RONDÔNIA, ESPERANÇA DE UM NOVO TEMPO";"PSDB / DEM / PSD / PRB / PATRI";"N";7476;"Válido";7476;1;"ELEITO"
"13/11/2024";"10:56:11";2018;2;"Eleição Ordinária";1;297;"ELEIÇÕES GERAIS ESTADUAIS 2018";"07/10/2018";"E";"RO";"RO";"RONDÔNIA";574;"MIRANTE DA SERRA";28;5;"Senador";220000609853;255;"MARCOS ROGÉRIO DA SILVA BRITO";"MARCOS ROGÉRIO";"#NULO#";12;"APTO";2;"DEFERIDO";-3;"#NE";-3;"#NE";-3;"#NE";"COLIGAÇÃO";25;"DEM";"Democratas";-1;"#NULO#";"#NULO#";"#NULO#";220000050260;"RONDÔNIA, ESPERANÇA DE UM NOVO TEMPO";"PSDB / DEM / PSD / PRB / PATRI";"N";1937;"Válido";1937;1;"ELEITO"
"13/11/2024";"10:56:11";2018;2;"Eleição Ordinária";1;297;"ELEIÇÕES GERAIS ESTADUAIS 2018";"07/10/2018";"E";"RO";"RO";"RONDÔNIA";671;"CAMPO NOVO DE RONDÔNIA";34;5;"Senador";220000609853;255;"MARCOS ROGÉRIO DA SILVA BRITO";"MARCOS ROGÉRIO";"#NULO#";12;"APTO";2;"DEFERIDO";-3;"#NE";-3;"#NE";-3;"#NE";"COLIGAÇÃO";25;"DEM";"Democratas";-1;"#NULO#";"#NULO#";"#NULO#";220000050260;"RONDÔNIA, ESPERANÇA DE UM NOVO TEMPO";"PSDB / DEM / PSD / PRB / PATRI";"N";4250;"Válido";4250;1;"ELEITO"
"13/11/2024";"10:56:11";2018;2;"Eleição Ordinária";1;297;"ELEIÇÕES GERAIS ESTADUAIS 2018";"07/10/2018";"E";"RO";"RO";"RONDÔNIA";698;"VALE DO ANARI";32;5;"Senador";220000609853;255;"MARCOS ROGÉRIO DA SILVA BRITO";"MARCOS ROGÉRIO";"#NULO#";12;"APTO";2;"DEFERIDO";-3;"#NE";-3;"#NE";-3;"#NE";"COLIGAÇÃO";25;"DEM";"Democratas";-1;"#NULO#";"#NULO#";"#NULO#";220000050260;"RONDÔNIA, ESPERANÇA DE UM NOVO TEMPO";"PSDB / DEM / PSD / PRB / PATRI";"N";2268;"Válido";2268;1;"ELEITO"
"13/11/2024";"10:56:11";2018;2;"Eleição Ordinária";1;297;"ELEIÇÕES GERAIS ESTADUAIS 2018";"07/10/2018";"E";"RO";"RO";"RONDÔNIA";531;"CASTANHEIRAS";15;5;"Senador";220000609853;255;"MARCOS ROGÉRIO DA SILVA BRITO";"MARCOS ROGÉRIO";"#NULO#";12;"APTO";2;"DEFERIDO";-3;"#NE";-3;"#NE";-3;"#NE";"COLIGAÇÃO";25;"DEM";"Democratas";-1;"#NULO#";"#NULO#";"#NULO#";220000050260;"RONDÔNIA, ESPERANÇA DE UM NOVO TEMPO";"PSDB / DEM / PSD / PRB / PATRI";"N";1246;"Válido";1246;1;"ELEITO"
"13/11/2024";"10:56:11";2018;2;"Eleição Ordinária";1;297;"ELEIÇÕES GERAIS ESTADUAIS 2018";"07/10/2018";"E";"RO";"RO";"RONDÔNIA";795;"SÃO FRANCISCO DO GUAPORÉ";5;5;"Senador";220000609853;255;"MARCOS ROGÉRIO DA SILVA BRITO";"MARCOS ROGÉRIO";"#NULO#";12;"APTO";2;"DEFERIDO";-3;"#NE";-3;"#NE";-3;"#NE";"COLIGAÇÃO";25;"DEM";"Democratas";-1;"#NULO#";"#NULO#";"#NULO#";220000050260;"RONDÔNIA, ESPERANÇA DE UM NOVO TEMPO";"PSDB / DEM / PSD / PRB / PATRI";"N";4308;"Válido";4308;1;"ELEITO"
"13/11/2024";"10:56:11";2018;2;"Eleição Ordinária";1;297;"ELEIÇÕES GERAIS ESTADUAIS 2018";"07/10/2018";"E";"RO";"RO";"RONDÔNIA";396;"MACHADINHO D OESTE";32;5;"Senador";220000609853;255;"MARCOS ROGÉRIO DA SILVA BRITO";"MARCOS ROGÉRIO";"#NULO#";12;"APTO";2;"DEFERIDO";-3;"#NE";-3;"#NE";-3;"#NE";"COLIGAÇÃO";25;"DEM";"Democratas";-1;"#NULO#";"#NULO#";"#NULO#";220000050260;"RONDÔNIA, ESPERANÇA DE UM NOVO TEMPO";"PSDB / DEM / PSD / PRB / PATRI";"N";7145;"Válido";7145;1;"ELEITO"
"13/11/2024";"10:56:11";2018;2;"Eleição Ordinária";1;297;"ELEIÇÕES GERAIS ESTADUAIS 2018";"07/10/2018";"E";"RO";"RO";"RONDÔNIA";604;"MINISTRO ANDREAZZA";11;5;"Senador";220000609853;255;"MARCOS ROGÉRIO DA SILVA BRITO";"MARCOS ROGÉRIO";"#NULO#";12;"APTO";2;"DEFERIDO";-3;"#NE";-3;"#NE";-3;"#NE";"COLIGAÇÃO";25;"DEM";"Democratas";-1;"#NULO#";"#NULO#";"#NULO#";220000050260;"RONDÔNIA, ESPERANÇA DE UM NOVO TEMPO";"PSDB / DEM / PSD / PRB / PATRI";"N";2005;"Válido";2005;1;"ELEITO"
"13/11/2024";"10:56:11";2018;2;"Eleição Ordinária";1;297;"ELEIÇÕES GERAIS ESTADUAIS 2018";"07/10/2018";"E";"RO";"RO";"RONDÔNIA";728;"PRIMAVERA DE RONDÔNIA";9;5;"Senador";220000609853;255;"MARCOS ROGÉRIO DA SILVA BRITO";"MARCOS ROGÉRIO";"#NULO#";12;"APTO";2;"DEFERIDO";-3;"#NE";-3;"#NE";-3;"#NE";"COLIGAÇÃO";25;"DEM";"Democratas";-1;"#NULO#";"#NULO#";"#NULO#";220000050260;"RONDÔNIA, ESPERANÇA DE UM NOVO TEMPO";"PSDB / DEM / PSD / PRB / PATRI";"N";1049;"Válido";1049;1;"ELEITO"
"13/11/2024";"10:56:11";2018;2;"Eleição Ordinária";1;297;"ELEIÇÕES GERAIS ESTADUAIS 2018";"07/10/2018";"E";"RO";"RO";"RONDÔNIA";558;"VALE DO PARAÍSO";28;5;"Senador";220000609853;255;"MARCOS ROGÉRIO DA SILVA BRITO";"MARCOS ROGÉRIO";"#NULO#";12;"APTO";2;"DEFERIDO";-3;"#NE";-3;"#NE";-3;"#NE";"COLIGAÇÃO";25;"DEM";"Democratas";-1;"#NULO#";"#NULO#";"#NULO#";220000050260;"RONDÔNIA, ESPERANÇA DE UM NOVO TEMPO";"PSDB / DEM / PSD / PRB / PATRI";"N";2225;"Válido";2225;1;"ELEITO"
"13/11/2024";"10:56:11";2018;2;"Eleição Ordinária";1;297;"ELEIÇÕES GERAIS ESTADUAIS 2018";"07/10/2018";"E";"RO";"RO";"RONDÔNIA";566;"URUPÁ";18;5;"Senador";220000609853;255;"MARCOS ROGÉRIO DA SILVA BRITO";"MARCOS ROGÉRIO";"#NULO#";12;"APTO";2;"DEFERIDO";-3;"#NE";-3;"#NE";-3;"#NE";"COLIGAÇÃO";25;"DEM";"Democratas";-1;"#NULO#";"#NULO#";"#NULO#";220000050260;"RONDÔNIA, ESPERANÇA DE UM NOVO TEMPO";"PSDB / DEM / PSD / PRB / PATRI";"N";2067;"Válido";2067;1;"ELEITO"
"13/11/2024";"10:56:11";2018;2;"Eleição Ordinária";1;297;"ELEIÇÕES GERAIS ESTADUAIS 2018";"07/10/2018";"E";"RO";"RO";"RONDÔNIA";809;"CHUPINGUAIA";8;5;"Senador";220000609853;255;"MARCOS ROGÉRIO DA SILVA BRITO";"MARCOS ROGÉRIO";"#NULO#";12;"APTO";2;"DEFERIDO";-3;"#NE";-3;"#NE";-3;"#NE";"COLIGAÇÃO";25;"DEM";"Democratas";-1;"#NULO#";"#NULO#";"#NULO#";220000050260;"RONDÔNIA, ESPERANÇA DE UM NOVO TEMPO";"PSDB / DEM / PSD / PRB / PATRI";"N";2869;"Válido";2869;1;"ELEITO"
"13/11/2024";"10:56:11";2018;2;"Eleição Ordinária";1;297;"ELEIÇÕES GERAIS ESTADUAIS 2018";"07/10/2018";"E";"RO";"RO";"RONDÔNIA";310;"ALTA FLORESTA D OESTE";17;5;"Senador";220000609853;255;"MARCOS ROGÉRIO DA SILVA BRITO";"MARCOS ROGÉRIO";"#NULO#";12;"APTO";2;"DEFERIDO";-3;"#NE";-3;"#NE";-3;"#NE";"COLIGAÇÃO";25;"DEM";"Democratas";-1;"#NULO#";"#NULO#";"#NULO#";220000050260;"RONDÔNIA, ESPERANÇA DE UM NOVO TEMPO";"PSDB / DEM / PSD / PRB / PATRI";"N";5201;"Válido";5201;1;"ELEITO"
"13/11/2024";"10:56:11";2018;2;"Eleição Ordinária";1;297;"ELEIÇÕES GERAIS ESTADUAIS 2018";"07/10/2018";"E";"RO";"RO";"RONDÔNIA";213;"COSTA MARQUES";5;5;"Senador";220000609853;255;"MARCOS ROGÉRIO DA SILVA BRITO";"MARCOS ROGÉRIO";"#NULO#";12;"APTO";2;"DEFERIDO";-3;"#NE";-3;"#NE";-3;"#NE";"COLIGAÇÃO";25;"DEM";"Democratas";-1;"#NULO#";"#NULO#";"#NULO#";220000050260;"RONDÔNIA, ESPERANÇA DE UM NOVO TEMPO";"PSDB / DEM / PSD / PRB / PATRI";"N";2954;"Válido";2954;1;"ELEITO"
"13/11/2024";"10:56:11";2018;2;"Eleição Ordinária";1;297;"ELEIÇÕES GERAIS ESTADUAIS 2018";"07/10/2018";"E";"RO";"RO";"RONDÔNIA";19;"GUAJARÁ-MIRIM";1;5;"Senador";220000609853;255;"MARCOS ROGÉRIO DA SILVA BRITO";"MARCOS ROGÉRIO";"#NULO#";12;"APTO";2;"DEFERIDO";-3;"#NE";-3;"#NE";-3;"#NE";"COLIGAÇÃO";25;"DEM";"Democratas";-1;"#NULO#";"#NULO#";"#NULO#";220000050260;"RONDÔNIA, ESPERANÇA DE UM NOVO TEMPO";"PSDB / DEM / PSD / PRB / PATRI";"N";6729;"Válido";6729;1;"ELEITO"
"13/11/2024";"10:56:11";2018;2;"Eleição Ordinária";1;297;"ELEIÇÕES GERAIS ESTADUAIS 2018";"07/10/2018";"E";"RO";"RO";"RONDÔNIA";175;"OURO PRETO DO OESTE";13;5;"Senador";220000609853;255;"MARCOS ROGÉRIO DA SILVA BRITO";"MARCOS ROGÉRIO";"#NULO#";12;"APTO";2;"DEFERIDO";-3;"#NE";-3;"#NE";-3;"#NE";"COLIGAÇÃO";25;"DEM";"Democratas";-1;"#NULO#";"#NULO#";"#NULO#";220000050260;"RONDÔNIA, ESPERANÇA DE UM NOVO TEMPO";"PSDB / DEM / PSD / PRB / PATRI";"N";4992;"Válido";4992;1;"ELEITO"
"13/11/2024";"10:56:11";2018;2;"Eleição Ordinária";1;297;"ELEIÇÕES GERAIS ESTADUAIS 2018";"07/10/2018";"E";"RO";"RO";"RONDÔNIA";663;"MONTE NEGRO";25;5;"Senador";220000609853;255;"MARCOS ROGÉRIO DA SILVA BRITO";"MARCOS ROGÉRIO";"#NULO#";12;"APTO";2;"DEFERIDO";-3;"#NE";-3;"#NE";-3;"#NE";"COLIGAÇÃO";25;"DEM";"Democratas";-1;"#NULO#";"#NULO#";"#NULO#";220000050260;"RONDÔNIA, ESPERANÇA DE UM NOVO TEMPO";"PSDB / DEM / PSD / PRB / PATRI";"N";3911;"Válido";3911;1;"ELEITO"
"13/11/2024";"10:56:11";2018;2;"Eleição Ordinária";1;297;"ELEIÇÕES GERAIS ESTADUAIS 2018";"07/10/2018";"E";"RO";"RO";"RONDÔNIA";590;"THEOBROMA";27;5;"Senador";220000609853;255;"MARCOS ROGÉRIO DA SILVA BRITO";"MARCOS ROGÉRIO";"#NULO#";12;"APTO";2;"DEFERIDO";-3;"#NE";-3;"#NE";-3;"#NE";"COLIGAÇÃO";25;"DEM";"Democratas";-1;"#NULO#";"#NULO#";"#NULO#";220000050260;"RONDÔNIA, ESPERANÇA DE UM NOVO TEMPO";"PSDB / DEM / PSD / PRB / PATRI";"N";2859;"Válido";2859;1;"ELEITO"
"13/11/2024";"10:56:11";2018;2;"Eleição Ordinária";1;297;"ELEIÇÕES GERAIS ESTADUAIS 2018";"07/10/2018";"E";"RO";"RO";"RONDÔNIA";337;"ALVORADA DO OESTE";18;5;"Senador";220000609853;255;"MARCOS ROGÉRIO DA SILVA BRITO";"MARCOS ROGÉRIO";"#NULO#";12;"APTO";2;"DEFERIDO";-3;"#NE";-3;"#NE";-3;"#NE";"COLIGAÇÃO";25;"DEM";"Democratas";-1;"#NULO#";"#NULO#";"#NULO#";220000050260;"RONDÔNIA, ESPERANÇA DE UM NOVO TEMPO";"PSDB / DEM / PSD / PRB / PATRI";"N";3434;"Válido";3434;1;"ELEITO"
"13/11/2024";"10:56:11";2018;2;"Eleição Ordinária";1;297;"ELEIÇÕES GERAIS ESTADUAIS 2018";"07/10/2018";"E";"RO";"RO";"RONDÔNIA";256;"ESPIGÃO DO OESTE";12;5;"Senador";220000609853;255;"MARCOS ROGÉRIO DA SILVA BRITO";"MARCOS ROGÉRIO";"#NULO#";12;"APTO";2;"DEFERIDO";-3;"#NE";-3;"#NE";-3;"#NE";"COLIGAÇÃO";25;"DEM";"Democratas";-1;"#NULO#";"#NULO#";"#NULO#";220000050260;"RONDÔNIA, ESPERANÇA DE UM NOVO TEMPO";"PSDB / DEM / PSD / PRB / PATRI";"N";7107;"Válido";7107;1;"ELEITO"
"13/11/2024";"10:56:11";2018;2;"Eleição Ordinária";1;297;"ELEIÇÕES GERAIS ESTADUAIS 2018";"07/10/2018";"E";"RO";"RO";"RONDÔNIA";353;"SANTA LUZIA D OESTE";19;5;"Senador";220000609853;255;"MARCOS ROGÉRIO DA SILVA BRITO";"MARCOS ROGÉRIO";"#NULO#";12;"APTO";2;"DEFERIDO";-3;"#NE";-3;"#NE";-3;"#NE";"COLIGAÇÃO";25;"DEM";"Democratas";-1;"#NULO#";"#NULO#";"#NULO#";220000050260;"RONDÔNIA, ESPERANÇA DE UM NOVO TEMPO";"PSDB / DEM / PSD / PRB / PATRI";"N";2005;"Válido";2005;1;"ELEITO"
"13/11/2024";"10:56:11";2018;2;"Eleição Ordinária";1;297;"ELEIÇÕES GERAIS ESTADUAIS 2018";"07/10/2018";"E";"RO";"RO";"RONDÔNIA";191;"PRESIDENTE MÉDICI";3;5;"Senador";220000609853;255;"MARCOS ROGÉRIO DA SILVA BRITO";"MARCOS ROGÉRIO";"#NULO#";12;"APTO";2;"DEFERIDO";-3;"#NE";-3;"#NE";-3;"#NE";"COLIGAÇÃO";25;"DEM";"Democratas";-1;"#NULO#";"#NULO#";"#NULO#";220000050260;"RONDÔNIA, ESPERANÇA DE UM NOVO TEMPO";"PSDB / DEM / PSD / PRB / PATRI";"N";4162;"Válido";4162;1;"ELEITO"
"13/11/2024";"10:56:11";2018;2;"Eleição Ordinária";1;297;"ELEIÇÕES GERAIS ESTADUAIS 2018";"07/10/2018";"E";"RO";"RO";"RONDÔNIA";299;"ROLIM DE MOURA";29;5;"Senador";220000609853;255;"MARCOS ROGÉRIO DA SILVA BRITO";"MARCOS ROGÉRIO";"#NULO#";12;"APTO";2;"DEFERIDO";-3;"#NE";-3;"#NE";-3;"#NE";"COLIGAÇÃO";25;"DEM";"Democratas";-1;"#NULO#";"#NULO#";"#NULO#";220000050260;"RONDÔNIA, ESPERANÇA DE UM NOVO TEMPO";"PSDB / DEM / PSD / PRB / PATRI";"N";11492;"Válido";11492;1;"ELEITO"
"13/11/2024";"10:56:11";2018;2;"Eleição Ordinária";2;298;"ELEIÇÕES GERAIS ESTADUAIS 2018";"28/10/2018";"E";"RO";"RO";"RONDÔNIA";230;"COLORADO DO OESTE";8;3;"Governador";220000625838;17;"MARCOS JOSE ROCHA DOS SANTOS";"CORONEL MARCOS ROCHA";"#NULO#";12;"APTO";2;"DEFERIDO";-3;"#NE";-3;"#NE";-3;"#NE";"PARTIDO ISOLADO";17;"PSL";"Partido Social Liberal";-1;"#NULO#";"#NULO#";"#NULO#";220000050702;"PARTIDO ISOLADO";"PSL";"N";5976;"Válido";5976;1;"ELEITO"
"13/11/2024";"10:56:11";2018;2;"Eleição Ordinária";2;298;"ELEIÇÕES GERAIS ESTADUAIS 2018";"28/10/2018";"E";"RO";"RO";"RONDÔNIA";159;"JARU";10;3;"Governador";220000625838;17;"MARCOS JOSE ROCHA DOS SANTOS";"CORONEL MARCOS ROCHA";"#NULO#";12;"APTO";2;"DEFERIDO";-3;"#NE";-3;"#NE";-3;"#NE";"PARTIDO ISOLADO";17;"PSL";"Partido Social Liberal";-1;"#NULO#";"#NULO#";"#NULO#";220000050702;"PARTIDO ISOLADO";"PSL";"N";17372;"Válido";17372;1;"ELEITO"
"13/11/2024";"10:56:11";2018;2;"Eleição Ordinária";2;298;"ELEIÇÕES GERAIS ESTADUAIS 2018";"28/10/2018";"E";"RO";"RO";"RONDÔNIA";78;"ARIQUEMES";7;3;"Governador";220000625838;17;"MARCOS JOSE ROCHA DOS SANTOS";"CORONEL MARCOS ROCHA";"#NULO#";12;"APTO";2;"DEFERIDO";-3;"#NE";-3;"#NE";-3;"#NE";"PARTIDO ISOLADO";17;"PSL";"Partido Social Liberal";-1;"#NULO#";"#NULO#";"#NULO#";220000050702;"PARTIDO ISOLADO";"PSL";"N";33208;"Válido";33208;1;"ELEITO"
"13/11/2024";"10:56:11";2018;2;"Eleição Ordinária";2;298;"ELEIÇÕES GERAIS ESTADUAIS 2018";"28/10/2018";"E";"RO";"RO";"RONDÔNIA";132;"VILHENA";4;3;"Governador";220000625838;17;"MARCOS JOSE ROCHA DOS SANTOS";"CORONEL MARCOS ROCHA";"#NULO#";12;"APTO";2;"DEFERIDO";-3;"#NE";-3;"#NE";-3;"#NE";"PARTIDO ISOLADO";17;"PSL";"Partido Social Liberal";-1;"#NULO#";"#NULO#";"#NULO#";220000050702;"PARTIDO ISOLADO";"PSL";"N";31720;"Válido";31720;1;"ELEITO"
"13/11/2024";"10:56:11";2018;2;"Eleição Ordinária";2;298;"ELEIÇÕES GERAIS ESTADUAIS 2018";"28/10/2018";"E";"RO";"RO";"RONDÔNIA";710;"SÃO FELIPE D OESTE";19;3;"Governador";220000625838;17;"MARCOS JOSE ROCHA DOS SANTOS";"CORONEL MARCOS ROCHA";"#NULO#";12;"APTO";2;"DEFERIDO";-3;"#NE";-3;"#NE";-3;"#NE";"PARTIDO ISOLADO";17;"PSL";"Partido Social Liberal";-1;"#NULO#";"#NULO#";"#NULO#";220000050702;"PARTIDO ISOLADO";"PSL";"N";1935;"Válido";1935;1;"ELEITO"
"13/11/2024";"10:56:11";2018;2;"Eleição Ordinária";2;298;"ELEIÇÕES GERAIS ESTADUAIS 2018";"28/10/2018";"E";"RO";"RO";"RONDÔNIA";35;"PORTO VELHO";6;3;"Governador";220000625838;17;"MARCOS JOSE ROCHA DOS SANTOS";"CORONEL MARCOS ROCHA";"#NULO#";12;"APTO";2;"DEFERIDO";-3;"#NE";-3;"#NE";-3;"#NE";"PARTIDO ISOLADO";17;"PSL";"Partido Social Liberal";-1;"#NULO#";"#NULO#";"#NULO#";220000050702;"PARTIDO ISOLADO";"PSL";"N";37357;"Válido";37357;1;"ELEITO"
"13/11/2024";"10:56:11";2018;2;"Eleição Ordinária";2;298;"ELEIÇÕES GERAIS ESTADUAIS 2018";"28/10/2018";"E";"RO";"RO";"RONDÔNIA";35;"PORTO VELHO";20;3;"Governador";220000625838;17;"MARCOS JOSE ROCHA DOS SANTOS";"CORONEL MARCOS ROCHA";"#NULO#";12;"APTO";2;"DEFERIDO";-3;"#NE";-3;"#NE";-3;"#NE";"PARTIDO ISOLADO";17;"PSL";"Partido Social Liberal";-1;"#NULO#";"#NULO#";"#NULO#";220000050702;"PARTIDO ISOLADO";"PSL";"N";42400;"Válido";42400;1;"ELEITO"
"13/11/2024";"10:56:11";2018;2;"Eleição Ordinária";2;298;"ELEIÇÕES GERAIS ESTADUAIS 2018";"28/10/2018";"E";"RO";"RO";"RONDÔNIA";35;"PORTO VELHO";2;3;"Governador";220000625838;17;"MARCOS JOSE ROCHA DOS SANTOS";"CORONEL MARCOS ROCHA";"#NULO#";12;"APTO";2;"DEFERIDO";-3;"#NE";-3;"#NE";-3;"#NE";"PARTIDO ISOLADO";17;"PSL";"Partido Social Liberal";-1;"#NULO#";"#NULO#";"#NULO#";220000050702;"PARTIDO ISOLADO";"PSL";"N";48645;"Válido";48645;1;"ELEITO"
"13/11/2024";"10:56:11";2018;2;"Eleição Ordinária";2;298;"ELEIÇÕES GERAIS ESTADUAIS 2018";"28/10/2018";"E";"RO";"RO";"RONDÔNIA";35;"PORTO VELHO";21;3;"Governador";220000625838;17;"MARCOS JOSE ROCHA DOS SANTOS";"CORONEL MARCOS ROCHA";"#NULO#";12;"APTO";2;"DEFERIDO";-3;"#NE";-3;"#NE";-3;"#NE";"PARTIDO ISOLADO";17;"PSL";"Partido Social Liberal";-1;"#NULO#";"#NULO#";"#NULO#";220000050702;"PARTIDO ISOLADO";"PSL";"N";26646;"Válido";26646;1;"ELEITO"
"13/11/2024";"10:56:11";2018;2;"Eleição Ordinária";2;298;"ELEIÇÕES GERAIS ESTADUAIS 2018";"28/10/2018";"E";"RO";"RO";"RONDÔNIA";736;"ALTO ALEGRE DOS PARECIS";19;3;"Governador";220000625838;17;"MARCOS JOSE ROCHA DOS SANTOS";"CORONEL MARCOS ROCHA";"#NULO#";12;"APTO";2;"DEFERIDO";-3;"#NE";-3;"#NE";-3;"#NE";"PARTIDO ISOLADO";17;"PSL";"Partido Social Liberal";-1;"#NULO#";"#NULO#";"#NULO#";220000050702;"PARTIDO ISOLADO";"PSL";"N";3052;"Válido";3052;1;"ELEITO"
"13/11/2024";"10:56:11";2018;2;"Eleição Ordinária";2;298;"ELEIÇÕES GERAIS ESTADUAIS 2018";"28/10/2018";"E";"RO";"RO";"RONDÔNIA";370;"NOVA BRASILÂNDIA D OESTE";15;3;"Governador";220000625838;17;"MARCOS JOSE ROCHA DOS SANTOS";"CORONEL MARCOS ROCHA";"#NULO#";12;"APTO";2;"DEFERIDO";-3;"#NE";-3;"#NE";-3;"#NE";"PARTIDO ISOLADO";17;"PSL";"Partido Social Liberal";-1;"#NULO#";"#NULO#";"#NULO#";220000050702;"PARTIDO ISOLADO";"PSL";"N";5434;"Válido";5434;1;"ELEITO"
"13/11/2024";"10:56:11";2018;2;"Eleição Ordinária";1;297;"ELEIÇÕES GERAIS ESTADUAIS 2018";"07/10/2018";"E";"RO";"RO";"RONDÔNIA";680;"CUJUBIM";26;5;"Senador";220000609854;100;"EDESIO FERNANDES DA SILVA";"PASTOR EDÉSIO FERNANDES";"#NULO#";12;"APTO";2;"DEFERIDO";-3;"#NE";-3;"#NE";-3;"#NE";"COLIGAÇÃO";10;"PRB";"Partido Republicano Brasileiro";-1;"#NULO#";"#NULO#";"#NULO#";220000050260;"RONDÔNIA, ESPERANÇA DE UM NOVO TEMPO";"PSDB / DEM / PSD / PRB / PATRI";"N";275;"Válido";275;4;"NÃO ELEITO"
"13/11/2024";"10:56:11";2018;2;"Eleição Ordinária";1;297;"ELEIÇÕES GERAIS ESTADUAIS 2018";"07/10/2018";"E";"RO";"RO";"RONDÔNIA";701;"PARECIS";19;5;"Senador";220000609854;100;"EDESIO FERNANDES DA SILVA";"PASTOR EDÉSIO FERNANDES";"#NULO#";12;"APTO";2;"DEFERIDO";-3;"#NE";-3;"#NE";-3;"#NE";"COLIGAÇÃO";10;"PRB";"Partido Republicano Brasileiro";-1;"#NULO#";"#NULO#";"#NULO#";220000050260;"RONDÔNIA, ESPERANÇA DE UM NOVO TEMPO";"PSDB / DEM / PSD / PRB / PATRI";"N";61;"Válido";61;4;"NÃO ELEITO"
"13/11/2024";"10:56:11";2018;2;"Eleição Ordinária";1;297;"ELEIÇÕES GERAIS ESTADUAIS 2018";"07/10/2018";"E";"RO";"RO";"RONDÔNIA";655;"CORUMBIARA";16;5;"Senador";220000609854;100;"EDESIO FERNANDES DA SILVA";"PASTOR EDÉSIO FERNANDES";"#NULO#";12;"APTO";2;"DEFERIDO";-3;"#NE";-3;"#NE";-3;"#NE";"COLIGAÇÃO";10;"PRB";"Partido Republicano Brasileiro";-1;"#NULO#";"#NULO#";"#NULO#";220000050260;"RONDÔNIA, ESPERANÇA DE UM NOVO TEMPO";"PSDB / DEM / PSD / PRB / PATRI";"N";223;"Válido";223;4;"NÃO ELEITO"
"13/11/2024";"10:56:11";2018;2;"Eleição Ordinária";1;297;"ELEIÇÕES GERAIS ESTADUAIS 2018";"07/10/2018";"E";"RO";"RO";"RONDÔNIA";116;"PIMENTA BUENO";9;5;"Senador";220000609854;100;"EDESIO FERNANDES DA SILVA";"PASTOR EDÉSIO FERNANDES";"#NULO#";12;"APTO";2;"DEFERIDO";-3;"#NE";-3;"#NE";-3;"#NE";"COLIGAÇÃO";10;"PRB";"Partido Republicano Brasileiro";-1;"#NULO#";"#NULO#";"#NULO#";220000050260;"RONDÔNIA, ESPERANÇA DE UM NOVO TEMPO";"PSDB / DEM / PSD / PRB / PATRI";"N";446;"Válido";446;4;"NÃO ELEITO"
"13/11/2024";"10:56:11";2018;2;"Eleição Ordinária";1;297;"ELEIÇÕES GERAIS ESTADUAIS 2018";"07/10/2018";"E";"RO";"RO";"RONDÔNIA";94;"CACOAL";11;5;"Senador";220000609854;100;"EDESIO FERNANDES DA SILVA";"PASTOR EDÉSIO FERNANDES";"#NULO#";12;"APTO";2;"DEFERIDO";-3;"#NE";-3;"#NE";-3;"#NE";"COLIGAÇÃO";10;"PRB";"Partido Republicano Brasileiro";-1;"#NULO#";"#NULO#";"#NULO#";220000050260;"RONDÔNIA, ESPERANÇA DE UM NOVO TEMPO";"PSDB / DEM / PSD / PRB / PATRI";"N";1306;"Válido";1306;4;"NÃO ELEITO"
"13/11/2024";"10:56:11";2018;2;"Eleição Ordinária";1;297;"ELEIÇÕES GERAIS ESTADUAIS 2018";"07/10/2018";"E";"RO";"RO";"RONDÔNIA";515;"NOVO HORIZONTE DO OESTE";15;5;"Senador";220000609854;100;"EDESIO FERNANDES DA SILVA";"PASTOR EDÉSIO FERNANDES";"#NULO#";12;"APTO";2;"DEFERIDO";-3;"#NE";-3;"#NE";-3;"#NE";"COLIGAÇÃO";10;"PRB";"Partido Republicano Brasileiro";-1;"#NULO#";"#NULO#";"#NULO#";220000050260;"RONDÔNIA, ESPERANÇA DE UM NOVO TEMPO";"PSDB / DEM / PSD / PRB / PATRI";"N";292;"Válido";292;4;"NÃO ELEITO"
"13/11/2024";"10:56:11";2018;2;"Eleição Ordinária";2;298;"ELEIÇÕES GERAIS ESTADUAIS 2018";"28/10/2018";"E";"RO";"RO";"RONDÔNIA";620;"CACAULÂNDIA";26;3;"Governador";220000625838;17;"MARCOS JOSE ROCHA DOS SANTOS";"CORONEL MARCOS ROCHA";"#NULO#";12;"APTO";2;"DEFERIDO";-3;"#NE";-3;"#NE";-3;"#NE";"PARTIDO ISOLADO";17;"PSL";"Partido Social Liberal";-1;"#NULO#";"#NULO#";"#NULO#";220000050702;"PARTIDO ISOLADO";"PSL";"N";1792;"Válido";1792;1;"ELEITO"
"13/11/2024";"10:56:11";2018;2;"Eleição Ordinária";2;298;"ELEIÇÕES GERAIS ESTADUAIS 2018";"28/10/2018";"E";"RO";"RO";"RONDÔNIA";477;"CANDEIAS DO JAMARI";21;3;"Governador";220000625838;17;"MARCOS JOSE ROCHA DOS SANTOS";"CORONEL MARCOS ROCHA";"#NULO#";12;"APTO";2;"DEFERIDO";-3;"#NE";-3;"#NE";-3;"#NE";"PARTIDO ISOLADO";17;"PSL";"Partido Social Liberal";-1;"#NULO#";"#NULO#";"#NULO#";220000050702;"PARTIDO ISOLADO";"PSL";"N";6657;"Válido";6657;1;"ELEITO"
"13/11/2024";"10:56:11";2018;2;"Eleição Ordinária";2;298;"ELEIÇÕES GERAIS ESTADUAIS 2018";"28/10/2018";"E";"RO";"RO";"RONDÔNIA";647;"RIO CRESPO";26;3;"Governador";220000625838;17;"MARCOS JOSE ROCHA DOS SANTOS";"CORONEL MARCOS ROCHA";"#NULO#";12;"APTO";2;"DEFERIDO";-3;"#NE";-3;"#NE";-3;"#NE";"PARTIDO ISOLADO";17;"PSL";"Partido Social Liberal";-1;"#NULO#";"#NULO#";"#NULO#";220000050702;"PARTIDO ISOLADO";"PSL";"N";1289;"Válido";1289;1;"ELEITO"
"13/11/2024";"10:56:11";2018;2;"Eleição Ordinária";2;298;"ELEIÇÕES GERAIS ESTADUAIS 2018";"28/10/2018";"E";"RO";"RO";"RONDÔNIA";639;"ALTO PARAÍSO";25;3;"Governador";220000625838;17;"MARCOS JOSE ROCHA DOS SANTOS";"CORONEL MARCOS ROCHA";"#NULO#";12;"APTO";2;"DEFERIDO";-3;"#NE";-3;"#NE";-3;"#NE";"PARTIDO ISOLADO";17;"PSL";"Partido Social Liberal";-1;"#NULO#";"#NULO#";"#NULO#";220000050702;"PARTIDO ISOLADO";"PSL";"N";5114;"Válido";5114;1;"ELEITO"
"13/11/2024";"10:56:11";2018;2;"Eleição Ordinária";2;298;"ELEIÇÕES GERAIS ESTADUAIS 2018";"28/10/2018";"E";"RO";"RO";"RONDÔNIA";612;"GOVERNADOR JORGE TEIXEIRA";27;3;"Governador";220000625838;17;"MARCOS JOSE ROCHA DOS SANTOS";"CORONEL MARCOS ROCHA";"#NULO#";12;"APTO";2;"DEFERIDO";-3;"#NE";-3;"#NE";-3;"#NE";"PARTIDO ISOLADO";17;"PSL";"Partido Social Liberal";-1;"#NULO#";"#NULO#";"#NULO#";220000050702;"PARTIDO ISOLADO";"PSL";"N";2741;"Válido";2741;1;"ELEITO"
"13/11/2024";"10:56:11";2018;2;"Eleição Ordinária";2;298;"ELEIÇÕES GERAIS ESTADUAIS 2018";"28/10/2018";"E";"RO";"RO";"RONDÔNIA";94;"CACOAL";11;3;"Governador";220000625838;17;"MARCOS JOSE ROCHA DOS SANTOS";"CORONEL MARCOS ROCHA";"#NULO#";12;"APTO";2;"DEFERIDO";-3;"#NE";-3;"#NE";-3;"#NE";"PARTIDO ISOLADO";17;"PSL";"Partido Social Liberal";-1;"#NULO#";"#NULO#";"#NULO#";220000050702;"PARTIDO ISOLADO";"PSL";"N";32635;"Válido";32635;1;"ELEITO"
"13/11/2024";"10:56:11";2018;2;"Eleição Ordinária";2;298;"ELEIÇÕES GERAIS ESTADUAIS 2018";"28/10/2018";"E";"RO";"RO";"RONDÔNIA";701;"PARECIS";19;3;"Governador";220000625838;17;"MARCOS JOSE ROCHA DOS SANTOS";"CORONEL MARCOS ROCHA";"#NULO#";12;"APTO";2;"DEFERIDO";-3;"#NE";-3;"#NE";-3;"#NE";"PARTIDO ISOLADO";17;"PSL";"Partido Social Liberal";-1;"#NULO#";"#NULO#";"#NULO#";220000050702;"PARTIDO ISOLADO";"PSL";"N";1138;"Válido";1138;1;"ELEITO"
"13/11/2024";"10:56:11";2018;2;"Eleição Ordinária";2;298;"ELEIÇÕES GERAIS ESTADUAIS 2018";"28/10/2018";"E";"RO";"RO";"RONDÔNIA";515;"NOVO HORIZONTE DO OESTE";15;3;"Governador";220000625838;17;"MARCOS JOSE ROCHA DOS SANTOS";"CORONEL MARCOS ROCHA";"#NULO#";12;"APTO";2;"DEFERIDO";-3;"#NE";-3;"#NE";-3;"#NE";"PARTIDO ISOLADO";17;"PSL";"Partido Social Liberal";-1;"#NULO#";"#NULO#";"#NULO#";220000050702;"PARTIDO ISOLADO";"PSL";"N";2280;"Válido";2280;1;"ELEITO"
"13/11/2024";"10:56:11";2018;2;"Eleição Ordinária";2;298;"ELEIÇÕES GERAIS ESTADUAIS 2018";"28/10/2018";"E";"RO";"RO";"RONDÔNIA";655;"CORUMBIARA";16;3;"Governador";220000625838;17;"MARCOS JOSE ROCHA DOS SANTOS";"CORONEL MARCOS ROCHA";"#NULO#";12;"APTO";2;"DEFERIDO";-3;"#NE";-3;"#NE";-3;"#NE";"PARTIDO ISOLADO";17;"PSL";"Partido Social Liberal";-1;"#NULO#";"#NULO#";"#NULO#";220000050702;"PARTIDO ISOLADO";"PSL";"N";2185;"Válido";2185;1;"ELEITO"
"13/11/2024";"10:56:11";2018;2;"Eleição Ordinária";2;298;"ELEIÇÕES GERAIS ESTADUAIS 2018";"28/10/2018";"E";"RO";"RO";"RONDÔNIA";680;"CUJUBIM";26;3;"Governador";220000625838;17;"MARCOS JOSE ROCHA DOS SANTOS";"CORONEL MARCOS ROCHA";"#NULO#";12;"APTO";2;"DEFERIDO";-3;"#NE";-3;"#NE";-3;"#NE";"PARTIDO ISOLADO";17;"PSL";"Partido Social Liberal";-1;"#NULO#";"#NULO#";"#NULO#";220000050702;"PARTIDO ISOLADO";"PSL";"N";4072;"Válido";4072;1;"ELEITO"
"13/11/2024";"10:56:11";2018;2;"Eleição Ordinária";2;298;"ELEIÇÕES GERAIS ESTADUAIS 2018";"28/10/2018";"E";"RO";"RO";"RONDÔNIA";116;"PIMENTA BUENO";9;3;"Governador";220000625838;17;"MARCOS JOSE ROCHA DOS SANTOS";"CORONEL MARCOS ROCHA";"#NULO#";12;"APTO";2;"DEFERIDO";-3;"#NE";-3;"#NE";-3;"#NE";"PARTIDO ISOLADO";17;"PSL";"Partido Social Liberal";-1;"#NULO#";"#NULO#";"#NULO#";220000050702;"PARTIDO ISOLADO";"PSL";"N";13809;"Válido";13809;1;"ELEITO"
"13/11/2024";"10:56:11";2018;2;"Eleição Ordinária";2;298;"ELEIÇÕES GERAIS ESTADUAIS 2018";"28/10/2018";"E";"RO";"RO";"RONDÔNIA";787;"PIMENTEIRAS DO OESTE";16;3;"Governador";220000625838;17;"MARCOS JOSE ROCHA DOS SANTOS";"CORONEL MARCOS ROCHA";"#NULO#";12;"APTO";2;"DEFERIDO";-3;"#NE";-3;"#NE";-3;"#NE";"PARTIDO ISOLADO";17;"PSL";"Partido Social Liberal";-1;"#NULO#";"#NULO#";"#NULO#";220000050702;"PARTIDO ISOLADO";"PSL";"N";664;"Válido";664;1;"ELEITO"
"13/11/2024";"10:56:11";2018;2;"Eleição Ordinária";2;298;"ELEIÇÕES GERAIS ESTADUAIS 2018";"28/10/2018";"E";"RO";"RO";"RONDÔNIA";744;"NOVA UNIÃO";28;3;"Governador";220000625838;17;"MARCOS JOSE ROCHA DOS SANTOS";"CORONEL MARCOS ROCHA";"#NULO#";12;"APTO";2;"DEFERIDO";-3;"#NE";-3;"#NE";-3;"#NE";"PARTIDO ISOLADO";17;"PSL";"Partido Social Liberal";-1;"#NULO#";"#NULO#";"#NULO#";220000050702;"PARTIDO ISOLADO";"PSL";"N";1776;"Válido";1776;1;"ELEITO"
"13/11/2024";"10:56:11";2018;2;"Eleição Ordinária";2;298;"ELEIÇÕES GERAIS ESTADUAIS 2018";"28/10/2018";"E";"RO";"RO";"RONDÔNIA";450;"CABIXI";8;3;"Governador";220000625838;17;"MARCOS JOSE ROCHA DOS SANTOS";"CORONEL MARCOS ROCHA";"#NULO#";12;"APTO";2;"DEFERIDO";-3;"#NE";-3;"#NE";-3;"#NE";"PARTIDO ISOLADO";17;"PSL";"Partido Social Liberal";-1;"#NULO#";"#NULO#";"#NULO#";220000050702;"PARTIDO ISOLADO";"PSL";"N";1848;"Válido";1848;1;"ELEITO"
"13/11/2024";"10:56:11";2018;2;"Eleição Ordinária";2;298;"ELEIÇÕES GERAIS ESTADUAIS 2018";"28/10/2018";"E";"RO";"RO";"RONDÔNIA";51;"JI-PARANÁ";30;3;"Governador";220000625838;17;"MARCOS JOSE ROCHA DOS SANTOS";"CORONEL MARCOS ROCHA";"#NULO#";12;"APTO";2;"DEFERIDO";-3;"#NE";-3;"#NE";-3;"#NE";"PARTIDO ISOLADO";17;"PSL";"Partido Social Liberal";-1;"#NULO#";"#NULO#";"#NULO#";220000050702;"PARTIDO ISOLADO";"PSL";"N";29116;"Válido";29116;1;"ELEITO"
"13/11/2024";"10:56:11";2018;2;"Eleição Ordinária";2;298;"ELEIÇÕES GERAIS ESTADUAIS 2018";"28/10/2018";"E";"RO";"RO";"RONDÔNIA";752;"TEIXEIRÓPOLIS";13;3;"Governador";220000625838;17;"MARCOS JOSE ROCHA DOS SANTOS";"CORONEL MARCOS ROCHA";"#NULO#";12;"APTO";2;"DEFERIDO";-3;"#NE";-3;"#NE";-3;"#NE";"PARTIDO ISOLADO";17;"PSL";"Partido Social Liberal";-1;"#NULO#";"#NULO#";"#NULO#";220000050702;"PARTIDO ISOLADO";"PSL";"N";1665;"Válido";1665;1;"ELEITO"
"13/11/2024";"10:56:11";2018;2;"Eleição Ordinária";2;298;"ELEIÇÕES GERAIS ESTADUAIS 2018";"28/10/2018";"E";"RO";"RO";"RONDÔNIA";272;"CEREJEIRAS";16;3;"Governador";220000625838;17;"MARCOS JOSE ROCHA DOS SANTOS";"CORONEL MARCOS ROCHA";"#NULO#";12;"APTO";2;"DEFERIDO";-3;"#NE";-3;"#NE";-3;"#NE";"PARTIDO ISOLADO";17;"PSL";"Partido Social Liberal";-1;"#NULO#";"#NULO#";"#NULO#";220000050702;"PARTIDO ISOLADO";"PSL";"N";6973;"Válido";6973;1;"ELEITO"
"13/11/2024";"10:56:11";2018;2;"Eleição Ordinária";2;298;"ELEIÇÕES GERAIS ESTADUAIS 2018";"28/10/2018";"E";"RO";"RO";"RONDÔNIA";51;"JI-PARANÁ";3;3;"Governador";220000625838;17;"MARCOS JOSE ROCHA DOS SANTOS";"CORONEL MARCOS ROCHA";"#NULO#";12;"APTO";2;"DEFERIDO";-3;"#NE";-3;"#NE";-3;"#NE";"PARTIDO ISOLADO";17;"PSL";"Partido Social Liberal";-1;"#NULO#";"#NULO#";"#NULO#";220000050702;"PARTIDO ISOLADO";"PSL";"N";13282;"Válido";13282;1;"ELEITO"
"13/11/2024";"10:56:11";2018;2;"Eleição Ordinária";2;298;"ELEIÇÕES GERAIS ESTADUAIS 2018";"28/10/2018";"E";"RO";"RO";"RONDÔNIA";434;"NOVA MAMORÉ";1;3;"Governador";220000625838;17;"MARCOS JOSE ROCHA DOS SANTOS";"CORONEL MARCOS ROCHA";"#NULO#";12;"APTO";2;"DEFERIDO";-3;"#NE";-3;"#NE";-3;"#NE";"PARTIDO ISOLADO";17;"PSL";"Partido Social Liberal";-1;"#NULO#";"#NULO#";"#NULO#";220000050702;"PARTIDO ISOLADO";"PSL";"N";7654;"Válido";7654;1;"ELEITO"
"13/11/2024";"10:56:11";2018;2;"Eleição Ordinária";2;298;"ELEIÇÕES GERAIS ESTADUAIS 2018";"28/10/2018";"E";"RO";"RO";"RONDÔNIA";418;"SÃO MIGUEL DO GUAPORÉ";35;3;"Governador";220000625838;17;"MARCOS JOSE ROCHA DOS SANTOS";"CORONEL MARCOS ROCHA";"#NULO#";12;"APTO";2;"DEFERIDO";-3;"#NE";-3;"#NE";-3;"#NE";"PARTIDO ISOLADO";17;"PSL";"Partido Social Liberal";-1;"#NULO#";"#NULO#";"#NULO#";220000050702;"PARTIDO ISOLADO";"PSL";"N";6996;"Válido";6996;1;"ELEITO"
"13/11/2024";"10:56:11";2018;2;"Eleição Ordinária";2;298;"ELEIÇÕES GERAIS ESTADUAIS 2018";"28/10/2018";"E";"RO";"RO";"RONDÔNIA";582;"SERINGUEIRAS";35;3;"Governador";220000625838;17;"MARCOS JOSE ROCHA DOS SANTOS";"CORONEL MARCOS ROCHA";"#NULO#";12;"APTO";2;"DEFERIDO";-3;"#NE";-3;"#NE";-3;"#NE";"PARTIDO ISOLADO";17;"PSL";"Partido Social Liberal";-1;"#NULO#";"#NULO#";"#NULO#";220000050702;"PARTIDO ISOLADO";"PSL";"N";3560;"Válido";3560;1;"ELEITO"
"13/11/2024";"10:56:11";2018;2;"Eleição Ordinária";2;298;"ELEIÇÕES GERAIS ESTADUAIS 2018";"28/10/2018";"E";"RO";"RO";"RONDÔNIA";493;"ITAPUÃ DO OESTE";2;3;"Governador";220000625838;17;"MARCOS JOSE ROCHA DOS SANTOS";"CORONEL MARCOS ROCHA";"#NULO#";12;"APTO";2;"DEFERIDO";-3;"#NE";-3;"#NE";-3;"#NE";"PARTIDO ISOLADO";17;"PSL";"Partido Social Liberal";-1;"#NULO#";"#NULO#";"#NULO#";220000050702;"PARTIDO ISOLADO";"PSL";"N";2359;"Válido";2359;1;"ELEITO"
"13/11/2024";"10:56:11";2018;2;"Eleição Ordinária";2;298;"ELEIÇÕES GERAIS ESTADUAIS 2018";"28/10/2018";"E";"RO";"RO";"RONDÔNIA";574;"MIRANTE DA SERRA";28;3;"Governador";220000625838;17;"MARCOS JOSE ROCHA DOS SANTOS";"CORONEL MARCOS ROCHA";"#NULO#";12;"APTO";2;"DEFERIDO";-3;"#NE";-3;"#NE";-3;"#NE";"PARTIDO ISOLADO";17;"PSL";"Partido Social Liberal";-1;"#NULO#";"#NULO#";"#NULO#";220000050702;"PARTIDO ISOLADO";"PSL";"N";3218;"Válido";3218;1;"ELEITO"
"13/11/2024";"10:56:11";2018;2;"Eleição Ordinária";2;298;"ELEIÇÕES GERAIS ESTADUAIS 2018";"28/10/2018";"E";"RO";"RO";"RONDÔNIA";779;"BURITIS";34;3;"Governador";220000625838;17;"MARCOS JOSE ROCHA DOS SANTOS";"CORONEL MARCOS ROCHA";"#NULO#";12;"APTO";2;"DEFERIDO";-3;"#NE";-3;"#NE";-3;"#NE";"PARTIDO ISOLADO";17;"PSL";"Partido Social Liberal";-1;"#NULO#";"#NULO#";"#NULO#";220000050702;"PARTIDO ISOLADO";"PSL";"N";10398;"Válido";10398;1;"ELEITO"
"13/11/2024";"10:56:11";2018;2;"Eleição Ordinária";2;298;"ELEIÇÕES GERAIS ESTADUAIS 2018";"28/10/2018";"E";"RO";"RO";"RONDÔNIA";671;"CAMPO NOVO DE RONDÔNIA";34;3;"Governador";220000625838;17;"MARCOS JOSE ROCHA DOS SANTOS";"CORONEL MARCOS ROCHA";"#NULO#";12;"APTO";2;"DEFERIDO";-3;"#NE";-3;"#NE";-3;"#NE";"PARTIDO ISOLADO";17;"PSL";"Partido Social Liberal";-1;"#NULO#";"#NULO#";"#NULO#";220000050702;"PARTIDO ISOLADO";"PSL";"N";2945;"Válido";2945;1;"ELEITO"
"13/11/2024";"10:56:11";2018;2;"Eleição Ordinária";2;298;"ELEIÇÕES GERAIS ESTADUAIS 2018";"28/10/2018";"E";"RO";"RO";"RONDÔNIA";396;"MACHADINHO D OESTE";32;3;"Governador";220000625838;17;"MARCOS JOSE ROCHA DOS SANTOS";"CORONEL MARCOS ROCHA";"#NULO#";12;"APTO";2;"DEFERIDO";-3;"#NE";-3;"#NE";-3;"#NE";"PARTIDO ISOLADO";17;"PSL";"Partido Social Liberal";-1;"#NULO#";"#NULO#";"#NULO#";220000050702;"PARTIDO ISOLADO";"PSL";"N";8523;"Válido";8523;1;"ELEITO"
"13/11/2024";"10:56:11";2018;2;"Eleição Ordinária";2;298;"ELEIÇÕES GERAIS ESTADUAIS 2018";"28/10/2018";"E";"RO";"RO";"RONDÔNIA";698;"VALE DO ANARI";32;3;"Governador";220000625838;17;"MARCOS JOSE ROCHA DOS SANTOS";"CORONEL MARCOS ROCHA";"#NULO#";12;"APTO";2;"DEFERIDO";-3;"#NE";-3;"#NE";-3;"#NE";"PARTIDO ISOLADO";17;"PSL";"Partido Social Liberal";-1;"#NULO#";"#NULO#";"#NULO#";220000050702;"PARTIDO ISOLADO";"PSL";"N";2395;"Válido";2395;1;"ELEITO"
"13/11/2024";"10:56:11";2018;2;"Eleição Ordinária";2;298;"ELEIÇÕES GERAIS ESTADUAIS 2018";"28/10/2018";"E";"RO";"RO";"RONDÔNIA";531;"CASTANHEIRAS";15;3;"Governador";220000625838;17;"MARCOS JOSE ROCHA DOS SANTOS";"CORONEL MARCOS ROCHA";"#NULO#";12;"APTO";2;"DEFERIDO";-3;"#NE";-3;"#NE";-3;"#NE";"PARTIDO ISOLADO";17;"PSL";"Partido Social Liberal";-1;"#NULO#";"#NULO#";"#NULO#";220000050702;"PARTIDO ISOLADO";"PSL";"N";1076;"Válido";1076;1;"ELEITO"
"13/11/2024";"10:56:11";2018;2;"Eleição Ordinária";2;298;"ELEIÇÕES GERAIS ESTADUAIS 2018";"28/10/2018";"E";"RO";"RO";"RONDÔNIA";795;"SÃO FRANCISCO DO GUAPORÉ";5;3;"Governador";220000625838;17;"MARCOS JOSE ROCHA DOS SANTOS";"CORONEL MARCOS ROCHA";"#NULO#";12;"APTO";2;"DEFERIDO";-3;"#NE";-3;"#NE";-3;"#NE";"PARTIDO ISOLADO";17;"PSL";"Partido Social Liberal";-1;"#NULO#";"#NULO#";"#NULO#";220000050702;"PARTIDO ISOLADO";"PSL";"N";4784;"Válido";4784;1;"ELEITO"
"13/11/2024";"10:56:11";2018;2;"Eleição Ordinária";2;298;"ELEIÇÕES GERAIS ESTADUAIS 2018";"28/10/2018";"E";"RO";"RO";"RONDÔNIA";604;"MINISTRO ANDREAZZA";11;3;"Governador";220000625838;17;"MARCOS JOSE ROCHA DOS SANTOS";"CORONEL MARCOS ROCHA";"#NULO#";12;"APTO";2;"DEFERIDO";-3;"#NE";-3;"#NE";-3;"#NE";"PARTIDO ISOLADO";17;"PSL";"Partido Social Liberal";-1;"#NULO#";"#NULO#";"#NULO#";220000050702;"PARTIDO ISOLADO";"PSL";"N";2757;"Válido";2757;1;"ELEITO"
"13/11/2024";"10:56:11";2018;2;"Eleição Ordinária";2;298;"ELEIÇÕES GERAIS ESTADUAIS 2018";"28/10/2018";"E";"RO";"RO";"RONDÔNIA";809;"CHUPINGUAIA";8;3;"Governador";220000625838;17;"MARCOS JOSE ROCHA DOS SANTOS";"CORONEL MARCOS ROCHA";"#NULO#";12;"APTO";2;"DEFERIDO";-3;"#NE";-3;"#NE";-3;"#NE";"PARTIDO ISOLADO";17;"PSL";"Partido Social Liberal";-1;"#NULO#";"#NULO#";"#NULO#";220000050702;"PARTIDO ISOLADO";"PSL";"N";2566;"Válido";2566;1;"ELEITO"
"13/11/2024";"10:56:11";2018;2;"Eleição Ordinária";2;298;"ELEIÇÕES GERAIS ESTADUAIS 2018";"28/10/2018";"E";"RO";"RO";"RONDÔNIA";310;"ALTA FLORESTA D OESTE";17;3;"Governador";220000625838;17;"MARCOS JOSE ROCHA DOS SANTOS";"CORONEL MARCOS ROCHA";"#NULO#";12;"APTO";2;"DEFERIDO";-3;"#NE";-3;"#NE";-3;"#NE";"PARTIDO ISOLADO";17;"PSL";"Partido Social Liberal";-1;"#NULO#";"#NULO#";"#NULO#";220000050702;"PARTIDO ISOLADO";"PSL";"N";6838;"Válido";6838;1;"ELEITO"
"13/11/2024";"10:56:11";2018;2;"Eleição Ordinária";2;298;"ELEIÇÕES GERAIS ESTADUAIS 2018";"28/10/2018";"E";"RO";"RO";"RONDÔNIA";566;"URUPÁ";18;3;"Governador";220000625838;17;"MARCOS JOSE ROCHA DOS SANTOS";"CORONEL MARCOS ROCHA";"#NULO#";12;"APTO";2;"DEFERIDO";-3;"#NE";-3;"#NE";-3;"#NE";"PARTIDO ISOLADO";17;"PSL";"Partido Social Liberal";-1;"#NULO#";"#NULO#";"#NULO#";220000050702;"PARTIDO ISOLADO";"PSL";"N";3970;"Válido";3970;1;"ELEITO"
"13/11/2024";"10:56:11";2018;2;"Eleição Ordinária";2;298;"ELEIÇÕES GERAIS ESTADUAIS 2018";"28/10/2018";"E";"RO";"RO";"RONDÔNIA";558;"VALE DO PARAÍSO";28;3;"Governador";220000625838;17;"MARCOS JOSE ROCHA DOS SANTOS";"CORONEL MARCOS ROCHA";"#NULO#";12;"APTO";2;"DEFERIDO";-3;"#NE";-3;"#NE";-3;"#NE";"PARTIDO ISOLADO";17;"PSL";"Partido Social Liberal";-1;"#NULO#";"#NULO#";"#NULO#";220000050702;"PARTIDO ISOLADO";"PSL";"N";1966;"Válido";1966;1;"ELEITO"
"13/11/2024";"10:56:11";2018;2;"Eleição Ordinária";2;298;"ELEIÇÕES GERAIS ESTADUAIS 2018";"28/10/2018";"E";"RO";"RO";"RONDÔNIA";728;"PRIMAVERA DE RONDÔNIA";9;3;"Governador";220000625838;17;"MARCOS JOSE ROCHA DOS SANTOS";"CORONEL MARCOS ROCHA";"#NULO#";12;"APTO";2;"DEFERIDO";-3;"#NE";-3;"#NE";-3;"#NE";"PARTIDO ISOLADO";17;"PSL";"Partido Social Liberal";-1;"#NULO#";"#NULO#";"#NULO#";220000050702;"PARTIDO ISOLADO";"PSL";"N";1263;"Válido";1263;1;"ELEITO"
"13/11/2024";"10:56:11";2018;2;"Eleição Ordinária";2;298;"ELEIÇÕES GERAIS ESTADUAIS 2018";"28/10/2018";"E";"RO";"RO";"RONDÔNIA";19;"GUAJARÁ-MIRIM";1;3;"Governador";220000625838;17;"MARCOS JOSE ROCHA DOS SANTOS";"CORONEL MARCOS ROCHA";"#NULO#";12;"APTO";2;"DEFERIDO";-3;"#NE";-3;"#NE";-3;"#NE";"PARTIDO ISOLADO";17;"PSL";"Partido Social Liberal";-1;"#NULO#";"#NULO#";"#NULO#";220000050702;"PARTIDO ISOLADO";"PSL";"N";9151;"Válido";9151;1;"ELEITO"
"13/11/2024";"10:56:11";2018;2;"Eleição Ordinária";2;298;"ELEIÇÕES GERAIS ESTADUAIS 2018";"28/10/2018";"E";"RO";"RO";"RONDÔNIA";213;"COSTA MARQUES";5;3;"Governador";220000625838;17;"MARCOS JOSE ROCHA DOS SANTOS";"CORONEL MARCOS ROCHA";"#NULO#";12;"APTO";2;"DEFERIDO";-3;"#NE";-3;"#NE";-3;"#NE";"PARTIDO ISOLADO";17;"PSL";"Partido Social Liberal";-1;"#NULO#";"#NULO#";"#NULO#";220000050702;"PARTIDO ISOLADO";"PSL";"N";2770;"Válido";2770;1;"ELEITO"
"13/11/2024";"10:56:11";2018;2;"Eleição Ordinária";2;298;"ELEIÇÕES GERAIS ESTADUAIS 2018";"28/10/2018";"E";"RO";"RO";"RONDÔNIA";337;"ALVORADA DO OESTE";18;3;"Governador";220000625838;17;"MARCOS JOSE ROCHA DOS SANTOS";"CORONEL MARCOS ROCHA";"#NULO#";12;"APTO";2;"DEFERIDO";-3;"#NE";-3;"#NE";-3;"#NE";"PARTIDO ISOLADO";17;"PSL";"Partido Social Liberal";-1;"#NULO#";"#NULO#";"#NULO#";220000050702;"PARTIDO ISOLADO";"PSL";"N";4568;"Válido";4568;1;"ELEITO"
"13/11/2024";"10:56:11";2018;2;"Eleição Ordinária";2;298;"ELEIÇÕES GERAIS ESTADUAIS 2018";"28/10/2018";"E";"RO";"RO";"RONDÔNIA";191;"PRESIDENTE MÉDICI";3;3;"Governador";220000625838;17;"MARCOS JOSE ROCHA DOS SANTOS";"CORONEL MARCOS ROCHA";"#NULO#";12;"APTO";2;"DEFERIDO";-3;"#NE";-3;"#NE";-3;"#NE";"PARTIDO ISOLADO";17;"PSL";"Partido Social Liberal";-1;"#NULO#";"#NULO#";"#NULO#";220000050702;"PARTIDO ISOLADO";"PSL";"N";6848;"Válido";6848;1;"ELEITO"
"13/11/2024";"10:56:11";2018;2;"Eleição Ordinária";2;298;"ELEIÇÕES GERAIS ESTADUAIS 2018";"28/10/2018";"E";"RO";"RO";"RONDÔNIA";353;"SANTA LUZIA D OESTE";19;3;"Governador";220000625838;17;"MARCOS JOSE ROCHA DOS SANTOS";"CORONEL MARCOS ROCHA";"#NULO#";12;"APTO";2;"DEFERIDO";-3;"#NE";-3;"#NE";-3;"#NE";"PARTIDO ISOLADO";17;"PSL";"Partido Social Liberal";-1;"#NULO#";"#NULO#";"#NULO#";220000050702;"PARTIDO ISOLADO";"PSL";"N";2600;"Válido";2600;1;"ELEITO"
"13/11/2024";"10:56:11";2018;2;"Eleição Ordinária";2;298;"ELEIÇÕES GERAIS ESTADUAIS 2018";"28/10/2018";"E";"RO";"RO";"RONDÔNIA";299;"ROLIM DE MOURA";29;3;"Governador";220000625838;17;"MARCOS JOSE ROCHA DOS SANTOS";"CORONEL MARCOS ROCHA";"#NULO#";12;"APTO";2;"DEFERIDO";-3;"#NE";-3;"#NE";-3;"#NE";"PARTIDO ISOLADO";17;"PSL";"Partido Social Liberal";-1;"#NULO#";"#NULO#";"#NULO#";220000050702;"PARTIDO ISOLADO";"PSL";"N";17439;"Válido";17439;1;"ELEITO"
"13/11/2024";"10:56:11";2018;2;"Eleição Ordinária";2;298;"ELEIÇÕES GERAIS ESTADUAIS 2018";"28/10/2018";"E";"RO";"RO";"RONDÔNIA";663;"MONTE NEGRO";25;3;"Governador";220000625838;17;"MARCOS JOSE ROCHA DOS SANTOS";"CORONEL MARCOS ROCHA";"#NULO#";12;"APTO";2;"DEFERIDO";-3;"#NE";-3;"#NE";-3;"#NE";"PARTIDO ISOLADO";17;"PSL";"Partido Social Liberal";-1;"#NULO#";"#NULO#";"#NULO#";220000050702;"PARTIDO ISOLADO";"PSL";"N";4113;"Válido";4113;1;"ELEITO"
"13/11/2024";"10:56:11";2018;2;"Eleição Ordinária";2;298;"ELEIÇÕES GERAIS ESTADUAIS 2018";"28/10/2018";"E";"RO";"RO";"RONDÔNIA";590;"THEOBROMA";27;3;"Governador";220000625838;17;"MARCOS JOSE ROCHA DOS SANTOS";"CORONEL MARCOS ROCHA";"#NULO#";12;"APTO";2;"DEFERIDO";-3;"#NE";-3;"#NE";-3;"#NE";"PARTIDO ISOLADO";17;"PSL";"Partido Social Liberal";-1;"#NULO#";"#NULO#";"#NULO#";220000050702;"PARTIDO ISOLADO";"PSL";"N";2777;"Válido";2777;1;"ELEITO"
"13/11/2024";"10:56:11";2018;2;"Eleição Ordinária";2;298;"ELEIÇÕES GERAIS ESTADUAIS 2018";"28/10/2018";"E";"RO";"RO";"RONDÔNIA";256;"ESPIGÃO DO OESTE";12;3;"Governador";220000625838;17;"MARCOS JOSE ROCHA DOS SANTOS";"CORONEL MARCOS ROCHA";"#NULO#";12;"APTO";2;"DEFERIDO";-3;"#NE";-3;"#NE";-3;"#NE";"PARTIDO ISOLADO";17;"PSL";"Partido Social Liberal";-1;"#NULO#";"#NULO#";"#NULO#";220000050702;"PARTIDO ISOLADO";"PSL";"N";11741;"Válido";11741;1;"ELEITO"
"13/11/2024";"10:56:11";2018;2;"Eleição Ordinária";2;298;"ELEIÇÕES GERAIS ESTADUAIS 2018";"28/10/2018";"E";"RO";"RO";"RONDÔNIA";175;"OURO PRETO DO OESTE";13;3;"Governador";220000625838;17;"MARCOS JOSE ROCHA DOS SANTOS";"CORONEL MARCOS ROCHA";"#NULO#";12;"APTO";2;"DEFERIDO";-3;"#NE";-3;"#NE";-3;"#NE";"PARTIDO ISOLADO";17;"PSL";"Partido Social Liberal";-1;"#NULO#";"#NULO#";"#NULO#";220000050702;"PARTIDO ISOLADO";"PSL";"N";12132;"Válido";12132;1;"ELEITO"
"13/11/2024";"10:56:11";2018;2;"Eleição Ordinária";1;297;"ELEIÇÕES GERAIS ESTADUAIS 2018";"07/10/2018";"E";"RO";"RO";"RONDÔNIA";787;"PIMENTEIRAS DO OESTE";16;5;"Senador";220000609854;100;"EDESIO FERNANDES DA SILVA";"PASTOR EDÉSIO FERNANDES";"#NULO#";12;"APTO";2;"DEFERIDO";-3;"#NE";-3;"#NE";-3;"#NE";"COLIGAÇÃO";10;"PRB";"Partido Republicano Brasileiro";-1;"#NULO#";"#NULO#";"#NULO#";220000050260;"RONDÔNIA, ESPERANÇA DE UM NOVO TEMPO";"PSDB / DEM / PSD / PRB / PATRI";"N";65;"Válido";65;4;"NÃO ELEITO"
"13/11/2024";"10:56:11";2018;2;"Eleição Ordinária";1;297;"ELEIÇÕES GERAIS ESTADUAIS 2018";"07/10/2018";"E";"RO";"RO";"RONDÔNIA";418;"SÃO MIGUEL DO GUAPORÉ";35;5;"Senador";220000609854;100;"EDESIO FERNANDES DA SILVA";"PASTOR EDÉSIO FERNANDES";"#NULO#";12;"APTO";2;"DEFERIDO";-3;"#NE";-3;"#NE";-3;"#NE";"COLIGAÇÃO";10;"PRB";"Partido Republicano Brasileiro";-1;"#NULO#";"#NULO#";"#NULO#";220000050260;"RONDÔNIA, ESPERANÇA DE UM NOVO TEMPO";"PSDB / DEM / PSD / PRB / PATRI";"N";307;"Válido";307;4;"NÃO ELEITO"
"13/11/2024";"10:56:11";2018;2;"Eleição Ordinária";1;297;"ELEIÇÕES GERAIS ESTADUAIS 2018";"07/10/2018";"E";"RO";"RO";"RONDÔNIA";744;"NOVA UNIÃO";28;5;"Senador";220000609854;100;"EDESIO FERNANDES DA SILVA";"PASTOR EDÉSIO FERNANDES";"#NULO#";12;"APTO";2;"DEFERIDO";-3;"#NE";-3;"#NE";-3;"#NE";"COLIGAÇÃO";10;"PRB";"Partido Republicano Brasileiro";-1;"#NULO#";"#NULO#";"#NULO#";220000050260;"RONDÔNIA, ESPERANÇA DE UM NOVO TEMPO";"PSDB / DEM / PSD / PRB / PATRI";"N";172;"Válido";172;4;"NÃO ELEITO"
"13/11/2024";"10:56:11";2018;2;"Eleição Ordinária";1;297;"ELEIÇÕES GERAIS ESTADUAIS 2018";"07/10/2018";"E";"RO";"RO";"RONDÔNIA";450;"CABIXI";8;5;"Senador";220000609854;100;"EDESIO FERNANDES DA SILVA";"PASTOR EDÉSIO FERNANDES";"#NULO#";12;"APTO";2;"DEFERIDO";-3;"#NE";-3;"#NE";-3;"#NE";"COLIGAÇÃO";10;"PRB";"Partido Republicano Brasileiro";-1;"#NULO#";"#NULO#";"#NULO#";220000050260;"RONDÔNIA, ESPERANÇA DE UM NOVO TEMPO";"PSDB / DEM / PSD / PRB / PATRI";"N";160;"Válido";160;4;"NÃO ELEITO"
"13/11/2024";"10:56:11";2018;2;"Eleição Ordinária";1;297;"ELEIÇÕES GERAIS ESTADUAIS 2018";"07/10/2018";"E";"RO";"RO";"RONDÔNIA";51;"JI-PARANÁ";30;5;"Senador";220000609854;100;"EDESIO FERNANDES DA SILVA";"PASTOR EDÉSIO FERNANDES";"#NULO#";12;"APTO";2;"DEFERIDO";-3;"#NE";-3;"#NE";-3;"#NE";"COLIGAÇÃO";10;"PRB";"Partido Republicano Brasileiro";-1;"#NULO#";"#NULO#";"#NULO#";220000050260;"RONDÔNIA, ESPERANÇA DE UM NOVO TEMPO";"PSDB / DEM / PSD / PRB / PATRI";"N";1047;"Válido";1047;4;"NÃO ELEITO"
"13/11/2024";"10:56:11";2018;2;"Eleição Ordinária";1;297;"ELEIÇÕES GERAIS ESTADUAIS 2018";"07/10/2018";"E";"RO";"RO";"RONDÔNIA";51;"JI-PARANÁ";3;5;"Senador";220000609854;100;"EDESIO FERNANDES DA SILVA";"PASTOR EDÉSIO FERNANDES";"#NULO#";12;"APTO";2;"DEFERIDO";-3;"#NE";-3;"#NE";-3;"#NE";"COLIGAÇÃO";10;"PRB";"Partido Republicano Brasileiro";-1;"#NULO#";"#NULO#";"#NULO#";220000050260;"RONDÔNIA, ESPERANÇA DE UM NOVO TEMPO";"PSDB / DEM / PSD / PRB / PATRI";"N";376;"Válido";376;4;"NÃO ELEITO"
"13/11/2024";"10:56:11";2018;2;"Eleição Ordinária";1;297;"ELEIÇÕES GERAIS ESTADUAIS 2018";"07/10/2018";"E";"RO";"RO";"RONDÔNIA";272;"CEREJEIRAS";16;5;"Senador";220000609854;100;"EDESIO FERNANDES DA SILVA";"PASTOR EDÉSIO FERNANDES";"#NULO#";12;"APTO";2;"DEFERIDO";-3;"#NE";-3;"#NE";-3;"#NE";"COLIGAÇÃO";10;"PRB";"Partido Republicano Brasileiro";-1;"#NULO#";"#NULO#";"#NULO#";220000050260;"RONDÔNIA, ESPERANÇA DE UM NOVO TEMPO";"PSDB / DEM / PSD / PRB / PATRI";"N";192;"Válido";192;4;"NÃO ELEITO"
"13/11/2024";"10:56:11";2018;2;"Eleição Ordinária";1;297;"ELEIÇÕES GERAIS ESTADUAIS 2018";"07/10/2018";"E";"RO";"RO";"RONDÔNIA";434;"NOVA MAMORÉ";1;5;"Senador";220000609854;100;"EDESIO FERNANDES DA SILVA";"PASTOR EDÉSIO FERNANDES";"#NULO#";12;"APTO";2;"DEFERIDO";-3;"#NE";-3;"#NE";-3;"#NE";"COLIGAÇÃO";10;"PRB";"Partido Republicano Brasileiro";-1;"#NULO#";"#NULO#";"#NULO#";220000050260;"RONDÔNIA, ESPERANÇA DE UM NOVO TEMPO";"PSDB / DEM / PSD / PRB / PATRI";"N";425;"Válido";425;4;"NÃO ELEITO"
"13/11/2024";"10:56:11";2018;2;"Eleição Ordinária";1;297;"ELEIÇÕES GERAIS ESTADUAIS 2018";"07/10/2018";"E";"RO";"RO";"RONDÔNIA";493;"ITAPUÃ DO OESTE";2;5;"Senador";220000609854;100;"EDESIO FERNANDES DA SILVA";"PASTOR EDÉSIO FERNANDES";"#NULO#";12;"APTO";2;"DEFERIDO";-3;"#NE";-3;"#NE";-3;"#NE";"COLIGAÇÃO";10;"PRB";"Partido Republicano Brasileiro";-1;"#NULO#";"#NULO#";"#NULO#";220000050260;"RONDÔNIA, ESPERANÇA DE UM NOVO TEMPO";"PSDB / DEM / PSD / PRB / PATRI";"N";259;"Válido";259;4;"NÃO ELEITO"
"13/11/2024";"10:56:11";2018;2;"Eleição Ordinária";1;297;"ELEIÇÕES GERAIS ESTADUAIS 2018";"07/10/2018";"E";"RO";"RO";"RONDÔNIA";582;"SERINGUEIRAS";35;5;"Senador";220000609854;100;"EDESIO FERNANDES DA SILVA";"PASTOR EDÉSIO FERNANDES";"#NULO#";12;"APTO";2;"DEFERIDO";-3;"#NE";-3;"#NE";-3;"#NE";"COLIGAÇÃO";10;"PRB";"Partido Republicano Brasileiro";-1;"#NULO#";"#NULO#";"#NULO#";220000050260;"RONDÔNIA, ESPERANÇA DE UM NOVO TEMPO";"PSDB / DEM / PSD / PRB / PATRI";"N";78;"Válido";78;4;"NÃO ELEITO"
"13/11/2024";"10:56:11";2018;2;"Eleição Ordinária";1;297;"ELEIÇÕES GERAIS ESTADUAIS 2018";"07/10/2018";"E";"RO";"RO";"RONDÔNIA";752;"TEIXEIRÓPOLIS";13;5;"Senador";220000609854;100;"EDESIO FERNANDES DA SILVA";"PASTOR EDÉSIO FERNANDES";"#NULO#";12;"APTO";2;"DEFERIDO";-3;"#NE";-3;"#NE";-3;"#NE";"COLIGAÇÃO";10;"PRB";"Partido Republicano Brasileiro";-1;"#NULO#";"#NULO#";"#NULO#";220000050260;"RONDÔNIA, ESPERANÇA DE UM NOVO TEMPO";"PSDB / DEM / PSD / PRB / PATRI";"N";95;"Válido";95;4;"NÃO ELEITO"
"13/11/2024";"10:56:11";2018;2;"Eleição Ordinária";1;297;"ELEIÇÕES GERAIS ESTADUAIS 2018";"07/10/2018";"E";"RO";"RO";"RONDÔNIA";78;"ARIQUEMES";7;5;"Senador";220000625840;177;"JAIME MAXIMINO BAGATTOLI";"JAIME BAGATTOLI";"#NULO#";12;"APTO";2;"DEFERIDO";-3;"#NE";-3;"#NE";-3;"#NE";"PARTIDO ISOLADO";17;"PSL";"Partido Social Liberal";-1;"#NULO#";"#NULO#";"#NULO#";220000050702;"PARTIDO ISOLADO";"PSL";"N";13108;"Válido";13108;4;"NÃO ELEITO"
"13/11/2024";"10:56:11";2018;2;"Eleição Ordinária";1;297;"ELEIÇÕES GERAIS ESTADUAIS 2018";"07/10/2018";"E";"RO";"RO";"RONDÔNIA";132;"VILHENA";4;5;"Senador";220000625840;177;"JAIME MAXIMINO BAGATTOLI";"JAIME BAGATTOLI";"#NULO#";12;"APTO";2;"DEFERIDO";-3;"#NE";-3;"#NE";-3;"#NE";"PARTIDO ISOLADO";17;"PSL";"Partido Social Liberal";-1;"#NULO#";"#NULO#";"#NULO#";220000050702;"PARTIDO ISOLADO";"PSL";"N";33634;"Válido";33634;4;"NÃO ELEITO"
"13/11/2024";"10:56:11";2018;2;"Eleição Ordinária";1;297;"ELEIÇÕES GERAIS ESTADUAIS 2018";"07/10/2018";"E";"RO";"RO";"RONDÔNIA";574;"MIRANTE DA SERRA";28;5;"Senador";220000609854;100;"EDESIO FERNANDES DA SILVA";"PASTOR EDÉSIO FERNANDES";"#NULO#";12;"APTO";2;"DEFERIDO";-3;"#NE";-3;"#NE";-3;"#NE";"COLIGAÇÃO";10;"PRB";"Partido Republicano Brasileiro";-1;"#NULO#";"#NULO#";"#NULO#";220000050260;"RONDÔNIA, ESPERANÇA DE UM NOVO TEMPO";"PSDB / DEM / PSD / PRB / PATRI";"N";81;"Válido";81;4;"NÃO ELEITO"
"13/11/2024";"10:56:11";2018;2;"Eleição Ordinária";1;297;"ELEIÇÕES GERAIS ESTADUAIS 2018";"07/10/2018";"E";"RO";"RO";"RONDÔNIA";671;"CAMPO NOVO DE RONDÔNIA";34;5;"Senador";220000609854;100;"EDESIO FERNANDES DA SILVA";"PASTOR EDÉSIO FERNANDES";"#NULO#";12;"APTO";2;"DEFERIDO";-3;"#NE";-3;"#NE";-3;"#NE";"COLIGAÇÃO";10;"PRB";"Partido Republicano Brasileiro";-1;"#NULO#";"#NULO#";"#NULO#";220000050260;"RONDÔNIA, ESPERANÇA DE UM NOVO TEMPO";"PSDB / DEM / PSD / PRB / PATRI";"N";249;"Válido";249;4;"NÃO ELEITO"
"13/11/2024";"10:56:11";2018;2;"Eleição Ordinária";1;297;"ELEIÇÕES GERAIS ESTADUAIS 2018";"07/10/2018";"E";"RO";"RO";"RONDÔNIA";779;"BURITIS";34;5;"Senador";220000609854;100;"EDESIO FERNANDES DA SILVA";"PASTOR EDÉSIO FERNANDES";"#NULO#";12;"APTO";2;"DEFERIDO";-3;"#NE";-3;"#NE";-3;"#NE";"COLIGAÇÃO";10;"PRB";"Partido Republicano Brasileiro";-1;"#NULO#";"#NULO#";"#NULO#";220000050260;"RONDÔNIA, ESPERANÇA DE UM NOVO TEMPO";"PSDB / DEM / PSD / PRB / PATRI";"N";482;"Válido";482;4;"NÃO ELEITO"
"13/11/2024";"10:56:11";2018;2;"Eleição Ordinária";1;297;"ELEIÇÕES GERAIS ESTADUAIS 2018";"07/10/2018";"E";"RO";"RO";"RONDÔNIA";710;"SÃO FELIPE D OESTE";19;5;"Senador";220000625840;177;"JAIME MAXIMINO BAGATTOLI";"JAIME BAGATTOLI";"#NULO#";12;"APTO";2;"DEFERIDO";-3;"#NE";-3;"#NE";-3;"#NE";"PARTIDO ISOLADO";17;"PSL";"Partido Social Liberal";-1;"#NULO#";"#NULO#";"#NULO#";220000050702;"PARTIDO ISOLADO";"PSL";"N";841;"Válido";841;4;"NÃO ELEITO"
"13/11/2024";"10:56:11";2018;2;"Eleição Ordinária";1;297;"ELEIÇÕES GERAIS ESTADUAIS 2018";"07/10/2018";"E";"RO";"RO";"RONDÔNIA";779;"BURITIS";34;5;"Senador";220000604628;111;"CARLOS MAGNO RAMOS";"CARLOS MAGNO";"#NULO#";12;"APTO";2;"DEFERIDO";-3;"#NE";-3;"#NE";-3;"#NE";"COLIGAÇÃO";11;"PP";"Partido Progressista";-1;"#NULO#";"#NULO#";"#NULO#";220000050134;"JUNTOS POR UM NOVO TEMPO PARA RONDONIA";"PDT / PSB / PTB / DC / PP / PR / SOLIDARIEDADE / PTC / PT";"N";6140;"Válido";6140;4;"NÃO ELEITO"
"13/11/2024";"10:56:11";2018;2;"Eleição Ordinária";1;297;"ELEIÇÕES GERAIS ESTADUAIS 2018";"07/10/2018";"E";"RO";"RO";"RONDÔNIA";574;"MIRANTE DA SERRA";28;5;"Senador";220000604628;111;"CARLOS MAGNO RAMOS";"CARLOS MAGNO";"#NULO#";12;"APTO";2;"DEFERIDO";-3;"#NE";-3;"#NE";-3;"#NE";"COLIGAÇÃO";11;"PP";"Partido Progressista";-1;"#NULO#";"#NULO#";"#NULO#";220000050134;"JUNTOS POR UM NOVO TEMPO PARA RONDONIA";"PDT / PSB / PTB / DC / PP / PR / SOLIDARIEDADE / PTC / PT";"N";2565;"Válido";2565;4;"NÃO ELEITO"
"13/11/2024";"10:56:11";2018;2;"Eleição Ordinária";1;297;"ELEIÇÕES GERAIS ESTADUAIS 2018";"07/10/2018";"E";"RO";"RO";"RONDÔNIA";671;"CAMPO NOVO DE RONDÔNIA";34;5;"Senador";220000604628;111;"CARLOS MAGNO RAMOS";"CARLOS MAGNO";"#NULO#";12;"APTO";2;"DEFERIDO";-3;"#NE";-3;"#NE";-3;"#NE";"COLIGAÇÃO";11;"PP";"Partido Progressista";-1;"#NULO#";"#NULO#";"#NULO#";220000050134;"JUNTOS POR UM NOVO TEMPO PARA RONDONIA";"PDT / PSB / PTB / DC / PP / PR / SOLIDARIEDADE / PTC / PT";"N";2507;"Válido";2507;4;"NÃO ELEITO"
"13/11/2024";"10:56:11";2018;2;"Eleição Ordinária";1;297;"ELEIÇÕES GERAIS ESTADUAIS 2018";"07/10/2018";"E";"RO";"RO";"RONDÔNIA";531;"CASTANHEIRAS";15;5;"Senador";220000609854;100;"EDESIO FERNANDES DA SILVA";"PASTOR EDÉSIO FERNANDES";"#NULO#";12;"APTO";2;"DEFERIDO";-3;"#NE";-3;"#NE";-3;"#NE";"COLIGAÇÃO";10;"PRB";"Partido Republicano Brasileiro";-1;"#NULO#";"#NULO#";"#NULO#";220000050260;"RONDÔNIA, ESPERANÇA DE UM NOVO TEMPO";"PSDB / DEM / PSD / PRB / PATRI";"N";132;"Válido";132;4;"NÃO ELEITO"
"13/11/2024";"10:56:11";2018;2;"Eleição Ordinária";1;297;"ELEIÇÕES GERAIS ESTADUAIS 2018";"07/10/2018";"E";"RO";"RO";"RONDÔNIA";698;"VALE DO ANARI";32;5;"Senador";220000609854;100;"EDESIO FERNANDES DA SILVA";"PASTOR EDÉSIO FERNANDES";"#NULO#";12;"APTO";2;"DEFERIDO";-3;"#NE";-3;"#NE";-3;"#NE";"COLIGAÇÃO";10;"PRB";"Partido Republicano Brasileiro";-1;"#NULO#";"#NULO#";"#NULO#";220000050260;"RONDÔNIA, ESPERANÇA DE UM NOVO TEMPO";"PSDB / DEM / PSD / PRB / PATRI";"N";129;"Válido";129;4;"NÃO ELEITO"
"13/11/2024";"10:56:11";2018;2;"Eleição Ordinária";1;297;"ELEIÇÕES GERAIS ESTADUAIS 2018";"07/10/2018";"E";"RO";"RO";"RONDÔNIA";604;"MINISTRO ANDREAZZA";11;5;"Senador";220000609854;100;"EDESIO FERNANDES DA SILVA";"PASTOR EDÉSIO FERNANDES";"#NULO#";12;"APTO";2;"DEFERIDO";-3;"#NE";-3;"#NE";-3;"#NE";"COLIGAÇÃO";10;"PRB";"Partido Republicano Brasileiro";-1;"#NULO#";"#NULO#";"#NULO#";220000050260;"RONDÔNIA, ESPERANÇA DE UM NOVO TEMPO";"PSDB / DEM / PSD / PRB / PATRI";"N";65;"Válido";65;4;"NÃO ELEITO"
"13/11/2024";"10:56:11";2018;2;"Eleição Ordinária";1;297;"ELEIÇÕES GERAIS ESTADUAIS 2018";"07/10/2018";"E";"RO";"RO";"RONDÔNIA";396;"MACHADINHO D OESTE";32;5;"Senador";220000609854;100;"EDESIO FERNANDES DA SILVA";"PASTOR EDÉSIO FERNANDES";"#NULO#";12;"APTO";2;"DEFERIDO";-3;"#NE";-3;"#NE";-3;"#NE";"COLIGAÇÃO";10;"PRB";"Partido Republicano Brasileiro";-1;"#NULO#";"#NULO#";"#NULO#";220000050260;"RONDÔNIA, ESPERANÇA DE UM NOVO TEMPO";"PSDB / DEM / PSD / PRB / PATRI";"N";736;"Válido";736;4;"NÃO ELEITO"
"13/11/2024";"10:56:11";2018;2;"Eleição Ordinária";1;297;"ELEIÇÕES GERAIS ESTADUAIS 2018";"07/10/2018";"E";"RO";"RO";"RONDÔNIA";795;"SÃO FRANCISCO DO GUAPORÉ";5;5;"Senador";220000609854;100;"EDESIO FERNANDES DA SILVA";"PASTOR EDÉSIO FERNANDES";"#NULO#";12;"APTO";2;"DEFERIDO";-3;"#NE";-3;"#NE";-3;"#NE";"COLIGAÇÃO";10;"PRB";"Partido Republicano Brasileiro";-1;"#NULO#";"#NULO#";"#NULO#";220000050260;"RONDÔNIA, ESPERANÇA DE UM NOVO TEMPO";"PSDB / DEM / PSD / PRB / PATRI";"N";181;"Válido";181;4;"NÃO ELEITO"
"13/11/2024";"10:56:11";2018;2;"Eleição Ordinária";1;297;"ELEIÇÕES GERAIS ESTADUAIS 2018";"07/10/2018";"E";"RO";"RO";"RONDÔNIA";582;"SERINGUEIRAS";35;5;"Senador";220000625840;177;"JAIME MAXIMINO BAGATTOLI";"JAIME BAGATTOLI";"#NULO#";12;"APTO";2;"DEFERIDO";-3;"#NE";-3;"#NE";-3;"#NE";"PARTIDO ISOLADO";17;"PSL";"Partido Social Liberal";-1;"#NULO#";"#NULO#";"#NULO#";220000050702;"PARTIDO ISOLADO";"PSL";"N";927;"Válido";927;4;"NÃO ELEITO"
"13/11/2024";"10:56:11";2018;2;"Eleição Ordinária";1;297;"ELEIÇÕES GERAIS ESTADUAIS 2018";"07/10/2018";"E";"RO";"RO";"RONDÔNIA";272;"CEREJEIRAS";16;5;"Senador";220000625840;177;"JAIME MAXIMINO BAGATTOLI";"JAIME BAGATTOLI";"#NULO#";12;"APTO";2;"DEFERIDO";-3;"#NE";-3;"#NE";-3;"#NE";"PARTIDO ISOLADO";17;"PSL";"Partido Social Liberal";-1;"#NULO#";"#NULO#";"#NULO#";220000050702;"PARTIDO ISOLADO";"PSL";"N";5100;"Válido";5100;4;"NÃO ELEITO"
"13/11/2024";"10:56:11";2018;2;"Eleição Ordinária";1;297;"ELEIÇÕES GERAIS ESTADUAIS 2018";"07/10/2018";"E";"RO";"RO";"RONDÔNIA";493;"ITAPUÃ DO OESTE";2;5;"Senador";220000625840;177;"JAIME MAXIMINO BAGATTOLI";"JAIME BAGATTOLI";"#NULO#";12;"APTO";2;"DEFERIDO";-3;"#NE";-3;"#NE";-3;"#NE";"PARTIDO ISOLADO";17;"PSL";"Partido Social Liberal";-1;"#NULO#";"#NULO#";"#NULO#";220000050702;"PARTIDO ISOLADO";"PSL";"N";747;"Válido";747;4;"NÃO ELEITO"
"13/11/2024";"10:56:11";2018;2;"Eleição Ordinária";1;297;"ELEIÇÕES GERAIS ESTADUAIS 2018";"07/10/2018";"E";"RO";"RO";"RONDÔNIA";787;"PIMENTEIRAS DO OESTE";16;5;"Senador";220000625840;177;"JAIME MAXIMINO BAGATTOLI";"JAIME BAGATTOLI";"#NULO#";12;"APTO";2;"DEFERIDO";-3;"#NE";-3;"#NE";-3;"#NE";"PARTIDO ISOLADO";17;"PSL";"Partido Social Liberal";-1;"#NULO#";"#NULO#";"#NULO#";220000050702;"PARTIDO ISOLADO";"PSL";"N";478;"Válido";478;4;"NÃO ELEITO"
"13/11/2024";"10:56:11";2018;2;"Eleição Ordinária";1;297;"ELEIÇÕES GERAIS ESTADUAIS 2018";"07/10/2018";"E";"RO";"RO";"RONDÔNIA";744;"NOVA UNIÃO";28;5;"Senador";220000625840;177;"JAIME MAXIMINO BAGATTOLI";"JAIME BAGATTOLI";"#NULO#";12;"APTO";2;"DEFERIDO";-3;"#NE";-3;"#NE";-3;"#NE";"PARTIDO ISOLADO";17;"PSL";"Partido Social Liberal";-1;"#NULO#";"#NULO#";"#NULO#";220000050702;"PARTIDO ISOLADO";"PSL";"N";568;"Válido";568;4;"NÃO ELEITO"
"13/11/2024";"10:56:11";2018;2;"Eleição Ordinária";1;297;"ELEIÇÕES GERAIS ESTADUAIS 2018";"07/10/2018";"E";"RO";"RO";"RONDÔNIA";752;"TEIXEIRÓPOLIS";13;5;"Senador";220000625840;177;"JAIME MAXIMINO BAGATTOLI";"JAIME BAGATTOLI";"#NULO#";12;"APTO";2;"DEFERIDO";-3;"#NE";-3;"#NE";-3;"#NE";"PARTIDO ISOLADO";17;"PSL";"Partido Social Liberal";-1;"#NULO#";"#NULO#";"#NULO#";220000050702;"PARTIDO ISOLADO";"PSL";"N";398;"Válido";398;4;"NÃO ELEITO"
"13/11/2024";"10:56:11";2018;2;"Eleição Ordinária";1;297;"ELEIÇÕES GERAIS ESTADUAIS 2018";"07/10/2018";"E";"RO";"RO";"RONDÔNIA";558;"VALE DO PARAÍSO";28;5;"Senador";220000609854;100;"EDESIO FERNANDES DA SILVA";"PASTOR EDÉSIO FERNANDES";"#NULO#";12;"APTO";2;"DEFERIDO";-3;"#NE";-3;"#NE";-3;"#NE";"COLIGAÇÃO";10;"PRB";"Partido Republicano Brasileiro";-1;"#NULO#";"#NULO#";"#NULO#";220000050260;"RONDÔNIA, ESPERANÇA DE UM NOVO TEMPO";"PSDB / DEM / PSD / PRB / PATRI";"N";33;"Válido";33;4;"NÃO ELEITO"
"13/11/2024";"10:56:11";2018;2;"Eleição Ordinária";1;297;"ELEIÇÕES GERAIS ESTADUAIS 2018";"07/10/2018";"E";"RO";"RO";"RONDÔNIA";566;"URUPÁ";18;5;"Senador";220000609854;100;"EDESIO FERNANDES DA SILVA";"PASTOR EDÉSIO FERNANDES";"#NULO#";12;"APTO";2;"DEFERIDO";-3;"#NE";-3;"#NE";-3;"#NE";"COLIGAÇÃO";10;"PRB";"Partido Republicano Brasileiro";-1;"#NULO#";"#NULO#";"#NULO#";220000050260;"RONDÔNIA, ESPERANÇA DE UM NOVO TEMPO";"PSDB / DEM / PSD / PRB / PATRI";"N";66;"Válido";66;4;"NÃO ELEITO"
"13/11/2024";"10:56:11";2018;2;"Eleição Ordinária";1;297;"ELEIÇÕES GERAIS ESTADUAIS 2018";"07/10/2018";"E";"RO";"RO";"RONDÔNIA";310;"ALTA FLORESTA D OESTE";17;5;"Senador";220000609854;100;"EDESIO FERNANDES DA SILVA";"PASTOR EDÉSIO FERNANDES";"#NULO#";12;"APTO";2;"DEFERIDO";-3;"#NE";-3;"#NE";-3;"#NE";"COLIGAÇÃO";10;"PRB";"Partido Republicano Brasileiro";-1;"#NULO#";"#NULO#";"#NULO#";220000050260;"RONDÔNIA, ESPERANÇA DE UM NOVO TEMPO";"PSDB / DEM / PSD / PRB / PATRI";"N";271;"Válido";271;4;"NÃO ELEITO"
"13/11/2024";"10:56:11";2018;2;"Eleição Ordinária";1;297;"ELEIÇÕES GERAIS ESTADUAIS 2018";"07/10/2018";"E";"RO";"RO";"RONDÔNIA";809;"CHUPINGUAIA";8;5;"Senador";220000609854;100;"EDESIO FERNANDES DA SILVA";"PASTOR EDÉSIO FERNANDES";"#NULO#";12;"APTO";2;"DEFERIDO";-3;"#NE";-3;"#NE";-3;"#NE";"COLIGAÇÃO";10;"PRB";"Partido Republicano Brasileiro";-1;"#NULO#";"#NULO#";"#NULO#";220000050260;"RONDÔNIA, ESPERANÇA DE UM NOVO TEMPO";"PSDB / DEM / PSD / PRB / PATRI";"N";126;"Válido";126;4;"NÃO ELEITO"
"13/11/2024";"10:56:11";2018;2;"Eleição Ordinária";1;297;"ELEIÇÕES GERAIS ESTADUAIS 2018";"07/10/2018";"E";"RO";"RO";"RONDÔNIA";728;"PRIMAVERA DE RONDÔNIA";9;5;"Senador";220000609854;100;"EDESIO FERNANDES DA SILVA";"PASTOR EDÉSIO FERNANDES";"#NULO#";12;"APTO";2;"DEFERIDO";-3;"#NE";-3;"#NE";-3;"#NE";"COLIGAÇÃO";10;"PRB";"Partido Republicano Brasileiro";-1;"#NULO#";"#NULO#";"#NULO#";220000050260;"RONDÔNIA, ESPERANÇA DE UM NOVO TEMPO";"PSDB / DEM / PSD / PRB / PATRI";"N";115;"Válido";115;4;"NÃO ELEITO"
"13/11/2024";"10:56:11";2018;2;"Eleição Ordinária";1;297;"ELEIÇÕES GERAIS ESTADUAIS 2018";"07/10/2018";"E";"RO";"RO";"RONDÔNIA";418;"SÃO MIGUEL DO GUAPORÉ";35;5;"Senador";220000625840;177;"JAIME MAXIMINO BAGATTOLI";"JAIME BAGATTOLI";"#NULO#";12;"APTO";2;"DEFERIDO";-3;"#NE";-3;"#NE";-3;"#NE";"PARTIDO ISOLADO";17;"PSL";"Partido Social Liberal";-1;"#NULO#";"#NULO#";"#NULO#";220000050702;"PARTIDO ISOLADO";"PSL";"N";1929;"Válido";1929;4;"NÃO ELEITO"
"13/11/2024";"10:56:11";2018;2;"Eleição Ordinária";1;297;"ELEIÇÕES GERAIS ESTADUAIS 2018";"07/10/2018";"E";"RO";"RO";"RONDÔNIA";450;"CABIXI";8;5;"Senador";220000625840;177;"JAIME MAXIMINO BAGATTOLI";"JAIME BAGATTOLI";"#NULO#";12;"APTO";2;"DEFERIDO";-3;"#NE";-3;"#NE";-3;"#NE";"PARTIDO ISOLADO";17;"PSL";"Partido Social Liberal";-1;"#NULO#";"#NULO#";"#NULO#";220000050702;"PARTIDO ISOLADO";"PSL";"N";1552;"Válido";1552;4;"NÃO ELEITO"
"13/11/2024";"10:56:11";2018;2;"Eleição Ordinária";1;297;"ELEIÇÕES GERAIS ESTADUAIS 2018";"07/10/2018";"E";"RO";"RO";"RONDÔNIA";51;"JI-PARANÁ";30;5;"Senador";220000625840;177;"JAIME MAXIMINO BAGATTOLI";"JAIME BAGATTOLI";"#NULO#";12;"APTO";2;"DEFERIDO";-3;"#NE";-3;"#NE";-3;"#NE";"PARTIDO ISOLADO";17;"PSL";"Partido Social Liberal";-1;"#NULO#";"#NULO#";"#NULO#";220000050702;"PARTIDO ISOLADO";"PSL";"N";8717;"Válido";8717;4;"NÃO ELEITO"
"13/11/2024";"10:56:11";2018;2;"Eleição Ordinária";1;297;"ELEIÇÕES GERAIS ESTADUAIS 2018";"07/10/2018";"E";"RO";"RO";"RONDÔNIA";51;"JI-PARANÁ";3;5;"Senador";220000625840;177;"JAIME MAXIMINO BAGATTOLI";"JAIME BAGATTOLI";"#NULO#";12;"APTO";2;"DEFERIDO";-3;"#NE";-3;"#NE";-3;"#NE";"PARTIDO ISOLADO";17;"PSL";"Partido Social Liberal";-1;"#NULO#";"#NULO#";"#NULO#";220000050702;"PARTIDO ISOLADO";"PSL";"N";3930;"Válido";3930;4;"NÃO ELEITO"
"13/11/2024";"10:56:11";2018;2;"Eleição Ordinária";1;297;"ELEIÇÕES GERAIS ESTADUAIS 2018";"07/10/2018";"E";"RO";"RO";"RONDÔNIA";434;"NOVA MAMORÉ";1;5;"Senador";220000625840;177;"JAIME MAXIMINO BAGATTOLI";"JAIME BAGATTOLI";"#NULO#";12;"APTO";2;"DEFERIDO";-3;"#NE";-3;"#NE";-3;"#NE";"PARTIDO ISOLADO";17;"PSL";"Partido Social Liberal";-1;"#NULO#";"#NULO#";"#NULO#";220000050702;"PARTIDO ISOLADO";"PSL";"N";2088;"Válido";2088;4;"NÃO ELEITO"
"13/11/2024";"10:56:11";2018;2;"Eleição Ordinária";1;297;"ELEIÇÕES GERAIS ESTADUAIS 2018";"07/10/2018";"E";"RO";"RO";"RONDÔNIA";35;"PORTO VELHO";6;5;"Senador";220000625840;177;"JAIME MAXIMINO BAGATTOLI";"JAIME BAGATTOLI";"#NULO#";12;"APTO";2;"DEFERIDO";-3;"#NE";-3;"#NE";-3;"#NE";"PARTIDO ISOLADO";17;"PSL";"Partido Social Liberal";-1;"#NULO#";"#NULO#";"#NULO#";220000050702;"PARTIDO ISOLADO";"PSL";"N";11909;"Válido";11909;4;"NÃO ELEITO"
"13/11/2024";"10:56:11";2018;2;"Eleição Ordinária";1;297;"ELEIÇÕES GERAIS ESTADUAIS 2018";"07/10/2018";"E";"RO";"RO";"RONDÔNIA";35;"PORTO VELHO";20;5;"Senador";220000625840;177;"JAIME MAXIMINO BAGATTOLI";"JAIME BAGATTOLI";"#NULO#";12;"APTO";2;"DEFERIDO";-3;"#NE";-3;"#NE";-3;"#NE";"PARTIDO ISOLADO";17;"PSL";"Partido Social Liberal";-1;"#NULO#";"#NULO#";"#NULO#";220000050702;"PARTIDO ISOLADO";"PSL";"N";13186;"Válido";13186;4;"NÃO ELEITO"
"13/11/2024";"10:56:11";2018;2;"Eleição Ordinária";1;297;"ELEIÇÕES GERAIS ESTADUAIS 2018";"07/10/2018";"E";"RO";"RO";"RONDÔNIA";35;"PORTO VELHO";2;5;"Senador";220000625840;177;"JAIME MAXIMINO BAGATTOLI";"JAIME BAGATTOLI";"#NULO#";12;"APTO";2;"DEFERIDO";-3;"#NE";-3;"#NE";-3;"#NE";"PARTIDO ISOLADO";17;"PSL";"Partido Social Liberal";-1;"#NULO#";"#NULO#";"#NULO#";220000050702;"PARTIDO ISOLADO";"PSL";"N";15332;"Válido";15332;4;"NÃO ELEITO"
"13/11/2024";"10:56:11";2018;2;"Eleição Ordinária";1;297;"ELEIÇÕES GERAIS ESTADUAIS 2018";"07/10/2018";"E";"RO";"RO";"RONDÔNIA";35;"PORTO VELHO";21;5;"Senador";220000625840;177;"JAIME MAXIMINO BAGATTOLI";"JAIME BAGATTOLI";"#NULO#";12;"APTO";2;"DEFERIDO";-3;"#NE";-3;"#NE";-3;"#NE";"PARTIDO ISOLADO";17;"PSL";"Partido Social Liberal";-1;"#NULO#";"#NULO#";"#NULO#";220000050702;"PARTIDO ISOLADO";"PSL";"N";7636;"Válido";7636;4;"NÃO ELEITO"
"13/11/2024";"10:56:11";2018;2;"Eleição Ordinária";1;297;"ELEIÇÕES GERAIS ESTADUAIS 2018";"07/10/2018";"E";"RO";"RO";"RONDÔNIA";337;"ALVORADA DO OESTE";18;5;"Senador";220000609854;100;"EDESIO FERNANDES DA SILVA";"PASTOR EDÉSIO FERNANDES";"#NULO#";12;"APTO";2;"DEFERIDO";-3;"#NE";-3;"#NE";-3;"#NE";"COLIGAÇÃO";10;"PRB";"Partido Republicano Brasileiro";-1;"#NULO#";"#NULO#";"#NULO#";220000050260;"RONDÔNIA, ESPERANÇA DE UM NOVO TEMPO";"PSDB / DEM / PSD / PRB / PATRI";"N";110;"Válido";110;4;"NÃO ELEITO"
"13/11/2024";"10:56:11";2018;2;"Eleição Ordinária";1;297;"ELEIÇÕES GERAIS ESTADUAIS 2018";"07/10/2018";"E";"RO";"RO";"RONDÔNIA";175;"OURO PRETO DO OESTE";13;5;"Senador";220000609854;100;"EDESIO FERNANDES DA SILVA";"PASTOR EDÉSIO FERNANDES";"#NULO#";12;"APTO";2;"DEFERIDO";-3;"#NE";-3;"#NE";-3;"#NE";"COLIGAÇÃO";10;"PRB";"Partido Republicano Brasileiro";-1;"#NULO#";"#NULO#";"#NULO#";220000050260;"RONDÔNIA, ESPERANÇA DE UM NOVO TEMPO";"PSDB / DEM / PSD / PRB / PATRI";"N";251;"Válido";251;4;"NÃO ELEITO"
"13/11/2024";"10:56:11";2018;2;"Eleição Ordinária";1;297;"ELEIÇÕES GERAIS ESTADUAIS 2018";"07/10/2018";"E";"RO";"RO";"RONDÔNIA";353;"SANTA LUZIA D OESTE";19;5;"Senador";220000609854;100;"EDESIO FERNANDES DA SILVA";"PASTOR EDÉSIO FERNANDES";"#NULO#";12;"APTO";2;"DEFERIDO";-3;"#NE";-3;"#NE";-3;"#NE";"COLIGAÇÃO";10;"PRB";"Partido Republicano Brasileiro";-1;"#NULO#";"#NULO#";"#NULO#";220000050260;"RONDÔNIA, ESPERANÇA DE UM NOVO TEMPO";"PSDB / DEM / PSD / PRB / PATRI";"N";103;"Válido";103;4;"NÃO ELEITO"
"13/11/2024";"10:56:11";2018;2;"Eleição Ordinária";1;297;"ELEIÇÕES GERAIS ESTADUAIS 2018";"07/10/2018";"E";"RO";"RO";"RONDÔNIA";299;"ROLIM DE MOURA";29;5;"Senador";220000609854;100;"EDESIO FERNANDES DA SILVA";"PASTOR EDÉSIO FERNANDES";"#NULO#";12;"APTO";2;"DEFERIDO";-3;"#NE";-3;"#NE";-3;"#NE";"COLIGAÇÃO";10;"PRB";"Partido Republicano Brasileiro";-1;"#NULO#";"#NULO#";"#NULO#";220000050260;"RONDÔNIA, ESPERANÇA DE UM NOVO TEMPO";"PSDB / DEM / PSD / PRB / PATRI";"N";1070;"Válido";1070;4;"NÃO ELEITO"
"13/11/2024";"10:56:11";2018;2;"Eleição Ordinária";1;297;"ELEIÇÕES GERAIS ESTADUAIS 2018";"07/10/2018";"E";"RO";"RO";"RONDÔNIA";213;"COSTA MARQUES";5;5;"Senador";220000609854;100;"EDESIO FERNANDES DA SILVA";"PASTOR EDÉSIO FERNANDES";"#NULO#";12;"APTO";2;"DEFERIDO";-3;"#NE";-3;"#NE";-3;"#NE";"COLIGAÇÃO";10;"PRB";"Partido Republicano Brasileiro";-1;"#NULO#";"#NULO#";"#NULO#";220000050260;"RONDÔNIA, ESPERANÇA DE UM NOVO TEMPO";"PSDB / DEM / PSD / PRB / PATRI";"N";218;"Válido";218;4;"NÃO ELEITO"
"13/11/2024";"10:56:11";2018;2;"Eleição Ordinária";1;297;"ELEIÇÕES GERAIS ESTADUAIS 2018";"07/10/2018";"E";"RO";"RO";"RONDÔNIA";256;"ESPIGÃO DO OESTE";12;5;"Senador";220000609854;100;"EDESIO FERNANDES DA SILVA";"PASTOR EDÉSIO FERNANDES";"#NULO#";12;"APTO";2;"DEFERIDO";-3;"#NE";-3;"#NE";-3;"#NE";"COLIGAÇÃO";10;"PRB";"Partido Republicano Brasileiro";-1;"#NULO#";"#NULO#";"#NULO#";220000050260;"RONDÔNIA, ESPERANÇA DE UM NOVO TEMPO";"PSDB / DEM / PSD / PRB / PATRI";"N";456;"Válido";456;4;"NÃO ELEITO"
"13/11/2024";"10:56:11";2018;2;"Eleição Ordinária";1;297;"ELEIÇÕES GERAIS ESTADUAIS 2018";"07/10/2018";"E";"RO";"RO";"RONDÔNIA";663;"MONTE NEGRO";25;5;"Senador";220000609854;100;"EDESIO FERNANDES DA SILVA";"PASTOR EDÉSIO FERNANDES";"#NULO#";12;"APTO";2;"DEFERIDO";-3;"#NE";-3;"#NE";-3;"#NE";"COLIGAÇÃO";10;"PRB";"Partido Republicano Brasileiro";-1;"#NULO#";"#NULO#";"#NULO#";220000050260;"RONDÔNIA, ESPERANÇA DE UM NOVO TEMPO";"PSDB / DEM / PSD / PRB / PATRI";"N";611;"Válido";611;4;"NÃO ELEITO"
"13/11/2024";"10:56:11";2018;2;"Eleição Ordinária";1;297;"ELEIÇÕES GERAIS ESTADUAIS 2018";"07/10/2018";"E";"RO";"RO";"RONDÔNIA";19;"GUAJARÁ-MIRIM";1;5;"Senador";220000609854;100;"EDESIO FERNANDES DA SILVA";"PASTOR EDÉSIO FERNANDES";"#NULO#";12;"APTO";2;"DEFERIDO";-3;"#NE";-3;"#NE";-3;"#NE";"COLIGAÇÃO";10;"PRB";"Partido Republicano Brasileiro";-1;"#NULO#";"#NULO#";"#NULO#";220000050260;"RONDÔNIA, ESPERANÇA DE UM NOVO TEMPO";"PSDB / DEM / PSD / PRB / PATRI";"N";1069;"Válido";1069;4;"NÃO ELEITO"
"13/11/2024";"10:56:11";2018;2;"Eleição Ordinária";1;297;"ELEIÇÕES GERAIS ESTADUAIS 2018";"07/10/2018";"E";"RO";"RO";"RONDÔNIA";191;"PRESIDENTE MÉDICI";3;5;"Senador";220000609854;100;"EDESIO FERNANDES DA SILVA";"PASTOR EDÉSIO FERNANDES";"#NULO#";12;"APTO";2;"DEFERIDO";-3;"#NE";-3;"#NE";-3;"#NE";"COLIGAÇÃO";10;"PRB";"Partido Republicano Brasileiro";-1;"#NULO#";"#NULO#";"#NULO#";220000050260;"RONDÔNIA, ESPERANÇA DE UM NOVO TEMPO";"PSDB / DEM / PSD / PRB / PATRI";"N";323;"Válido";323;4;"NÃO ELEITO"
"13/11/2024";"10:56:11";2018;2;"Eleição Ordinária";1;297;"ELEIÇÕES GERAIS ESTADUAIS 2018";"07/10/2018";"E";"RO";"RO";"RONDÔNIA";590;"THEOBROMA";27;5;"Senador";220000609854;100;"EDESIO FERNANDES DA SILVA";"PASTOR EDÉSIO FERNANDES";"#NULO#";12;"APTO";2;"DEFERIDO";-3;"#NE";-3;"#NE";-3;"#NE";"COLIGAÇÃO";10;"PRB";"Partido Republicano Brasileiro";-1;"#NULO#";"#NULO#";"#NULO#";220000050260;"RONDÔNIA, ESPERANÇA DE UM NOVO TEMPO";"PSDB / DEM / PSD / PRB / PATRI";"N";60;"Válido";60;4;"NÃO ELEITO"
"13/11/2024";"10:56:11";2018;2;"Eleição Ordinária";1;297;"ELEIÇÕES GERAIS ESTADUAIS 2018";"07/10/2018";"E";"RO";"RO";"RONDÔNIA";531;"CASTANHEIRAS";15;5;"Senador";220000625840;177;"JAIME MAXIMINO BAGATTOLI";"JAIME BAGATTOLI";"#NULO#";12;"APTO";2;"DEFERIDO";-3;"#NE";-3;"#NE";-3;"#NE";"PARTIDO ISOLADO";17;"PSL";"Partido Social Liberal";-1;"#NULO#";"#NULO#";"#NULO#";220000050702;"PARTIDO ISOLADO";"PSL";"N";321;"Válido";321;4;"NÃO ELEITO"
"13/11/2024";"10:56:11";2018;2;"Eleição Ordinária";1;297;"ELEIÇÕES GERAIS ESTADUAIS 2018";"07/10/2018";"E";"RO";"RO";"RONDÔNIA";396;"MACHADINHO D OESTE";32;5;"Senador";220000625840;177;"JAIME MAXIMINO BAGATTOLI";"JAIME BAGATTOLI";"#NULO#";12;"APTO";2;"DEFERIDO";-3;"#NE";-3;"#NE";-3;"#NE";"PARTIDO ISOLADO";17;"PSL";"Partido Social Liberal";-1;"#NULO#";"#NULO#";"#NULO#";220000050702;"PARTIDO ISOLADO";"PSL";"N";2485;"Válido";2485;4;"NÃO ELEITO"
"13/11/2024";"10:56:11";2018;2;"Eleição Ordinária";1;297;"ELEIÇÕES GERAIS ESTADUAIS 2018";"07/10/2018";"E";"RO";"RO";"RONDÔNIA";795;"SÃO FRANCISCO DO GUAPORÉ";5;5;"Senador";220000625840;177;"JAIME MAXIMINO BAGATTOLI";"JAIME BAGATTOLI";"#NULO#";12;"APTO";2;"DEFERIDO";-3;"#NE";-3;"#NE";-3;"#NE";"PARTIDO ISOLADO";17;"PSL";"Partido Social Liberal";-1;"#NULO#";"#NULO#";"#NULO#";220000050702;"PARTIDO ISOLADO";"PSL";"N";1229;"Válido";1229;4;"NÃO ELEITO"
"13/11/2024";"10:56:11";2018;2;"Eleição Ordinária";1;297;"ELEIÇÕES GERAIS ESTADUAIS 2018";"07/10/2018";"E";"RO";"RO";"RONDÔNIA";604;"MINISTRO ANDREAZZA";11;5;"Senador";220000625840;177;"JAIME MAXIMINO BAGATTOLI";"JAIME BAGATTOLI";"#NULO#";12;"APTO";2;"DEFERIDO";-3;"#NE";-3;"#NE";-3;"#NE";"PARTIDO ISOLADO";17;"PSL";"Partido Social Liberal";-1;"#NULO#";"#NULO#";"#NULO#";220000050702;"PARTIDO ISOLADO";"PSL";"N";876;"Válido";876;4;"NÃO ELEITO"
"13/11/2024";"10:56:11";2018;2;"Eleição Ordinária";1;297;"ELEIÇÕES GERAIS ESTADUAIS 2018";"07/10/2018";"E";"RO";"RO";"RONDÔNIA";698;"VALE DO ANARI";32;5;"Senador";220000625840;177;"JAIME MAXIMINO BAGATTOLI";"JAIME BAGATTOLI";"#NULO#";12;"APTO";2;"DEFERIDO";-3;"#NE";-3;"#NE";-3;"#NE";"PARTIDO ISOLADO";17;"PSL";"Partido Social Liberal";-1;"#NULO#";"#NULO#";"#NULO#";220000050702;"PARTIDO ISOLADO";"PSL";"N";615;"Válido";615;4;"NÃO ELEITO"
"13/11/2024";"10:56:11";2018;2;"Eleição Ordinária";1;297;"ELEIÇÕES GERAIS ESTADUAIS 2018";"07/10/2018";"E";"RO";"RO";"RONDÔNIA";230;"COLORADO DO OESTE";8;5;"Senador";220000604628;111;"CARLOS MAGNO RAMOS";"CARLOS MAGNO";"#NULO#";12;"APTO";2;"DEFERIDO";-3;"#NE";-3;"#NE";-3;"#NE";"COLIGAÇÃO";11;"PP";"Partido Progressista";-1;"#NULO#";"#NULO#";"#NULO#";220000050134;"JUNTOS POR UM NOVO TEMPO PARA RONDONIA";"PDT / PSB / PTB / DC / PP / PR / SOLIDARIEDADE / PTC / PT";"N";1028;"Válido";1028;4;"NÃO ELEITO"
"13/11/2024";"10:56:11";2018;2;"Eleição Ordinária";1;297;"ELEIÇÕES GERAIS ESTADUAIS 2018";"07/10/2018";"E";"RO";"RO";"RONDÔNIA";159;"JARU";10;5;"Senador";220000604628;111;"CARLOS MAGNO RAMOS";"CARLOS MAGNO";"#NULO#";12;"APTO";2;"DEFERIDO";-3;"#NE";-3;"#NE";-3;"#NE";"COLIGAÇÃO";11;"PP";"Partido Progressista";-1;"#NULO#";"#NULO#";"#NULO#";220000050134;"JUNTOS POR UM NOVO TEMPO PARA RONDONIA";"PDT / PSB / PTB / DC / PP / PR / SOLIDARIEDADE / PTC / PT";"N";8148;"Válido";8148;4;"NÃO ELEITO"
"13/11/2024";"10:56:11";2018;2;"Eleição Ordinária";1;297;"ELEIÇÕES GERAIS ESTADUAIS 2018";"07/10/2018";"E";"RO";"RO";"RONDÔNIA";736;"ALTO ALEGRE DOS PARECIS";19;5;"Senador";220000625840;177;"JAIME MAXIMINO BAGATTOLI";"JAIME BAGATTOLI";"#NULO#";12;"APTO";2;"DEFERIDO";-3;"#NE";-3;"#NE";-3;"#NE";"PARTIDO ISOLADO";17;"PSL";"Partido Social Liberal";-1;"#NULO#";"#NULO#";"#NULO#";220000050702;"PARTIDO ISOLADO";"PSL";"N";867;"Válido";867;4;"NÃO ELEITO"
"13/11/2024";"10:56:11";2018;2;"Eleição Ordinária";1;297;"ELEIÇÕES GERAIS ESTADUAIS 2018";"07/10/2018";"E";"RO";"RO";"RONDÔNIA";310;"ALTA FLORESTA D OESTE";17;5;"Senador";220000625840;177;"JAIME MAXIMINO BAGATTOLI";"JAIME BAGATTOLI";"#NULO#";12;"APTO";2;"DEFERIDO";-3;"#NE";-3;"#NE";-3;"#NE";"PARTIDO ISOLADO";17;"PSL";"Partido Social Liberal";-1;"#NULO#";"#NULO#";"#NULO#";220000050702;"PARTIDO ISOLADO";"PSL";"N";2736;"Válido";2736;4;"NÃO ELEITO"
"13/11/2024";"10:56:11";2018;2;"Eleição Ordinária";1;297;"ELEIÇÕES GERAIS ESTADUAIS 2018";"07/10/2018";"E";"RO";"RO";"RONDÔNIA";558;"VALE DO PARAÍSO";28;5;"Senador";220000625840;177;"JAIME MAXIMINO BAGATTOLI";"JAIME BAGATTOLI";"#NULO#";12;"APTO";2;"DEFERIDO";-3;"#NE";-3;"#NE";-3;"#NE";"PARTIDO ISOLADO";17;"PSL";"Partido Social Liberal";-1;"#NULO#";"#NULO#";"#NULO#";220000050702;"PARTIDO ISOLADO";"PSL";"N";669;"Válido";669;4;"NÃO ELEITO"
"13/11/2024";"10:56:11";2018;2;"Eleição Ordinária";1;297;"ELEIÇÕES GERAIS ESTADUAIS 2018";"07/10/2018";"E";"RO";"RO";"RONDÔNIA";728;"PRIMAVERA DE RONDÔNIA";9;5;"Senador";220000625840;177;"JAIME MAXIMINO BAGATTOLI";"JAIME BAGATTOLI";"#NULO#";12;"APTO";2;"DEFERIDO";-3;"#NE";-3;"#NE";-3;"#NE";"PARTIDO ISOLADO";17;"PSL";"Partido Social Liberal";-1;"#NULO#";"#NULO#";"#NULO#";220000050702;"PARTIDO ISOLADO";"PSL";"N";471;"Válido";471;4;"NÃO ELEITO"
"13/11/2024";"10:56:11";2018;2;"Eleição Ordinária";1;297;"ELEIÇÕES GERAIS ESTADUAIS 2018";"07/10/2018";"E";"RO";"RO";"RONDÔNIA";809;"CHUPINGUAIA";8;5;"Senador";220000625840;177;"JAIME MAXIMINO BAGATTOLI";"JAIME BAGATTOLI";"#NULO#";12;"APTO";2;"DEFERIDO";-3;"#NE";-3;"#NE";-3;"#NE";"PARTIDO ISOLADO";17;"PSL";"Partido Social Liberal";-1;"#NULO#";"#NULO#";"#NULO#";220000050702;"PARTIDO ISOLADO";"PSL";"N";2365;"Válido";2365;4;"NÃO ELEITO"
"13/11/2024";"10:56:11";2018;2;"Eleição Ordinária";1;297;"ELEIÇÕES GERAIS ESTADUAIS 2018";"07/10/2018";"E";"RO";"RO";"RONDÔNIA";566;"URUPÁ";18;5;"Senador";220000625840;177;"JAIME MAXIMINO BAGATTOLI";"JAIME BAGATTOLI";"#NULO#";12;"APTO";2;"DEFERIDO";-3;"#NE";-3;"#NE";-3;"#NE";"PARTIDO ISOLADO";17;"PSL";"Partido Social Liberal";-1;"#NULO#";"#NULO#";"#NULO#";220000050702;"PARTIDO ISOLADO";"PSL";"N";1527;"Válido";1527;4;"NÃO ELEITO"
"13/11/2024";"10:56:11";2018;2;"Eleição Ordinária";1;297;"ELEIÇÕES GERAIS ESTADUAIS 2018";"07/10/2018";"E";"RO";"RO";"RONDÔNIA";612;"GOVERNADOR JORGE TEIXEIRA";27;5;"Senador";220000625840;177;"JAIME MAXIMINO BAGATTOLI";"JAIME BAGATTOLI";"#NULO#";12;"APTO";2;"DEFERIDO";-3;"#NE";-3;"#NE";-3;"#NE";"PARTIDO ISOLADO";17;"PSL";"Partido Social Liberal";-1;"#NULO#";"#NULO#";"#NULO#";220000050702;"PARTIDO ISOLADO";"PSL";"N";598;"Válido";598;4;"NÃO ELEITO"
"13/11/2024";"10:56:11";2018;2;"Eleição Ordinária";1;297;"ELEIÇÕES GERAIS ESTADUAIS 2018";"07/10/2018";"E";"RO";"RO";"RONDÔNIA";647;"RIO CRESPO";26;5;"Senador";220000625840;177;"JAIME MAXIMINO BAGATTOLI";"JAIME BAGATTOLI";"#NULO#";12;"APTO";2;"DEFERIDO";-3;"#NE";-3;"#NE";-3;"#NE";"PARTIDO ISOLADO";17;"PSL";"Partido Social Liberal";-1;"#NULO#";"#NULO#";"#NULO#";220000050702;"PARTIDO ISOLADO";"PSL";"N";323;"Válido";323;4;"NÃO ELEITO"
"13/11/2024";"10:56:11";2018;2;"Eleição Ordinária";1;297;"ELEIÇÕES GERAIS ESTADUAIS 2018";"07/10/2018";"E";"RO";"RO";"RONDÔNIA";639;"ALTO PARAÍSO";25;5;"Senador";220000625840;177;"JAIME MAXIMINO BAGATTOLI";"JAIME BAGATTOLI";"#NULO#";12;"APTO";2;"DEFERIDO";-3;"#NE";-3;"#NE";-3;"#NE";"PARTIDO ISOLADO";17;"PSL";"Partido Social Liberal";-1;"#NULO#";"#NULO#";"#NULO#";220000050702;"PARTIDO ISOLADO";"PSL";"N";1836;"Válido";1836;4;"NÃO ELEITO"
"13/11/2024";"10:56:11";2018;2;"Eleição Ordinária";1;297;"ELEIÇÕES GERAIS ESTADUAIS 2018";"07/10/2018";"E";"RO";"RO";"RONDÔNIA";477;"CANDEIAS DO JAMARI";21;5;"Senador";220000625840;177;"JAIME MAXIMINO BAGATTOLI";"JAIME BAGATTOLI";"#NULO#";12;"APTO";2;"DEFERIDO";-3;"#NE";-3;"#NE";-3;"#NE";"PARTIDO ISOLADO";17;"PSL";"Partido Social Liberal";-1;"#NULO#";"#NULO#";"#NULO#";220000050702;"PARTIDO ISOLADO";"PSL";"N";2518;"Válido";2518;4;"NÃO ELEITO"
"13/11/2024";"10:56:11";2018;2;"Eleição Ordinária";1;297;"ELEIÇÕES GERAIS ESTADUAIS 2018";"07/10/2018";"E";"RO";"RO";"RONDÔNIA";620;"CACAULÂNDIA";26;5;"Senador";220000625840;177;"JAIME MAXIMINO BAGATTOLI";"JAIME BAGATTOLI";"#NULO#";12;"APTO";2;"DEFERIDO";-3;"#NE";-3;"#NE";-3;"#NE";"PARTIDO ISOLADO";17;"PSL";"Partido Social Liberal";-1;"#NULO#";"#NULO#";"#NULO#";220000050702;"PARTIDO ISOLADO";"PSL";"N";641;"Válido";641;4;"NÃO ELEITO"
"13/11/2024";"10:56:11";2018;2;"Eleição Ordinária";1;297;"ELEIÇÕES GERAIS ESTADUAIS 2018";"07/10/2018";"E";"RO";"RO";"RONDÔNIA";370;"NOVA BRASILÂNDIA D OESTE";15;5;"Senador";220000625840;177;"JAIME MAXIMINO BAGATTOLI";"JAIME BAGATTOLI";"#NULO#";12;"APTO";2;"DEFERIDO";-3;"#NE";-3;"#NE";-3;"#NE";"PARTIDO ISOLADO";17;"PSL";"Partido Social Liberal";-1;"#NULO#";"#NULO#";"#NULO#";220000050702;"PARTIDO ISOLADO";"PSL";"N";1683;"Válido";1683;4;"NÃO ELEITO"
"13/11/2024";"10:56:11";2018;2;"Eleição Ordinária";1;297;"ELEIÇÕES GERAIS ESTADUAIS 2018";"07/10/2018";"E";"RO";"RO";"RONDÔNIA";230;"COLORADO DO OESTE";8;5;"Senador";220000609854;100;"EDESIO FERNANDES DA SILVA";"PASTOR EDÉSIO FERNANDES";"#NULO#";12;"APTO";2;"DEFERIDO";-3;"#NE";-3;"#NE";-3;"#NE";"COLIGAÇÃO";10;"PRB";"Partido Republicano Brasileiro";-1;"#NULO#";"#NULO#";"#NULO#";220000050260;"RONDÔNIA, ESPERANÇA DE UM NOVO TEMPO";"PSDB / DEM / PSD / PRB / PATRI";"N";198;"Válido";198;4;"NÃO ELEITO"
"13/11/2024";"10:56:11";2018;2;"Eleição Ordinária";1;297;"ELEIÇÕES GERAIS ESTADUAIS 2018";"07/10/2018";"E";"RO";"RO";"RONDÔNIA";230;"COLORADO DO OESTE";8;5;"Senador";220000625840;177;"JAIME MAXIMINO BAGATTOLI";"JAIME BAGATTOLI";"#NULO#";12;"APTO";2;"DEFERIDO";-3;"#NE";-3;"#NE";-3;"#NE";"PARTIDO ISOLADO";17;"PSL";"Partido Social Liberal";-1;"#NULO#";"#NULO#";"#NULO#";220000050702;"PARTIDO ISOLADO";"PSL";"N";5433;"Válido";5433;4;"NÃO ELEITO"
"13/11/2024";"10:56:11";2018;2;"Eleição Ordinária";1;297;"ELEIÇÕES GERAIS ESTADUAIS 2018";"07/10/2018";"E";"RO";"RO";"RONDÔNIA";159;"JARU";10;5;"Senador";220000609854;100;"EDESIO FERNANDES DA SILVA";"PASTOR EDÉSIO FERNANDES";"#NULO#";12;"APTO";2;"DEFERIDO";-3;"#NE";-3;"#NE";-3;"#NE";"COLIGAÇÃO";10;"PRB";"Partido Republicano Brasileiro";-1;"#NULO#";"#NULO#";"#NULO#";220000050260;"RONDÔNIA, ESPERANÇA DE UM NOVO TEMPO";"PSDB / DEM / PSD / PRB / PATRI";"N";542;"Válido";542;4;"NÃO ELEITO"
"13/11/2024";"10:56:11";2018;2;"Eleição Ordinária";1;297;"ELEIÇÕES GERAIS ESTADUAIS 2018";"07/10/2018";"E";"RO";"RO";"RONDÔNIA";78;"ARIQUEMES";7;5;"Senador";220000609854;100;"EDESIO FERNANDES DA SILVA";"PASTOR EDÉSIO FERNANDES";"#NULO#";12;"APTO";2;"DEFERIDO";-3;"#NE";-3;"#NE";-3;"#NE";"COLIGAÇÃO";10;"PRB";"Partido Republicano Brasileiro";-1;"#NULO#";"#NULO#";"#NULO#";220000050260;"RONDÔNIA, ESPERANÇA DE UM NOVO TEMPO";"PSDB / DEM / PSD / PRB / PATRI";"N";2007;"Válido";2007;4;"NÃO ELEITO"
"13/11/2024";"10:56:11";2018;2;"Eleição Ordinária";1;297;"ELEIÇÕES GERAIS ESTADUAIS 2018";"07/10/2018";"E";"RO";"RO";"RONDÔNIA";132;"VILHENA";4;5;"Senador";220000609854;100;"EDESIO FERNANDES DA SILVA";"PASTOR EDÉSIO FERNANDES";"#NULO#";12;"APTO";2;"DEFERIDO";-3;"#NE";-3;"#NE";-3;"#NE";"COLIGAÇÃO";10;"PRB";"Partido Republicano Brasileiro";-1;"#NULO#";"#NULO#";"#NULO#";220000050260;"RONDÔNIA, ESPERANÇA DE UM NOVO TEMPO";"PSDB / DEM / PSD / PRB / PATRI";"N";1101;"Válido";1101;4;"NÃO ELEITO"
"13/11/2024";"10:56:11";2018;2;"Eleição Ordinária";1;297;"ELEIÇÕES GERAIS ESTADUAIS 2018";"07/10/2018";"E";"RO";"RO";"RONDÔNIA";710;"SÃO FELIPE D OESTE";19;5;"Senador";220000609854;100;"EDESIO FERNANDES DA SILVA";"PASTOR EDÉSIO FERNANDES";"#NULO#";12;"APTO";2;"DEFERIDO";-3;"#NE";-3;"#NE";-3;"#NE";"COLIGAÇÃO";10;"PRB";"Partido Republicano Brasileiro";-1;"#NULO#";"#NULO#";"#NULO#";220000050260;"RONDÔNIA, ESPERANÇA DE UM NOVO TEMPO";"PSDB / DEM / PSD / PRB / PATRI";"N";57;"Válido";57;4;"NÃO ELEITO"
"13/11/2024";"10:56:11";2018;2;"Eleição Ordinária";1;297;"ELEIÇÕES GERAIS ESTADUAIS 2018";"07/10/2018";"E";"RO";"RO";"RONDÔNIA";159;"JARU";10;5;"Senador";220000625840;177;"JAIME MAXIMINO BAGATTOLI";"JAIME BAGATTOLI";"#NULO#";12;"APTO";2;"DEFERIDO";-3;"#NE";-3;"#NE";-3;"#NE";"PARTIDO ISOLADO";17;"PSL";"Partido Social Liberal";-1;"#NULO#";"#NULO#";"#NULO#";220000050702;"PARTIDO ISOLADO";"PSL";"N";5278;"Válido";5278;4;"NÃO ELEITO"
"13/11/2024";"10:56:11";2018;2;"Eleição Ordinária";1;297;"ELEIÇÕES GERAIS ESTADUAIS 2018";"07/10/2018";"E";"RO";"RO";"RONDÔNIA";590;"THEOBROMA";27;5;"Senador";220000625840;177;"JAIME MAXIMINO BAGATTOLI";"JAIME BAGATTOLI";"#NULO#";12;"APTO";2;"DEFERIDO";-3;"#NE";-3;"#NE";-3;"#NE";"PARTIDO ISOLADO";17;"PSL";"Partido Social Liberal";-1;"#NULO#";"#NULO#";"#NULO#";220000050702;"PARTIDO ISOLADO";"PSL";"N";567;"Válido";567;4;"NÃO ELEITO"
"13/11/2024";"10:56:11";2018;2;"Eleição Ordinária";1;297;"ELEIÇÕES GERAIS ESTADUAIS 2018";"07/10/2018";"E";"RO";"RO";"RONDÔNIA";337;"ALVORADA DO OESTE";18;5;"Senador";220000625840;177;"JAIME MAXIMINO BAGATTOLI";"JAIME BAGATTOLI";"#NULO#";12;"APTO";2;"DEFERIDO";-3;"#NE";-3;"#NE";-3;"#NE";"PARTIDO ISOLADO";17;"PSL";"Partido Social Liberal";-1;"#NULO#";"#NULO#";"#NULO#";220000050702;"PARTIDO ISOLADO";"PSL";"N";984;"Válido";984;4;"NÃO ELEITO"
"13/11/2024";"10:56:11";2018;2;"Eleição Ordinária";1;297;"ELEIÇÕES GERAIS ESTADUAIS 2018";"07/10/2018";"E";"RO";"RO";"RONDÔNIA";175;"OURO PRETO DO OESTE";13;5;"Senador";220000625840;177;"JAIME MAXIMINO BAGATTOLI";"JAIME BAGATTOLI";"#NULO#";12;"APTO";2;"DEFERIDO";-3;"#NE";-3;"#NE";-3;"#NE";"PARTIDO ISOLADO";17;"PSL";"Partido Social Liberal";-1;"#NULO#";"#NULO#";"#NULO#";220000050702;"PARTIDO ISOLADO";"PSL";"N";4649;"Válido";4649;4;"NÃO ELEITO"
"13/11/2024";"10:56:11";2018;2;"Eleição Ordinária";1;297;"ELEIÇÕES GERAIS ESTADUAIS 2018";"07/10/2018";"E";"RO";"RO";"RONDÔNIA";299;"ROLIM DE MOURA";29;5;"Senador";220000625840;177;"JAIME MAXIMINO BAGATTOLI";"JAIME BAGATTOLI";"#NULO#";12;"APTO";2;"DEFERIDO";-3;"#NE";-3;"#NE";-3;"#NE";"PARTIDO ISOLADO";17;"PSL";"Partido Social Liberal";-1;"#NULO#";"#NULO#";"#NULO#";220000050702;"PARTIDO ISOLADO";"PSL";"N";7475;"Válido";7475;4;"NÃO ELEITO"
"13/11/2024";"10:56:11";2018;2;"Eleição Ordinária";1;297;"ELEIÇÕES GERAIS ESTADUAIS 2018";"07/10/2018";"E";"RO";"RO";"RONDÔNIA";256;"ESPIGÃO DO OESTE";12;5;"Senador";220000625840;177;"JAIME MAXIMINO BAGATTOLI";"JAIME BAGATTOLI";"#NULO#";12;"APTO";2;"DEFERIDO";-3;"#NE";-3;"#NE";-3;"#NE";"PARTIDO ISOLADO";17;"PSL";"Partido Social Liberal";-1;"#NULO#";"#NULO#";"#NULO#";220000050702;"PARTIDO ISOLADO";"PSL";"N";4655;"Válido";4655;4;"NÃO ELEITO"
"13/11/2024";"10:56:11";2018;2;"Eleição Ordinária";1;297;"ELEIÇÕES GERAIS ESTADUAIS 2018";"07/10/2018";"E";"RO";"RO";"RONDÔNIA";191;"PRESIDENTE MÉDICI";3;5;"Senador";220000625840;177;"JAIME MAXIMINO BAGATTOLI";"JAIME BAGATTOLI";"#NULO#";12;"APTO";2;"DEFERIDO";-3;"#NE";-3;"#NE";-3;"#NE";"PARTIDO ISOLADO";17;"PSL";"Partido Social Liberal";-1;"#NULO#";"#NULO#";"#NULO#";220000050702;"PARTIDO ISOLADO";"PSL";"N";1856;"Válido";1856;4;"NÃO ELEITO"
"13/11/2024";"10:56:11";2018;2;"Eleição Ordinária";1;297;"ELEIÇÕES GERAIS ESTADUAIS 2018";"07/10/2018";"E";"RO";"RO";"RONDÔNIA";353;"SANTA LUZIA D OESTE";19;5;"Senador";220000625840;177;"JAIME MAXIMINO BAGATTOLI";"JAIME BAGATTOLI";"#NULO#";12;"APTO";2;"DEFERIDO";-3;"#NE";-3;"#NE";-3;"#NE";"PARTIDO ISOLADO";17;"PSL";"Partido Social Liberal";-1;"#NULO#";"#NULO#";"#NULO#";220000050702;"PARTIDO ISOLADO";"PSL";"N";650;"Válido";650;4;"NÃO ELEITO"
"13/11/2024";"10:56:11";2018;2;"Eleição Ordinária";1;297;"ELEIÇÕES GERAIS ESTADUAIS 2018";"07/10/2018";"E";"RO";"RO";"RONDÔNIA";213;"COSTA MARQUES";5;5;"Senador";220000625840;177;"JAIME MAXIMINO BAGATTOLI";"JAIME BAGATTOLI";"#NULO#";12;"APTO";2;"DEFERIDO";-3;"#NE";-3;"#NE";-3;"#NE";"PARTIDO ISOLADO";17;"PSL";"Partido Social Liberal";-1;"#NULO#";"#NULO#";"#NULO#";220000050702;"PARTIDO ISOLADO";"PSL";"N";811;"Válido";811;4;"NÃO ELEITO"
"13/11/2024";"10:56:11";2018;2;"Eleição Ordinária";1;297;"ELEIÇÕES GERAIS ESTADUAIS 2018";"07/10/2018";"E";"RO";"RO";"RONDÔNIA";663;"MONTE NEGRO";25;5;"Senador";220000625840;177;"JAIME MAXIMINO BAGATTOLI";"JAIME BAGATTOLI";"#NULO#";12;"APTO";2;"DEFERIDO";-3;"#NE";-3;"#NE";-3;"#NE";"PARTIDO ISOLADO";17;"PSL";"Partido Social Liberal";-1;"#NULO#";"#NULO#";"#NULO#";220000050702;"PARTIDO ISOLADO";"PSL";"N";1338;"Válido";1338;4;"NÃO ELEITO"
"13/11/2024";"10:56:11";2018;2;"Eleição Ordinária";1;297;"ELEIÇÕES GERAIS ESTADUAIS 2018";"07/10/2018";"E";"RO";"RO";"RONDÔNIA";19;"GUAJARÁ-MIRIM";1;5;"Senador";220000625840;177;"JAIME MAXIMINO BAGATTOLI";"JAIME BAGATTOLI";"#NULO#";12;"APTO";2;"DEFERIDO";-3;"#NE";-3;"#NE";-3;"#NE";"PARTIDO ISOLADO";17;"PSL";"Partido Social Liberal";-1;"#NULO#";"#NULO#";"#NULO#";220000050702;"PARTIDO ISOLADO";"PSL";"N";4602;"Válido";4602;4;"NÃO ELEITO"
"13/11/2024";"10:56:11";2018;2;"Eleição Ordinária";1;297;"ELEIÇÕES GERAIS ESTADUAIS 2018";"07/10/2018";"E";"RO";"RO";"RONDÔNIA";35;"PORTO VELHO";21;5;"Senador";220000609854;100;"EDESIO FERNANDES DA SILVA";"PASTOR EDÉSIO FERNANDES";"#NULO#";12;"APTO";2;"DEFERIDO";-3;"#NE";-3;"#NE";-3;"#NE";"COLIGAÇÃO";10;"PRB";"Partido Republicano Brasileiro";-1;"#NULO#";"#NULO#";"#NULO#";220000050260;"RONDÔNIA, ESPERANÇA DE UM NOVO TEMPO";"PSDB / DEM / PSD / PRB / PATRI";"N";5666;"Válido";5666;4;"NÃO ELEITO"
"13/11/2024";"10:56:11";2018;2;"Eleição Ordinária";1;297;"ELEIÇÕES GERAIS ESTADUAIS 2018";"07/10/2018";"E";"RO";"RO";"RONDÔNIA";35;"PORTO VELHO";20;5;"Senador";220000609854;100;"EDESIO FERNANDES DA SILVA";"PASTOR EDÉSIO FERNANDES";"#NULO#";12;"APTO";2;"DEFERIDO";-3;"#NE";-3;"#NE";-3;"#NE";"COLIGAÇÃO";10;"PRB";"Partido Republicano Brasileiro";-1;"#NULO#";"#NULO#";"#NULO#";220000050260;"RONDÔNIA, ESPERANÇA DE UM NOVO TEMPO";"PSDB / DEM / PSD / PRB / PATRI";"N";6564;"Válido";6564;4;"NÃO ELEITO"
"13/11/2024";"10:56:11";2018;2;"Eleição Ordinária";1;297;"ELEIÇÕES GERAIS ESTADUAIS 2018";"07/10/2018";"E";"RO";"RO";"RONDÔNIA";35;"PORTO VELHO";6;5;"Senador";220000609854;100;"EDESIO FERNANDES DA SILVA";"PASTOR EDÉSIO FERNANDES";"#NULO#";12;"APTO";2;"DEFERIDO";-3;"#NE";-3;"#NE";-3;"#NE";"COLIGAÇÃO";10;"PRB";"Partido Republicano Brasileiro";-1;"#NULO#";"#NULO#";"#NULO#";220000050260;"RONDÔNIA, ESPERANÇA DE UM NOVO TEMPO";"PSDB / DEM / PSD / PRB / PATRI";"N";5432;"Válido";5432;4;"NÃO ELEITO"
"13/11/2024";"10:56:11";2018;2;"Eleição Ordinária";1;297;"ELEIÇÕES GERAIS ESTADUAIS 2018";"07/10/2018";"E";"RO";"RO";"RONDÔNIA";35;"PORTO VELHO";2;5;"Senador";220000609854;100;"EDESIO FERNANDES DA SILVA";"PASTOR EDÉSIO FERNANDES";"#NULO#";12;"APTO";2;"DEFERIDO";-3;"#NE";-3;"#NE";-3;"#NE";"COLIGAÇÃO";10;"PRB";"Partido Republicano Brasileiro";-1;"#NULO#";"#NULO#";"#NULO#";220000050260;"RONDÔNIA, ESPERANÇA DE UM NOVO TEMPO";"PSDB / DEM / PSD / PRB / PATRI";"N";6769;"Válido";6769;4;"NÃO ELEITO"
"13/11/2024";"10:56:11";2018;2;"Eleição Ordinária";1;297;"ELEIÇÕES GERAIS ESTADUAIS 2018";"07/10/2018";"E";"RO";"RO";"RONDÔNIA";736;"ALTO ALEGRE DOS PARECIS";19;5;"Senador";220000609854;100;"EDESIO FERNANDES DA SILVA";"PASTOR EDÉSIO FERNANDES";"#NULO#";12;"APTO";2;"DEFERIDO";-3;"#NE";-3;"#NE";-3;"#NE";"COLIGAÇÃO";10;"PRB";"Partido Republicano Brasileiro";-1;"#NULO#";"#NULO#";"#NULO#";220000050260;"RONDÔNIA, ESPERANÇA DE UM NOVO TEMPO";"PSDB / DEM / PSD / PRB / PATRI";"N";126;"Válido";126;4;"NÃO ELEITO"
"13/11/2024";"10:56:11";2018;2;"Eleição Ordinária";2;296;"ELEIÇÃO GERAL FEDERAL 2018";"28/10/2018";"F";"RO";"BR";"BRASIL";230;"COLORADO DO OESTE";8;1;"Presidente";280000629808;13;"FERNANDO HADDAD";"FERNANDO HADDAD";"#NULO#";12;"APTO";2;"DEFERIDO";-3;"#NE";-3;"#NE";-3;"#NE";"COLIGAÇÃO";13;"PT";"Partido dos Trabalhadores";-1;"#NULO#";"#NULO#";"#NULO#";280000050703;"O POVO FELIZ DE NOVO";"PT / PC do B / PROS";"N";2441;"Válido";2441;4;"NÃO ELEITO"
"13/11/2024";"10:56:11";2018;2;"Eleição Ordinária";2;296;"ELEIÇÃO GERAL FEDERAL 2018";"28/10/2018";"F";"RO";"BR";"BRASIL";159;"JARU";10;1;"Presidente";280000629808;13;"FERNANDO HADDAD";"FERNANDO HADDAD";"#NULO#";12;"APTO";2;"DEFERIDO";-3;"#NE";-3;"#NE";-3;"#NE";"COLIGAÇÃO";13;"PT";"Partido dos Trabalhadores";-1;"#NULO#";"#NULO#";"#NULO#";280000050703;"O POVO FELIZ DE NOVO";"PT / PC do B / PROS";"N";5627;"Válido";5627;4;"NÃO ELEITO"
"13/11/2024";"10:56:11";2018;2;"Eleição Ordinária";1;295;"ELEIÇÃO GERAL FEDERAL 2018";"07/10/2018";"F";"RO";"BR";"BRASIL";78;"ARIQUEMES";7;1;"Presidente";280000618462;19;"ALVARO FERNANDES DIAS";"ALVARO DIAS";"#NULO#";12;"APTO";2;"DEFERIDO";-3;"#NE";-3;"#NE";-3;"#NE";"COLIGAÇÃO";19;"PODE";"Podemos";-1;"#NULO#";"#NULO#";"#NULO#";280000050478;"MUDANÇA DE VERDADE";"PODE / PRP / PSC / PTC";"N";491;"Válido";491;4;"NÃO ELEITO"
"13/11/2024";"10:56:11";2018;2;"Eleição Ordinária";1;295;"ELEIÇÃO GERAL FEDERAL 2018";"07/10/2018";"F";"RO";"BR";"BRASIL";132;"VILHENA";4;1;"Presidente";280000618462;19;"ALVARO FERNANDES DIAS";"ALVARO DIAS";"#NULO#";12;"APTO";2;"DEFERIDO";-3;"#NE";-3;"#NE";-3;"#NE";"COLIGAÇÃO";19;"PODE";"Podemos";-1;"#NULO#";"#NULO#";"#NULO#";280000050478;"MUDANÇA DE VERDADE";"PODE / PRP / PSC / PTC";"N";544;"Válido";544;4;"NÃO ELEITO"
"13/11/2024";"10:56:11";2018;2;"Eleição Ordinária";1;295;"ELEIÇÃO GERAL FEDERAL 2018";"07/10/2018";"F";"RO";"BR";"BRASIL";710;"SÃO FELIPE D OESTE";19;1;"Presidente";280000618462;19;"ALVARO FERNANDES DIAS";"ALVARO DIAS";"#NULO#";12;"APTO";2;"DEFERIDO";-3;"#NE";-3;"#NE";-3;"#NE";"COLIGAÇÃO";19;"PODE";"Podemos";-1;"#NULO#";"#NULO#";"#NULO#";280000050478;"MUDANÇA DE VERDADE";"PODE / PRP / PSC / PTC";"N";77;"Válido";77;4;"NÃO ELEITO"
"13/11/2024";"10:56:11";2018;2;"Eleição Ordinária";1;295;"ELEIÇÃO GERAL FEDERAL 2018";"07/10/2018";"F";"RO";"BR";"BRASIL";35;"PORTO VELHO";20;1;"Presidente";280000618462;19;"ALVARO FERNANDES DIAS";"ALVARO DIAS";"#NULO#";12;"APTO";2;"DEFERIDO";-3;"#NE";-3;"#NE";-3;"#NE";"COLIGAÇÃO";19;"PODE";"Podemos";-1;"#NULO#";"#NULO#";"#NULO#";280000050478;"MUDANÇA DE VERDADE";"PODE / PRP / PSC / PTC";"N";540;"Válido";540;4;"NÃO ELEITO"
"13/11/2024";"10:56:11";2018;2;"Eleição Ordinária";1;295;"ELEIÇÃO GERAL FEDERAL 2018";"07/10/2018";"F";"RO";"BR";"BRASIL";35;"PORTO VELHO";2;1;"Presidente";280000618462;19;"ALVARO FERNANDES DIAS";"ALVARO DIAS";"#NULO#";12;"APTO";2;"DEFERIDO";-3;"#NE";-3;"#NE";-3;"#NE";"COLIGAÇÃO";19;"PODE";"Podemos";-1;"#NULO#";"#NULO#";"#NULO#";280000050478;"MUDANÇA DE VERDADE";"PODE / PRP / PSC / PTC";"N";657;"Válido";657;4;"NÃO ELEITO"
"13/11/2024";"10:56:11";2018;2;"Eleição Ordinária";1;295;"ELEIÇÃO GERAL FEDERAL 2018";"07/10/2018";"F";"RO";"BR";"BRASIL";35;"PORTO VELHO";21;1;"Presidente";280000618462;19;"ALVARO FERNANDES DIAS";"ALVARO DIAS";"#NULO#";12;"APTO";2;"DEFERIDO";-3;"#NE";-3;"#NE";-3;"#NE";"COLIGAÇÃO";19;"PODE";"Podemos";-1;"#NULO#";"#NULO#";"#NULO#";280000050478;"MUDANÇA DE VERDADE";"PODE / PRP / PSC / PTC";"N";275;"Válido";275;4;"NÃO ELEITO"
"13/11/2024";"10:56:11";2018;2;"Eleição Ordinária";1;295;"ELEIÇÃO GERAL FEDERAL 2018";"07/10/2018";"F";"RO";"BR";"BRASIL";35;"PORTO VELHO";6;1;"Presidente";280000618462;19;"ALVARO FERNANDES DIAS";"ALVARO DIAS";"#NULO#";12;"APTO";2;"DEFERIDO";-3;"#NE";-3;"#NE";-3;"#NE";"COLIGAÇÃO";19;"PODE";"Podemos";-1;"#NULO#";"#NULO#";"#NULO#";280000050478;"MUDANÇA DE VERDADE";"PODE / PRP / PSC / PTC";"N";442;"Válido";442;4;"NÃO ELEITO"
"13/11/2024";"10:56:11";2018;2;"Eleição Ordinária";1;295;"ELEIÇÃO GERAL FEDERAL 2018";"07/10/2018";"F";"RO";"BR";"BRASIL";736;"ALTO ALEGRE DOS PARECIS";19;1;"Presidente";280000618462;19;"ALVARO FERNANDES DIAS";"ALVARO DIAS";"#NULO#";12;"APTO";2;"DEFERIDO";-3;"#NE";-3;"#NE";-3;"#NE";"COLIGAÇÃO";19;"PODE";"Podemos";-1;"#NULO#";"#NULO#";"#NULO#";280000050478;"MUDANÇA DE VERDADE";"PODE / PRP / PSC / PTC";"N";85;"Válido";85;4;"NÃO ELEITO"
"13/11/2024";"10:56:11";2018;2;"Eleição Ordinária";1;295;"ELEIÇÃO GERAL FEDERAL 2018";"07/10/2018";"F";"RO";"BR";"BRASIL";230;"COLORADO DO OESTE";8;1;"Presidente";280000622281;15;"HENRIQUE DE CAMPOS MEIRELLES";"HENRIQUE MEIRELLES";"#NULO#";12;"APTO";2;"DEFERIDO";-3;"#NE";-3;"#NE";-3;"#NE";"COLIGAÇÃO";15;"MDB";"Movimento Democrático Brasileiro";-1;"#NULO#";"#NULO#";"#NULO#";280000050592;"ESSA É A SOLUÇÃO";"MDB / PHS";"N";111;"Válido";111;4;"NÃO ELEITO"
"13/11/2024";"10:56:11";2018;2;"Eleição Ordinária";1;295;"ELEIÇÃO GERAL FEDERAL 2018";"07/10/2018";"F";"RO";"BR";"BRASIL";159;"JARU";10;1;"Presidente";280000622281;15;"HENRIQUE DE CAMPOS MEIRELLES";"HENRIQUE MEIRELLES";"#NULO#";12;"APTO";2;"DEFERIDO";-3;"#NE";-3;"#NE";-3;"#NE";"COLIGAÇÃO";15;"MDB";"Movimento Democrático Brasileiro";-1;"#NULO#";"#NULO#";"#NULO#";280000050592;"ESSA É A SOLUÇÃO";"MDB / PHS";"N";352;"Válido";352;4;"NÃO ELEITO"
"13/11/2024";"10:56:11";2018;2;"Eleição Ordinária";1;295;"ELEIÇÃO GERAL FEDERAL 2018";"07/10/2018";"F";"RO";"BR";"BRASIL";230;"COLORADO DO OESTE";8;1;"Presidente";280000602477;45;"GERALDO JOSÉ RODRIGUES ALCKMIN FILHO";"GERALDO ALCKMIN";"#NULO#";12;"APTO";2;"DEFERIDO";-3;"#NE";-3;"#NE";-3;"#NE";"COLIGAÇÃO";45;"PSDB";"Partido da Social Democracia Brasileira";-1;"#NULO#";"#NULO#";"#NULO#";280000050070;"PARA UNIR O BRASIL";"PSDB / PTB / PP / PR / DEM / SOLIDARIEDADE / PPS / PRB / PSD";"N";364;"Válido";364;4;"NÃO ELEITO"
"13/11/2024";"10:56:11";2018;2;"Eleição Ordinária";1;295;"ELEIÇÃO GERAL FEDERAL 2018";"07/10/2018";"F";"RO";"BR";"BRASIL";159;"JARU";10;1;"Presidente";280000624085;27;"JOSE MARIA EYMAEL";"EYMAEL";"#NULO#";12;"APTO";2;"DEFERIDO";-3;"#NE";-3;"#NE";-3;"#NE";"PARTIDO ISOLADO";27;"DC";"Democracia Cristã";-1;"#NULO#";"#NULO#";"#NULO#";280000050639;"PARTIDO ISOLADO";"DC";"N";5;"Válido";5;4;"NÃO ELEITO"
"13/11/2024";"10:56:11";2018;2;"Eleição Ordinária";1;295;"ELEIÇÃO GERAL FEDERAL 2018";"07/10/2018";"F";"RO";"BR";"BRASIL";230;"COLORADO DO OESTE";8;1;"Presidente";280000605589;12;"CIRO FERREIRA GOMES";"CIRO GOMES";"#NULO#";12;"APTO";2;"DEFERIDO";-3;"#NE";-3;"#NE";-3;"#NE";"COLIGAÇÃO";12;"PDT";"Partido Democrático Trabalhista";-1;"#NULO#";"#NULO#";"#NULO#";280000050163;"BRASIL SOBERANO";"PDT / AVANTE";"N";427;"Válido";427;4;"NÃO ELEITO"
"13/11/2024";"10:56:11";2018;2;"Eleição Ordinária";1;295;"ELEIÇÃO GERAL FEDERAL 2018";"07/10/2018";"F";"RO";"BR";"BRASIL";159;"JARU";10;1;"Presidente";280000605589;12;"CIRO FERREIRA GOMES";"CIRO GOMES";"#NULO#";12;"APTO";2;"DEFERIDO";-3;"#NE";-3;"#NE";-3;"#NE";"COLIGAÇÃO";12;"PDT";"Partido Democrático Trabalhista";-1;"#NULO#";"#NULO#";"#NULO#";280000050163;"BRASIL SOBERANO";"PDT / AVANTE";"N";1061;"Válido";1061;4;"NÃO ELEITO"
"13/11/2024";"10:56:11";2018;2;"Eleição Ordinária";1;295;"ELEIÇÃO GERAL FEDERAL 2018";"07/10/2018";"F";"RO";"BR";"BRASIL";159;"JARU";10;1;"Presidente";280000602477;45;"GERALDO JOSÉ RODRIGUES ALCKMIN FILHO";"GERALDO ALCKMIN";"#NULO#";12;"APTO";2;"DEFERIDO";-3;"#NE";-3;"#NE";-3;"#NE";"COLIGAÇÃO";45;"PSDB";"Partido da Social Democracia Brasileira";-1;"#NULO#";"#NULO#";"#NULO#";280000050070;"PARA UNIR O BRASIL";"PSDB / PTB / PP / PR / DEM / SOLIDARIEDADE / PPS / PRB / PSD";"N";1486;"Válido";1486;4;"NÃO ELEITO"
"13/11/2024";"10:56:11";2018;2;"Eleição Ordinária";1;295;"ELEIÇÃO GERAL FEDERAL 2018";"07/10/2018";"F";"RO";"BR";"BRASIL";647;"RIO CRESPO";26;1;"Presidente";280000618462;19;"ALVARO FERNANDES DIAS";"ALVARO DIAS";"#NULO#";12;"APTO";2;"DEFERIDO";-3;"#NE";-3;"#NE";-3;"#NE";"COLIGAÇÃO";19;"PODE";"Podemos";-1;"#NULO#";"#NULO#";"#NULO#";280000050478;"MUDANÇA DE VERDADE";"PODE / PRP / PSC / PTC";"N";32;"Válido";32;4;"NÃO ELEITO"
"13/11/2024";"10:56:11";2018;2;"Eleição Ordinária";1;295;"ELEIÇÃO GERAL FEDERAL 2018";"07/10/2018";"F";"RO";"BR";"BRASIL";620;"CACAULÂNDIA";26;1;"Presidente";280000618462;19;"ALVARO FERNANDES DIAS";"ALVARO DIAS";"#NULO#";12;"APTO";2;"DEFERIDO";-3;"#NE";-3;"#NE";-3;"#NE";"COLIGAÇÃO";19;"PODE";"Podemos";-1;"#NULO#";"#NULO#";"#NULO#";280000050478;"MUDANÇA DE VERDADE";"PODE / PRP / PSC / PTC";"N";78;"Válido";78;4;"NÃO ELEITO"
"13/11/2024";"10:56:11";2018;2;"Eleição Ordinária";1;295;"ELEIÇÃO GERAL FEDERAL 2018";"07/10/2018";"F";"RO";"BR";"BRASIL";230;"COLORADO DO OESTE";8;1;"Presidente";280000622171;18;"MARIA OSMARINA MARINA DA SILVA VAZ DE LIMA";"MARINA SILVA";"#NULO#";12;"APTO";2;"DEFERIDO";-3;"#NE";-3;"#NE";-3;"#NE";"COLIGAÇÃO";18;"REDE";"Rede Sustentabilidade";-1;"#NULO#";"#NULO#";"#NULO#";280000050589;"UNIDOS PARA TRANSFORMAR O BRASIL";"REDE / PV";"N";56;"Válido";56;4;"NÃO ELEITO"
"13/11/2024";"10:56:11";2018;2;"Eleição Ordinária";1;295;"ELEIÇÃO GERAL FEDERAL 2018";"07/10/2018";"F";"RO";"BR";"BRASIL";159;"JARU";10;1;"Presidente";280000622171;18;"MARIA OSMARINA MARINA DA SILVA VAZ DE LIMA";"MARINA SILVA";"#NULO#";12;"APTO";2;"DEFERIDO";-3;"#NE";-3;"#NE";-3;"#NE";"COLIGAÇÃO";18;"REDE";"Rede Sustentabilidade";-1;"#NULO#";"#NULO#";"#NULO#";280000050589;"UNIDOS PARA TRANSFORMAR O BRASIL";"REDE / PV";"N";114;"Válido";114;4;"NÃO ELEITO"
"13/11/2024";"10:56:11";2018;2;"Eleição Ordinária";1;295;"ELEIÇÃO GERAL FEDERAL 2018";"07/10/2018";"F";"RO";"BR";"BRASIL";230;"COLORADO DO OESTE";8;1;"Presidente";280000607640;30;"JOÃO DIONISIO FILGUEIRA BARRETO AMOEDO";"JOÃO AMOÊDO";"#NULO#";12;"APTO";2;"DEFERIDO";-3;"#NE";-3;"#NE";-3;"#NE";"PARTIDO ISOLADO";30;"NOVO";"Partido Novo";-1;"#NULO#";"#NULO#";"#NULO#";280000050199;"PARTIDO ISOLADO";"NOVO";"N";181;"Válido";181;4;"NÃO ELEITO"
"13/11/2024";"10:56:11";2018;2;"Eleição Ordinária";1;295;"ELEIÇÃO GERAL FEDERAL 2018";"07/10/2018";"F";"RO";"BR";"BRASIL";159;"JARU";10;1;"Presidente";280000607640;30;"JOÃO DIONISIO FILGUEIRA BARRETO AMOEDO";"JOÃO AMOÊDO";"#NULO#";12;"APTO";2;"DEFERIDO";-3;"#NE";-3;"#NE";-3;"#NE";"PARTIDO ISOLADO";30;"NOVO";"Partido Novo";-1;"#NULO#";"#NULO#";"#NULO#";280000050199;"PARTIDO ISOLADO";"NOVO";"N";428;"Válido";428;4;"NÃO ELEITO"
"13/11/2024";"10:56:11";2018;2;"Eleição Ordinária";2;296;"ELEIÇÃO GERAL FEDERAL 2018";"28/10/2018";"F";"RO";"BR";"BRASIL";78;"ARIQUEMES";7;1;"Presidente";280000629808;13;"FERNANDO HADDAD";"FERNANDO HADDAD";"#NULO#";12;"APTO";2;"DEFERIDO";-3;"#NE";-3;"#NE";-3;"#NE";"COLIGAÇÃO";13;"PT";"Partido dos Trabalhadores";-1;"#NULO#";"#NULO#";"#NULO#";280000050703;"O POVO FELIZ DE NOVO";"PT / PC do B / PROS";"N";8862;"Válido";8862;4;"NÃO ELEITO"
"13/11/2024";"10:56:11";2018;2;"Eleição Ordinária";2;296;"ELEIÇÃO GERAL FEDERAL 2018";"28/10/2018";"F";"RO";"BR";"BRASIL";132;"VILHENA";4;1;"Presidente";280000629808;13;"FERNANDO HADDAD";"FERNANDO HADDAD";"#NULO#";12;"APTO";2;"DEFERIDO";-3;"#NE";-3;"#NE";-3;"#NE";"COLIGAÇÃO";13;"PT";"Partido dos Trabalhadores";-1;"#NULO#";"#NULO#";"#NULO#";280000050703;"O POVO FELIZ DE NOVO";"PT / PC do B / PROS";"N";8396;"Válido";8396;4;"NÃO ELEITO"
"13/11/2024";"10:56:11";2018;2;"Eleição Ordinária";2;296;"ELEIÇÃO GERAL FEDERAL 2018";"28/10/2018";"F";"RO";"BR";"BRASIL";710;"SÃO FELIPE D OESTE";19;1;"Presidente";280000629808;13;"FERNANDO HADDAD";"FERNANDO HADDAD";"#NULO#";12;"APTO";2;"DEFERIDO";-3;"#NE";-3;"#NE";-3;"#NE";"COLIGAÇÃO";13;"PT";"Partido dos Trabalhadores";-1;"#NULO#";"#NULO#";"#NULO#";280000050703;"O POVO FELIZ DE NOVO";"PT / PC do B / PROS";"N";964;"Válido";964;4;"NÃO ELEITO"
"13/11/2024";"10:56:11";2018;2;"Eleição Ordinária";2;296;"ELEIÇÃO GERAL FEDERAL 2018";"28/10/2018";"F";"RO";"BR";"BRASIL";35;"PORTO VELHO";20;1;"Presidente";280000629808;13;"FERNANDO HADDAD";"FERNANDO HADDAD";"#NULO#";12;"APTO";2;"DEFERIDO";-3;"#NE";-3;"#NE";-3;"#NE";"COLIGAÇÃO";13;"PT";"Partido dos Trabalhadores";-1;"#NULO#";"#NULO#";"#NULO#";280000050703;"O POVO FELIZ DE NOVO";"PT / PC do B / PROS";"N";21093;"Válido";21093;4;"NÃO ELEITO"
"13/11/2024";"10:56:11";2018;2;"Eleição Ordinária";2;296;"ELEIÇÃO GERAL FEDERAL 2018";"28/10/2018";"F";"RO";"BR";"BRASIL";35;"PORTO VELHO";2;1;"Presidente";280000629808;13;"FERNANDO HADDAD";"FERNANDO HADDAD";"#NULO#";12;"APTO";2;"DEFERIDO";-3;"#NE";-3;"#NE";-3;"#NE";"COLIGAÇÃO";13;"PT";"Partido dos Trabalhadores";-1;"#NULO#";"#NULO#";"#NULO#";280000050703;"O POVO FELIZ DE NOVO";"PT / PC do B / PROS";"N";21005;"Válido";21005;4;"NÃO ELEITO"
"13/11/2024";"10:56:11";2018;2;"Eleição Ordinária";2;296;"ELEIÇÃO GERAL FEDERAL 2018";"28/10/2018";"F";"RO";"BR";"BRASIL";35;"PORTO VELHO";6;1;"Presidente";280000629808;13;"FERNANDO HADDAD";"FERNANDO HADDAD";"#NULO#";12;"APTO";2;"DEFERIDO";-3;"#NE";-3;"#NE";-3;"#NE";"COLIGAÇÃO";13;"PT";"Partido dos Trabalhadores";-1;"#NULO#";"#NULO#";"#NULO#";280000050703;"O POVO FELIZ DE NOVO";"PT / PC do B / PROS";"N";18209;"Válido";18209;4;"NÃO ELEITO"
"13/11/2024";"10:56:11";2018;2;"Eleição Ordinária";2;296;"ELEIÇÃO GERAL FEDERAL 2018";"28/10/2018";"F";"RO";"BR";"BRASIL";35;"PORTO VELHO";21;1;"Presidente";280000629808;13;"FERNANDO HADDAD";"FERNANDO HADDAD";"#NULO#";12;"APTO";2;"DEFERIDO";-3;"#NE";-3;"#NE";-3;"#NE";"COLIGAÇÃO";13;"PT";"Partido dos Trabalhadores";-1;"#NULO#";"#NULO#";"#NULO#";280000050703;"O POVO FELIZ DE NOVO";"PT / PC do B / PROS";"N";14540;"Válido";14540;4;"NÃO ELEITO"
"13/11/2024";"10:56:11";2018;2;"Eleição Ordinária";2;296;"ELEIÇÃO GERAL FEDERAL 2018";"28/10/2018";"F";"RO";"BR";"BRASIL";736;"ALTO ALEGRE DOS PARECIS";19;1;"Presidente";280000629808;13;"FERNANDO HADDAD";"FERNANDO HADDAD";"#NULO#";12;"APTO";2;"DEFERIDO";-3;"#NE";-3;"#NE";-3;"#NE";"COLIGAÇÃO";13;"PT";"Partido dos Trabalhadores";-1;"#NULO#";"#NULO#";"#NULO#";280000050703;"O POVO FELIZ DE NOVO";"PT / PC do B / PROS";"N";2244;"Válido";2244;4;"NÃO ELEITO"
"13/11/2024";"10:56:11";2018;2;"Eleição Ordinária";1;295;"ELEIÇÃO GERAL FEDERAL 2018";"07/10/2018";"F";"RO";"BR";"BRASIL";612;"GOVERNADOR JORGE TEIXEIRA";27;1;"Presidente";280000618462;19;"ALVARO FERNANDES DIAS";"ALVARO DIAS";"#NULO#";12;"APTO";2;"DEFERIDO";-3;"#NE";-3;"#NE";-3;"#NE";"COLIGAÇÃO";19;"PODE";"Podemos";-1;"#NULO#";"#NULO#";"#NULO#";280000050478;"MUDANÇA DE VERDADE";"PODE / PRP / PSC / PTC";"N";49;"Válido";49;4;"NÃO ELEITO"
"13/11/2024";"10:56:11";2018;2;"Eleição Ordinária";1;295;"ELEIÇÃO GERAL FEDERAL 2018";"07/10/2018";"F";"RO";"BR";"BRASIL";78;"ARIQUEMES";7;1;"Presidente";280000601016;50;"GUILHERME CASTRO BOULOS";"GUILHERME BOULOS";"#NULO#";12;"APTO";2;"DEFERIDO";-3;"#NE";-3;"#NE";-3;"#NE";"COLIGAÇÃO";50;"PSOL";"Partido Socialismo e Liberdade";-1;"#NULO#";"#NULO#";"#NULO#";280000050035;"VAMOS SEM MEDO DE MUDAR O BRASIL";"PSOL / PCB";"N";302;"Válido";302;4;"NÃO ELEITO"
"13/11/2024";"10:56:11";2018;2;"Eleição Ordinária";1;295;"ELEIÇÃO GERAL FEDERAL 2018";"07/10/2018";"F";"RO";"BR";"BRASIL";132;"VILHENA";4;1;"Presidente";280000601016;50;"GUILHERME CASTRO BOULOS";"GUILHERME BOULOS";"#NULO#";12;"APTO";2;"DEFERIDO";-3;"#NE";-3;"#NE";-3;"#NE";"COLIGAÇÃO";50;"PSOL";"Partido Socialismo e Liberdade";-1;"#NULO#";"#NULO#";"#NULO#";280000050035;"VAMOS SEM MEDO DE MUDAR O BRASIL";"PSOL / PCB";"N";151;"Válido";151;4;"NÃO ELEITO"
"13/11/2024";"10:56:11";2018;2;"Eleição Ordinária";1;295;"ELEIÇÃO GERAL FEDERAL 2018";"07/10/2018";"F";"RO";"BR";"BRASIL";710;"SÃO FELIPE D OESTE";19;1;"Presidente";280000601016;50;"GUILHERME CASTRO BOULOS";"GUILHERME BOULOS";"#NULO#";12;"APTO";2;"DEFERIDO";-3;"#NE";-3;"#NE";-3;"#NE";"COLIGAÇÃO";50;"PSOL";"Partido Socialismo e Liberdade";-1;"#NULO#";"#NULO#";"#NULO#";280000050035;"VAMOS SEM MEDO DE MUDAR O BRASIL";"PSOL / PCB";"N";16;"Válido";16;4;"NÃO ELEITO"
"13/11/2024";"10:56:11";2018;2;"Eleição Ordinária";1;295;"ELEIÇÃO GERAL FEDERAL 2018";"07/10/2018";"F";"RO";"BR";"BRASIL";35;"PORTO VELHO";6;1;"Presidente";280000601016;50;"GUILHERME CASTRO BOULOS";"GUILHERME BOULOS";"#NULO#";12;"APTO";2;"DEFERIDO";-3;"#NE";-3;"#NE";-3;"#NE";"COLIGAÇÃO";50;"PSOL";"Partido Socialismo e Liberdade";-1;"#NULO#";"#NULO#";"#NULO#";280000050035;"VAMOS SEM MEDO DE MUDAR O BRASIL";"PSOL / PCB";"N";517;"Válido";517;4;"NÃO ELEITO"
"13/11/2024";"10:56:11";2018;2;"Eleição Ordinária";1;295;"ELEIÇÃO GERAL FEDERAL 2018";"07/10/2018";"F";"RO";"BR";"BRASIL";35;"PORTO VELHO";2;1;"Presidente";280000601016;50;"GUILHERME CASTRO BOULOS";"GUILHERME BOULOS";"#NULO#";12;"APTO";2;"DEFERIDO";-3;"#NE";-3;"#NE";-3;"#NE";"COLIGAÇÃO";50;"PSOL";"Partido Socialismo e Liberdade";-1;"#NULO#";"#NULO#";"#NULO#";280000050035;"VAMOS SEM MEDO DE MUDAR O BRASIL";"PSOL / PCB";"N";690;"Válido";690;4;"NÃO ELEITO"
"13/11/2024";"10:56:11";2018;2;"Eleição Ordinária";1;295;"ELEIÇÃO GERAL FEDERAL 2018";"07/10/2018";"F";"RO";"BR";"BRASIL";35;"PORTO VELHO";20;1;"Presidente";280000601016;50;"GUILHERME CASTRO BOULOS";"GUILHERME BOULOS";"#NULO#";12;"APTO";2;"DEFERIDO";-3;"#NE";-3;"#NE";-3;"#NE";"COLIGAÇÃO";50;"PSOL";"Partido Socialismo e Liberdade";-1;"#NULO#";"#NULO#";"#NULO#";280000050035;"VAMOS SEM MEDO DE MUDAR O BRASIL";"PSOL / PCB";"N";613;"Válido";613;4;"NÃO ELEITO"
"13/11/2024";"10:56:11";2018;2;"Eleição Ordinária";1;295;"ELEIÇÃO GERAL FEDERAL 2018";"07/10/2018";"F";"RO";"BR";"BRASIL";35;"PORTO VELHO";21;1;"Presidente";280000601016;50;"GUILHERME CASTRO BOULOS";"GUILHERME BOULOS";"#NULO#";12;"APTO";2;"DEFERIDO";-3;"#NE";-3;"#NE";-3;"#NE";"COLIGAÇÃO";50;"PSOL";"Partido Socialismo e Liberdade";-1;"#NULO#";"#NULO#";"#NULO#";280000050035;"VAMOS SEM MEDO DE MUDAR O BRASIL";"PSOL / PCB";"N";417;"Válido";417;4;"NÃO ELEITO"
"13/11/2024";"10:56:11";2018;2;"Eleição Ordinária";1;295;"ELEIÇÃO GERAL FEDERAL 2018";"07/10/2018";"F";"RO";"BR";"BRASIL";736;"ALTO ALEGRE DOS PARECIS";19;1;"Presidente";280000601016;50;"GUILHERME CASTRO BOULOS";"GUILHERME BOULOS";"#NULO#";12;"APTO";2;"DEFERIDO";-3;"#NE";-3;"#NE";-3;"#NE";"COLIGAÇÃO";50;"PSOL";"Partido Socialismo e Liberdade";-1;"#NULO#";"#NULO#";"#NULO#";280000050035;"VAMOS SEM MEDO DE MUDAR O BRASIL";"PSOL / PCB";"N";28;"Válido";28;4;"NÃO ELEITO"
"13/11/2024";"10:56:11";2018;2;"Eleição Ordinária";1;295;"ELEIÇÃO GERAL FEDERAL 2018";"07/10/2018";"F";"RO";"BR";"BRASIL";477;"CANDEIAS DO JAMARI";21;1;"Presidente";280000618462;19;"ALVARO FERNANDES DIAS";"ALVARO DIAS";"#NULO#";12;"APTO";2;"DEFERIDO";-3;"#NE";-3;"#NE";-3;"#NE";"COLIGAÇÃO";19;"PODE";"Podemos";-1;"#NULO#";"#NULO#";"#NULO#";280000050478;"MUDANÇA DE VERDADE";"PODE / PRP / PSC / PTC";"N";93;"Válido";93;4;"NÃO ELEITO"
"13/11/2024";"10:56:11";2018;2;"Eleição Ordinária";2;296;"ELEIÇÃO GERAL FEDERAL 2018";"28/10/2018";"F";"RO";"BR";"BRASIL";612;"GOVERNADOR JORGE TEIXEIRA";27;1;"Presidente";280000629808;13;"FERNANDO HADDAD";"FERNANDO HADDAD";"#NULO#";12;"APTO";2;"DEFERIDO";-3;"#NE";-3;"#NE";-3;"#NE";"COLIGAÇÃO";13;"PT";"Partido dos Trabalhadores";-1;"#NULO#";"#NULO#";"#NULO#";280000050703;"O POVO FELIZ DE NOVO";"PT / PC do B / PROS";"N";1462;"Válido";1462;4;"NÃO ELEITO"
"13/11/2024";"10:56:11";2018;2;"Eleição Ordinária";1;295;"ELEIÇÃO GERAL FEDERAL 2018";"07/10/2018";"F";"RO";"BR";"BRASIL";78;"ARIQUEMES";7;1;"Presidente";280000605589;12;"CIRO FERREIRA GOMES";"CIRO GOMES";"#NULO#";12;"APTO";2;"DEFERIDO";-3;"#NE";-3;"#NE";-3;"#NE";"COLIGAÇÃO";12;"PDT";"Partido Democrático Trabalhista";-1;"#NULO#";"#NULO#";"#NULO#";280000050163;"BRASIL SOBERANO";"PDT / AVANTE";"N";2266;"Válido";2266;4;"NÃO ELEITO"
"13/11/2024";"10:56:11";2018;2;"Eleição Ordinária";1;295;"ELEIÇÃO GERAL FEDERAL 2018";"07/10/2018";"F";"RO";"BR";"BRASIL";132;"VILHENA";4;1;"Presidente";280000605589;12;"CIRO FERREIRA GOMES";"CIRO GOMES";"#NULO#";12;"APTO";2;"DEFERIDO";-3;"#NE";-3;"#NE";-3;"#NE";"COLIGAÇÃO";12;"PDT";"Partido Democrático Trabalhista";-1;"#NULO#";"#NULO#";"#NULO#";280000050163;"BRASIL SOBERANO";"PDT / AVANTE";"N";2193;"Válido";2193;4;"NÃO ELEITO"
"13/11/2024";"10:56:11";2018;2;"Eleição Ordinária";1;295;"ELEIÇÃO GERAL FEDERAL 2018";"07/10/2018";"F";"RO";"BR";"BRASIL";710;"SÃO FELIPE D OESTE";19;1;"Presidente";280000605589;12;"CIRO FERREIRA GOMES";"CIRO GOMES";"#NULO#";12;"APTO";2;"DEFERIDO";-3;"#NE";-3;"#NE";-3;"#NE";"COLIGAÇÃO";12;"PDT";"Partido Democrático Trabalhista";-1;"#NULO#";"#NULO#";"#NULO#";280000050163;"BRASIL SOBERANO";"PDT / AVANTE";"N";225;"Válido";225;4;"NÃO ELEITO"
"13/11/2024";"10:56:11";2018;2;"Eleição Ordinária";1;295;"ELEIÇÃO GERAL FEDERAL 2018";"07/10/2018";"F";"RO";"BR";"BRASIL";35;"PORTO VELHO";20;1;"Presidente";280000605589;12;"CIRO FERREIRA GOMES";"CIRO GOMES";"#NULO#";12;"APTO";2;"DEFERIDO";-3;"#NE";-3;"#NE";-3;"#NE";"COLIGAÇÃO";12;"PDT";"Partido Democrático Trabalhista";-1;"#NULO#";"#NULO#";"#NULO#";280000050163;"BRASIL SOBERANO";"PDT / AVANTE";"N";6066;"Válido";6066;4;"NÃO ELEITO"
"13/11/2024";"10:56:11";2018;2;"Eleição Ordinária";1;295;"ELEIÇÃO GERAL FEDERAL 2018";"07/10/2018";"F";"RO";"BR";"BRASIL";78;"ARIQUEMES";7;1;"Presidente";280000622281;15;"HENRIQUE DE CAMPOS MEIRELLES";"HENRIQUE MEIRELLES";"#NULO#";12;"APTO";2;"DEFERIDO";-3;"#NE";-3;"#NE";-3;"#NE";"COLIGAÇÃO";15;"MDB";"Movimento Democrático Brasileiro";-1;"#NULO#";"#NULO#";"#NULO#";280000050592;"ESSA É A SOLUÇÃO";"MDB / PHS";"N";613;"Válido";613;4;"NÃO ELEITO"
"13/11/2024";"10:56:11";2018;2;"Eleição Ordinária";1;295;"ELEIÇÃO GERAL FEDERAL 2018";"07/10/2018";"F";"RO";"BR";"BRASIL";132;"VILHENA";4;1;"Presidente";280000622281;15;"HENRIQUE DE CAMPOS MEIRELLES";"HENRIQUE MEIRELLES";"#NULO#";12;"APTO";2;"DEFERIDO";-3;"#NE";-3;"#NE";-3;"#NE";"COLIGAÇÃO";15;"MDB";"Movimento Democrático Brasileiro";-1;"#NULO#";"#NULO#";"#NULO#";280000050592;"ESSA É A SOLUÇÃO";"MDB / PHS";"N";460;"Válido";460;4;"NÃO ELEITO"
"13/11/2024";"10:56:11";2018;2;"Eleição Ordinária";1;295;"ELEIÇÃO GERAL FEDERAL 2018";"07/10/2018";"F";"RO";"BR";"BRASIL";710;"SÃO FELIPE D OESTE";19;1;"Presidente";280000622281;15;"HENRIQUE DE CAMPOS MEIRELLES";"HENRIQUE MEIRELLES";"#NULO#";12;"APTO";2;"DEFERIDO";-3;"#NE";-3;"#NE";-3;"#NE";"COLIGAÇÃO";15;"MDB";"Movimento Democrático Brasileiro";-1;"#NULO#";"#NULO#";"#NULO#";280000050592;"ESSA É A SOLUÇÃO";"MDB / PHS";"N";39;"Válido";39;4;"NÃO ELEITO"
"13/11/2024";"10:56:11";2018;2;"Eleição Ordinária";1;295;"ELEIÇÃO GERAL FEDERAL 2018";"07/10/2018";"F";"RO";"BR";"BRASIL";35;"PORTO VELHO";2;1;"Presidente";280000622281;15;"HENRIQUE DE CAMPOS MEIRELLES";"HENRIQUE MEIRELLES";"#NULO#";12;"APTO";2;"DEFERIDO";-3;"#NE";-3;"#NE";-3;"#NE";"COLIGAÇÃO";15;"MDB";"Movimento Democrático Brasileiro";-1;"#NULO#";"#NULO#";"#NULO#";280000050592;"ESSA É A SOLUÇÃO";"MDB / PHS";"N";1154;"Válido";1154;4;"NÃO ELEITO"
"13/11/2024";"10:56:11";2018;2;"Eleição Ordinária";1;295;"ELEIÇÃO GERAL FEDERAL 2018";"07/10/2018";"F";"RO";"BR";"BRASIL";35;"PORTO VELHO";6;1;"Presidente";280000622281;15;"HENRIQUE DE CAMPOS MEIRELLES";"HENRIQUE MEIRELLES";"#NULO#";12;"APTO";2;"DEFERIDO";-3;"#NE";-3;"#NE";-3;"#NE";"COLIGAÇÃO";15;"MDB";"Movimento Democrático Brasileiro";-1;"#NULO#";"#NULO#";"#NULO#";280000050592;"ESSA É A SOLUÇÃO";"MDB / PHS";"N";1077;"Válido";1077;4;"NÃO ELEITO"
"13/11/2024";"10:56:11";2018;2;"Eleição Ordinária";1;295;"ELEIÇÃO GERAL FEDERAL 2018";"07/10/2018";"F";"RO";"BR";"BRASIL";35;"PORTO VELHO";21;1;"Presidente";280000622281;15;"HENRIQUE DE CAMPOS MEIRELLES";"HENRIQUE MEIRELLES";"#NULO#";12;"APTO";2;"DEFERIDO";-3;"#NE";-3;"#NE";-3;"#NE";"COLIGAÇÃO";15;"MDB";"Movimento Democrático Brasileiro";-1;"#NULO#";"#NULO#";"#NULO#";280000050592;"ESSA É A SOLUÇÃO";"MDB / PHS";"N";835;"Válido";835;4;"NÃO ELEITO"
"13/11/2024";"10:56:11";2018;2;"Eleição Ordinária";1;295;"ELEIÇÃO GERAL FEDERAL 2018";"07/10/2018";"F";"RO";"BR";"BRASIL";35;"PORTO VELHO";20;1;"Presidente";280000622281;15;"HENRIQUE DE CAMPOS MEIRELLES";"HENRIQUE MEIRELLES";"#NULO#";12;"APTO";2;"DEFERIDO";-3;"#NE";-3;"#NE";-3;"#NE";"COLIGAÇÃO";15;"MDB";"Movimento Democrático Brasileiro";-1;"#NULO#";"#NULO#";"#NULO#";280000050592;"ESSA É A SOLUÇÃO";"MDB / PHS";"N";1099;"Válido";1099;4;"NÃO ELEITO"
"13/11/2024";"10:56:11";2018;2;"Eleição Ordinária";1;295;"ELEIÇÃO GERAL FEDERAL 2018";"07/10/2018";"F";"RO";"BR";"BRASIL";736;"ALTO ALEGRE DOS PARECIS";19;1;"Presidente";280000622281;15;"HENRIQUE DE CAMPOS MEIRELLES";"HENRIQUE MEIRELLES";"#NULO#";12;"APTO";2;"DEFERIDO";-3;"#NE";-3;"#NE";-3;"#NE";"COLIGAÇÃO";15;"MDB";"Movimento Democrático Brasileiro";-1;"#NULO#";"#NULO#";"#NULO#";280000050592;"ESSA É A SOLUÇÃO";"MDB / PHS";"N";87;"Válido";87;4;"NÃO ELEITO"
"13/11/2024";"10:56:11";2018;2;"Eleição Ordinária";1;295;"ELEIÇÃO GERAL FEDERAL 2018";"07/10/2018";"F";"RO";"BR";"BRASIL";35;"PORTO VELHO";21;1;"Presidente";280000605589;12;"CIRO FERREIRA GOMES";"CIRO GOMES";"#NULO#";12;"APTO";2;"DEFERIDO";-3;"#NE";-3;"#NE";-3;"#NE";"COLIGAÇÃO";12;"PDT";"Partido Democrático Trabalhista";-1;"#NULO#";"#NULO#";"#NULO#";280000050163;"BRASIL SOBERANO";"PDT / AVANTE";"N";3145;"Válido";3145;4;"NÃO ELEITO"
"13/11/2024";"10:56:11";2018;2;"Eleição Ordinária";1;295;"ELEIÇÃO GERAL FEDERAL 2018";"07/10/2018";"F";"RO";"BR";"BRASIL";35;"PORTO VELHO";6;1;"Presidente";280000605589;12;"CIRO FERREIRA GOMES";"CIRO GOMES";"#NULO#";12;"APTO";2;"DEFERIDO";-3;"#NE";-3;"#NE";-3;"#NE";"COLIGAÇÃO";12;"PDT";"Partido Democrático Trabalhista";-1;"#NULO#";"#NULO#";"#NULO#";280000050163;"BRASIL SOBERANO";"PDT / AVANTE";"N";4906;"Válido";4906;4;"NÃO ELEITO"
"13/11/2024";"10:56:11";2018;2;"Eleição Ordinária";1;295;"ELEIÇÃO GERAL FEDERAL 2018";"07/10/2018";"F";"RO";"BR";"BRASIL";35;"PORTO VELHO";2;1;"Presidente";280000605589;12;"CIRO FERREIRA GOMES";"CIRO GOMES";"#NULO#";12;"APTO";2;"DEFERIDO";-3;"#NE";-3;"#NE";-3;"#NE";"COLIGAÇÃO";12;"PDT";"Partido Democrático Trabalhista";-1;"#NULO#";"#NULO#";"#NULO#";280000050163;"BRASIL SOBERANO";"PDT / AVANTE";"N";8218;"Válido";8218;4;"NÃO ELEITO"
"13/11/2024";"10:56:11";2018;2;"Eleição Ordinária";1;295;"ELEIÇÃO GERAL FEDERAL 2018";"07/10/2018";"F";"RO";"BR";"BRASIL";736;"ALTO ALEGRE DOS PARECIS";19;1;"Presidente";280000605589;12;"CIRO FERREIRA GOMES";"CIRO GOMES";"#NULO#";12;"APTO";2;"DEFERIDO";-3;"#NE";-3;"#NE";-3;"#NE";"COLIGAÇÃO";12;"PDT";"Partido Democrático Trabalhista";-1;"#NULO#";"#NULO#";"#NULO#";280000050163;"BRASIL SOBERANO";"PDT / AVANTE";"N";337;"Válido";337;4;"NÃO ELEITO"
"13/11/2024";"10:56:11";2018;2;"Eleição Ordinária";2;296;"ELEIÇÃO GERAL FEDERAL 2018";"28/10/2018";"F";"RO";"BR";"BRASIL";477;"CANDEIAS DO JAMARI";21;1;"Presidente";280000629808;13;"FERNANDO HADDAD";"FERNANDO HADDAD";"#NULO#";12;"APTO";2;"DEFERIDO";-3;"#NE";-3;"#NE";-3;"#NE";"COLIGAÇÃO";13;"PT";"Partido dos Trabalhadores";-1;"#NULO#";"#NULO#";"#NULO#";280000050703;"O POVO FELIZ DE NOVO";"PT / PC do B / PROS";"N";4507;"Válido";4507;4;"NÃO ELEITO"
"13/11/2024";"10:56:11";2018;2;"Eleição Ordinária";1;295;"ELEIÇÃO GERAL FEDERAL 2018";"07/10/2018";"F";"RO";"BR";"BRASIL";370;"NOVA BRASILÂNDIA D OESTE";15;1;"Presidente";280000618462;19;"ALVARO FERNANDES DIAS";"ALVARO DIAS";"#NULO#";12;"APTO";2;"DEFERIDO";-3;"#NE";-3;"#NE";-3;"#NE";"COLIGAÇÃO";19;"PODE";"Podemos";-1;"#NULO#";"#NULO#";"#NULO#";280000050478;"MUDANÇA DE VERDADE";"PODE / PRP / PSC / PTC";"N";172;"Válido";172;4;"NÃO ELEITO"
"13/11/2024";"10:56:11";2018;2;"Eleição Ordinária";1;295;"ELEIÇÃO GERAL FEDERAL 2018";"07/10/2018";"F";"RO";"BR";"BRASIL";78;"ARIQUEMES";7;1;"Presidente";280000622171;18;"MARIA OSMARINA MARINA DA SILVA VAZ DE LIMA";"MARINA SILVA";"#NULO#";12;"APTO";2;"DEFERIDO";-3;"#NE";-3;"#NE";-3;"#NE";"COLIGAÇÃO";18;"REDE";"Rede Sustentabilidade";-1;"#NULO#";"#NULO#";"#NULO#";280000050589;"UNIDOS PARA TRANSFORMAR O BRASIL";"REDE / PV";"N";283;"Válido";283;4;"NÃO ELEITO"
"13/11/2024";"10:56:11";2018;2;"Eleição Ordinária";1;295;"ELEIÇÃO GERAL FEDERAL 2018";"07/10/2018";"F";"RO";"BR";"BRASIL";132;"VILHENA";4;1;"Presidente";280000622171;18;"MARIA OSMARINA MARINA DA SILVA VAZ DE LIMA";"MARINA SILVA";"#NULO#";12;"APTO";2;"DEFERIDO";-3;"#NE";-3;"#NE";-3;"#NE";"COLIGAÇÃO";18;"REDE";"Rede Sustentabilidade";-1;"#NULO#";"#NULO#";"#NULO#";280000050589;"UNIDOS PARA TRANSFORMAR O BRASIL";"REDE / PV";"N";310;"Válido";310;4;"NÃO ELEITO"
"13/11/2024";"10:56:11";2018;2;"Eleição Ordinária";1;295;"ELEIÇÃO GERAL FEDERAL 2018";"07/10/2018";"F";"RO";"BR";"BRASIL";710;"SÃO FELIPE D OESTE";19;1;"Presidente";280000622171;18;"MARIA OSMARINA MARINA DA SILVA VAZ DE LIMA";"MARINA SILVA";"#NULO#";12;"APTO";2;"DEFERIDO";-3;"#NE";-3;"#NE";-3;"#NE";"COLIGAÇÃO";18;"REDE";"Rede Sustentabilidade";-1;"#NULO#";"#NULO#";"#NULO#";280000050589;"UNIDOS PARA TRANSFORMAR O BRASIL";"REDE / PV";"N";13;"Válido";13;4;"NÃO ELEITO"
"13/11/2024";"10:56:11";2018;2;"Eleição Ordinária";1;295;"ELEIÇÃO GERAL FEDERAL 2018";"07/10/2018";"F";"RO";"BR";"BRASIL";35;"PORTO VELHO";6;1;"Presidente";280000622171;18;"MARIA OSMARINA MARINA DA SILVA VAZ DE LIMA";"MARINA SILVA";"#NULO#";12;"APTO";2;"DEFERIDO";-3;"#NE";-3;"#NE";-3;"#NE";"COLIGAÇÃO";18;"REDE";"Rede Sustentabilidade";-1;"#NULO#";"#NULO#";"#NULO#";280000050589;"UNIDOS PARA TRANSFORMAR O BRASIL";"REDE / PV";"N";852;"Válido";852;4;"NÃO ELEITO"
"13/11/2024";"10:56:11";2018;2;"Eleição Ordinária";1;295;"ELEIÇÃO GERAL FEDERAL 2018";"07/10/2018";"F";"RO";"BR";"BRASIL";35;"PORTO VELHO";2;1;"Presidente";280000622171;18;"MARIA OSMARINA MARINA DA SILVA VAZ DE LIMA";"MARINA SILVA";"#NULO#";12;"APTO";2;"DEFERIDO";-3;"#NE";-3;"#NE";-3;"#NE";"COLIGAÇÃO";18;"REDE";"Rede Sustentabilidade";-1;"#NULO#";"#NULO#";"#NULO#";280000050589;"UNIDOS PARA TRANSFORMAR O BRASIL";"REDE / PV";"N";1300;"Válido";1300;4;"NÃO ELEITO"
"13/11/2024";"10:56:11";2018;2;"Eleição Ordinária";1;295;"ELEIÇÃO GERAL FEDERAL 2018";"07/10/2018";"F";"RO";"BR";"BRASIL";35;"PORTO VELHO";20;1;"Presidente";280000622171;18;"MARIA OSMARINA MARINA DA SILVA VAZ DE LIMA";"MARINA SILVA";"#NULO#";12;"APTO";2;"DEFERIDO";-3;"#NE";-3;"#NE";-3;"#NE";"COLIGAÇÃO";18;"REDE";"Rede Sustentabilidade";-1;"#NULO#";"#NULO#";"#NULO#";280000050589;"UNIDOS PARA TRANSFORMAR O BRASIL";"REDE / PV";"N";1059;"Válido";1059;4;"NÃO ELEITO"
"13/11/2024";"10:56:11";2018;2;"Eleição Ordinária";1;295;"ELEIÇÃO GERAL FEDERAL 2018";"07/10/2018";"F";"RO";"BR";"BRASIL";35;"PORTO VELHO";21;1;"Presidente";280000622171;18;"MARIA OSMARINA MARINA DA SILVA VAZ DE LIMA";"MARINA SILVA";"#NULO#";12;"APTO";2;"DEFERIDO";-3;"#NE";-3;"#NE";-3;"#NE";"COLIGAÇÃO";18;"REDE";"Rede Sustentabilidade";-1;"#NULO#";"#NULO#";"#NULO#";280000050589;"UNIDOS PARA TRANSFORMAR O BRASIL";"REDE / PV";"N";651;"Válido";651;4;"NÃO ELEITO"
"13/11/2024";"10:56:11";2018;2;"Eleição Ordinária";1;295;"ELEIÇÃO GERAL FEDERAL 2018";"07/10/2018";"F";"RO";"BR";"BRASIL";736;"ALTO ALEGRE DOS PARECIS";19;1;"Presidente";280000622171;18;"MARIA OSMARINA MARINA DA SILVA VAZ DE LIMA";"MARINA SILVA";"#NULO#";12;"APTO";2;"DEFERIDO";-3;"#NE";-3;"#NE";-3;"#NE";"COLIGAÇÃO";18;"REDE";"Rede Sustentabilidade";-1;"#NULO#";"#NULO#";"#NULO#";280000050589;"UNIDOS PARA TRANSFORMAR O BRASIL";"REDE / PV";"N";29;"Válido";29;4;"NÃO ELEITO"
"13/11/2024";"10:56:11";2018;2;"Eleição Ordinária";1;295;"ELEIÇÃO GERAL FEDERAL 2018";"07/10/2018";"F";"RO";"BR";"BRASIL";639;"ALTO PARAÍSO";25;1;"Presidente";280000618462;19;"ALVARO FERNANDES DIAS";"ALVARO DIAS";"#NULO#";12;"APTO";2;"DEFERIDO";-3;"#NE";-3;"#NE";-3;"#NE";"COLIGAÇÃO";19;"PODE";"Podemos";-1;"#NULO#";"#NULO#";"#NULO#";280000050478;"MUDANÇA DE VERDADE";"PODE / PRP / PSC / PTC";"N";53;"Válido";53;4;"NÃO ELEITO"
"13/11/2024";"10:56:11";2018;2;"Eleição Ordinária";1;295;"ELEIÇÃO GERAL FEDERAL 2018";"07/10/2018";"F";"RO";"BR";"BRASIL";370;"NOVA BRASILÂNDIA D OESTE";15;1;"Presidente";280000605589;12;"CIRO FERREIRA GOMES";"CIRO GOMES";"#NULO#";12;"APTO";2;"DEFERIDO";-3;"#NE";-3;"#NE";-3;"#NE";"COLIGAÇÃO";12;"PDT";"Partido Democrático Trabalhista";-1;"#NULO#";"#NULO#";"#NULO#";280000050163;"BRASIL SOBERANO";"PDT / AVANTE";"N";520;"Válido";520;4;"NÃO ELEITO"
"13/11/2024";"10:56:11";2018;2;"Eleição Ordinária";1;295;"ELEIÇÃO GERAL FEDERAL 2018";"07/10/2018";"F";"RO";"BR";"BRASIL";477;"CANDEIAS DO JAMARI";21;1;"Presidente";280000605589;12;"CIRO FERREIRA GOMES";"CIRO GOMES";"#NULO#";12;"APTO";2;"DEFERIDO";-3;"#NE";-3;"#NE";-3;"#NE";"COLIGAÇÃO";12;"PDT";"Partido Democrático Trabalhista";-1;"#NULO#";"#NULO#";"#NULO#";280000050163;"BRASIL SOBERANO";"PDT / AVANTE";"N";771;"Válido";771;4;"NÃO ELEITO"
"13/11/2024";"10:56:11";2018;2;"Eleição Ordinária";1;295;"ELEIÇÃO GERAL FEDERAL 2018";"07/10/2018";"F";"RO";"BR";"BRASIL";639;"ALTO PARAÍSO";25;1;"Presidente";280000622281;15;"HENRIQUE DE CAMPOS MEIRELLES";"HENRIQUE MEIRELLES";"#NULO#";12;"APTO";2;"DEFERIDO";-3;"#NE";-3;"#NE";-3;"#NE";"COLIGAÇÃO";15;"MDB";"Movimento Democrático Brasileiro";-1;"#NULO#";"#NULO#";"#NULO#";280000050592;"ESSA É A SOLUÇÃO";"MDB / PHS";"N";139;"Válido";139;4;"NÃO ELEITO"
"13/11/2024";"10:56:11";2018;2;"Eleição Ordinária";1;295;"ELEIÇÃO GERAL FEDERAL 2018";"07/10/2018";"F";"RO";"BR";"BRASIL";78;"ARIQUEMES";7;1;"Presidente";280000607640;30;"JOÃO DIONISIO FILGUEIRA BARRETO AMOEDO";"JOÃO AMOÊDO";"#NULO#";12;"APTO";2;"DEFERIDO";-3;"#NE";-3;"#NE";-3;"#NE";"PARTIDO ISOLADO";30;"NOVO";"Partido Novo";-1;"#NULO#";"#NULO#";"#NULO#";280000050199;"PARTIDO ISOLADO";"NOVO";"N";834;"Válido";834;4;"NÃO ELEITO"
"13/11/2024";"10:56:11";2018;2;"Eleição Ordinária";1;295;"ELEIÇÃO GERAL FEDERAL 2018";"07/10/2018";"F";"RO";"BR";"BRASIL";132;"VILHENA";4;1;"Presidente";280000607640;30;"JOÃO DIONISIO FILGUEIRA BARRETO AMOEDO";"JOÃO AMOÊDO";"#NULO#";12;"APTO";2;"DEFERIDO";-3;"#NE";-3;"#NE";-3;"#NE";"PARTIDO ISOLADO";30;"NOVO";"Partido Novo";-1;"#NULO#";"#NULO#";"#NULO#";280000050199;"PARTIDO ISOLADO";"NOVO";"N";776;"Válido";776;4;"NÃO ELEITO"
"13/11/2024";"10:56:11";2018;2;"Eleição Ordinária";1;295;"ELEIÇÃO GERAL FEDERAL 2018";"07/10/2018";"F";"RO";"BR";"BRASIL";710;"SÃO FELIPE D OESTE";19;1;"Presidente";280000607640;30;"JOÃO DIONISIO FILGUEIRA BARRETO AMOEDO";"JOÃO AMOÊDO";"#NULO#";12;"APTO";2;"DEFERIDO";-3;"#NE";-3;"#NE";-3;"#NE";"PARTIDO ISOLADO";30;"NOVO";"Partido Novo";-1;"#NULO#";"#NULO#";"#NULO#";280000050199;"PARTIDO ISOLADO";"NOVO";"N";45;"Válido";45;4;"NÃO ELEITO"
"13/11/2024";"10:56:11";2018;2;"Eleição Ordinária";1;295;"ELEIÇÃO GERAL FEDERAL 2018";"07/10/2018";"F";"RO";"BR";"BRASIL";35;"PORTO VELHO";20;1;"Presidente";280000607640;30;"JOÃO DIONISIO FILGUEIRA BARRETO AMOEDO";"JOÃO AMOÊDO";"#NULO#";12;"APTO";2;"DEFERIDO";-3;"#NE";-3;"#NE";-3;"#NE";"PARTIDO ISOLADO";30;"NOVO";"Partido Novo";-1;"#NULO#";"#NULO#";"#NULO#";280000050199;"PARTIDO ISOLADO";"NOVO";"N";1948;"Válido";1948;4;"NÃO ELEITO"
"13/11/2024";"10:56:11";2018;2;"Eleição Ordinária";1;295;"ELEIÇÃO GERAL FEDERAL 2018";"07/10/2018";"F";"RO";"BR";"BRASIL";35;"PORTO VELHO";2;1;"Presidente";280000607640;30;"JOÃO DIONISIO FILGUEIRA BARRETO AMOEDO";"JOÃO AMOÊDO";"#NULO#";12;"APTO";2;"DEFERIDO";-3;"#NE";-3;"#NE";-3;"#NE";"PARTIDO ISOLADO";30;"NOVO";"Partido Novo";-1;"#NULO#";"#NULO#";"#NULO#";280000050199;"PARTIDO ISOLADO";"NOVO";"N";2982;"Válido";2982;4;"NÃO ELEITO"
"13/11/2024";"10:56:11";2018;2;"Eleição Ordinária";1;295;"ELEIÇÃO GERAL FEDERAL 2018";"07/10/2018";"F";"RO";"BR";"BRASIL";35;"PORTO VELHO";21;1;"Presidente";280000607640;30;"JOÃO DIONISIO FILGUEIRA BARRETO AMOEDO";"JOÃO AMOÊDO";"#NULO#";12;"APTO";2;"DEFERIDO";-3;"#NE";-3;"#NE";-3;"#NE";"PARTIDO ISOLADO";30;"NOVO";"Partido Novo";-1;"#NULO#";"#NULO#";"#NULO#";280000050199;"PARTIDO ISOLADO";"NOVO";"N";746;"Válido";746;4;"NÃO ELEITO"
"13/11/2024";"10:56:11";2018;2;"Eleição Ordinária";1;295;"ELEIÇÃO GERAL FEDERAL 2018";"07/10/2018";"F";"RO";"BR";"BRASIL";35;"PORTO VELHO";6;1;"Presidente";280000607640;30;"JOÃO DIONISIO FILGUEIRA BARRETO AMOEDO";"JOÃO AMOÊDO";"#NULO#";12;"APTO";2;"DEFERIDO";-3;"#NE";-3;"#NE";-3;"#NE";"PARTIDO ISOLADO";30;"NOVO";"Partido Novo";-1;"#NULO#";"#NULO#";"#NULO#";280000050199;"PARTIDO ISOLADO";"NOVO";"N";1362;"Válido";1362;4;"NÃO ELEITO"
"13/11/2024";"10:56:11";2018;2;"Eleição Ordinária";1;295;"ELEIÇÃO GERAL FEDERAL 2018";"07/10/2018";"F";"RO";"BR";"BRASIL";736;"ALTO ALEGRE DOS PARECIS";19;1;"Presidente";280000607640;30;"JOÃO DIONISIO FILGUEIRA BARRETO AMOEDO";"JOÃO AMOÊDO";"#NULO#";12;"APTO";2;"DEFERIDO";-3;"#NE";-3;"#NE";-3;"#NE";"PARTIDO ISOLADO";30;"NOVO";"Partido Novo";-1;"#NULO#";"#NULO#";"#NULO#";280000050199;"PARTIDO ISOLADO";"NOVO";"N";47;"Válido";47;4;"NÃO ELEITO"
"13/11/2024";"10:56:11";2018;2;"Eleição Ordinária";1;295;"ELEIÇÃO GERAL FEDERAL 2018";"07/10/2018";"F";"RO";"BR";"BRASIL";477;"CANDEIAS DO JAMARI";21;1;"Presidente";280000601016;50;"GUILHERME CASTRO BOULOS";"GUILHERME BOULOS";"#NULO#";12;"APTO";2;"DEFERIDO";-3;"#NE";-3;"#NE";-3;"#NE";"COLIGAÇÃO";50;"PSOL";"Partido Socialismo e Liberdade";-1;"#NULO#";"#NULO#";"#NULO#";280000050035;"VAMOS SEM MEDO DE MUDAR O BRASIL";"PSOL / PCB";"N";92;"Válido";92;4;"NÃO ELEITO"
"13/11/2024";"10:56:11";2018;2;"Eleição Ordinária";1;295;"ELEIÇÃO GERAL FEDERAL 2018";"07/10/2018";"F";"RO";"BR";"BRASIL";620;"CACAULÂNDIA";26;1;"Presidente";280000622171;18;"MARIA OSMARINA MARINA DA SILVA VAZ DE LIMA";"MARINA SILVA";"#NULO#";12;"APTO";2;"DEFERIDO";-3;"#NE";-3;"#NE";-3;"#NE";"COLIGAÇÃO";18;"REDE";"Rede Sustentabilidade";-1;"#NULO#";"#NULO#";"#NULO#";280000050589;"UNIDOS PARA TRANSFORMAR O BRASIL";"REDE / PV";"N";16;"Válido";16;4;"NÃO ELEITO"
"13/11/2024";"10:56:11";2018;2;"Eleição Ordinária";1;295;"ELEIÇÃO GERAL FEDERAL 2018";"07/10/2018";"F";"RO";"BR";"BRASIL";639;"ALTO PARAÍSO";25;1;"Presidente";280000605589;12;"CIRO FERREIRA GOMES";"CIRO GOMES";"#NULO#";12;"APTO";2;"DEFERIDO";-3;"#NE";-3;"#NE";-3;"#NE";"COLIGAÇÃO";12;"PDT";"Partido Democrático Trabalhista";-1;"#NULO#";"#NULO#";"#NULO#";280000050163;"BRASIL SOBERANO";"PDT / AVANTE";"N";288;"Válido";288;4;"NÃO ELEITO"
"13/11/2024";"10:56:11";2018;2;"Eleição Ordinária";1;295;"ELEIÇÃO GERAL FEDERAL 2018";"07/10/2018";"F";"RO";"BR";"BRASIL";647;"RIO CRESPO";26;1;"Presidente";280000622281;15;"HENRIQUE DE CAMPOS MEIRELLES";"HENRIQUE MEIRELLES";"#NULO#";12;"APTO";2;"DEFERIDO";-3;"#NE";-3;"#NE";-3;"#NE";"COLIGAÇÃO";15;"MDB";"Movimento Democrático Brasileiro";-1;"#NULO#";"#NULO#";"#NULO#";280000050592;"ESSA É A SOLUÇÃO";"MDB / PHS";"N";23;"Válido";23;4;"NÃO ELEITO"
"13/11/2024";"10:56:11";2018;2;"Eleição Ordinária";1;295;"ELEIÇÃO GERAL FEDERAL 2018";"07/10/2018";"F";"RO";"BR";"BRASIL";612;"GOVERNADOR JORGE TEIXEIRA";27;1;"Presidente";280000622281;15;"HENRIQUE DE CAMPOS MEIRELLES";"HENRIQUE MEIRELLES";"#NULO#";12;"APTO";2;"DEFERIDO";-3;"#NE";-3;"#NE";-3;"#NE";"COLIGAÇÃO";15;"MDB";"Movimento Democrático Brasileiro";-1;"#NULO#";"#NULO#";"#NULO#";280000050592;"ESSA É A SOLUÇÃO";"MDB / PHS";"N";96;"Válido";96;4;"NÃO ELEITO"
"13/11/2024";"10:56:11";2018;2;"Eleição Ordinária";1;295;"ELEIÇÃO GERAL FEDERAL 2018";"07/10/2018";"F";"RO";"BR";"BRASIL";612;"GOVERNADOR JORGE TEIXEIRA";27;1;"Presidente";280000622171;18;"MARIA OSMARINA MARINA DA SILVA VAZ DE LIMA";"MARINA SILVA";"#NULO#";12;"APTO";2;"DEFERIDO";-3;"#NE";-3;"#NE";-3;"#NE";"COLIGAÇÃO";18;"REDE";"Rede Sustentabilidade";-1;"#NULO#";"#NULO#";"#NULO#";280000050589;"UNIDOS PARA TRANSFORMAR O BRASIL";"REDE / PV";"N";22;"Válido";22;4;"NÃO ELEITO"
"13/11/2024";"10:56:11";2018;2;"Eleição Ordinária";1;295;"ELEIÇÃO GERAL FEDERAL 2018";"07/10/2018";"F";"RO";"BR";"BRASIL";477;"CANDEIAS DO JAMARI";21;1;"Presidente";280000607640;30;"JOÃO DIONISIO FILGUEIRA BARRETO AMOEDO";"JOÃO AMOÊDO";"#NULO#";12;"APTO";2;"DEFERIDO";-3;"#NE";-3;"#NE";-3;"#NE";"PARTIDO ISOLADO";30;"NOVO";"Partido Novo";-1;"#NULO#";"#NULO#";"#NULO#";280000050199;"PARTIDO ISOLADO";"NOVO";"N";114;"Válido";114;4;"NÃO ELEITO"
"13/11/2024";"10:56:11";2018;2;"Eleição Ordinária";2;296;"ELEIÇÃO GERAL FEDERAL 2018";"28/10/2018";"F";"RO";"BR";"BRASIL";647;"RIO CRESPO";26;1;"Presidente";280000629808;13;"FERNANDO HADDAD";"FERNANDO HADDAD";"#NULO#";12;"APTO";2;"DEFERIDO";-3;"#NE";-3;"#NE";-3;"#NE";"COLIGAÇÃO";13;"PT";"Partido dos Trabalhadores";-1;"#NULO#";"#NULO#";"#NULO#";280000050703;"O POVO FELIZ DE NOVO";"PT / PC do B / PROS";"N";539;"Válido";539;4;"NÃO ELEITO"
"13/11/2024";"10:56:11";2018;2;"Eleição Ordinária";1;295;"ELEIÇÃO GERAL FEDERAL 2018";"07/10/2018";"F";"RO";"BR";"BRASIL";78;"ARIQUEMES";7;1;"Presidente";280000624085;27;"JOSE MARIA EYMAEL";"EYMAEL";"#NULO#";12;"APTO";2;"DEFERIDO";-3;"#NE";-3;"#NE";-3;"#NE";"PARTIDO ISOLADO";27;"DC";"Democracia Cristã";-1;"#NULO#";"#NULO#";"#NULO#";280000050639;"PARTIDO ISOLADO";"DC";"N";5;"Válido";5;4;"NÃO ELEITO"
"13/11/2024";"10:56:11";2018;2;"Eleição Ordinária";1;295;"ELEIÇÃO GERAL FEDERAL 2018";"07/10/2018";"F";"RO";"BR";"BRASIL";78;"ARIQUEMES";7;1;"Presidente";280000602477;45;"GERALDO JOSÉ RODRIGUES ALCKMIN FILHO";"GERALDO ALCKMIN";"#NULO#";12;"APTO";2;"DEFERIDO";-3;"#NE";-3;"#NE";-3;"#NE";"COLIGAÇÃO";45;"PSDB";"Partido da Social Democracia Brasileira";-1;"#NULO#";"#NULO#";"#NULO#";280000050070;"PARA UNIR O BRASIL";"PSDB / PTB / PP / PR / DEM / SOLIDARIEDADE / PPS / PRB / PSD";"N";1850;"Válido";1850;4;"NÃO ELEITO"
"13/11/2024";"10:56:11";2018;2;"Eleição Ordinária";1;295;"ELEIÇÃO GERAL FEDERAL 2018";"07/10/2018";"F";"RO";"BR";"BRASIL";132;"VILHENA";4;1;"Presidente";280000624085;27;"JOSE MARIA EYMAEL";"EYMAEL";"#NULO#";12;"APTO";2;"DEFERIDO";-3;"#NE";-3;"#NE";-3;"#NE";"PARTIDO ISOLADO";27;"DC";"Democracia Cristã";-1;"#NULO#";"#NULO#";"#NULO#";280000050639;"PARTIDO ISOLADO";"DC";"N";6;"Válido";6;4;"NÃO ELEITO"
"13/11/2024";"10:56:11";2018;2;"Eleição Ordinária";1;295;"ELEIÇÃO GERAL FEDERAL 2018";"07/10/2018";"F";"RO";"BR";"BRASIL";132;"VILHENA";4;1;"Presidente";280000602477;45;"GERALDO JOSÉ RODRIGUES ALCKMIN FILHO";"GERALDO ALCKMIN";"#NULO#";12;"APTO";2;"DEFERIDO";-3;"#NE";-3;"#NE";-3;"#NE";"COLIGAÇÃO";45;"PSDB";"Partido da Social Democracia Brasileira";-1;"#NULO#";"#NULO#";"#NULO#";280000050070;"PARA UNIR O BRASIL";"PSDB / PTB / PP / PR / DEM / SOLIDARIEDADE / PPS / PRB / PSD";"N";1590;"Válido";1590;4;"NÃO ELEITO"
"13/11/2024";"10:56:11";2018;2;"Eleição Ordinária";1;295;"ELEIÇÃO GERAL FEDERAL 2018";"07/10/2018";"F";"RO";"BR";"BRASIL";710;"SÃO FELIPE D OESTE";19;1;"Presidente";280000624085;27;"JOSE MARIA EYMAEL";"EYMAEL";"#NULO#";12;"APTO";2;"DEFERIDO";-3;"#NE";-3;"#NE";-3;"#NE";"PARTIDO ISOLADO";27;"DC";"Democracia Cristã";-1;"#NULO#";"#NULO#";"#NULO#";280000050639;"PARTIDO ISOLADO";"DC";"N";1;"Válido";1;4;"NÃO ELEITO"
"13/11/2024";"10:56:11";2018;2;"Eleição Ordinária";1;295;"ELEIÇÃO GERAL FEDERAL 2018";"07/10/2018";"F";"RO";"BR";"BRASIL";710;"SÃO FELIPE D OESTE";19;1;"Presidente";280000602477;45;"GERALDO JOSÉ RODRIGUES ALCKMIN FILHO";"GERALDO ALCKMIN";"#NULO#";12;"APTO";2;"DEFERIDO";-3;"#NE";-3;"#NE";-3;"#NE";"COLIGAÇÃO";45;"PSDB";"Partido da Social Democracia Brasileira";-1;"#NULO#";"#NULO#";"#NULO#";280000050070;"PARA UNIR O BRASIL";"PSDB / PTB / PP / PR / DEM / SOLIDARIEDADE / PPS / PRB / PSD";"N";287;"Válido";287;4;"NÃO ELEITO"
"13/11/2024";"10:56:11";2018;2;"Eleição Ordinária";1;295;"ELEIÇÃO GERAL FEDERAL 2018";"07/10/2018";"F";"RO";"BR";"BRASIL";35;"PORTO VELHO";2;1;"Presidente";280000624085;27;"JOSE MARIA EYMAEL";"EYMAEL";"#NULO#";12;"APTO";2;"DEFERIDO";-3;"#NE";-3;"#NE";-3;"#NE";"PARTIDO ISOLADO";27;"DC";"Democracia Cristã";-1;"#NULO#";"#NULO#";"#NULO#";280000050639;"PARTIDO ISOLADO";"DC";"N";33;"Válido";33;4;"NÃO ELEITO"
"13/11/2024";"10:56:11";2018;2;"Eleição Ordinária";1;295;"ELEIÇÃO GERAL FEDERAL 2018";"07/10/2018";"F";"RO";"BR";"BRASIL";35;"PORTO VELHO";6;1;"Presidente";280000624085;27;"JOSE MARIA EYMAEL";"EYMAEL";"#NULO#";12;"APTO";2;"DEFERIDO";-3;"#NE";-3;"#NE";-3;"#NE";"PARTIDO ISOLADO";27;"DC";"Democracia Cristã";-1;"#NULO#";"#NULO#";"#NULO#";280000050639;"PARTIDO ISOLADO";"DC";"N";44;"Válido";44;4;"NÃO ELEITO"
"13/11/2024";"10:56:11";2018;2;"Eleição Ordinária";1;295;"ELEIÇÃO GERAL FEDERAL 2018";"07/10/2018";"F";"RO";"BR";"BRASIL";35;"PORTO VELHO";21;1;"Presidente";280000624085;27;"JOSE MARIA EYMAEL";"EYMAEL";"#NULO#";12;"APTO";2;"DEFERIDO";-3;"#NE";-3;"#NE";-3;"#NE";"PARTIDO ISOLADO";27;"DC";"Democracia Cristã";-1;"#NULO#";"#NULO#";"#NULO#";280000050639;"PARTIDO ISOLADO";"DC";"N";19;"Válido";19;4;"NÃO ELEITO"
"13/11/2024";"10:56:11";2018;2;"Eleição Ordinária";1;295;"ELEIÇÃO GERAL FEDERAL 2018";"07/10/2018";"F";"RO";"BR";"BRASIL";35;"PORTO VELHO";20;1;"Presidente";280000624085;27;"JOSE MARIA EYMAEL";"EYMAEL";"#NULO#";12;"APTO";2;"DEFERIDO";-3;"#NE";-3;"#NE";-3;"#NE";"PARTIDO ISOLADO";27;"DC";"Democracia Cristã";-1;"#NULO#";"#NULO#";"#NULO#";280000050639;"PARTIDO ISOLADO";"DC";"N";24;"Válido";24;4;"NÃO ELEITO"
"13/11/2024";"10:56:11";2018;2;"Eleição Ordinária";1;295;"ELEIÇÃO GERAL FEDERAL 2018";"07/10/2018";"F";"RO";"BR";"BRASIL";35;"PORTO VELHO";20;1;"Presidente";280000602477;45;"GERALDO JOSÉ RODRIGUES ALCKMIN FILHO";"GERALDO ALCKMIN";"#NULO#";12;"APTO";2;"DEFERIDO";-3;"#NE";-3;"#NE";-3;"#NE";"COLIGAÇÃO";45;"PSDB";"Partido da Social Democracia Brasileira";-1;"#NULO#";"#NULO#";"#NULO#";280000050070;"PARA UNIR O BRASIL";"PSDB / PTB / PP / PR / DEM / SOLIDARIEDADE / PPS / PRB / PSD";"N";1958;"Válido";1958;4;"NÃO ELEITO"
"13/11/2024";"10:56:11";2018;2;"Eleição Ordinária";1;295;"ELEIÇÃO GERAL FEDERAL 2018";"07/10/2018";"F";"RO";"BR";"BRASIL";35;"PORTO VELHO";6;1;"Presidente";280000602477;45;"GERALDO JOSÉ RODRIGUES ALCKMIN FILHO";"GERALDO ALCKMIN";"#NULO#";12;"APTO";2;"DEFERIDO";-3;"#NE";-3;"#NE";-3;"#NE";"COLIGAÇÃO";45;"PSDB";"Partido da Social Democracia Brasileira";-1;"#NULO#";"#NULO#";"#NULO#";280000050070;"PARA UNIR O BRASIL";"PSDB / PTB / PP / PR / DEM / SOLIDARIEDADE / PPS / PRB / PSD";"N";2276;"Válido";2276;4;"NÃO ELEITO"
"13/11/2024";"10:56:11";2018;2;"Eleição Ordinária";1;295;"ELEIÇÃO GERAL FEDERAL 2018";"07/10/2018";"F";"RO";"BR";"BRASIL";35;"PORTO VELHO";2;1;"Presidente";280000602477;45;"GERALDO JOSÉ RODRIGUES ALCKMIN FILHO";"GERALDO ALCKMIN";"#NULO#";12;"APTO";2;"DEFERIDO";-3;"#NE";-3;"#NE";-3;"#NE";"COLIGAÇÃO";45;"PSDB";"Partido da Social Democracia Brasileira";-1;"#NULO#";"#NULO#";"#NULO#";280000050070;"PARA UNIR O BRASIL";"PSDB / PTB / PP / PR / DEM / SOLIDARIEDADE / PPS / PRB / PSD";"N";2342;"Válido";2342;4;"NÃO ELEITO"
"13/11/2024";"10:56:11";2018;2;"Eleição Ordinária";1;295;"ELEIÇÃO GERAL FEDERAL 2018";"07/10/2018";"F";"RO";"BR";"BRASIL";35;"PORTO VELHO";21;1;"Presidente";280000602477;45;"GERALDO JOSÉ RODRIGUES ALCKMIN FILHO";"GERALDO ALCKMIN";"#NULO#";12;"APTO";2;"DEFERIDO";-3;"#NE";-3;"#NE";-3;"#NE";"COLIGAÇÃO";45;"PSDB";"Partido da Social Democracia Brasileira";-1;"#NULO#";"#NULO#";"#NULO#";280000050070;"PARA UNIR O BRASIL";"PSDB / PTB / PP / PR / DEM / SOLIDARIEDADE / PPS / PRB / PSD";"N";1252;"Válido";1252;4;"NÃO ELEITO"
"13/11/2024";"10:56:11";2018;2;"Eleição Ordinária";1;295;"ELEIÇÃO GERAL FEDERAL 2018";"07/10/2018";"F";"RO";"BR";"BRASIL";736;"ALTO ALEGRE DOS PARECIS";19;1;"Presidente";280000602477;45;"GERALDO JOSÉ RODRIGUES ALCKMIN FILHO";"GERALDO ALCKMIN";"#NULO#";12;"APTO";2;"DEFERIDO";-3;"#NE";-3;"#NE";-3;"#NE";"COLIGAÇÃO";45;"PSDB";"Partido da Social Democracia Brasileira";-1;"#NULO#";"#NULO#";"#NULO#";280000050070;"PARA UNIR O BRASIL";"PSDB / PTB / PP / PR / DEM / SOLIDARIEDADE / PPS / PRB / PSD";"N";418;"Válido";418;4;"NÃO ELEITO"
"13/11/2024";"10:56:11";2018;2;"Eleição Ordinária";2;296;"ELEIÇÃO GERAL FEDERAL 2018";"28/10/2018";"F";"RO";"BR";"BRASIL";620;"CACAULÂNDIA";26;1;"Presidente";280000629808;13;"FERNANDO HADDAD";"FERNANDO HADDAD";"#NULO#";12;"APTO";2;"DEFERIDO";-3;"#NE";-3;"#NE";-3;"#NE";"COLIGAÇÃO";13;"PT";"Partido dos Trabalhadores";-1;"#NULO#";"#NULO#";"#NULO#";280000050703;"O POVO FELIZ DE NOVO";"PT / PC do B / PROS";"N";694;"Válido";694;4;"NÃO ELEITO"
"13/11/2024";"10:56:11";2018;2;"Eleição Ordinária";1;295;"ELEIÇÃO GERAL FEDERAL 2018";"07/10/2018";"F";"RO";"BR";"BRASIL";620;"CACAULÂNDIA";26;1;"Presidente";280000605589;12;"CIRO FERREIRA GOMES";"CIRO GOMES";"#NULO#";12;"APTO";2;"DEFERIDO";-3;"#NE";-3;"#NE";-3;"#NE";"COLIGAÇÃO";12;"PDT";"Partido Democrático Trabalhista";-1;"#NULO#";"#NULO#";"#NULO#";280000050163;"BRASIL SOBERANO";"PDT / AVANTE";"N";82;"Válido";82;4;"NÃO ELEITO"
"13/11/2024";"10:56:11";2018;2;"Eleição Ordinária";1;295;"ELEIÇÃO GERAL FEDERAL 2018";"07/10/2018";"F";"RO";"BR";"BRASIL";370;"NOVA BRASILÂNDIA D OESTE";15;1;"Presidente";280000622171;18;"MARIA OSMARINA MARINA DA SILVA VAZ DE LIMA";"MARINA SILVA";"#NULO#";12;"APTO";2;"DEFERIDO";-3;"#NE";-3;"#NE";-3;"#NE";"COLIGAÇÃO";18;"REDE";"Rede Sustentabilidade";-1;"#NULO#";"#NULO#";"#NULO#";280000050589;"UNIDOS PARA TRANSFORMAR O BRASIL";"REDE / PV";"N";44;"Válido";44;4;"NÃO ELEITO"
"13/11/2024";"10:56:11";2018;2;"Eleição Ordinária";2;296;"ELEIÇÃO GERAL FEDERAL 2018";"28/10/2018";"F";"RO";"BR";"BRASIL";639;"ALTO PARAÍSO";25;1;"Presidente";280000629808;13;"FERNANDO HADDAD";"FERNANDO HADDAD";"#NULO#";12;"APTO";2;"DEFERIDO";-3;"#NE";-3;"#NE";-3;"#NE";"COLIGAÇÃO";13;"PT";"Partido dos Trabalhadores";-1;"#NULO#";"#NULO#";"#NULO#";280000050703;"O POVO FELIZ DE NOVO";"PT / PC do B / PROS";"N";2257;"Válido";2257;4;"NÃO ELEITO"
"13/11/2024";"10:56:11";2018;2;"Eleição Ordinária";1;295;"ELEIÇÃO GERAL FEDERAL 2018";"07/10/2018";"F";"RO";"BR";"BRASIL";639;"ALTO PARAÍSO";25;1;"Presidente";280000601016;50;"GUILHERME CASTRO BOULOS";"GUILHERME BOULOS";"#NULO#";12;"APTO";2;"DEFERIDO";-3;"#NE";-3;"#NE";-3;"#NE";"COLIGAÇÃO";50;"PSOL";"Partido Socialismo e Liberdade";-1;"#NULO#";"#NULO#";"#NULO#";280000050035;"VAMOS SEM MEDO DE MUDAR O BRASIL";"PSOL / PCB";"N";33;"Válido";33;4;"NÃO ELEITO"
"13/11/2024";"10:56:11";2018;2;"Eleição Ordinária";1;295;"ELEIÇÃO GERAL FEDERAL 2018";"07/10/2018";"F";"RO";"BR";"BRASIL";647;"RIO CRESPO";26;1;"Presidente";280000601016;50;"GUILHERME CASTRO BOULOS";"GUILHERME BOULOS";"#NULO#";12;"APTO";2;"DEFERIDO";-3;"#NE";-3;"#NE";-3;"#NE";"COLIGAÇÃO";50;"PSOL";"Partido Socialismo e Liberdade";-1;"#NULO#";"#NULO#";"#NULO#";280000050035;"VAMOS SEM MEDO DE MUDAR O BRASIL";"PSOL / PCB";"N";12;"Válido";12;4;"NÃO ELEITO"
"13/11/2024";"10:56:11";2018;2;"Eleição Ordinária";1;295;"ELEIÇÃO GERAL FEDERAL 2018";"07/10/2018";"F";"RO";"BR";"BRASIL";647;"RIO CRESPO";26;1;"Presidente";280000622171;18;"MARIA OSMARINA MARINA DA SILVA VAZ DE LIMA";"MARINA SILVA";"#NULO#";12;"APTO";2;"DEFERIDO";-3;"#NE";-3;"#NE";-3;"#NE";"COLIGAÇÃO";18;"REDE";"Rede Sustentabilidade";-1;"#NULO#";"#NULO#";"#NULO#";280000050589;"UNIDOS PARA TRANSFORMAR O BRASIL";"REDE / PV";"N";5;"Válido";5;4;"NÃO ELEITO"
"13/11/2024";"10:56:11";2018;2;"Eleição Ordinária";2;296;"ELEIÇÃO GERAL FEDERAL 2018";"28/10/2018";"F";"RO";"BR";"BRASIL";370;"NOVA BRASILÂNDIA D OESTE";15;1;"Presidente";280000629808;13;"FERNANDO HADDAD";"FERNANDO HADDAD";"#NULO#";12;"APTO";2;"DEFERIDO";-3;"#NE";-3;"#NE";-3;"#NE";"COLIGAÇÃO";13;"PT";"Partido dos Trabalhadores";-1;"#NULO#";"#NULO#";"#NULO#";280000050703;"O POVO FELIZ DE NOVO";"PT / PC do B / PROS";"N";2790;"Válido";2790;4;"NÃO ELEITO"
"13/11/2024";"10:56:11";2018;2;"Eleição Ordinária";1;295;"ELEIÇÃO GERAL FEDERAL 2018";"07/10/2018";"F";"RO";"BR";"BRASIL";639;"ALTO PARAÍSO";25;1;"Presidente";280000622171;18;"MARIA OSMARINA MARINA DA SILVA VAZ DE LIMA";"MARINA SILVA";"#NULO#";12;"APTO";2;"DEFERIDO";-3;"#NE";-3;"#NE";-3;"#NE";"COLIGAÇÃO";18;"REDE";"Rede Sustentabilidade";-1;"#NULO#";"#NULO#";"#NULO#";280000050589;"UNIDOS PARA TRANSFORMAR O BRASIL";"REDE / PV";"N";41;"Válido";41;4;"NÃO ELEITO"
"13/11/2024";"10:56:11";2018;2;"Eleição Ordinária";1;295;"ELEIÇÃO GERAL FEDERAL 2018";"07/10/2018";"F";"RO";"BR";"BRASIL";370;"NOVA BRASILÂNDIA D OESTE";15;1;"Presidente";280000601016;50;"GUILHERME CASTRO BOULOS";"GUILHERME BOULOS";"#NULO#";12;"APTO";2;"DEFERIDO";-3;"#NE";-3;"#NE";-3;"#NE";"COLIGAÇÃO";50;"PSOL";"Partido Socialismo e Liberdade";-1;"#NULO#";"#NULO#";"#NULO#";280000050035;"VAMOS SEM MEDO DE MUDAR O BRASIL";"PSOL / PCB";"N";52;"Válido";52;4;"NÃO ELEITO"
"13/11/2024";"10:56:11";2018;2;"Eleição Ordinária";1;295;"ELEIÇÃO GERAL FEDERAL 2018";"07/10/2018";"F";"RO";"BR";"BRASIL";612;"GOVERNADOR JORGE TEIXEIRA";27;1;"Presidente";280000601016;50;"GUILHERME CASTRO BOULOS";"GUILHERME BOULOS";"#NULO#";12;"APTO";2;"DEFERIDO";-3;"#NE";-3;"#NE";-3;"#NE";"COLIGAÇÃO";50;"PSOL";"Partido Socialismo e Liberdade";-1;"#NULO#";"#NULO#";"#NULO#";280000050035;"VAMOS SEM MEDO DE MUDAR O BRASIL";"PSOL / PCB";"N";31;"Válido";31;4;"NÃO ELEITO"
"13/11/2024";"10:56:11";2018;2;"Eleição Ordinária";1;295;"ELEIÇÃO GERAL FEDERAL 2018";"07/10/2018";"F";"RO";"BR";"BRASIL";620;"CACAULÂNDIA";26;1;"Presidente";280000601016;50;"GUILHERME CASTRO BOULOS";"GUILHERME BOULOS";"#NULO#";12;"APTO";2;"DEFERIDO";-3;"#NE";-3;"#NE";-3;"#NE";"COLIGAÇÃO";50;"PSOL";"Partido Socialismo e Liberdade";-1;"#NULO#";"#NULO#";"#NULO#";280000050035;"VAMOS SEM MEDO DE MUDAR O BRASIL";"PSOL / PCB";"N";14;"Válido";14;4;"NÃO ELEITO"
"13/11/2024";"10:56:11";2018;2;"Eleição Ordinária";1;295;"ELEIÇÃO GERAL FEDERAL 2018";"07/10/2018";"F";"RO";"BR";"BRASIL";230;"COLORADO DO OESTE";8;1;"Presidente";280000618462;19;"ALVARO FERNANDES DIAS";"ALVARO DIAS";"#NULO#";12;"APTO";2;"DEFERIDO";-3;"#NE";-3;"#NE";-3;"#NE";"COLIGAÇÃO";19;"PODE";"Podemos";-1;"#NULO#";"#NULO#";"#NULO#";280000050478;"MUDANÇA DE VERDADE";"PODE / PRP / PSC / PTC";"N";161;"Válido";161;4;"NÃO ELEITO"
"13/11/2024";"10:56:11";2018;2;"Eleição Ordinária";1;295;"ELEIÇÃO GERAL FEDERAL 2018";"07/10/2018";"F";"RO";"BR";"BRASIL";159;"JARU";10;1;"Presidente";280000618462;19;"ALVARO FERNANDES DIAS";"ALVARO DIAS";"#NULO#";12;"APTO";2;"DEFERIDO";-3;"#NE";-3;"#NE";-3;"#NE";"COLIGAÇÃO";19;"PODE";"Podemos";-1;"#NULO#";"#NULO#";"#NULO#";280000050478;"MUDANÇA DE VERDADE";"PODE / PRP / PSC / PTC";"N";308;"Válido";308;4;"NÃO ELEITO"
"13/11/2024";"10:56:11";2018;2;"Eleição Ordinária";1;295;"ELEIÇÃO GERAL FEDERAL 2018";"07/10/2018";"F";"RO";"BR";"BRASIL";370;"NOVA BRASILÂNDIA D OESTE";15;1;"Presidente";280000622281;15;"HENRIQUE DE CAMPOS MEIRELLES";"HENRIQUE MEIRELLES";"#NULO#";12;"APTO";2;"DEFERIDO";-3;"#NE";-3;"#NE";-3;"#NE";"COLIGAÇÃO";15;"MDB";"Movimento Democrático Brasileiro";-1;"#NULO#";"#NULO#";"#NULO#";280000050592;"ESSA É A SOLUÇÃO";"MDB / PHS";"N";143;"Válido";143;4;"NÃO ELEITO"
"13/11/2024";"10:56:11";2018;2;"Eleição Ordinária";1;295;"ELEIÇÃO GERAL FEDERAL 2018";"07/10/2018";"F";"RO";"BR";"BRASIL";370;"NOVA BRASILÂNDIA D OESTE";15;1;"Presidente";280000607640;30;"JOÃO DIONISIO FILGUEIRA BARRETO AMOEDO";"JOÃO AMOÊDO";"#NULO#";12;"APTO";2;"DEFERIDO";-3;"#NE";-3;"#NE";-3;"#NE";"PARTIDO ISOLADO";30;"NOVO";"Partido Novo";-1;"#NULO#";"#NULO#";"#NULO#";280000050199;"PARTIDO ISOLADO";"NOVO";"N";98;"Válido";98;4;"NÃO ELEITO"
"13/11/2024";"10:56:11";2018;2;"Eleição Ordinária";1;295;"ELEIÇÃO GERAL FEDERAL 2018";"07/10/2018";"F";"RO";"BR";"BRASIL";639;"ALTO PARAÍSO";25;1;"Presidente";280000607640;30;"JOÃO DIONISIO FILGUEIRA BARRETO AMOEDO";"JOÃO AMOÊDO";"#NULO#";12;"APTO";2;"DEFERIDO";-3;"#NE";-3;"#NE";-3;"#NE";"PARTIDO ISOLADO";30;"NOVO";"Partido Novo";-1;"#NULO#";"#NULO#";"#NULO#";280000050199;"PARTIDO ISOLADO";"NOVO";"N";58;"Válido";58;4;"NÃO ELEITO"
"13/11/2024";"10:56:11";2018;2;"Eleição Ordinária";2;296;"ELEIÇÃO GERAL FEDERAL 2018";"28/10/2018";"F";"RO";"BR";"BRASIL";116;"PIMENTA BUENO";9;1;"Presidente";280000629808;13;"FERNANDO HADDAD";"FERNANDO HADDAD";"#NULO#";12;"APTO";2;"DEFERIDO";-3;"#NE";-3;"#NE";-3;"#NE";"COLIGAÇÃO";13;"PT";"Partido dos Trabalhadores";-1;"#NULO#";"#NULO#";"#NULO#";280000050703;"O POVO FELIZ DE NOVO";"PT / PC do B / PROS";"N";4284;"Válido";4284;4;"NÃO ELEITO"
"13/11/2024";"10:56:11";2018;2;"Eleição Ordinária";1;295;"ELEIÇÃO GERAL FEDERAL 2018";"07/10/2018";"F";"RO";"BR";"BRASIL";477;"CANDEIAS DO JAMARI";21;1;"Presidente";280000622281;15;"HENRIQUE DE CAMPOS MEIRELLES";"HENRIQUE MEIRELLES";"#NULO#";12;"APTO";2;"DEFERIDO";-3;"#NE";-3;"#NE";-3;"#NE";"COLIGAÇÃO";15;"MDB";"Movimento Democrático Brasileiro";-1;"#NULO#";"#NULO#";"#NULO#";280000050592;"ESSA É A SOLUÇÃO";"MDB / PHS";"N";235;"Válido";235;4;"NÃO ELEITO"
"13/11/2024";"10:56:11";2018;2;"Eleição Ordinária";1;295;"ELEIÇÃO GERAL FEDERAL 2018";"07/10/2018";"F";"RO";"BR";"BRASIL";370;"NOVA BRASILÂNDIA D OESTE";15;1;"Presidente";280000624085;27;"JOSE MARIA EYMAEL";"EYMAEL";"#NULO#";12;"APTO";2;"DEFERIDO";-3;"#NE";-3;"#NE";-3;"#NE";"PARTIDO ISOLADO";27;"DC";"Democracia Cristã";-1;"#NULO#";"#NULO#";"#NULO#";280000050639;"PARTIDO ISOLADO";"DC";"N";1;"Válido";1;4;"NÃO ELEITO"
"13/11/2024";"10:56:11";2018;2;"Eleição Ordinária";1;295;"ELEIÇÃO GERAL FEDERAL 2018";"07/10/2018";"F";"RO";"BR";"BRASIL";620;"CACAULÂNDIA";26;1;"Presidente";280000622281;15;"HENRIQUE DE CAMPOS MEIRELLES";"HENRIQUE MEIRELLES";"#NULO#";12;"APTO";2;"DEFERIDO";-3;"#NE";-3;"#NE";-3;"#NE";"COLIGAÇÃO";15;"MDB";"Movimento Democrático Brasileiro";-1;"#NULO#";"#NULO#";"#NULO#";280000050592;"ESSA É A SOLUÇÃO";"MDB / PHS";"N";42;"Válido";42;4;"NÃO ELEITO"
"13/11/2024";"10:56:11";2018;2;"Eleição Ordinária";1;295;"ELEIÇÃO GERAL FEDERAL 2018";"07/10/2018";"F";"RO";"BR";"BRASIL";680;"CUJUBIM";26;1;"Presidente";280000601016;50;"GUILHERME CASTRO BOULOS";"GUILHERME BOULOS";"#NULO#";12;"APTO";2;"DEFERIDO";-3;"#NE";-3;"#NE";-3;"#NE";"COLIGAÇÃO";50;"PSOL";"Partido Socialismo e Liberdade";-1;"#NULO#";"#NULO#";"#NULO#";280000050035;"VAMOS SEM MEDO DE MUDAR O BRASIL";"PSOL / PCB";"N";40;"Válido";40;4;"NÃO ELEITO"
"13/11/2024";"10:56:11";2018;2;"Eleição Ordinária";1;295;"ELEIÇÃO GERAL FEDERAL 2018";"07/10/2018";"F";"RO";"BR";"BRASIL";701;"PARECIS";19;1;"Presidente";280000601016;50;"GUILHERME CASTRO BOULOS";"GUILHERME BOULOS";"#NULO#";12;"APTO";2;"DEFERIDO";-3;"#NE";-3;"#NE";-3;"#NE";"COLIGAÇÃO";50;"PSOL";"Partido Socialismo e Liberdade";-1;"#NULO#";"#NULO#";"#NULO#";280000050035;"VAMOS SEM MEDO DE MUDAR O BRASIL";"PSOL / PCB";"N";13;"Válido";13;4;"NÃO ELEITO"
"13/11/2024";"10:56:11";2018;2;"Eleição Ordinária";1;295;"ELEIÇÃO GERAL FEDERAL 2018";"07/10/2018";"F";"RO";"BR";"BRASIL";655;"CORUMBIARA";16;1;"Presidente";280000601016;50;"GUILHERME CASTRO BOULOS";"GUILHERME BOULOS";"#NULO#";12;"APTO";2;"DEFERIDO";-3;"#NE";-3;"#NE";-3;"#NE";"COLIGAÇÃO";50;"PSOL";"Partido Socialismo e Liberdade";-1;"#NULO#";"#NULO#";"#NULO#";280000050035;"VAMOS SEM MEDO DE MUDAR O BRASIL";"PSOL / PCB";"N";28;"Válido";28;4;"NÃO ELEITO"
"13/11/2024";"10:56:11";2018;2;"Eleição Ordinária";1;295;"ELEIÇÃO GERAL FEDERAL 2018";"07/10/2018";"F";"RO";"BR";"BRASIL";116;"PIMENTA BUENO";9;1;"Presidente";280000601016;50;"GUILHERME CASTRO BOULOS";"GUILHERME BOULOS";"#NULO#";12;"APTO";2;"DEFERIDO";-3;"#NE";-3;"#NE";-3;"#NE";"COLIGAÇÃO";50;"PSOL";"Partido Socialismo e Liberdade";-1;"#NULO#";"#NULO#";"#NULO#";280000050035;"VAMOS SEM MEDO DE MUDAR O BRASIL";"PSOL / PCB";"N";98;"Válido";98;4;"NÃO ELEITO"
"13/11/2024";"10:56:11";2018;2;"Eleição Ordinária";1;295;"ELEIÇÃO GERAL FEDERAL 2018";"07/10/2018";"F";"RO";"BR";"BRASIL";612;"GOVERNADOR JORGE TEIXEIRA";27;1;"Presidente";280000607640;30;"JOÃO DIONISIO FILGUEIRA BARRETO AMOEDO";"JOÃO AMOÊDO";"#NULO#";12;"APTO";2;"DEFERIDO";-3;"#NE";-3;"#NE";-3;"#NE";"PARTIDO ISOLADO";30;"NOVO";"Partido Novo";-1;"#NULO#";"#NULO#";"#NULO#";280000050199;"PARTIDO ISOLADO";"NOVO";"N";45;"Válido";45;4;"NÃO ELEITO"
"13/11/2024";"10:56:11";2018;2;"Eleição Ordinária";2;296;"ELEIÇÃO GERAL FEDERAL 2018";"28/10/2018";"F";"RO";"BR";"BRASIL";701;"PARECIS";19;1;"Presidente";280000629808;13;"FERNANDO HADDAD";"FERNANDO HADDAD";"#NULO#";12;"APTO";2;"DEFERIDO";-3;"#NE";-3;"#NE";-3;"#NE";"COLIGAÇÃO";13;"PT";"Partido dos Trabalhadores";-1;"#NULO#";"#NULO#";"#NULO#";280000050703;"O POVO FELIZ DE NOVO";"PT / PC do B / PROS";"N";912;"Válido";912;4;"NÃO ELEITO"
"13/11/2024";"10:56:11";2018;2;"Eleição Ordinária";1;295;"ELEIÇÃO GERAL FEDERAL 2018";"07/10/2018";"F";"RO";"BR";"BRASIL";655;"CORUMBIARA";16;1;"Presidente";280000618462;19;"ALVARO FERNANDES DIAS";"ALVARO DIAS";"#NULO#";12;"APTO";2;"DEFERIDO";-3;"#NE";-3;"#NE";-3;"#NE";"COLIGAÇÃO";19;"PODE";"Podemos";-1;"#NULO#";"#NULO#";"#NULO#";280000050478;"MUDANÇA DE VERDADE";"PODE / PRP / PSC / PTC";"N";78;"Válido";78;4;"NÃO ELEITO"
"13/11/2024";"10:56:11";2018;2;"Eleição Ordinária";1;295;"ELEIÇÃO GERAL FEDERAL 2018";"07/10/2018";"F";"RO";"BR";"BRASIL";647;"RIO CRESPO";26;1;"Presidente";280000605589;12;"CIRO FERREIRA GOMES";"CIRO GOMES";"#NULO#";12;"APTO";2;"DEFERIDO";-3;"#NE";-3;"#NE";-3;"#NE";"COLIGAÇÃO";12;"PDT";"Partido Democrático Trabalhista";-1;"#NULO#";"#NULO#";"#NULO#";280000050163;"BRASIL SOBERANO";"PDT / AVANTE";"N";101;"Válido";101;4;"NÃO ELEITO"
"13/11/2024";"10:56:11";2018;2;"Eleição Ordinária";1;295;"ELEIÇÃO GERAL FEDERAL 2018";"07/10/2018";"F";"RO";"BR";"BRASIL";612;"GOVERNADOR JORGE TEIXEIRA";27;1;"Presidente";280000605589;12;"CIRO FERREIRA GOMES";"CIRO GOMES";"#NULO#";12;"APTO";2;"DEFERIDO";-3;"#NE";-3;"#NE";-3;"#NE";"COLIGAÇÃO";12;"PDT";"Partido Democrático Trabalhista";-1;"#NULO#";"#NULO#";"#NULO#";280000050163;"BRASIL SOBERANO";"PDT / AVANTE";"N";218;"Válido";218;4;"NÃO ELEITO"
"13/11/2024";"10:56:11";2018;2;"Eleição Ordinária";1;295;"ELEIÇÃO GERAL FEDERAL 2018";"07/10/2018";"F";"RO";"BR";"BRASIL";647;"RIO CRESPO";26;1;"Presidente";280000607640;30;"JOÃO DIONISIO FILGUEIRA BARRETO AMOEDO";"JOÃO AMOÊDO";"#NULO#";12;"APTO";2;"DEFERIDO";-3;"#NE";-3;"#NE";-3;"#NE";"PARTIDO ISOLADO";30;"NOVO";"Partido Novo";-1;"#NULO#";"#NULO#";"#NULO#";280000050199;"PARTIDO ISOLADO";"NOVO";"N";7;"Válido";7;4;"NÃO ELEITO"
"13/11/2024";"10:56:11";2018;2;"Eleição Ordinária";1;295;"ELEIÇÃO GERAL FEDERAL 2018";"07/10/2018";"F";"RO";"BR";"BRASIL";680;"CUJUBIM";26;1;"Presidente";280000605589;12;"CIRO FERREIRA GOMES";"CIRO GOMES";"#NULO#";12;"APTO";2;"DEFERIDO";-3;"#NE";-3;"#NE";-3;"#NE";"COLIGAÇÃO";12;"PDT";"Partido Democrático Trabalhista";-1;"#NULO#";"#NULO#";"#NULO#";280000050163;"BRASIL SOBERANO";"PDT / AVANTE";"N";250;"Válido";250;4;"NÃO ELEITO"
"13/11/2024";"10:56:11";2018;2;"Eleição Ordinária";1;295;"ELEIÇÃO GERAL FEDERAL 2018";"07/10/2018";"F";"RO";"BR";"BRASIL";94;"CACOAL";11;1;"Presidente";280000622281;15;"HENRIQUE DE CAMPOS MEIRELLES";"HENRIQUE MEIRELLES";"#NULO#";12;"APTO";2;"DEFERIDO";-3;"#NE";-3;"#NE";-3;"#NE";"COLIGAÇÃO";15;"MDB";"Movimento Democrático Brasileiro";-1;"#NULO#";"#NULO#";"#NULO#";280000050592;"ESSA É A SOLUÇÃO";"MDB / PHS";"N";618;"Válido";618;4;"NÃO ELEITO"
"13/11/2024";"10:56:11";2018;2;"Eleição Ordinária";1;295;"ELEIÇÃO GERAL FEDERAL 2018";"07/10/2018";"F";"RO";"BR";"BRASIL";620;"CACAULÂNDIA";26;1;"Presidente";280000607640;30;"JOÃO DIONISIO FILGUEIRA BARRETO AMOEDO";"JOÃO AMOÊDO";"#NULO#";12;"APTO";2;"DEFERIDO";-3;"#NE";-3;"#NE";-3;"#NE";"PARTIDO ISOLADO";30;"NOVO";"Partido Novo";-1;"#NULO#";"#NULO#";"#NULO#";280000050199;"PARTIDO ISOLADO";"NOVO";"N";33;"Válido";33;4;"NÃO ELEITO"
"13/11/2024";"10:56:11";2018;2;"Eleição Ordinária";1;295;"ELEIÇÃO GERAL FEDERAL 2018";"07/10/2018";"F";"RO";"BR";"BRASIL";477;"CANDEIAS DO JAMARI";21;1;"Presidente";280000624085;27;"JOSE MARIA EYMAEL";"EYMAEL";"#NULO#";12;"APTO";2;"DEFERIDO";-3;"#NE";-3;"#NE";-3;"#NE";"PARTIDO ISOLADO";27;"DC";"Democracia Cristã";-1;"#NULO#";"#NULO#";"#NULO#";280000050639;"PARTIDO ISOLADO";"DC";"N";28;"Válido";28;4;"NÃO ELEITO"
"13/11/2024";"10:56:11";2018;2;"Eleição Ordinária";1;295;"ELEIÇÃO GERAL FEDERAL 2018";"07/10/2018";"F";"RO";"BR";"BRASIL";477;"CANDEIAS DO JAMARI";21;1;"Presidente";280000622171;18;"MARIA OSMARINA MARINA DA SILVA VAZ DE LIMA";"MARINA SILVA";"#NULO#";12;"APTO";2;"DEFERIDO";-3;"#NE";-3;"#NE";-3;"#NE";"COLIGAÇÃO";18;"REDE";"Rede Sustentabilidade";-1;"#NULO#";"#NULO#";"#NULO#";280000050589;"UNIDOS PARA TRANSFORMAR O BRASIL";"REDE / PV";"N";116;"Válido";116;4;"NÃO ELEITO"
"13/11/2024";"10:56:11";2018;2;"Eleição Ordinária";1;295;"ELEIÇÃO GERAL FEDERAL 2018";"07/10/2018";"F";"RO";"BR";"BRASIL";515;"NOVO HORIZONTE DO OESTE";15;1;"Presidente";280000601016;50;"GUILHERME CASTRO BOULOS";"GUILHERME BOULOS";"#NULO#";12;"APTO";2;"DEFERIDO";-3;"#NE";-3;"#NE";-3;"#NE";"COLIGAÇÃO";50;"PSOL";"Partido Socialismo e Liberdade";-1;"#NULO#";"#NULO#";"#NULO#";280000050035;"VAMOS SEM MEDO DE MUDAR O BRASIL";"PSOL / PCB";"N";29;"Válido";29;4;"NÃO ELEITO"
"13/11/2024";"10:56:11";2018;2;"Eleição Ordinária";2;296;"ELEIÇÃO GERAL FEDERAL 2018";"28/10/2018";"F";"RO";"BR";"BRASIL";655;"CORUMBIARA";16;1;"Presidente";280000629808;13;"FERNANDO HADDAD";"FERNANDO HADDAD";"#NULO#";12;"APTO";2;"DEFERIDO";-3;"#NE";-3;"#NE";-3;"#NE";"COLIGAÇÃO";13;"PT";"Partido dos Trabalhadores";-1;"#NULO#";"#NULO#";"#NULO#";280000050703;"O POVO FELIZ DE NOVO";"PT / PC do B / PROS";"N";1613;"Válido";1613;4;"NÃO ELEITO"
"13/11/2024";"10:56:11";2018;2;"Eleição Ordinária";2;296;"ELEIÇÃO GERAL FEDERAL 2018";"28/10/2018";"F";"RO";"BR";"BRASIL";680;"CUJUBIM";26;1;"Presidente";280000629808;13;"FERNANDO HADDAD";"FERNANDO HADDAD";"#NULO#";12;"APTO";2;"DEFERIDO";-3;"#NE";-3;"#NE";-3;"#NE";"COLIGAÇÃO";13;"PT";"Partido dos Trabalhadores";-1;"#NULO#";"#NULO#";"#NULO#";280000050703;"O POVO FELIZ DE NOVO";"PT / PC do B / PROS";"N";1775;"Válido";1775;4;"NÃO ELEITO"
"13/11/2024";"10:56:11";2018;2;"Eleição Ordinária";1;295;"ELEIÇÃO GERAL FEDERAL 2018";"07/10/2018";"F";"RO";"BR";"BRASIL";655;"CORUMBIARA";16;1;"Presidente";280000622281;15;"HENRIQUE DE CAMPOS MEIRELLES";"HENRIQUE MEIRELLES";"#NULO#";12;"APTO";2;"DEFERIDO";-3;"#NE";-3;"#NE";-3;"#NE";"COLIGAÇÃO";15;"MDB";"Movimento Democrático Brasileiro";-1;"#NULO#";"#NULO#";"#NULO#";280000050592;"ESSA É A SOLUÇÃO";"MDB / PHS";"N";65;"Válido";65;4;"NÃO ELEITO"
"13/11/2024";"10:56:11";2018;2;"Eleição Ordinária";1;295;"ELEIÇÃO GERAL FEDERAL 2018";"07/10/2018";"F";"RO";"BR";"BRASIL";94;"CACOAL";11;1;"Presidente";280000605589;12;"CIRO FERREIRA GOMES";"CIRO GOMES";"#NULO#";12;"APTO";2;"DEFERIDO";-3;"#NE";-3;"#NE";-3;"#NE";"COLIGAÇÃO";12;"PDT";"Partido Democrático Trabalhista";-1;"#NULO#";"#NULO#";"#NULO#";280000050163;"BRASIL SOBERANO";"PDT / AVANTE";"N";2530;"Válido";2530;4;"NÃO ELEITO"
"13/11/2024";"10:56:11";2018;2;"Eleição Ordinária";2;296;"ELEIÇÃO GERAL FEDERAL 2018";"28/10/2018";"F";"RO";"BR";"BRASIL";94;"CACOAL";11;1;"Presidente";280000629808;13;"FERNANDO HADDAD";"FERNANDO HADDAD";"#NULO#";12;"APTO";2;"DEFERIDO";-3;"#NE";-3;"#NE";-3;"#NE";"COLIGAÇÃO";13;"PT";"Partido dos Trabalhadores";-1;"#NULO#";"#NULO#";"#NULO#";280000050703;"O POVO FELIZ DE NOVO";"PT / PC do B / PROS";"N";10091;"Válido";10091;4;"NÃO ELEITO"
"13/11/2024";"10:56:11";2018;2;"Eleição Ordinária";1;295;"ELEIÇÃO GERAL FEDERAL 2018";"07/10/2018";"F";"RO";"BR";"BRASIL";647;"RIO CRESPO";26;1;"Presidente";280000624085;27;"JOSE MARIA EYMAEL";"EYMAEL";"#NULO#";12;"APTO";2;"DEFERIDO";-3;"#NE";-3;"#NE";-3;"#NE";"PARTIDO ISOLADO";27;"DC";"Democracia Cristã";-1;"#NULO#";"#NULO#";"#NULO#";280000050639;"PARTIDO ISOLADO";"DC";"N";1;"Válido";1;4;"NÃO ELEITO"
"13/11/2024";"10:56:11";2018;2;"Eleição Ordinária";1;295;"ELEIÇÃO GERAL FEDERAL 2018";"07/10/2018";"F";"RO";"BR";"BRASIL";515;"NOVO HORIZONTE DO OESTE";15;1;"Presidente";280000605589;12;"CIRO FERREIRA GOMES";"CIRO GOMES";"#NULO#";12;"APTO";2;"DEFERIDO";-3;"#NE";-3;"#NE";-3;"#NE";"COLIGAÇÃO";12;"PDT";"Partido Democrático Trabalhista";-1;"#NULO#";"#NULO#";"#NULO#";280000050163;"BRASIL SOBERANO";"PDT / AVANTE";"N";234;"Válido";234;4;"NÃO ELEITO"
"13/11/2024";"10:56:11";2018;2;"Eleição Ordinária";1;295;"ELEIÇÃO GERAL FEDERAL 2018";"07/10/2018";"F";"RO";"BR";"BRASIL";515;"NOVO HORIZONTE DO OESTE";15;1;"Presidente";280000622171;18;"MARIA OSMARINA MARINA DA SILVA VAZ DE LIMA";"MARINA SILVA";"#NULO#";12;"APTO";2;"DEFERIDO";-3;"#NE";-3;"#NE";-3;"#NE";"COLIGAÇÃO";18;"REDE";"Rede Sustentabilidade";-1;"#NULO#";"#NULO#";"#NULO#";280000050589;"UNIDOS PARA TRANSFORMAR O BRASIL";"REDE / PV";"N";22;"Válido";22;4;"NÃO ELEITO"
"13/11/2024";"10:56:11";2018;2;"Eleição Ordinária";1;295;"ELEIÇÃO GERAL FEDERAL 2018";"07/10/2018";"F";"RO";"BR";"BRASIL";639;"ALTO PARAÍSO";25;1;"Presidente";280000624085;27;"JOSE MARIA EYMAEL";"EYMAEL";"#NULO#";12;"APTO";2;"DEFERIDO";-3;"#NE";-3;"#NE";-3;"#NE";"PARTIDO ISOLADO";27;"DC";"Democracia Cristã";-1;"#NULO#";"#NULO#";"#NULO#";280000050639;"PARTIDO ISOLADO";"DC";"N";2;"Válido";2;4;"NÃO ELEITO"
"13/11/2024";"10:56:11";2018;2;"Eleição Ordinária";1;295;"ELEIÇÃO GERAL FEDERAL 2018";"07/10/2018";"F";"RO";"BR";"BRASIL";515;"NOVO HORIZONTE DO OESTE";15;1;"Presidente";280000618462;19;"ALVARO FERNANDES DIAS";"ALVARO DIAS";"#NULO#";12;"APTO";2;"DEFERIDO";-3;"#NE";-3;"#NE";-3;"#NE";"COLIGAÇÃO";19;"PODE";"Podemos";-1;"#NULO#";"#NULO#";"#NULO#";280000050478;"MUDANÇA DE VERDADE";"PODE / PRP / PSC / PTC";"N";151;"Válido";151;4;"NÃO ELEITO"
"13/11/2024";"10:56:11";2018;2;"Eleição Ordinária";1;295;"ELEIÇÃO GERAL FEDERAL 2018";"07/10/2018";"F";"RO";"BR";"BRASIL";116;"PIMENTA BUENO";9;1;"Presidente";280000618462;19;"ALVARO FERNANDES DIAS";"ALVARO DIAS";"#NULO#";12;"APTO";2;"DEFERIDO";-3;"#NE";-3;"#NE";-3;"#NE";"COLIGAÇÃO";19;"PODE";"Podemos";-1;"#NULO#";"#NULO#";"#NULO#";280000050478;"MUDANÇA DE VERDADE";"PODE / PRP / PSC / PTC";"N";208;"Válido";208;4;"NÃO ELEITO"
"13/11/2024";"10:56:11";2018;2;"Eleição Ordinária";1;295;"ELEIÇÃO GERAL FEDERAL 2018";"07/10/2018";"F";"RO";"BR";"BRASIL";655;"CORUMBIARA";16;1;"Presidente";280000607640;30;"JOÃO DIONISIO FILGUEIRA BARRETO AMOEDO";"JOÃO AMOÊDO";"#NULO#";12;"APTO";2;"DEFERIDO";-3;"#NE";-3;"#NE";-3;"#NE";"PARTIDO ISOLADO";30;"NOVO";"Partido Novo";-1;"#NULO#";"#NULO#";"#NULO#";280000050199;"PARTIDO ISOLADO";"NOVO";"N";36;"Válido";36;4;"NÃO ELEITO"
"13/11/2024";"10:56:11";2018;2;"Eleição Ordinária";1;295;"ELEIÇÃO GERAL FEDERAL 2018";"07/10/2018";"F";"RO";"BR";"BRASIL";370;"NOVA BRASILÂNDIA D OESTE";15;1;"Presidente";280000602477;45;"GERALDO JOSÉ RODRIGUES ALCKMIN FILHO";"GERALDO ALCKMIN";"#NULO#";12;"APTO";2;"DEFERIDO";-3;"#NE";-3;"#NE";-3;"#NE";"COLIGAÇÃO";45;"PSDB";"Partido da Social Democracia Brasileira";-1;"#NULO#";"#NULO#";"#NULO#";280000050070;"PARA UNIR O BRASIL";"PSDB / PTB / PP / PR / DEM / SOLIDARIEDADE / PPS / PRB / PSD";"N";609;"Válido";609;4;"NÃO ELEITO"
"13/11/2024";"10:56:11";2018;2;"Eleição Ordinária";2;296;"ELEIÇÃO GERAL FEDERAL 2018";"28/10/2018";"F";"RO";"BR";"BRASIL";515;"NOVO HORIZONTE DO OESTE";15;1;"Presidente";280000629808;13;"FERNANDO HADDAD";"FERNANDO HADDAD";"#NULO#";12;"APTO";2;"DEFERIDO";-3;"#NE";-3;"#NE";-3;"#NE";"COLIGAÇÃO";13;"PT";"Partido dos Trabalhadores";-1;"#NULO#";"#NULO#";"#NULO#";280000050703;"O POVO FELIZ DE NOVO";"PT / PC do B / PROS";"N";1995;"Válido";1995;4;"NÃO ELEITO"
"13/11/2024";"10:56:11";2018;2;"Eleição Ordinária";1;295;"ELEIÇÃO GERAL FEDERAL 2018";"07/10/2018";"F";"RO";"BR";"BRASIL";655;"CORUMBIARA";16;1;"Presidente";280000605589;12;"CIRO FERREIRA GOMES";"CIRO GOMES";"#NULO#";12;"APTO";2;"DEFERIDO";-3;"#NE";-3;"#NE";-3;"#NE";"COLIGAÇÃO";12;"PDT";"Partido Democrático Trabalhista";-1;"#NULO#";"#NULO#";"#NULO#";280000050163;"BRASIL SOBERANO";"PDT / AVANTE";"N";252;"Válido";252;4;"NÃO ELEITO"
"13/11/2024";"10:56:11";2018;2;"Eleição Ordinária";1;295;"ELEIÇÃO GERAL FEDERAL 2018";"07/10/2018";"F";"RO";"BR";"BRASIL";680;"CUJUBIM";26;1;"Presidente";280000618462;19;"ALVARO FERNANDES DIAS";"ALVARO DIAS";"#NULO#";12;"APTO";2;"DEFERIDO";-3;"#NE";-3;"#NE";-3;"#NE";"COLIGAÇÃO";19;"PODE";"Podemos";-1;"#NULO#";"#NULO#";"#NULO#";280000050478;"MUDANÇA DE VERDADE";"PODE / PRP / PSC / PTC";"N";107;"Válido";107;4;"NÃO ELEITO"
"13/11/2024";"10:56:11";2018;2;"Eleição Ordinária";1;295;"ELEIÇÃO GERAL FEDERAL 2018";"07/10/2018";"F";"RO";"BR";"BRASIL";94;"CACOAL";11;1;"Presidente";280000618462;19;"ALVARO FERNANDES DIAS";"ALVARO DIAS";"#NULO#";12;"APTO";2;"DEFERIDO";-3;"#NE";-3;"#NE";-3;"#NE";"COLIGAÇÃO";19;"PODE";"Podemos";-1;"#NULO#";"#NULO#";"#NULO#";280000050478;"MUDANÇA DE VERDADE";"PODE / PRP / PSC / PTC";"N";531;"Válido";531;4;"NÃO ELEITO"
"13/11/2024";"10:56:11";2018;2;"Eleição Ordinária";1;295;"ELEIÇÃO GERAL FEDERAL 2018";"07/10/2018";"F";"RO";"BR";"BRASIL";116;"PIMENTA BUENO";9;1;"Presidente";280000605589;12;"CIRO FERREIRA GOMES";"CIRO GOMES";"#NULO#";12;"APTO";2;"DEFERIDO";-3;"#NE";-3;"#NE";-3;"#NE";"COLIGAÇÃO";12;"PDT";"Partido Democrático Trabalhista";-1;"#NULO#";"#NULO#";"#NULO#";280000050163;"BRASIL SOBERANO";"PDT / AVANTE";"N";790;"Válido";790;4;"NÃO ELEITO"
"13/11/2024";"10:56:11";2018;2;"Eleição Ordinária";1;295;"ELEIÇÃO GERAL FEDERAL 2018";"07/10/2018";"F";"RO";"BR";"BRASIL";94;"CACOAL";11;1;"Presidente";280000601016;50;"GUILHERME CASTRO BOULOS";"GUILHERME BOULOS";"#NULO#";12;"APTO";2;"DEFERIDO";-3;"#NE";-3;"#NE";-3;"#NE";"COLIGAÇÃO";50;"PSOL";"Partido Socialismo e Liberdade";-1;"#NULO#";"#NULO#";"#NULO#";280000050035;"VAMOS SEM MEDO DE MUDAR O BRASIL";"PSOL / PCB";"N";287;"Válido";287;4;"NÃO ELEITO"
"13/11/2024";"10:56:11";2018;2;"Eleição Ordinária";1;295;"ELEIÇÃO GERAL FEDERAL 2018";"07/10/2018";"F";"RO";"BR";"BRASIL";701;"PARECIS";19;1;"Presidente";280000618462;19;"ALVARO FERNANDES DIAS";"ALVARO DIAS";"#NULO#";12;"APTO";2;"DEFERIDO";-3;"#NE";-3;"#NE";-3;"#NE";"COLIGAÇÃO";19;"PODE";"Podemos";-1;"#NULO#";"#NULO#";"#NULO#";280000050478;"MUDANÇA DE VERDADE";"PODE / PRP / PSC / PTC";"N";15;"Válido";15;4;"NÃO ELEITO"
"13/11/2024";"10:56:11";2018;2;"Eleição Ordinária";1;295;"ELEIÇÃO GERAL FEDERAL 2018";"07/10/2018";"F";"RO";"BR";"BRASIL";515;"NOVO HORIZONTE DO OESTE";15;1;"Presidente";280000622281;15;"HENRIQUE DE CAMPOS MEIRELLES";"HENRIQUE MEIRELLES";"#NULO#";12;"APTO";2;"DEFERIDO";-3;"#NE";-3;"#NE";-3;"#NE";"COLIGAÇÃO";15;"MDB";"Movimento Democrático Brasileiro";-1;"#NULO#";"#NULO#";"#NULO#";280000050592;"ESSA É A SOLUÇÃO";"MDB / PHS";"N";67;"Válido";67;4;"NÃO ELEITO"
"13/11/2024";"10:56:11";2018;2;"Eleição Ordinária";1;295;"ELEIÇÃO GERAL FEDERAL 2018";"07/10/2018";"F";"RO";"BR";"BRASIL";701;"PARECIS";19;1;"Presidente";280000622171;18;"MARIA OSMARINA MARINA DA SILVA VAZ DE LIMA";"MARINA SILVA";"#NULO#";12;"APTO";2;"DEFERIDO";-3;"#NE";-3;"#NE";-3;"#NE";"COLIGAÇÃO";18;"REDE";"Rede Sustentabilidade";-1;"#NULO#";"#NULO#";"#NULO#";280000050589;"UNIDOS PARA TRANSFORMAR O BRASIL";"REDE / PV";"N";8;"Válido";8;4;"NÃO ELEITO"
"13/11/2024";"10:56:11";2018;2;"Eleição Ordinária";1;295;"ELEIÇÃO GERAL FEDERAL 2018";"07/10/2018";"F";"RO";"BR";"BRASIL";680;"CUJUBIM";26;1;"Presidente";280000622171;18;"MARIA OSMARINA MARINA DA SILVA VAZ DE LIMA";"MARINA SILVA";"#NULO#";12;"APTO";2;"DEFERIDO";-3;"#NE";-3;"#NE";-3;"#NE";"COLIGAÇÃO";18;"REDE";"Rede Sustentabilidade";-1;"#NULO#";"#NULO#";"#NULO#";280000050589;"UNIDOS PARA TRANSFORMAR O BRASIL";"REDE / PV";"N";16;"Válido";16;4;"NÃO ELEITO"
"13/11/2024";"10:56:11";2018;2;"Eleição Ordinária";1;295;"ELEIÇÃO GERAL FEDERAL 2018";"07/10/2018";"F";"RO";"BR";"BRASIL";701;"PARECIS";19;1;"Presidente";280000622281;15;"HENRIQUE DE CAMPOS MEIRELLES";"HENRIQUE MEIRELLES";"#NULO#";12;"APTO";2;"DEFERIDO";-3;"#NE";-3;"#NE";-3;"#NE";"COLIGAÇÃO";15;"MDB";"Movimento Democrático Brasileiro";-1;"#NULO#";"#NULO#";"#NULO#";280000050592;"ESSA É A SOLUÇÃO";"MDB / PHS";"N";58;"Válido";58;4;"NÃO ELEITO"
"13/11/2024";"10:56:11";2018;2;"Eleição Ordinária";1;295;"ELEIÇÃO GERAL FEDERAL 2018";"07/10/2018";"F";"RO";"BR";"BRASIL";680;"CUJUBIM";26;1;"Presidente";280000607640;30;"JOÃO DIONISIO FILGUEIRA BARRETO AMOEDO";"JOÃO AMOÊDO";"#NULO#";12;"APTO";2;"DEFERIDO";-3;"#NE";-3;"#NE";-3;"#NE";"PARTIDO ISOLADO";30;"NOVO";"Partido Novo";-1;"#NULO#";"#NULO#";"#NULO#";280000050199;"PARTIDO ISOLADO";"NOVO";"N";26;"Válido";26;4;"NÃO ELEITO"
"13/11/2024";"10:56:11";2018;2;"Eleição Ordinária";1;295;"ELEIÇÃO GERAL FEDERAL 2018";"07/10/2018";"F";"RO";"BR";"BRASIL";647;"RIO CRESPO";26;1;"Presidente";280000602477;45;"GERALDO JOSÉ RODRIGUES ALCKMIN FILHO";"GERALDO ALCKMIN";"#NULO#";12;"APTO";2;"DEFERIDO";-3;"#NE";-3;"#NE";-3;"#NE";"COLIGAÇÃO";45;"PSDB";"Partido da Social Democracia Brasileira";-1;"#NULO#";"#NULO#";"#NULO#";280000050070;"PARA UNIR O BRASIL";"PSDB / PTB / PP / PR / DEM / SOLIDARIEDADE / PPS / PRB / PSD";"N";101;"Válido";101;4;"NÃO ELEITO"
"13/11/2024";"10:56:11";2018;2;"Eleição Ordinária";1;295;"ELEIÇÃO GERAL FEDERAL 2018";"07/10/2018";"F";"RO";"BR";"BRASIL";701;"PARECIS";19;1;"Presidente";280000607640;30;"JOÃO DIONISIO FILGUEIRA BARRETO AMOEDO";"JOÃO AMOÊDO";"#NULO#";12;"APTO";2;"DEFERIDO";-3;"#NE";-3;"#NE";-3;"#NE";"PARTIDO ISOLADO";30;"NOVO";"Partido Novo";-1;"#NULO#";"#NULO#";"#NULO#";280000050199;"PARTIDO ISOLADO";"NOVO";"N";46;"Válido";46;4;"NÃO ELEITO"
"13/11/2024";"10:56:11";2018;2;"Eleição Ordinária";1;295;"ELEIÇÃO GERAL FEDERAL 2018";"07/10/2018";"F";"RO";"BR";"BRASIL";701;"PARECIS";19;1;"Presidente";280000605589;12;"CIRO FERREIRA GOMES";"CIRO GOMES";"#NULO#";12;"APTO";2;"DEFERIDO";-3;"#NE";-3;"#NE";-3;"#NE";"COLIGAÇÃO";12;"PDT";"Partido Democrático Trabalhista";-1;"#NULO#";"#NULO#";"#NULO#";280000050163;"BRASIL SOBERANO";"PDT / AVANTE";"N";148;"Válido";148;4;"NÃO ELEITO"
"13/11/2024";"10:56:11";2018;2;"Eleição Ordinária";1;295;"ELEIÇÃO GERAL FEDERAL 2018";"07/10/2018";"F";"RO";"BR";"BRASIL";116;"PIMENTA BUENO";9;1;"Presidente";280000622281;15;"HENRIQUE DE CAMPOS MEIRELLES";"HENRIQUE MEIRELLES";"#NULO#";12;"APTO";2;"DEFERIDO";-3;"#NE";-3;"#NE";-3;"#NE";"COLIGAÇÃO";15;"MDB";"Movimento Democrático Brasileiro";-1;"#NULO#";"#NULO#";"#NULO#";280000050592;"ESSA É A SOLUÇÃO";"MDB / PHS";"N";309;"Válido";309;4;"NÃO ELEITO"
"13/11/2024";"10:56:11";2018;2;"Eleição Ordinária";2;296;"ELEIÇÃO GERAL FEDERAL 2018";"28/10/2018";"F";"RO";"BR";"BRASIL";51;"JI-PARANÁ";30;1;"Presidente";280000629808;13;"FERNANDO HADDAD";"FERNANDO HADDAD";"#NULO#";12;"APTO";2;"DEFERIDO";-3;"#NE";-3;"#NE";-3;"#NE";"COLIGAÇÃO";13;"PT";"Partido dos Trabalhadores";-1;"#NULO#";"#NULO#";"#NULO#";280000050703;"O POVO FELIZ DE NOVO";"PT / PC do B / PROS";"N";9568;"Válido";9568;4;"NÃO ELEITO"
"13/11/2024";"10:56:11";2018;2;"Eleição Ordinária";1;295;"ELEIÇÃO GERAL FEDERAL 2018";"07/10/2018";"F";"RO";"BR";"BRASIL";680;"CUJUBIM";26;1;"Presidente";280000622281;15;"HENRIQUE DE CAMPOS MEIRELLES";"HENRIQUE MEIRELLES";"#NULO#";12;"APTO";2;"DEFERIDO";-3;"#NE";-3;"#NE";-3;"#NE";"COLIGAÇÃO";15;"MDB";"Movimento Democrático Brasileiro";-1;"#NULO#";"#NULO#";"#NULO#";280000050592;"ESSA É A SOLUÇÃO";"MDB / PHS";"N";106;"Válido";106;4;"NÃO ELEITO"
"13/11/2024";"10:56:11";2018;2;"Eleição Ordinária";1;295;"ELEIÇÃO GERAL FEDERAL 2018";"07/10/2018";"F";"RO";"BR";"BRASIL";655;"CORUMBIARA";16;1;"Presidente";280000622171;18;"MARIA OSMARINA MARINA DA SILVA VAZ DE LIMA";"MARINA SILVA";"#NULO#";12;"APTO";2;"DEFERIDO";-3;"#NE";-3;"#NE";-3;"#NE";"COLIGAÇÃO";18;"REDE";"Rede Sustentabilidade";-1;"#NULO#";"#NULO#";"#NULO#";280000050589;"UNIDOS PARA TRANSFORMAR O BRASIL";"REDE / PV";"N";38;"Válido";38;4;"NÃO ELEITO"
"13/11/2024";"10:56:11";2018;2;"Eleição Ordinária";1;295;"ELEIÇÃO GERAL FEDERAL 2018";"07/10/2018";"F";"RO";"BR";"BRASIL";94;"CACOAL";11;1;"Presidente";280000607640;30;"JOÃO DIONISIO FILGUEIRA BARRETO AMOEDO";"JOÃO AMOÊDO";"#NULO#";12;"APTO";2;"DEFERIDO";-3;"#NE";-3;"#NE";-3;"#NE";"PARTIDO ISOLADO";30;"NOVO";"Partido Novo";-1;"#NULO#";"#NULO#";"#NULO#";280000050199;"PARTIDO ISOLADO";"NOVO";"N";1341;"Válido";1341;4;"NÃO ELEITO"
"13/11/2024";"10:56:11";2018;2;"Eleição Ordinária";1;295;"ELEIÇÃO GERAL FEDERAL 2018";"07/10/2018";"F";"RO";"BR";"BRASIL";450;"CABIXI";8;1;"Presidente";280000605589;12;"CIRO FERREIRA GOMES";"CIRO GOMES";"#NULO#";12;"APTO";2;"DEFERIDO";-3;"#NE";-3;"#NE";-3;"#NE";"COLIGAÇÃO";12;"PDT";"Partido Democrático Trabalhista";-1;"#NULO#";"#NULO#";"#NULO#";280000050163;"BRASIL SOBERANO";"PDT / AVANTE";"N";153;"Válido";153;4;"NÃO ELEITO"
"13/11/2024";"10:56:11";2018;2;"Eleição Ordinária";1;295;"ELEIÇÃO GERAL FEDERAL 2018";"07/10/2018";"F";"RO";"BR";"BRASIL";272;"CEREJEIRAS";16;1;"Presidente";280000622281;15;"HENRIQUE DE CAMPOS MEIRELLES";"HENRIQUE MEIRELLES";"#NULO#";12;"APTO";2;"DEFERIDO";-3;"#NE";-3;"#NE";-3;"#NE";"COLIGAÇÃO";15;"MDB";"Movimento Democrático Brasileiro";-1;"#NULO#";"#NULO#";"#NULO#";280000050592;"ESSA É A SOLUÇÃO";"MDB / PHS";"N";126;"Válido";126;4;"NÃO ELEITO"
"13/11/2024";"10:56:11";2018;2;"Eleição Ordinária";1;295;"ELEIÇÃO GERAL FEDERAL 2018";"07/10/2018";"F";"RO";"BR";"BRASIL";94;"CACOAL";11;1;"Presidente";280000622171;18;"MARIA OSMARINA MARINA DA SILVA VAZ DE LIMA";"MARINA SILVA";"#NULO#";12;"APTO";2;"DEFERIDO";-3;"#NE";-3;"#NE";-3;"#NE";"COLIGAÇÃO";18;"REDE";"Rede Sustentabilidade";-1;"#NULO#";"#NULO#";"#NULO#";280000050589;"UNIDOS PARA TRANSFORMAR O BRASIL";"REDE / PV";"N";349;"Válido";349;4;"NÃO ELEITO"
"13/11/2024";"10:56:11";2018;2;"Eleição Ordinária";1;295;"ELEIÇÃO GERAL FEDERAL 2018";"07/10/2018";"F";"RO";"BR";"BRASIL";418;"SÃO MIGUEL DO GUAPORÉ";35;1;"Presidente";280000601016;50;"GUILHERME CASTRO BOULOS";"GUILHERME BOULOS";"#NULO#";12;"APTO";2;"DEFERIDO";-3;"#NE";-3;"#NE";-3;"#NE";"COLIGAÇÃO";50;"PSOL";"Partido Socialismo e Liberdade";-1;"#NULO#";"#NULO#";"#NULO#";280000050035;"VAMOS SEM MEDO DE MUDAR O BRASIL";"PSOL / PCB";"N";50;"Válido";50;4;"NÃO ELEITO"
"13/11/2024";"10:56:11";2018;2;"Eleição Ordinária";1;295;"ELEIÇÃO GERAL FEDERAL 2018";"07/10/2018";"F";"RO";"BR";"BRASIL";272;"CEREJEIRAS";16;1;"Presidente";280000601016;50;"GUILHERME CASTRO BOULOS";"GUILHERME BOULOS";"#NULO#";12;"APTO";2;"DEFERIDO";-3;"#NE";-3;"#NE";-3;"#NE";"COLIGAÇÃO";50;"PSOL";"Partido Socialismo e Liberdade";-1;"#NULO#";"#NULO#";"#NULO#";280000050035;"VAMOS SEM MEDO DE MUDAR O BRASIL";"PSOL / PCB";"N";42;"Válido";42;4;"NÃO ELEITO"
"13/11/2024";"10:56:11";2018;2;"Eleição Ordinária";2;296;"ELEIÇÃO GERAL FEDERAL 2018";"28/10/2018";"F";"RO";"BR";"BRASIL";51;"JI-PARANÁ";3;1;"Presidente";280000629808;13;"FERNANDO HADDAD";"FERNANDO HADDAD";"#NULO#";12;"APTO";2;"DEFERIDO";-3;"#NE";-3;"#NE";-3;"#NE";"COLIGAÇÃO";13;"PT";"Partido dos Trabalhadores";-1;"#NULO#";"#NULO#";"#NULO#";280000050703;"O POVO FELIZ DE NOVO";"PT / PC do B / PROS";"N";4606;"Válido";4606;4;"NÃO ELEITO"
"13/11/2024";"10:56:11";2018;2;"Eleição Ordinária";1;295;"ELEIÇÃO GERAL FEDERAL 2018";"07/10/2018";"F";"RO";"BR";"BRASIL";450;"CABIXI";8;1;"Presidente";280000601016;50;"GUILHERME CASTRO BOULOS";"GUILHERME BOULOS";"#NULO#";12;"APTO";2;"DEFERIDO";-3;"#NE";-3;"#NE";-3;"#NE";"COLIGAÇÃO";50;"PSOL";"Partido Socialismo e Liberdade";-1;"#NULO#";"#NULO#";"#NULO#";280000050035;"VAMOS SEM MEDO DE MUDAR O BRASIL";"PSOL / PCB";"N";19;"Válido";19;4;"NÃO ELEITO"
"13/11/2024";"10:56:11";2018;2;"Eleição Ordinária";1;295;"ELEIÇÃO GERAL FEDERAL 2018";"07/10/2018";"F";"RO";"BR";"BRASIL";515;"NOVO HORIZONTE DO OESTE";15;1;"Presidente";280000607640;30;"JOÃO DIONISIO FILGUEIRA BARRETO AMOEDO";"JOÃO AMOÊDO";"#NULO#";12;"APTO";2;"DEFERIDO";-3;"#NE";-3;"#NE";-3;"#NE";"PARTIDO ISOLADO";30;"NOVO";"Partido Novo";-1;"#NULO#";"#NULO#";"#NULO#";280000050199;"PARTIDO ISOLADO";"NOVO";"N";54;"Válido";54;4;"NÃO ELEITO"
"13/11/2024";"10:56:11";2018;2;"Eleição Ordinária";1;295;"ELEIÇÃO GERAL FEDERAL 2018";"07/10/2018";"F";"RO";"BR";"BRASIL";493;"ITAPUÃ DO OESTE";2;1;"Presidente";280000605589;12;"CIRO FERREIRA GOMES";"CIRO GOMES";"#NULO#";12;"APTO";2;"DEFERIDO";-3;"#NE";-3;"#NE";-3;"#NE";"COLIGAÇÃO";12;"PDT";"Partido Democrático Trabalhista";-1;"#NULO#";"#NULO#";"#NULO#";280000050163;"BRASIL SOBERANO";"PDT / AVANTE";"N";226;"Válido";226;4;"NÃO ELEITO"
"13/11/2024";"10:56:11";2018;2;"Eleição Ordinária";1;295;"ELEIÇÃO GERAL FEDERAL 2018";"07/10/2018";"F";"RO";"BR";"BRASIL";493;"ITAPUÃ DO OESTE";2;1;"Presidente";280000622281;15;"HENRIQUE DE CAMPOS MEIRELLES";"HENRIQUE MEIRELLES";"#NULO#";12;"APTO";2;"DEFERIDO";-3;"#NE";-3;"#NE";-3;"#NE";"COLIGAÇÃO";15;"MDB";"Movimento Democrático Brasileiro";-1;"#NULO#";"#NULO#";"#NULO#";280000050592;"ESSA É A SOLUÇÃO";"MDB / PHS";"N";87;"Válido";87;4;"NÃO ELEITO"
"13/11/2024";"10:56:11";2018;2;"Eleição Ordinária";1;295;"ELEIÇÃO GERAL FEDERAL 2018";"07/10/2018";"F";"RO";"BR";"BRASIL";116;"PIMENTA BUENO";9;1;"Presidente";280000622171;18;"MARIA OSMARINA MARINA DA SILVA VAZ DE LIMA";"MARINA SILVA";"#NULO#";12;"APTO";2;"DEFERIDO";-3;"#NE";-3;"#NE";-3;"#NE";"COLIGAÇÃO";18;"REDE";"Rede Sustentabilidade";-1;"#NULO#";"#NULO#";"#NULO#";280000050589;"UNIDOS PARA TRANSFORMAR O BRASIL";"REDE / PV";"N";120;"Válido";120;4;"NÃO ELEITO"
"13/11/2024";"10:56:11";2018;2;"Eleição Ordinária";1;295;"ELEIÇÃO GERAL FEDERAL 2018";"07/10/2018";"F";"RO";"BR";"BRASIL";116;"PIMENTA BUENO";9;1;"Presidente";280000607640;30;"JOÃO DIONISIO FILGUEIRA BARRETO AMOEDO";"JOÃO AMOÊDO";"#NULO#";12;"APTO";2;"DEFERIDO";-3;"#NE";-3;"#NE";-3;"#NE";"PARTIDO ISOLADO";30;"NOVO";"Partido Novo";-1;"#NULO#";"#NULO#";"#NULO#";280000050199;"PARTIDO ISOLADO";"NOVO";"N";467;"Válido";467;4;"NÃO ELEITO"
"13/11/2024";"10:56:11";2018;2;"Eleição Ordinária";1;295;"ELEIÇÃO GERAL FEDERAL 2018";"07/10/2018";"F";"RO";"BR";"BRASIL";418;"SÃO MIGUEL DO GUAPORÉ";35;1;"Presidente";280000622281;15;"HENRIQUE DE CAMPOS MEIRELLES";"HENRIQUE MEIRELLES";"#NULO#";12;"APTO";2;"DEFERIDO";-3;"#NE";-3;"#NE";-3;"#NE";"COLIGAÇÃO";15;"MDB";"Movimento Democrático Brasileiro";-1;"#NULO#";"#NULO#";"#NULO#";280000050592;"ESSA É A SOLUÇÃO";"MDB / PHS";"N";214;"Válido";214;4;"NÃO ELEITO"
"13/11/2024";"10:56:11";2018;2;"Eleição Ordinária";1;295;"ELEIÇÃO GERAL FEDERAL 2018";"07/10/2018";"F";"RO";"BR";"BRASIL";752;"TEIXEIRÓPOLIS";13;1;"Presidente";280000601016;50;"GUILHERME CASTRO BOULOS";"GUILHERME BOULOS";"#NULO#";12;"APTO";2;"DEFERIDO";-3;"#NE";-3;"#NE";-3;"#NE";"COLIGAÇÃO";50;"PSOL";"Partido Socialismo e Liberdade";-1;"#NULO#";"#NULO#";"#NULO#";280000050035;"VAMOS SEM MEDO DE MUDAR O BRASIL";"PSOL / PCB";"N";13;"Válido";13;4;"NÃO ELEITO"
"13/11/2024";"10:56:11";2018;2;"Eleição Ordinária";1;295;"ELEIÇÃO GERAL FEDERAL 2018";"07/10/2018";"F";"RO";"BR";"BRASIL";450;"CABIXI";8;1;"Presidente";280000622281;15;"HENRIQUE DE CAMPOS MEIRELLES";"HENRIQUE MEIRELLES";"#NULO#";12;"APTO";2;"DEFERIDO";-3;"#NE";-3;"#NE";-3;"#NE";"COLIGAÇÃO";15;"MDB";"Movimento Democrático Brasileiro";-1;"#NULO#";"#NULO#";"#NULO#";280000050592;"ESSA É A SOLUÇÃO";"MDB / PHS";"N";47;"Válido";47;4;"NÃO ELEITO"
"13/11/2024";"10:56:11";2018;2;"Eleição Ordinária";1;295;"ELEIÇÃO GERAL FEDERAL 2018";"07/10/2018";"F";"RO";"BR";"BRASIL";418;"SÃO MIGUEL DO GUAPORÉ";35;1;"Presidente";280000622171;18;"MARIA OSMARINA MARINA DA SILVA VAZ DE LIMA";"MARINA SILVA";"#NULO#";12;"APTO";2;"DEFERIDO";-3;"#NE";-3;"#NE";-3;"#NE";"COLIGAÇÃO";18;"REDE";"Rede Sustentabilidade";-1;"#NULO#";"#NULO#";"#NULO#";280000050589;"UNIDOS PARA TRANSFORMAR O BRASIL";"REDE / PV";"N";53;"Válido";53;4;"NÃO ELEITO"
"13/11/2024";"10:56:11";2018;2;"Eleição Ordinária";1;295;"ELEIÇÃO GERAL FEDERAL 2018";"07/10/2018";"F";"RO";"BR";"BRASIL";493;"ITAPUÃ DO OESTE";2;1;"Presidente";280000622171;18;"MARIA OSMARINA MARINA DA SILVA VAZ DE LIMA";"MARINA SILVA";"#NULO#";12;"APTO";2;"DEFERIDO";-3;"#NE";-3;"#NE";-3;"#NE";"COLIGAÇÃO";18;"REDE";"Rede Sustentabilidade";-1;"#NULO#";"#NULO#";"#NULO#";280000050589;"UNIDOS PARA TRANSFORMAR O BRASIL";"REDE / PV";"N";37;"Válido";37;4;"NÃO ELEITO"
"13/11/2024";"10:56:11";2018;2;"Eleição Ordinária";1;295;"ELEIÇÃO GERAL FEDERAL 2018";"07/10/2018";"F";"RO";"BR";"BRASIL";493;"ITAPUÃ DO OESTE";2;1;"Presidente";280000607640;30;"JOÃO DIONISIO FILGUEIRA BARRETO AMOEDO";"JOÃO AMOÊDO";"#NULO#";12;"APTO";2;"DEFERIDO";-3;"#NE";-3;"#NE";-3;"#NE";"PARTIDO ISOLADO";30;"NOVO";"Partido Novo";-1;"#NULO#";"#NULO#";"#NULO#";280000050199;"PARTIDO ISOLADO";"NOVO";"N";44;"Válido";44;4;"NÃO ELEITO"
"13/11/2024";"10:56:11";2018;2;"Eleição Ordinária";1;295;"ELEIÇÃO GERAL FEDERAL 2018";"07/10/2018";"F";"RO";"BR";"BRASIL";620;"CACAULÂNDIA";26;1;"Presidente";280000602477;45;"GERALDO JOSÉ RODRIGUES ALCKMIN FILHO";"GERALDO ALCKMIN";"#NULO#";12;"APTO";2;"DEFERIDO";-3;"#NE";-3;"#NE";-3;"#NE";"COLIGAÇÃO";45;"PSDB";"Partido da Social Democracia Brasileira";-1;"#NULO#";"#NULO#";"#NULO#";280000050070;"PARA UNIR O BRASIL";"PSDB / PTB / PP / PR / DEM / SOLIDARIEDADE / PPS / PRB / PSD";"N";158;"Válido";158;4;"NÃO ELEITO"
"13/11/2024";"10:56:11";2018;2;"Eleição Ordinária";2;296;"ELEIÇÃO GERAL FEDERAL 2018";"28/10/2018";"F";"RO";"BR";"BRASIL";582;"SERINGUEIRAS";35;1;"Presidente";280000629808;13;"FERNANDO HADDAD";"FERNANDO HADDAD";"#NULO#";12;"APTO";2;"DEFERIDO";-3;"#NE";-3;"#NE";-3;"#NE";"COLIGAÇÃO";13;"PT";"Partido dos Trabalhadores";-1;"#NULO#";"#NULO#";"#NULO#";280000050703;"O POVO FELIZ DE NOVO";"PT / PC do B / PROS";"N";2252;"Válido";2252;4;"NÃO ELEITO"
"13/11/2024";"10:56:11";2018;2;"Eleição Ordinária";1;295;"ELEIÇÃO GERAL FEDERAL 2018";"07/10/2018";"F";"RO";"BR";"BRASIL";752;"TEIXEIRÓPOLIS";13;1;"Presidente";280000607640;30;"JOÃO DIONISIO FILGUEIRA BARRETO AMOEDO";"JOÃO AMOÊDO";"#NULO#";12;"APTO";2;"DEFERIDO";-3;"#NE";-3;"#NE";-3;"#NE";"PARTIDO ISOLADO";30;"NOVO";"Partido Novo";-1;"#NULO#";"#NULO#";"#NULO#";280000050199;"PARTIDO ISOLADO";"NOVO";"N";19;"Válido";19;4;"NÃO ELEITO"
"13/11/2024";"10:56:11";2018;2;"Eleição Ordinária";2;296;"ELEIÇÃO GERAL FEDERAL 2018";"28/10/2018";"F";"RO";"BR";"BRASIL";434;"NOVA MAMORÉ";1;1;"Presidente";280000629808;13;"FERNANDO HADDAD";"FERNANDO HADDAD";"#NULO#";12;"APTO";2;"DEFERIDO";-3;"#NE";-3;"#NE";-3;"#NE";"COLIGAÇÃO";13;"PT";"Partido dos Trabalhadores";-1;"#NULO#";"#NULO#";"#NULO#";280000050703;"O POVO FELIZ DE NOVO";"PT / PC do B / PROS";"N";2795;"Válido";2795;4;"NÃO ELEITO"
"13/11/2024";"10:56:11";2018;2;"Eleição Ordinária";2;296;"ELEIÇÃO GERAL FEDERAL 2018";"28/10/2018";"F";"RO";"BR";"BRASIL";493;"ITAPUÃ DO OESTE";2;1;"Presidente";280000629808;13;"FERNANDO HADDAD";"FERNANDO HADDAD";"#NULO#";12;"APTO";2;"DEFERIDO";-3;"#NE";-3;"#NE";-3;"#NE";"COLIGAÇÃO";13;"PT";"Partido dos Trabalhadores";-1;"#NULO#";"#NULO#";"#NULO#";280000050703;"O POVO FELIZ DE NOVO";"PT / PC do B / PROS";"N";1534;"Válido";1534;4;"NÃO ELEITO"
"13/11/2024";"10:56:11";2018;2;"Eleição Ordinária";1;295;"ELEIÇÃO GERAL FEDERAL 2018";"07/10/2018";"F";"RO";"BR";"BRASIL";787;"PIMENTEIRAS DO OESTE";16;1;"Presidente";280000601016;50;"GUILHERME CASTRO BOULOS";"GUILHERME BOULOS";"#NULO#";12;"APTO";2;"DEFERIDO";-3;"#NE";-3;"#NE";-3;"#NE";"COLIGAÇÃO";50;"PSOL";"Partido Socialismo e Liberdade";-1;"#NULO#";"#NULO#";"#NULO#";280000050035;"VAMOS SEM MEDO DE MUDAR O BRASIL";"PSOL / PCB";"N";14;"Válido";14;4;"NÃO ELEITO"
"13/11/2024";"10:56:11";2018;2;"Eleição Ordinária";1;295;"ELEIÇÃO GERAL FEDERAL 2018";"07/10/2018";"F";"RO";"BR";"BRASIL";787;"PIMENTEIRAS DO OESTE";16;1;"Presidente";280000607640;30;"JOÃO DIONISIO FILGUEIRA BARRETO AMOEDO";"JOÃO AMOÊDO";"#NULO#";12;"APTO";2;"DEFERIDO";-3;"#NE";-3;"#NE";-3;"#NE";"PARTIDO ISOLADO";30;"NOVO";"Partido Novo";-1;"#NULO#";"#NULO#";"#NULO#";280000050199;"PARTIDO ISOLADO";"NOVO";"N";2;"Válido";2;4;"NÃO ELEITO"
"13/11/2024";"10:56:11";2018;2;"Eleição Ordinária";1;295;"ELEIÇÃO GERAL FEDERAL 2018";"07/10/2018";"F";"RO";"BR";"BRASIL";744;"NOVA UNIÃO";28;1;"Presidente";280000607640;30;"JOÃO DIONISIO FILGUEIRA BARRETO AMOEDO";"JOÃO AMOÊDO";"#NULO#";12;"APTO";2;"DEFERIDO";-3;"#NE";-3;"#NE";-3;"#NE";"PARTIDO ISOLADO";30;"NOVO";"Partido Novo";-1;"#NULO#";"#NULO#";"#NULO#";280000050199;"PARTIDO ISOLADO";"NOVO";"N";30;"Válido";30;4;"NÃO ELEITO"
"13/11/2024";"10:56:11";2018;2;"Eleição Ordinária";1;295;"ELEIÇÃO GERAL FEDERAL 2018";"07/10/2018";"F";"RO";"BR";"BRASIL";639;"ALTO PARAÍSO";25;1;"Presidente";280000602477;45;"GERALDO JOSÉ RODRIGUES ALCKMIN FILHO";"GERALDO ALCKMIN";"#NULO#";12;"APTO";2;"DEFERIDO";-3;"#NE";-3;"#NE";-3;"#NE";"COLIGAÇÃO";45;"PSDB";"Partido da Social Democracia Brasileira";-1;"#NULO#";"#NULO#";"#NULO#";280000050070;"PARA UNIR O BRASIL";"PSDB / PTB / PP / PR / DEM / SOLIDARIEDADE / PPS / PRB / PSD";"N";451;"Válido";451;4;"NÃO ELEITO"
"13/11/2024";"10:56:11";2018;2;"Eleição Ordinária";1;295;"ELEIÇÃO GERAL FEDERAL 2018";"07/10/2018";"F";"RO";"BR";"BRASIL";612;"GOVERNADOR JORGE TEIXEIRA";27;1;"Presidente";280000602477;45;"GERALDO JOSÉ RODRIGUES ALCKMIN FILHO";"GERALDO ALCKMIN";"#NULO#";12;"APTO";2;"DEFERIDO";-3;"#NE";-3;"#NE";-3;"#NE";"COLIGAÇÃO";45;"PSDB";"Partido da Social Democracia Brasileira";-1;"#NULO#";"#NULO#";"#NULO#";280000050070;"PARA UNIR O BRASIL";"PSDB / PTB / PP / PR / DEM / SOLIDARIEDADE / PPS / PRB / PSD";"N";365;"Válido";365;4;"NÃO ELEITO"
"13/11/2024";"10:56:11";2018;2;"Eleição Ordinária";1;295;"ELEIÇÃO GERAL FEDERAL 2018";"07/10/2018";"F";"RO";"BR";"BRASIL";477;"CANDEIAS DO JAMARI";21;1;"Presidente";280000602477;45;"GERALDO JOSÉ RODRIGUES ALCKMIN FILHO";"GERALDO ALCKMIN";"#NULO#";12;"APTO";2;"DEFERIDO";-3;"#NE";-3;"#NE";-3;"#NE";"COLIGAÇÃO";45;"PSDB";"Partido da Social Democracia Brasileira";-1;"#NULO#";"#NULO#";"#NULO#";280000050070;"PARA UNIR O BRASIL";"PSDB / PTB / PP / PR / DEM / SOLIDARIEDADE / PPS / PRB / PSD";"N";500;"Válido";500;4;"NÃO ELEITO"
"13/11/2024";"10:56:11";2018;2;"Eleição Ordinária";1;295;"ELEIÇÃO GERAL FEDERAL 2018";"07/10/2018";"F";"RO";"BR";"BRASIL";752;"TEIXEIRÓPOLIS";13;1;"Presidente";280000605589;12;"CIRO FERREIRA GOMES";"CIRO GOMES";"#NULO#";12;"APTO";2;"DEFERIDO";-3;"#NE";-3;"#NE";-3;"#NE";"COLIGAÇÃO";12;"PDT";"Partido Democrático Trabalhista";-1;"#NULO#";"#NULO#";"#NULO#";280000050163;"BRASIL SOBERANO";"PDT / AVANTE";"N";93;"Válido";93;4;"NÃO ELEITO"
"13/11/2024";"10:56:11";2018;2;"Eleição Ordinária";1;295;"ELEIÇÃO GERAL FEDERAL 2018";"07/10/2018";"F";"RO";"BR";"BRASIL";272;"CEREJEIRAS";16;1;"Presidente";280000605589;12;"CIRO FERREIRA GOMES";"CIRO GOMES";"#NULO#";12;"APTO";2;"DEFERIDO";-3;"#NE";-3;"#NE";-3;"#NE";"COLIGAÇÃO";12;"PDT";"Partido Democrático Trabalhista";-1;"#NULO#";"#NULO#";"#NULO#";280000050163;"BRASIL SOBERANO";"PDT / AVANTE";"N";373;"Válido";373;4;"NÃO ELEITO"
"13/11/2024";"10:56:11";2018;2;"Eleição Ordinária";1;295;"ELEIÇÃO GERAL FEDERAL 2018";"07/10/2018";"F";"RO";"BR";"BRASIL";744;"NOVA UNIÃO";28;1;"Presidente";280000601016;50;"GUILHERME CASTRO BOULOS";"GUILHERME BOULOS";"#NULO#";12;"APTO";2;"DEFERIDO";-3;"#NE";-3;"#NE";-3;"#NE";"COLIGAÇÃO";50;"PSOL";"Partido Socialismo e Liberdade";-1;"#NULO#";"#NULO#";"#NULO#";280000050035;"VAMOS SEM MEDO DE MUDAR O BRASIL";"PSOL / PCB";"N";39;"Válido";39;4;"NÃO ELEITO"
"13/11/2024";"10:56:11";2018;2;"Eleição Ordinária";1;295;"ELEIÇÃO GERAL FEDERAL 2018";"07/10/2018";"F";"RO";"BR";"BRASIL";272;"CEREJEIRAS";16;1;"Presidente";280000607640;30;"JOÃO DIONISIO FILGUEIRA BARRETO AMOEDO";"JOÃO AMOÊDO";"#NULO#";12;"APTO";2;"DEFERIDO";-3;"#NE";-3;"#NE";-3;"#NE";"PARTIDO ISOLADO";30;"NOVO";"Partido Novo";-1;"#NULO#";"#NULO#";"#NULO#";280000050199;"PARTIDO ISOLADO";"NOVO";"N";75;"Válido";75;4;"NÃO ELEITO"
"13/11/2024";"10:56:11";2018;2;"Eleição Ordinária";1;295;"ELEIÇÃO GERAL FEDERAL 2018";"07/10/2018";"F";"RO";"BR";"BRASIL";434;"NOVA MAMORÉ";1;1;"Presidente";280000622281;15;"HENRIQUE DE CAMPOS MEIRELLES";"HENRIQUE MEIRELLES";"#NULO#";12;"APTO";2;"DEFERIDO";-3;"#NE";-3;"#NE";-3;"#NE";"COLIGAÇÃO";15;"MDB";"Movimento Democrático Brasileiro";-1;"#NULO#";"#NULO#";"#NULO#";280000050592;"ESSA É A SOLUÇÃO";"MDB / PHS";"N";165;"Válido";165;4;"NÃO ELEITO"
"13/11/2024";"10:56:11";2018;2;"Eleição Ordinária";1;295;"ELEIÇÃO GERAL FEDERAL 2018";"07/10/2018";"F";"RO";"BR";"BRASIL";787;"PIMENTEIRAS DO OESTE";16;1;"Presidente";280000622171;18;"MARIA OSMARINA MARINA DA SILVA VAZ DE LIMA";"MARINA SILVA";"#NULO#";12;"APTO";2;"DEFERIDO";-3;"#NE";-3;"#NE";-3;"#NE";"COLIGAÇÃO";18;"REDE";"Rede Sustentabilidade";-1;"#NULO#";"#NULO#";"#NULO#";280000050589;"UNIDOS PARA TRANSFORMAR O BRASIL";"REDE / PV";"N";8;"Válido";8;4;"NÃO ELEITO"
"13/11/2024";"10:56:11";2018;2;"Eleição Ordinária";1;295;"ELEIÇÃO GERAL FEDERAL 2018";"07/10/2018";"F";"RO";"BR";"BRASIL";582;"SERINGUEIRAS";35;1;"Presidente";280000601016;50;"GUILHERME CASTRO BOULOS";"GUILHERME BOULOS";"#NULO#";12;"APTO";2;"DEFERIDO";-3;"#NE";-3;"#NE";-3;"#NE";"COLIGAÇÃO";50;"PSOL";"Partido Socialismo e Liberdade";-1;"#NULO#";"#NULO#";"#NULO#";280000050035;"VAMOS SEM MEDO DE MUDAR O BRASIL";"PSOL / PCB";"N";44;"Válido";44;4;"NÃO ELEITO"
"13/11/2024";"10:56:11";2018;2;"Eleição Ordinária";2;296;"ELEIÇÃO GERAL FEDERAL 2018";"28/10/2018";"F";"RO";"BR";"BRASIL";450;"CABIXI";8;1;"Presidente";280000629808;13;"FERNANDO HADDAD";"FERNANDO HADDAD";"#NULO#";12;"APTO";2;"DEFERIDO";-3;"#NE";-3;"#NE";-3;"#NE";"COLIGAÇÃO";13;"PT";"Partido dos Trabalhadores";-1;"#NULO#";"#NULO#";"#NULO#";280000050703;"O POVO FELIZ DE NOVO";"PT / PC do B / PROS";"N";1110;"Válido";1110;4;"NÃO ELEITO"
"13/11/2024";"10:56:11";2018;2;"Eleição Ordinária";2;296;"ELEIÇÃO GERAL FEDERAL 2018";"28/10/2018";"F";"RO";"BR";"BRASIL";787;"PIMENTEIRAS DO OESTE";16;1;"Presidente";280000629808;13;"FERNANDO HADDAD";"FERNANDO HADDAD";"#NULO#";12;"APTO";2;"DEFERIDO";-3;"#NE";-3;"#NE";-3;"#NE";"COLIGAÇÃO";13;"PT";"Partido dos Trabalhadores";-1;"#NULO#";"#NULO#";"#NULO#";280000050703;"O POVO FELIZ DE NOVO";"PT / PC do B / PROS";"N";428;"Válido";428;4;"NÃO ELEITO"
"13/11/2024";"10:56:11";2018;2;"Eleição Ordinária";1;295;"ELEIÇÃO GERAL FEDERAL 2018";"07/10/2018";"F";"RO";"BR";"BRASIL";434;"NOVA MAMORÉ";1;1;"Presidente";280000622171;18;"MARIA OSMARINA MARINA DA SILVA VAZ DE LIMA";"MARINA SILVA";"#NULO#";12;"APTO";2;"DEFERIDO";-3;"#NE";-3;"#NE";-3;"#NE";"COLIGAÇÃO";18;"REDE";"Rede Sustentabilidade";-1;"#NULO#";"#NULO#";"#NULO#";280000050589;"UNIDOS PARA TRANSFORMAR O BRASIL";"REDE / PV";"N";24;"Válido";24;4;"NÃO ELEITO"
"13/11/2024";"10:56:11";2018;2;"Eleição Ordinária";1;295;"ELEIÇÃO GERAL FEDERAL 2018";"07/10/2018";"F";"RO";"BR";"BRASIL";493;"ITAPUÃ DO OESTE";2;1;"Presidente";280000601016;50;"GUILHERME CASTRO BOULOS";"GUILHERME BOULOS";"#NULO#";12;"APTO";2;"DEFERIDO";-3;"#NE";-3;"#NE";-3;"#NE";"COLIGAÇÃO";50;"PSOL";"Partido Socialismo e Liberdade";-1;"#NULO#";"#NULO#";"#NULO#";280000050035;"VAMOS SEM MEDO DE MUDAR O BRASIL";"PSOL / PCB";"N";29;"Válido";29;4;"NÃO ELEITO"
"13/11/2024";"10:56:11";2018;2;"Eleição Ordinária";1;295;"ELEIÇÃO GERAL FEDERAL 2018";"07/10/2018";"F";"RO";"BR";"BRASIL";51;"JI-PARANÁ";3;1;"Presidente";280000622171;18;"MARIA OSMARINA MARINA DA SILVA VAZ DE LIMA";"MARINA SILVA";"#NULO#";12;"APTO";2;"DEFERIDO";-3;"#NE";-3;"#NE";-3;"#NE";"COLIGAÇÃO";18;"REDE";"Rede Sustentabilidade";-1;"#NULO#";"#NULO#";"#NULO#";280000050589;"UNIDOS PARA TRANSFORMAR O BRASIL";"REDE / PV";"N";134;"Válido";134;4;"NÃO ELEITO"
"13/11/2024";"10:56:11";2018;2;"Eleição Ordinária";2;296;"ELEIÇÃO GERAL FEDERAL 2018";"28/10/2018";"F";"RO";"BR";"BRASIL";272;"CEREJEIRAS";16;1;"Presidente";280000629808;13;"FERNANDO HADDAD";"FERNANDO HADDAD";"#NULO#";12;"APTO";2;"DEFERIDO";-3;"#NE";-3;"#NE";-3;"#NE";"COLIGAÇÃO";13;"PT";"Partido dos Trabalhadores";-1;"#NULO#";"#NULO#";"#NULO#";280000050703;"O POVO FELIZ DE NOVO";"PT / PC do B / PROS";"N";1745;"Válido";1745;4;"NÃO ELEITO"
"13/11/2024";"10:56:11";2018;2;"Eleição Ordinária";2;296;"ELEIÇÃO GERAL FEDERAL 2018";"28/10/2018";"F";"RO";"BR";"BRASIL";752;"TEIXEIRÓPOLIS";13;1;"Presidente";280000629808;13;"FERNANDO HADDAD";"FERNANDO HADDAD";"#NULO#";12;"APTO";2;"DEFERIDO";-3;"#NE";-3;"#NE";-3;"#NE";"COLIGAÇÃO";13;"PT";"Partido dos Trabalhadores";-1;"#NULO#";"#NULO#";"#NULO#";280000050703;"O POVO FELIZ DE NOVO";"PT / PC do B / PROS";"N";996;"Válido";996;4;"NÃO ELEITO"
"13/11/2024";"10:56:11";2018;2;"Eleição Ordinária";1;295;"ELEIÇÃO GERAL FEDERAL 2018";"07/10/2018";"F";"RO";"BR";"BRASIL";671;"CAMPO NOVO DE RONDÔNIA";34;1;"Presidente";280000605589;12;"CIRO FERREIRA GOMES";"CIRO GOMES";"#NULO#";12;"APTO";2;"DEFERIDO";-3;"#NE";-3;"#NE";-3;"#NE";"COLIGAÇÃO";12;"PDT";"Partido Democrático Trabalhista";-1;"#NULO#";"#NULO#";"#NULO#";280000050163;"BRASIL SOBERANO";"PDT / AVANTE";"N";255;"Válido";255;4;"NÃO ELEITO"
"13/11/2024";"10:56:11";2018;2;"Eleição Ordinária";1;295;"ELEIÇÃO GERAL FEDERAL 2018";"07/10/2018";"F";"RO";"BR";"BRASIL";574;"MIRANTE DA SERRA";28;1;"Presidente";280000605589;12;"CIRO FERREIRA GOMES";"CIRO GOMES";"#NULO#";12;"APTO";2;"DEFERIDO";-3;"#NE";-3;"#NE";-3;"#NE";"COLIGAÇÃO";12;"PDT";"Partido Democrático Trabalhista";-1;"#NULO#";"#NULO#";"#NULO#";280000050163;"BRASIL SOBERANO";"PDT / AVANTE";"N";293;"Válido";293;4;"NÃO ELEITO"
"13/11/2024";"10:56:11";2018;2;"Eleição Ordinária";1;295;"ELEIÇÃO GERAL FEDERAL 2018";"07/10/2018";"F";"RO";"BR";"BRASIL";450;"CABIXI";8;1;"Presidente";280000622171;18;"MARIA OSMARINA MARINA DA SILVA VAZ DE LIMA";"MARINA SILVA";"#NULO#";12;"APTO";2;"DEFERIDO";-3;"#NE";-3;"#NE";-3;"#NE";"COLIGAÇÃO";18;"REDE";"Rede Sustentabilidade";-1;"#NULO#";"#NULO#";"#NULO#";280000050589;"UNIDOS PARA TRANSFORMAR O BRASIL";"REDE / PV";"N";19;"Válido";19;4;"NÃO ELEITO"
"13/11/2024";"10:56:11";2018;2;"Eleição Ordinária";1;295;"ELEIÇÃO GERAL FEDERAL 2018";"07/10/2018";"F";"RO";"BR";"BRASIL";582;"SERINGUEIRAS";35;1;"Presidente";280000607640;30;"JOÃO DIONISIO FILGUEIRA BARRETO AMOEDO";"JOÃO AMOÊDO";"#NULO#";12;"APTO";2;"DEFERIDO";-3;"#NE";-3;"#NE";-3;"#NE";"PARTIDO ISOLADO";30;"NOVO";"Partido Novo";-1;"#NULO#";"#NULO#";"#NULO#";280000050199;"PARTIDO ISOLADO";"NOVO";"N";52;"Válido";52;4;"NÃO ELEITO"
"13/11/2024";"10:56:11";2018;2;"Eleição Ordinária";1;295;"ELEIÇÃO GERAL FEDERAL 2018";"07/10/2018";"F";"RO";"BR";"BRASIL";655;"CORUMBIARA";16;1;"Presidente";280000624085;27;"JOSE MARIA EYMAEL";"EYMAEL";"#NULO#";12;"APTO";2;"DEFERIDO";-3;"#NE";-3;"#NE";-3;"#NE";"PARTIDO ISOLADO";27;"DC";"Democracia Cristã";-1;"#NULO#";"#NULO#";"#NULO#";280000050639;"PARTIDO ISOLADO";"DC";"N";1;"Válido";1;4;"NÃO ELEITO"
"13/11/2024";"10:56:11";2018;2;"Eleição Ordinária";2;296;"ELEIÇÃO GERAL FEDERAL 2018";"28/10/2018";"F";"RO";"BR";"BRASIL";744;"NOVA UNIÃO";28;1;"Presidente";280000629808;13;"FERNANDO HADDAD";"FERNANDO HADDAD";"#NULO#";12;"APTO";2;"DEFERIDO";-3;"#NE";-3;"#NE";-3;"#NE";"COLIGAÇÃO";13;"PT";"Partido dos Trabalhadores";-1;"#NULO#";"#NULO#";"#NULO#";280000050703;"O POVO FELIZ DE NOVO";"PT / PC do B / PROS";"N";1697;"Válido";1697;4;"NÃO ELEITO"
"13/11/2024";"10:56:11";2018;2;"Eleição Ordinária";1;295;"ELEIÇÃO GERAL FEDERAL 2018";"07/10/2018";"F";"RO";"BR";"BRASIL";744;"NOVA UNIÃO";28;1;"Presidente";280000622281;15;"HENRIQUE DE CAMPOS MEIRELLES";"HENRIQUE MEIRELLES";"#NULO#";12;"APTO";2;"DEFERIDO";-3;"#NE";-3;"#NE";-3;"#NE";"COLIGAÇÃO";15;"MDB";"Movimento Democrático Brasileiro";-1;"#NULO#";"#NULO#";"#NULO#";280000050592;"ESSA É A SOLUÇÃO";"MDB / PHS";"N";33;"Válido";33;4;"NÃO ELEITO"
"13/11/2024";"10:56:11";2018;2;"Eleição Ordinária";2;296;"ELEIÇÃO GERAL FEDERAL 2018";"28/10/2018";"F";"RO";"BR";"BRASIL";418;"SÃO MIGUEL DO GUAPORÉ";35;1;"Presidente";280000629808;13;"FERNANDO HADDAD";"FERNANDO HADDAD";"#NULO#";12;"APTO";2;"DEFERIDO";-3;"#NE";-3;"#NE";-3;"#NE";"COLIGAÇÃO";13;"PT";"Partido dos Trabalhadores";-1;"#NULO#";"#NULO#";"#NULO#";280000050703;"O POVO FELIZ DE NOVO";"PT / PC do B / PROS";"N";3616;"Válido";3616;4;"NÃO ELEITO"
"13/11/2024";"10:56:11";2018;2;"Eleição Ordinária";1;295;"ELEIÇÃO GERAL FEDERAL 2018";"07/10/2018";"F";"RO";"BR";"BRASIL";752;"TEIXEIRÓPOLIS";13;1;"Presidente";280000622171;18;"MARIA OSMARINA MARINA DA SILVA VAZ DE LIMA";"MARINA SILVA";"#NULO#";12;"APTO";2;"DEFERIDO";-3;"#NE";-3;"#NE";-3;"#NE";"COLIGAÇÃO";18;"REDE";"Rede Sustentabilidade";-1;"#NULO#";"#NULO#";"#NULO#";280000050589;"UNIDOS PARA TRANSFORMAR O BRASIL";"REDE / PV";"N";10;"Válido";10;4;"NÃO ELEITO"
"13/11/2024";"10:56:11";2018;2;"Eleição Ordinária";1;295;"ELEIÇÃO GERAL FEDERAL 2018";"07/10/2018";"F";"RO";"BR";"BRASIL";434;"NOVA MAMORÉ";1;1;"Presidente";280000601016;50;"GUILHERME CASTRO BOULOS";"GUILHERME BOULOS";"#NULO#";12;"APTO";2;"DEFERIDO";-3;"#NE";-3;"#NE";-3;"#NE";"COLIGAÇÃO";50;"PSOL";"Partido Socialismo e Liberdade";-1;"#NULO#";"#NULO#";"#NULO#";280000050035;"VAMOS SEM MEDO DE MUDAR O BRASIL";"PSOL / PCB";"N";30;"Válido";30;4;"NÃO ELEITO"
"13/11/2024";"10:56:11";2018;2;"Eleição Ordinária";1;295;"ELEIÇÃO GERAL FEDERAL 2018";"07/10/2018";"F";"RO";"BR";"BRASIL";51;"JI-PARANÁ";3;1;"Presidente";280000607640;30;"JOÃO DIONISIO FILGUEIRA BARRETO AMOEDO";"JOÃO AMOÊDO";"#NULO#";12;"APTO";2;"DEFERIDO";-3;"#NE";-3;"#NE";-3;"#NE";"PARTIDO ISOLADO";30;"NOVO";"Partido Novo";-1;"#NULO#";"#NULO#";"#NULO#";280000050199;"PARTIDO ISOLADO";"NOVO";"N";443;"Válido";443;4;"NÃO ELEITO"
"13/11/2024";"10:56:11";2018;2;"Eleição Ordinária";1;295;"ELEIÇÃO GERAL FEDERAL 2018";"07/10/2018";"F";"RO";"BR";"BRASIL";787;"PIMENTEIRAS DO OESTE";16;1;"Presidente";280000605589;12;"CIRO FERREIRA GOMES";"CIRO GOMES";"#NULO#";12;"APTO";2;"DEFERIDO";-3;"#NE";-3;"#NE";-3;"#NE";"COLIGAÇÃO";12;"PDT";"Partido Democrático Trabalhista";-1;"#NULO#";"#NULO#";"#NULO#";280000050163;"BRASIL SOBERANO";"PDT / AVANTE";"N";92;"Válido";92;4;"NÃO ELEITO"
"13/11/2024";"10:56:11";2018;2;"Eleição Ordinária";1;295;"ELEIÇÃO GERAL FEDERAL 2018";"07/10/2018";"F";"RO";"BR";"BRASIL";51;"JI-PARANÁ";30;1;"Presidente";280000622281;15;"HENRIQUE DE CAMPOS MEIRELLES";"HENRIQUE MEIRELLES";"#NULO#";12;"APTO";2;"DEFERIDO";-3;"#NE";-3;"#NE";-3;"#NE";"COLIGAÇÃO";15;"MDB";"Movimento Democrático Brasileiro";-1;"#NULO#";"#NULO#";"#NULO#";280000050592;"ESSA É A SOLUÇÃO";"MDB / PHS";"N";522;"Válido";522;4;"NÃO ELEITO"
"13/11/2024";"10:56:11";2018;2;"Eleição Ordinária";1;295;"ELEIÇÃO GERAL FEDERAL 2018";"07/10/2018";"F";"RO";"BR";"BRASIL";51;"JI-PARANÁ";30;1;"Presidente";280000622171;18;"MARIA OSMARINA MARINA DA SILVA VAZ DE LIMA";"MARINA SILVA";"#NULO#";12;"APTO";2;"DEFERIDO";-3;"#NE";-3;"#NE";-3;"#NE";"COLIGAÇÃO";18;"REDE";"Rede Sustentabilidade";-1;"#NULO#";"#NULO#";"#NULO#";280000050589;"UNIDOS PARA TRANSFORMAR O BRASIL";"REDE / PV";"N";329;"Válido";329;4;"NÃO ELEITO"
"13/11/2024";"10:56:11";2018;2;"Eleição Ordinária";1;295;"ELEIÇÃO GERAL FEDERAL 2018";"07/10/2018";"F";"RO";"BR";"BRASIL";51;"JI-PARANÁ";30;1;"Presidente";280000601016;50;"GUILHERME CASTRO BOULOS";"GUILHERME BOULOS";"#NULO#";12;"APTO";2;"DEFERIDO";-3;"#NE";-3;"#NE";-3;"#NE";"COLIGAÇÃO";50;"PSOL";"Partido Socialismo e Liberdade";-1;"#NULO#";"#NULO#";"#NULO#";280000050035;"VAMOS SEM MEDO DE MUDAR O BRASIL";"PSOL / PCB";"N";188;"Válido";188;4;"NÃO ELEITO"
"13/11/2024";"10:56:11";2018;2;"Eleição Ordinária";1;295;"ELEIÇÃO GERAL FEDERAL 2018";"07/10/2018";"F";"RO";"BR";"BRASIL";744;"NOVA UNIÃO";28;1;"Presidente";280000605589;12;"CIRO FERREIRA GOMES";"CIRO GOMES";"#NULO#";12;"APTO";2;"DEFERIDO";-3;"#NE";-3;"#NE";-3;"#NE";"COLIGAÇÃO";12;"PDT";"Partido Democrático Trabalhista";-1;"#NULO#";"#NULO#";"#NULO#";280000050163;"BRASIL SOBERANO";"PDT / AVANTE";"N";126;"Válido";126;4;"NÃO ELEITO"
"13/11/2024";"10:56:11";2018;2;"Eleição Ordinária";1;295;"ELEIÇÃO GERAL FEDERAL 2018";"07/10/2018";"F";"RO";"BR";"BRASIL";582;"SERINGUEIRAS";35;1;"Presidente";280000605589;12;"CIRO FERREIRA GOMES";"CIRO GOMES";"#NULO#";12;"APTO";2;"DEFERIDO";-3;"#NE";-3;"#NE";-3;"#NE";"COLIGAÇÃO";12;"PDT";"Partido Democrático Trabalhista";-1;"#NULO#";"#NULO#";"#NULO#";280000050163;"BRASIL SOBERANO";"PDT / AVANTE";"N";352;"Válido";352;4;"NÃO ELEITO"
"13/11/2024";"10:56:11";2018;2;"Eleição Ordinária";2;296;"ELEIÇÃO GERAL FEDERAL 2018";"28/10/2018";"F";"RO";"BR";"BRASIL";574;"MIRANTE DA SERRA";28;1;"Presidente";280000629808;13;"FERNANDO HADDAD";"FERNANDO HADDAD";"#NULO#";12;"APTO";2;"DEFERIDO";-3;"#NE";-3;"#NE";-3;"#NE";"COLIGAÇÃO";13;"PT";"Partido dos Trabalhadores";-1;"#NULO#";"#NULO#";"#NULO#";280000050703;"O POVO FELIZ DE NOVO";"PT / PC do B / PROS";"N";2158;"Válido";2158;4;"NÃO ELEITO"
"13/11/2024";"10:56:11";2018;2;"Eleição Ordinária";1;295;"ELEIÇÃO GERAL FEDERAL 2018";"07/10/2018";"F";"RO";"BR";"BRASIL";434;"NOVA MAMORÉ";1;1;"Presidente";280000605589;12;"CIRO FERREIRA GOMES";"CIRO GOMES";"#NULO#";12;"APTO";2;"DEFERIDO";-3;"#NE";-3;"#NE";-3;"#NE";"COLIGAÇÃO";12;"PDT";"Partido Democrático Trabalhista";-1;"#NULO#";"#NULO#";"#NULO#";280000050163;"BRASIL SOBERANO";"PDT / AVANTE";"N";536;"Válido";536;4;"NÃO ELEITO"
"13/11/2024";"10:56:11";2018;2;"Eleição Ordinária";1;295;"ELEIÇÃO GERAL FEDERAL 2018";"07/10/2018";"F";"RO";"BR";"BRASIL";582;"SERINGUEIRAS";35;1;"Presidente";280000622281;15;"HENRIQUE DE CAMPOS MEIRELLES";"HENRIQUE MEIRELLES";"#NULO#";12;"APTO";2;"DEFERIDO";-3;"#NE";-3;"#NE";-3;"#NE";"COLIGAÇÃO";15;"MDB";"Movimento Democrático Brasileiro";-1;"#NULO#";"#NULO#";"#NULO#";280000050592;"ESSA É A SOLUÇÃO";"MDB / PHS";"N";140;"Válido";140;4;"NÃO ELEITO"
"13/11/2024";"10:56:11";2018;2;"Eleição Ordinária";1;295;"ELEIÇÃO GERAL FEDERAL 2018";"07/10/2018";"F";"RO";"BR";"BRASIL";787;"PIMENTEIRAS DO OESTE";16;1;"Presidente";280000622281;15;"HENRIQUE DE CAMPOS MEIRELLES";"HENRIQUE MEIRELLES";"#NULO#";12;"APTO";2;"DEFERIDO";-3;"#NE";-3;"#NE";-3;"#NE";"COLIGAÇÃO";15;"MDB";"Movimento Democrático Brasileiro";-1;"#NULO#";"#NULO#";"#NULO#";280000050592;"ESSA É A SOLUÇÃO";"MDB / PHS";"N";12;"Válido";12;4;"NÃO ELEITO"
"13/11/2024";"10:56:11";2018;2;"Eleição Ordinária";1;295;"ELEIÇÃO GERAL FEDERAL 2018";"07/10/2018";"F";"RO";"BR";"BRASIL";272;"CEREJEIRAS";16;1;"Presidente";280000622171;18;"MARIA OSMARINA MARINA DA SILVA VAZ DE LIMA";"MARINA SILVA";"#NULO#";12;"APTO";2;"DEFERIDO";-3;"#NE";-3;"#NE";-3;"#NE";"COLIGAÇÃO";18;"REDE";"Rede Sustentabilidade";-1;"#NULO#";"#NULO#";"#NULO#";280000050589;"UNIDOS PARA TRANSFORMAR O BRASIL";"REDE / PV";"N";33;"Válido";33;4;"NÃO ELEITO"
"13/11/2024";"10:56:11";2018;2;"Eleição Ordinária";1;295;"ELEIÇÃO GERAL FEDERAL 2018";"07/10/2018";"F";"RO";"BR";"BRASIL";51;"JI-PARANÁ";3;1;"Presidente";280000601016;50;"GUILHERME CASTRO BOULOS";"GUILHERME BOULOS";"#NULO#";12;"APTO";2;"DEFERIDO";-3;"#NE";-3;"#NE";-3;"#NE";"COLIGAÇÃO";50;"PSOL";"Partido Socialismo e Liberdade";-1;"#NULO#";"#NULO#";"#NULO#";280000050035;"VAMOS SEM MEDO DE MUDAR O BRASIL";"PSOL / PCB";"N";118;"Válido";118;4;"NÃO ELEITO"
"13/11/2024";"10:56:11";2018;2;"Eleição Ordinária";1;295;"ELEIÇÃO GERAL FEDERAL 2018";"07/10/2018";"F";"RO";"BR";"BRASIL";434;"NOVA MAMORÉ";1;1;"Presidente";280000607640;30;"JOÃO DIONISIO FILGUEIRA BARRETO AMOEDO";"JOÃO AMOÊDO";"#NULO#";12;"APTO";2;"DEFERIDO";-3;"#NE";-3;"#NE";-3;"#NE";"PARTIDO ISOLADO";30;"NOVO";"Partido Novo";-1;"#NULO#";"#NULO#";"#NULO#";280000050199;"PARTIDO ISOLADO";"NOVO";"N";81;"Válido";81;4;"NÃO ELEITO"
"13/11/2024";"10:56:11";2018;2;"Eleição Ordinária";1;295;"ELEIÇÃO GERAL FEDERAL 2018";"07/10/2018";"F";"RO";"BR";"BRASIL";418;"SÃO MIGUEL DO GUAPORÉ";35;1;"Presidente";280000605589;12;"CIRO FERREIRA GOMES";"CIRO GOMES";"#NULO#";12;"APTO";2;"DEFERIDO";-3;"#NE";-3;"#NE";-3;"#NE";"COLIGAÇÃO";12;"PDT";"Partido Democrático Trabalhista";-1;"#NULO#";"#NULO#";"#NULO#";280000050163;"BRASIL SOBERANO";"PDT / AVANTE";"N";657;"Válido";657;4;"NÃO ELEITO"
"13/11/2024";"10:56:11";2018;2;"Eleição Ordinária";1;295;"ELEIÇÃO GERAL FEDERAL 2018";"07/10/2018";"F";"RO";"BR";"BRASIL";51;"JI-PARANÁ";3;1;"Presidente";280000605589;12;"CIRO FERREIRA GOMES";"CIRO GOMES";"#NULO#";12;"APTO";2;"DEFERIDO";-3;"#NE";-3;"#NE";-3;"#NE";"COLIGAÇÃO";12;"PDT";"Partido Democrático Trabalhista";-1;"#NULO#";"#NULO#";"#NULO#";280000050163;"BRASIL SOBERANO";"PDT / AVANTE";"N";1303;"Válido";1303;4;"NÃO ELEITO"
"13/11/2024";"10:56:11";2018;2;"Eleição Ordinária";1;295;"ELEIÇÃO GERAL FEDERAL 2018";"07/10/2018";"F";"RO";"BR";"BRASIL";51;"JI-PARANÁ";30;1;"Presidente";280000605589;12;"CIRO FERREIRA GOMES";"CIRO GOMES";"#NULO#";12;"APTO";2;"DEFERIDO";-3;"#NE";-3;"#NE";-3;"#NE";"COLIGAÇÃO";12;"PDT";"Partido Democrático Trabalhista";-1;"#NULO#";"#NULO#";"#NULO#";280000050163;"BRASIL SOBERANO";"PDT / AVANTE";"N";2339;"Válido";2339;4;"NÃO ELEITO"
"13/11/2024";"10:56:11";2018;2;"Eleição Ordinária";1;295;"ELEIÇÃO GERAL FEDERAL 2018";"07/10/2018";"F";"RO";"BR";"BRASIL";51;"JI-PARANÁ";3;1;"Presidente";280000622281;15;"HENRIQUE DE CAMPOS MEIRELLES";"HENRIQUE MEIRELLES";"#NULO#";12;"APTO";2;"DEFERIDO";-3;"#NE";-3;"#NE";-3;"#NE";"COLIGAÇÃO";15;"MDB";"Movimento Democrático Brasileiro";-1;"#NULO#";"#NULO#";"#NULO#";280000050592;"ESSA É A SOLUÇÃO";"MDB / PHS";"N";182;"Válido";182;4;"NÃO ELEITO"
"13/11/2024";"10:56:11";2018;2;"Eleição Ordinária";1;295;"ELEIÇÃO GERAL FEDERAL 2018";"07/10/2018";"F";"RO";"BR";"BRASIL";515;"NOVO HORIZONTE DO OESTE";15;1;"Presidente";280000624085;27;"JOSE MARIA EYMAEL";"EYMAEL";"#NULO#";12;"APTO";2;"DEFERIDO";-3;"#NE";-3;"#NE";-3;"#NE";"PARTIDO ISOLADO";27;"DC";"Democracia Cristã";-1;"#NULO#";"#NULO#";"#NULO#";280000050639;"PARTIDO ISOLADO";"DC";"N";3;"Válido";3;4;"NÃO ELEITO"
"13/11/2024";"10:56:11";2018;2;"Eleição Ordinária";1;295;"ELEIÇÃO GERAL FEDERAL 2018";"07/10/2018";"F";"RO";"BR";"BRASIL";744;"NOVA UNIÃO";28;1;"Presidente";280000622171;18;"MARIA OSMARINA MARINA DA SILVA VAZ DE LIMA";"MARINA SILVA";"#NULO#";12;"APTO";2;"DEFERIDO";-3;"#NE";-3;"#NE";-3;"#NE";"COLIGAÇÃO";18;"REDE";"Rede Sustentabilidade";-1;"#NULO#";"#NULO#";"#NULO#";280000050589;"UNIDOS PARA TRANSFORMAR O BRASIL";"REDE / PV";"N";10;"Válido";10;4;"NÃO ELEITO"
"13/11/2024";"10:56:11";2018;2;"Eleição Ordinária";1;295;"ELEIÇÃO GERAL FEDERAL 2018";"07/10/2018";"F";"RO";"BR";"BRASIL";582;"SERINGUEIRAS";35;1;"Presidente";280000622171;18;"MARIA OSMARINA MARINA DA SILVA VAZ DE LIMA";"MARINA SILVA";"#NULO#";12;"APTO";2;"DEFERIDO";-3;"#NE";-3;"#NE";-3;"#NE";"COLIGAÇÃO";18;"REDE";"Rede Sustentabilidade";-1;"#NULO#";"#NULO#";"#NULO#";280000050589;"UNIDOS PARA TRANSFORMAR O BRASIL";"REDE / PV";"N";24;"Válido";24;4;"NÃO ELEITO"
"13/11/2024";"10:56:11";2018;2;"Eleição Ordinária";1;295;"ELEIÇÃO GERAL FEDERAL 2018";"07/10/2018";"F";"RO";"BR";"BRASIL";752;"TEIXEIRÓPOLIS";13;1;"Presidente";280000622281;15;"HENRIQUE DE CAMPOS MEIRELLES";"HENRIQUE MEIRELLES";"#NULO#";12;"APTO";2;"DEFERIDO";-3;"#NE";-3;"#NE";-3;"#NE";"COLIGAÇÃO";15;"MDB";"Movimento Democrático Brasileiro";-1;"#NULO#";"#NULO#";"#NULO#";280000050592;"ESSA É A SOLUÇÃO";"MDB / PHS";"N";35;"Válido";35;4;"NÃO ELEITO"
"13/11/2024";"10:56:11";2018;2;"Eleição Ordinária";1;295;"ELEIÇÃO GERAL FEDERAL 2018";"07/10/2018";"F";"RO";"BR";"BRASIL";116;"PIMENTA BUENO";9;1;"Presidente";280000624085;27;"JOSE MARIA EYMAEL";"EYMAEL";"#NULO#";12;"APTO";2;"DEFERIDO";-3;"#NE";-3;"#NE";-3;"#NE";"PARTIDO ISOLADO";27;"DC";"Democracia Cristã";-1;"#NULO#";"#NULO#";"#NULO#";280000050639;"PARTIDO ISOLADO";"DC";"N";4;"Válido";4;4;"NÃO ELEITO"
"13/11/2024";"10:56:11";2018;2;"Eleição Ordinária";1;295;"ELEIÇÃO GERAL FEDERAL 2018";"07/10/2018";"F";"RO";"BR";"BRASIL";94;"CACOAL";11;1;"Presidente";280000624085;27;"JOSE MARIA EYMAEL";"EYMAEL";"#NULO#";12;"APTO";2;"DEFERIDO";-3;"#NE";-3;"#NE";-3;"#NE";"PARTIDO ISOLADO";27;"DC";"Democracia Cristã";-1;"#NULO#";"#NULO#";"#NULO#";280000050639;"PARTIDO ISOLADO";"DC";"N";18;"Válido";18;4;"NÃO ELEITO"
"13/11/2024";"10:56:11";2018;2;"Eleição Ordinária";1;295;"ELEIÇÃO GERAL FEDERAL 2018";"07/10/2018";"F";"RO";"BR";"BRASIL";779;"BURITIS";34;1;"Presidente";280000605589;12;"CIRO FERREIRA GOMES";"CIRO GOMES";"#NULO#";12;"APTO";2;"DEFERIDO";-3;"#NE";-3;"#NE";-3;"#NE";"COLIGAÇÃO";12;"PDT";"Partido Democrático Trabalhista";-1;"#NULO#";"#NULO#";"#NULO#";280000050163;"BRASIL SOBERANO";"PDT / AVANTE";"N";725;"Válido";725;4;"NÃO ELEITO"
"13/11/2024";"10:56:11";2018;2;"Eleição Ordinária";1;295;"ELEIÇÃO GERAL FEDERAL 2018";"07/10/2018";"F";"RO";"BR";"BRASIL";396;"MACHADINHO D OESTE";32;1;"Presidente";280000605589;12;"CIRO FERREIRA GOMES";"CIRO GOMES";"#NULO#";12;"APTO";2;"DEFERIDO";-3;"#NE";-3;"#NE";-3;"#NE";"COLIGAÇÃO";12;"PDT";"Partido Democrático Trabalhista";-1;"#NULO#";"#NULO#";"#NULO#";280000050163;"BRASIL SOBERANO";"PDT / AVANTE";"N";997;"Válido";997;4;"NÃO ELEITO"
"13/11/2024";"10:56:11";2018;2;"Eleição Ordinária";1;295;"ELEIÇÃO GERAL FEDERAL 2018";"07/10/2018";"F";"RO";"BR";"BRASIL";574;"MIRANTE DA SERRA";28;1;"Presidente";280000622281;15;"HENRIQUE DE CAMPOS MEIRELLES";"HENRIQUE MEIRELLES";"#NULO#";12;"APTO";2;"DEFERIDO";-3;"#NE";-3;"#NE";-3;"#NE";"COLIGAÇÃO";15;"MDB";"Movimento Democrático Brasileiro";-1;"#NULO#";"#NULO#";"#NULO#";280000050592;"ESSA É A SOLUÇÃO";"MDB / PHS";"N";86;"Válido";86;4;"NÃO ELEITO"
"13/11/2024";"10:56:11";2018;2;"Eleição Ordinária";1;295;"ELEIÇÃO GERAL FEDERAL 2018";"07/10/2018";"F";"RO";"BR";"BRASIL";51;"JI-PARANÁ";30;1;"Presidente";280000607640;30;"JOÃO DIONISIO FILGUEIRA BARRETO AMOEDO";"JOÃO AMOÊDO";"#NULO#";12;"APTO";2;"DEFERIDO";-3;"#NE";-3;"#NE";-3;"#NE";"PARTIDO ISOLADO";30;"NOVO";"Partido Novo";-1;"#NULO#";"#NULO#";"#NULO#";280000050199;"PARTIDO ISOLADO";"NOVO";"N";929;"Válido";929;4;"NÃO ELEITO"
"13/11/2024";"10:56:11";2018;2;"Eleição Ordinária";1;295;"ELEIÇÃO GERAL FEDERAL 2018";"07/10/2018";"F";"RO";"BR";"BRASIL";418;"SÃO MIGUEL DO GUAPORÉ";35;1;"Presidente";280000607640;30;"JOÃO DIONISIO FILGUEIRA BARRETO AMOEDO";"JOÃO AMOÊDO";"#NULO#";12;"APTO";2;"DEFERIDO";-3;"#NE";-3;"#NE";-3;"#NE";"PARTIDO ISOLADO";30;"NOVO";"Partido Novo";-1;"#NULO#";"#NULO#";"#NULO#";280000050199;"PARTIDO ISOLADO";"NOVO";"N";82;"Válido";82;4;"NÃO ELEITO"
"13/11/2024";"10:56:11";2018;2;"Eleição Ordinária";1;295;"ELEIÇÃO GERAL FEDERAL 2018";"07/10/2018";"F";"RO";"BR";"BRASIL";450;"CABIXI";8;1;"Presidente";280000607640;30;"JOÃO DIONISIO FILGUEIRA BARRETO AMOEDO";"JOÃO AMOÊDO";"#NULO#";12;"APTO";2;"DEFERIDO";-3;"#NE";-3;"#NE";-3;"#NE";"PARTIDO ISOLADO";30;"NOVO";"Partido Novo";-1;"#NULO#";"#NULO#";"#NULO#";280000050199;"PARTIDO ISOLADO";"NOVO";"N";44;"Válido";44;4;"NÃO ELEITO"
"13/11/2024";"10:56:11";2018;2;"Eleição Ordinária";1;295;"ELEIÇÃO GERAL FEDERAL 2018";"07/10/2018";"F";"RO";"BR";"BRASIL";671;"CAMPO NOVO DE RONDÔNIA";34;1;"Presidente";280000601016;50;"GUILHERME CASTRO BOULOS";"GUILHERME BOULOS";"#NULO#";12;"APTO";2;"DEFERIDO";-3;"#NE";-3;"#NE";-3;"#NE";"COLIGAÇÃO";50;"PSOL";"Partido Socialismo e Liberdade";-1;"#NULO#";"#NULO#";"#NULO#";280000050035;"VAMOS SEM MEDO DE MUDAR O BRASIL";"PSOL / PCB";"N";23;"Válido";23;4;"NÃO ELEITO"
"13/11/2024";"10:56:11";2018;2;"Eleição Ordinária";1;295;"ELEIÇÃO GERAL FEDERAL 2018";"07/10/2018";"F";"RO";"BR";"BRASIL";779;"BURITIS";34;1;"Presidente";280000622281;15;"HENRIQUE DE CAMPOS MEIRELLES";"HENRIQUE MEIRELLES";"#NULO#";12;"APTO";2;"DEFERIDO";-3;"#NE";-3;"#NE";-3;"#NE";"COLIGAÇÃO";15;"MDB";"Movimento Democrático Brasileiro";-1;"#NULO#";"#NULO#";"#NULO#";280000050592;"ESSA É A SOLUÇÃO";"MDB / PHS";"N";205;"Válido";205;4;"NÃO ELEITO"
"13/11/2024";"10:56:11";2018;2;"Eleição Ordinária";1;295;"ELEIÇÃO GERAL FEDERAL 2018";"07/10/2018";"F";"RO";"BR";"BRASIL";698;"VALE DO ANARI";32;1;"Presidente";280000605589;12;"CIRO FERREIRA GOMES";"CIRO GOMES";"#NULO#";12;"APTO";2;"DEFERIDO";-3;"#NE";-3;"#NE";-3;"#NE";"COLIGAÇÃO";12;"PDT";"Partido Democrático Trabalhista";-1;"#NULO#";"#NULO#";"#NULO#";280000050163;"BRASIL SOBERANO";"PDT / AVANTE";"N";215;"Válido";215;4;"NÃO ELEITO"
"13/11/2024";"10:56:11";2018;2;"Eleição Ordinária";1;295;"ELEIÇÃO GERAL FEDERAL 2018";"07/10/2018";"F";"RO";"BR";"BRASIL";604;"MINISTRO ANDREAZZA";11;1;"Presidente";280000605589;12;"CIRO FERREIRA GOMES";"CIRO GOMES";"#NULO#";12;"APTO";2;"DEFERIDO";-3;"#NE";-3;"#NE";-3;"#NE";"COLIGAÇÃO";12;"PDT";"Partido Democrático Trabalhista";-1;"#NULO#";"#NULO#";"#NULO#";280000050163;"BRASIL SOBERANO";"PDT / AVANTE";"N";274;"Válido";274;4;"NÃO ELEITO"
"13/11/2024";"10:56:11";2018;2;"Eleição Ordinária";1;295;"ELEIÇÃO GERAL FEDERAL 2018";"07/10/2018";"F";"RO";"BR";"BRASIL";574;"MIRANTE DA SERRA";28;1;"Presidente";280000607640;30;"JOÃO DIONISIO FILGUEIRA BARRETO AMOEDO";"JOÃO AMOÊDO";"#NULO#";12;"APTO";2;"DEFERIDO";-3;"#NE";-3;"#NE";-3;"#NE";"PARTIDO ISOLADO";30;"NOVO";"Partido Novo";-1;"#NULO#";"#NULO#";"#NULO#";280000050199;"PARTIDO ISOLADO";"NOVO";"N";108;"Válido";108;4;"NÃO ELEITO"
"13/11/2024";"10:56:11";2018;2;"Eleição Ordinária";1;295;"ELEIÇÃO GERAL FEDERAL 2018";"07/10/2018";"F";"RO";"BR";"BRASIL";795;"SÃO FRANCISCO DO GUAPORÉ";5;1;"Presidente";280000605589;12;"CIRO FERREIRA GOMES";"CIRO GOMES";"#NULO#";12;"APTO";2;"DEFERIDO";-3;"#NE";-3;"#NE";-3;"#NE";"COLIGAÇÃO";12;"PDT";"Partido Democrático Trabalhista";-1;"#NULO#";"#NULO#";"#NULO#";280000050163;"BRASIL SOBERANO";"PDT / AVANTE";"N";349;"Válido";349;4;"NÃO ELEITO"
"13/11/2024";"10:56:11";2018;2;"Eleição Ordinária";2;296;"ELEIÇÃO GERAL FEDERAL 2018";"28/10/2018";"F";"RO";"BR";"BRASIL";779;"BURITIS";34;1;"Presidente";280000629808;13;"FERNANDO HADDAD";"FERNANDO HADDAD";"#NULO#";12;"APTO";2;"DEFERIDO";-3;"#NE";-3;"#NE";-3;"#NE";"COLIGAÇÃO";13;"PT";"Partido dos Trabalhadores";-1;"#NULO#";"#NULO#";"#NULO#";280000050703;"O POVO FELIZ DE NOVO";"PT / PC do B / PROS";"N";3417;"Válido";3417;4;"NÃO ELEITO"
"13/11/2024";"10:56:11";2018;2;"Eleição Ordinária";1;295;"ELEIÇÃO GERAL FEDERAL 2018";"07/10/2018";"F";"RO";"BR";"BRASIL";671;"CAMPO NOVO DE RONDÔNIA";34;1;"Presidente";280000622171;18;"MARIA OSMARINA MARINA DA SILVA VAZ DE LIMA";"MARINA SILVA";"#NULO#";12;"APTO";2;"DEFERIDO";-3;"#NE";-3;"#NE";-3;"#NE";"COLIGAÇÃO";18;"REDE";"Rede Sustentabilidade";-1;"#NULO#";"#NULO#";"#NULO#";280000050589;"UNIDOS PARA TRANSFORMAR O BRASIL";"REDE / PV";"N";17;"Válido";17;4;"NÃO ELEITO"
"13/11/2024";"10:56:11";2018;2;"Eleição Ordinária";1;295;"ELEIÇÃO GERAL FEDERAL 2018";"07/10/2018";"F";"RO";"BR";"BRASIL";574;"MIRANTE DA SERRA";28;1;"Presidente";280000601016;50;"GUILHERME CASTRO BOULOS";"GUILHERME BOULOS";"#NULO#";12;"APTO";2;"DEFERIDO";-3;"#NE";-3;"#NE";-3;"#NE";"COLIGAÇÃO";50;"PSOL";"Partido Socialismo e Liberdade";-1;"#NULO#";"#NULO#";"#NULO#";280000050035;"VAMOS SEM MEDO DE MUDAR O BRASIL";"PSOL / PCB";"N";30;"Válido";30;4;"NÃO ELEITO"
"13/11/2024";"10:56:11";2018;2;"Eleição Ordinária";1;295;"ELEIÇÃO GERAL FEDERAL 2018";"07/10/2018";"F";"RO";"BR";"BRASIL";655;"CORUMBIARA";16;1;"Presidente";280000602477;45;"GERALDO JOSÉ RODRIGUES ALCKMIN FILHO";"GERALDO ALCKMIN";"#NULO#";12;"APTO";2;"DEFERIDO";-3;"#NE";-3;"#NE";-3;"#NE";"COLIGAÇÃO";45;"PSDB";"Partido da Social Democracia Brasileira";-1;"#NULO#";"#NULO#";"#NULO#";280000050070;"PARA UNIR O BRASIL";"PSDB / PTB / PP / PR / DEM / SOLIDARIEDADE / PPS / PRB / PSD";"N";320;"Válido";320;4;"NÃO ELEITO"
"13/11/2024";"10:56:11";2018;2;"Eleição Ordinária";2;296;"ELEIÇÃO GERAL FEDERAL 2018";"28/10/2018";"F";"RO";"BR";"BRASIL";671;"CAMPO NOVO DE RONDÔNIA";34;1;"Presidente";280000629808;13;"FERNANDO HADDAD";"FERNANDO HADDAD";"#NULO#";12;"APTO";2;"DEFERIDO";-3;"#NE";-3;"#NE";-3;"#NE";"COLIGAÇÃO";13;"PT";"Partido dos Trabalhadores";-1;"#NULO#";"#NULO#";"#NULO#";280000050703;"O POVO FELIZ DE NOVO";"PT / PC do B / PROS";"N";1789;"Válido";1789;4;"NÃO ELEITO"
"13/11/2024";"10:56:11";2018;2;"Eleição Ordinária";1;295;"ELEIÇÃO GERAL FEDERAL 2018";"07/10/2018";"F";"RO";"BR";"BRASIL";574;"MIRANTE DA SERRA";28;1;"Presidente";280000622171;18;"MARIA OSMARINA MARINA DA SILVA VAZ DE LIMA";"MARINA SILVA";"#NULO#";12;"APTO";2;"DEFERIDO";-3;"#NE";-3;"#NE";-3;"#NE";"COLIGAÇÃO";18;"REDE";"Rede Sustentabilidade";-1;"#NULO#";"#NULO#";"#NULO#";280000050589;"UNIDOS PARA TRANSFORMAR O BRASIL";"REDE / PV";"N";19;"Válido";19;4;"NÃO ELEITO"
"13/11/2024";"10:56:11";2018;2;"Eleição Ordinária";2;296;"ELEIÇÃO GERAL FEDERAL 2018";"28/10/2018";"F";"RO";"BR";"BRASIL";531;"CASTANHEIRAS";15;1;"Presidente";280000629808;13;"FERNANDO HADDAD";"FERNANDO HADDAD";"#NULO#";12;"APTO";2;"DEFERIDO";-3;"#NE";-3;"#NE";-3;"#NE";"COLIGAÇÃO";13;"PT";"Partido dos Trabalhadores";-1;"#NULO#";"#NULO#";"#NULO#";280000050703;"O POVO FELIZ DE NOVO";"PT / PC do B / PROS";"N";875;"Válido";875;4;"NÃO ELEITO"
"13/11/2024";"10:56:11";2018;2;"Eleição Ordinária";2;296;"ELEIÇÃO GERAL FEDERAL 2018";"28/10/2018";"F";"RO";"BR";"BRASIL";795;"SÃO FRANCISCO DO GUAPORÉ";5;1;"Presidente";280000629808;13;"FERNANDO HADDAD";"FERNANDO HADDAD";"#NULO#";12;"APTO";2;"DEFERIDO";-3;"#NE";-3;"#NE";-3;"#NE";"COLIGAÇÃO";13;"PT";"Partido dos Trabalhadores";-1;"#NULO#";"#NULO#";"#NULO#";280000050703;"O POVO FELIZ DE NOVO";"PT / PC do B / PROS";"N";2505;"Válido";2505;4;"NÃO ELEITO"
"13/11/2024";"10:56:11";2018;2;"Eleição Ordinária";1;295;"ELEIÇÃO GERAL FEDERAL 2018";"07/10/2018";"F";"RO";"BR";"BRASIL";779;"BURITIS";34;1;"Presidente";280000601016;50;"GUILHERME CASTRO BOULOS";"GUILHERME BOULOS";"#NULO#";12;"APTO";2;"DEFERIDO";-3;"#NE";-3;"#NE";-3;"#NE";"COLIGAÇÃO";50;"PSOL";"Partido Socialismo e Liberdade";-1;"#NULO#";"#NULO#";"#NULO#";280000050035;"VAMOS SEM MEDO DE MUDAR O BRASIL";"PSOL / PCB";"N";63;"Válido";63;4;"NÃO ELEITO"
"13/11/2024";"10:56:11";2018;2;"Eleição Ordinária";2;296;"ELEIÇÃO GERAL FEDERAL 2018";"28/10/2018";"F";"RO";"BR";"BRASIL";604;"MINISTRO ANDREAZZA";11;1;"Presidente";280000629808;13;"FERNANDO HADDAD";"FERNANDO HADDAD";"#NULO#";12;"APTO";2;"DEFERIDO";-3;"#NE";-3;"#NE";-3;"#NE";"COLIGAÇÃO";13;"PT";"Partido dos Trabalhadores";-1;"#NULO#";"#NULO#";"#NULO#";280000050703;"O POVO FELIZ DE NOVO";"PT / PC do B / PROS";"N";1518;"Válido";1518;4;"NÃO ELEITO"
"13/11/2024";"10:56:11";2018;2;"Eleição Ordinária";1;295;"ELEIÇÃO GERAL FEDERAL 2018";"07/10/2018";"F";"RO";"BR";"BRASIL";531;"CASTANHEIRAS";15;1;"Presidente";280000605589;12;"CIRO FERREIRA GOMES";"CIRO GOMES";"#NULO#";12;"APTO";2;"DEFERIDO";-3;"#NE";-3;"#NE";-3;"#NE";"COLIGAÇÃO";12;"PDT";"Partido Democrático Trabalhista";-1;"#NULO#";"#NULO#";"#NULO#";280000050163;"BRASIL SOBERANO";"PDT / AVANTE";"N";119;"Válido";119;4;"NÃO ELEITO"
"13/11/2024";"10:56:11";2018;2;"Eleição Ordinária";1;295;"ELEIÇÃO GERAL FEDERAL 2018";"07/10/2018";"F";"RO";"BR";"BRASIL";116;"PIMENTA BUENO";9;1;"Presidente";280000602477;45;"GERALDO JOSÉ RODRIGUES ALCKMIN FILHO";"GERALDO ALCKMIN";"#NULO#";12;"APTO";2;"DEFERIDO";-3;"#NE";-3;"#NE";-3;"#NE";"COLIGAÇÃO";45;"PSDB";"Partido da Social Democracia Brasileira";-1;"#NULO#";"#NULO#";"#NULO#";280000050070;"PARA UNIR O BRASIL";"PSDB / PTB / PP / PR / DEM / SOLIDARIEDADE / PPS / PRB / PSD";"N";875;"Válido";875;4;"NÃO ELEITO"
"13/11/2024";"10:56:11";2018;2;"Eleição Ordinária";2;296;"ELEIÇÃO GERAL FEDERAL 2018";"28/10/2018";"F";"RO";"BR";"BRASIL";698;"VALE DO ANARI";32;1;"Presidente";280000629808;13;"FERNANDO HADDAD";"FERNANDO HADDAD";"#NULO#";12;"APTO";2;"DEFERIDO";-3;"#NE";-3;"#NE";-3;"#NE";"COLIGAÇÃO";13;"PT";"Partido dos Trabalhadores";-1;"#NULO#";"#NULO#";"#NULO#";280000050703;"O POVO FELIZ DE NOVO";"PT / PC do B / PROS";"N";1309;"Válido";1309;4;"NÃO ELEITO"
"13/11/2024";"10:56:11";2018;2;"Eleição Ordinária";1;295;"ELEIÇÃO GERAL FEDERAL 2018";"07/10/2018";"F";"RO";"BR";"BRASIL";680;"CUJUBIM";26;1;"Presidente";280000602477;45;"GERALDO JOSÉ RODRIGUES ALCKMIN FILHO";"GERALDO ALCKMIN";"#NULO#";12;"APTO";2;"DEFERIDO";-3;"#NE";-3;"#NE";-3;"#NE";"COLIGAÇÃO";45;"PSDB";"Partido da Social Democracia Brasileira";-1;"#NULO#";"#NULO#";"#NULO#";280000050070;"PARA UNIR O BRASIL";"PSDB / PTB / PP / PR / DEM / SOLIDARIEDADE / PPS / PRB / PSD";"N";522;"Válido";522;4;"NÃO ELEITO"
"13/11/2024";"10:56:11";2018;2;"Eleição Ordinária";1;295;"ELEIÇÃO GERAL FEDERAL 2018";"07/10/2018";"F";"RO";"BR";"BRASIL";671;"CAMPO NOVO DE RONDÔNIA";34;1;"Presidente";280000607640;30;"JOÃO DIONISIO FILGUEIRA BARRETO AMOEDO";"JOÃO AMOÊDO";"#NULO#";12;"APTO";2;"DEFERIDO";-3;"#NE";-3;"#NE";-3;"#NE";"PARTIDO ISOLADO";30;"NOVO";"Partido Novo";-1;"#NULO#";"#NULO#";"#NULO#";280000050199;"PARTIDO ISOLADO";"NOVO";"N";55;"Válido";55;4;"NÃO ELEITO"
"13/11/2024";"10:56:11";2018;2;"Eleição Ordinária";1;295;"ELEIÇÃO GERAL FEDERAL 2018";"07/10/2018";"F";"RO";"BR";"BRASIL";701;"PARECIS";19;1;"Presidente";280000602477;45;"GERALDO JOSÉ RODRIGUES ALCKMIN FILHO";"GERALDO ALCKMIN";"#NULO#";12;"APTO";2;"DEFERIDO";-3;"#NE";-3;"#NE";-3;"#NE";"COLIGAÇÃO";45;"PSDB";"Partido da Social Democracia Brasileira";-1;"#NULO#";"#NULO#";"#NULO#";280000050070;"PARA UNIR O BRASIL";"PSDB / PTB / PP / PR / DEM / SOLIDARIEDADE / PPS / PRB / PSD";"N";140;"Válido";140;4;"NÃO ELEITO"
"13/11/2024";"10:56:11";2018;2;"Eleição Ordinária";1;295;"ELEIÇÃO GERAL FEDERAL 2018";"07/10/2018";"F";"RO";"BR";"BRASIL";671;"CAMPO NOVO DE RONDÔNIA";34;1;"Presidente";280000622281;15;"HENRIQUE DE CAMPOS MEIRELLES";"HENRIQUE MEIRELLES";"#NULO#";12;"APTO";2;"DEFERIDO";-3;"#NE";-3;"#NE";-3;"#NE";"COLIGAÇÃO";15;"MDB";"Movimento Democrático Brasileiro";-1;"#NULO#";"#NULO#";"#NULO#";280000050592;"ESSA É A SOLUÇÃO";"MDB / PHS";"N";78;"Válido";78;4;"NÃO ELEITO"
"13/11/2024";"10:56:11";2018;2;"Eleição Ordinária";1;295;"ELEIÇÃO GERAL FEDERAL 2018";"07/10/2018";"F";"RO";"BR";"BRASIL";396;"MACHADINHO D OESTE";32;1;"Presidente";280000601016;50;"GUILHERME CASTRO BOULOS";"GUILHERME BOULOS";"#NULO#";12;"APTO";2;"DEFERIDO";-3;"#NE";-3;"#NE";-3;"#NE";"COLIGAÇÃO";50;"PSOL";"Partido Socialismo e Liberdade";-1;"#NULO#";"#NULO#";"#NULO#";280000050035;"VAMOS SEM MEDO DE MUDAR O BRASIL";"PSOL / PCB";"N";76;"Válido";76;4;"NÃO ELEITO"
"13/11/2024";"10:56:11";2018;2;"Eleição Ordinária";2;296;"ELEIÇÃO GERAL FEDERAL 2018";"28/10/2018";"F";"RO";"BR";"BRASIL";396;"MACHADINHO D OESTE";32;1;"Presidente";280000629808;13;"FERNANDO HADDAD";"FERNANDO HADDAD";"#NULO#";12;"APTO";2;"DEFERIDO";-3;"#NE";-3;"#NE";-3;"#NE";"COLIGAÇÃO";13;"PT";"Partido dos Trabalhadores";-1;"#NULO#";"#NULO#";"#NULO#";280000050703;"O POVO FELIZ DE NOVO";"PT / PC do B / PROS";"N";4633;"Válido";4633;4;"NÃO ELEITO"
"13/11/2024";"10:56:11";2018;2;"Eleição Ordinária";1;295;"ELEIÇÃO GERAL FEDERAL 2018";"07/10/2018";"F";"RO";"BR";"BRASIL";94;"CACOAL";11;1;"Presidente";280000602477;45;"GERALDO JOSÉ RODRIGUES ALCKMIN FILHO";"GERALDO ALCKMIN";"#NULO#";12;"APTO";2;"DEFERIDO";-3;"#NE";-3;"#NE";-3;"#NE";"COLIGAÇÃO";45;"PSDB";"Partido da Social Democracia Brasileira";-1;"#NULO#";"#NULO#";"#NULO#";280000050070;"PARA UNIR O BRASIL";"PSDB / PTB / PP / PR / DEM / SOLIDARIEDADE / PPS / PRB / PSD";"N";1863;"Válido";1863;4;"NÃO ELEITO"
"13/11/2024";"10:56:11";2018;2;"Eleição Ordinária";1;295;"ELEIÇÃO GERAL FEDERAL 2018";"07/10/2018";"F";"RO";"BR";"BRASIL";779;"BURITIS";34;1;"Presidente";280000622171;18;"MARIA OSMARINA MARINA DA SILVA VAZ DE LIMA";"MARINA SILVA";"#NULO#";12;"APTO";2;"DEFERIDO";-3;"#NE";-3;"#NE";-3;"#NE";"COLIGAÇÃO";18;"REDE";"Rede Sustentabilidade";-1;"#NULO#";"#NULO#";"#NULO#";280000050589;"UNIDOS PARA TRANSFORMAR O BRASIL";"REDE / PV";"N";41;"Válido";41;4;"NÃO ELEITO"
"13/11/2024";"10:56:11";2018;2;"Eleição Ordinária";1;295;"ELEIÇÃO GERAL FEDERAL 2018";"07/10/2018";"F";"RO";"BR";"BRASIL";779;"BURITIS";34;1;"Presidente";280000607640;30;"JOÃO DIONISIO FILGUEIRA BARRETO AMOEDO";"JOÃO AMOÊDO";"#NULO#";12;"APTO";2;"DEFERIDO";-3;"#NE";-3;"#NE";-3;"#NE";"PARTIDO ISOLADO";30;"NOVO";"Partido Novo";-1;"#NULO#";"#NULO#";"#NULO#";280000050199;"PARTIDO ISOLADO";"NOVO";"N";81;"Válido";81;4;"NÃO ELEITO"
"13/11/2024";"10:56:11";2018;2;"Eleição Ordinária";1;295;"ELEIÇÃO GERAL FEDERAL 2018";"07/10/2018";"F";"RO";"BR";"BRASIL";604;"MINISTRO ANDREAZZA";11;1;"Presidente";280000622281;15;"HENRIQUE DE CAMPOS MEIRELLES";"HENRIQUE MEIRELLES";"#NULO#";12;"APTO";2;"DEFERIDO";-3;"#NE";-3;"#NE";-3;"#NE";"COLIGAÇÃO";15;"MDB";"Movimento Democrático Brasileiro";-1;"#NULO#";"#NULO#";"#NULO#";280000050592;"ESSA É A SOLUÇÃO";"MDB / PHS";"N";91;"Válido";91;4;"NÃO ELEITO"
"13/11/2024";"10:56:11";2018;2;"Eleição Ordinária";1;295;"ELEIÇÃO GERAL FEDERAL 2018";"07/10/2018";"F";"RO";"BR";"BRASIL";604;"MINISTRO ANDREAZZA";11;1;"Presidente";280000601016;50;"GUILHERME CASTRO BOULOS";"GUILHERME BOULOS";"#NULO#";12;"APTO";2;"DEFERIDO";-3;"#NE";-3;"#NE";-3;"#NE";"COLIGAÇÃO";50;"PSOL";"Partido Socialismo e Liberdade";-1;"#NULO#";"#NULO#";"#NULO#";280000050035;"VAMOS SEM MEDO DE MUDAR O BRASIL";"PSOL / PCB";"N";24;"Válido";24;4;"NÃO ELEITO"
"13/11/2024";"10:56:11";2018;2;"Eleição Ordinária";1;295;"ELEIÇÃO GERAL FEDERAL 2018";"07/10/2018";"F";"RO";"BR";"BRASIL";698;"VALE DO ANARI";32;1;"Presidente";280000601016;50;"GUILHERME CASTRO BOULOS";"GUILHERME BOULOS";"#NULO#";12;"APTO";2;"DEFERIDO";-3;"#NE";-3;"#NE";-3;"#NE";"COLIGAÇÃO";50;"PSOL";"Partido Socialismo e Liberdade";-1;"#NULO#";"#NULO#";"#NULO#";280000050035;"VAMOS SEM MEDO DE MUDAR O BRASIL";"PSOL / PCB";"N";28;"Válido";28;4;"NÃO ELEITO"
"13/11/2024";"10:56:11";2018;2;"Eleição Ordinária";1;295;"ELEIÇÃO GERAL FEDERAL 2018";"07/10/2018";"F";"RO";"BR";"BRASIL";566;"URUPÁ";18;1;"Presidente";280000618462;19;"ALVARO FERNANDES DIAS";"ALVARO DIAS";"#NULO#";12;"APTO";2;"DEFERIDO";-3;"#NE";-3;"#NE";-3;"#NE";"COLIGAÇÃO";19;"PODE";"Podemos";-1;"#NULO#";"#NULO#";"#NULO#";280000050478;"MUDANÇA DE VERDADE";"PODE / PRP / PSC / PTC";"N";66;"Válido";66;4;"NÃO ELEITO"
"13/11/2024";"10:56:11";2018;2;"Eleição Ordinária";1;295;"ELEIÇÃO GERAL FEDERAL 2018";"07/10/2018";"F";"RO";"BR";"BRASIL";698;"VALE DO ANARI";32;1;"Presidente";280000622281;15;"HENRIQUE DE CAMPOS MEIRELLES";"HENRIQUE MEIRELLES";"#NULO#";12;"APTO";2;"DEFERIDO";-3;"#NE";-3;"#NE";-3;"#NE";"COLIGAÇÃO";15;"MDB";"Movimento Democrático Brasileiro";-1;"#NULO#";"#NULO#";"#NULO#";280000050592;"ESSA É A SOLUÇÃO";"MDB / PHS";"N";89;"Válido";89;4;"NÃO ELEITO"
"13/11/2024";"10:56:11";2018;2;"Eleição Ordinária";1;295;"ELEIÇÃO GERAL FEDERAL 2018";"07/10/2018";"F";"RO";"BR";"BRASIL";515;"NOVO HORIZONTE DO OESTE";15;1;"Presidente";280000602477;45;"GERALDO JOSÉ RODRIGUES ALCKMIN FILHO";"GERALDO ALCKMIN";"#NULO#";12;"APTO";2;"DEFERIDO";-3;"#NE";-3;"#NE";-3;"#NE";"COLIGAÇÃO";45;"PSDB";"Partido da Social Democracia Brasileira";-1;"#NULO#";"#NULO#";"#NULO#";280000050070;"PARA UNIR O BRASIL";"PSDB / PTB / PP / PR / DEM / SOLIDARIEDADE / PPS / PRB / PSD";"N";325;"Válido";325;4;"NÃO ELEITO"
"13/11/2024";"10:56:11";2018;2;"Eleição Ordinária";1;295;"ELEIÇÃO GERAL FEDERAL 2018";"07/10/2018";"F";"RO";"BR";"BRASIL";51;"JI-PARANÁ";30;1;"Presidente";280000624085;27;"JOSE MARIA EYMAEL";"EYMAEL";"#NULO#";12;"APTO";2;"DEFERIDO";-3;"#NE";-3;"#NE";-3;"#NE";"PARTIDO ISOLADO";27;"DC";"Democracia Cristã";-1;"#NULO#";"#NULO#";"#NULO#";280000050639;"PARTIDO ISOLADO";"DC";"N";8;"Válido";8;4;"NÃO ELEITO"
"13/11/2024";"10:56:11";2018;2;"Eleição Ordinária";1;295;"ELEIÇÃO GERAL FEDERAL 2018";"07/10/2018";"F";"RO";"BR";"BRASIL";795;"SÃO FRANCISCO DO GUAPORÉ";5;1;"Presidente";280000622281;15;"HENRIQUE DE CAMPOS MEIRELLES";"HENRIQUE MEIRELLES";"#NULO#";12;"APTO";2;"DEFERIDO";-3;"#NE";-3;"#NE";-3;"#NE";"COLIGAÇÃO";15;"MDB";"Movimento Democrático Brasileiro";-1;"#NULO#";"#NULO#";"#NULO#";280000050592;"ESSA É A SOLUÇÃO";"MDB / PHS";"N";161;"Válido";161;4;"NÃO ELEITO"
"13/11/2024";"10:56:11";2018;2;"Eleição Ordinária";1;295;"ELEIÇÃO GERAL FEDERAL 2018";"07/10/2018";"F";"RO";"BR";"BRASIL";728;"PRIMAVERA DE RONDÔNIA";9;1;"Presidente";280000605589;12;"CIRO FERREIRA GOMES";"CIRO GOMES";"#NULO#";12;"APTO";2;"DEFERIDO";-3;"#NE";-3;"#NE";-3;"#NE";"COLIGAÇÃO";12;"PDT";"Partido Democrático Trabalhista";-1;"#NULO#";"#NULO#";"#NULO#";280000050163;"BRASIL SOBERANO";"PDT / AVANTE";"N";72;"Válido";72;4;"NÃO ELEITO"
"13/11/2024";"10:56:11";2018;2;"Eleição Ordinária";1;295;"ELEIÇÃO GERAL FEDERAL 2018";"07/10/2018";"F";"RO";"BR";"BRASIL";809;"CHUPINGUAIA";8;1;"Presidente";280000605589;12;"CIRO FERREIRA GOMES";"CIRO GOMES";"#NULO#";12;"APTO";2;"DEFERIDO";-3;"#NE";-3;"#NE";-3;"#NE";"COLIGAÇÃO";12;"PDT";"Partido Democrático Trabalhista";-1;"#NULO#";"#NULO#";"#NULO#";280000050163;"BRASIL SOBERANO";"PDT / AVANTE";"N";178;"Válido";178;4;"NÃO ELEITO"
"13/11/2024";"10:56:11";2018;2;"Eleição Ordinária";1;295;"ELEIÇÃO GERAL FEDERAL 2018";"07/10/2018";"F";"RO";"BR";"BRASIL";434;"NOVA MAMORÉ";1;1;"Presidente";280000624085;27;"JOSE MARIA EYMAEL";"EYMAEL";"#NULO#";12;"APTO";2;"DEFERIDO";-3;"#NE";-3;"#NE";-3;"#NE";"PARTIDO ISOLADO";27;"DC";"Democracia Cristã";-1;"#NULO#";"#NULO#";"#NULO#";280000050639;"PARTIDO ISOLADO";"DC";"N";3;"Válido";3;4;"NÃO ELEITO"
"13/11/2024";"10:56:11";2018;2;"Eleição Ordinária";1;295;"ELEIÇÃO GERAL FEDERAL 2018";"07/10/2018";"F";"RO";"BR";"BRASIL";744;"NOVA UNIÃO";28;1;"Presidente";280000624085;27;"JOSE MARIA EYMAEL";"EYMAEL";"#NULO#";12;"APTO";2;"DEFERIDO";-3;"#NE";-3;"#NE";-3;"#NE";"PARTIDO ISOLADO";27;"DC";"Democracia Cristã";-1;"#NULO#";"#NULO#";"#NULO#";280000050639;"PARTIDO ISOLADO";"DC";"N";1;"Válido";1;4;"NÃO ELEITO"
"13/11/2024";"10:56:11";2018;2;"Eleição Ordinária";1;295;"ELEIÇÃO GERAL FEDERAL 2018";"07/10/2018";"F";"RO";"BR";"BRASIL";787;"PIMENTEIRAS DO OESTE";16;1;"Presidente";280000624085;27;"JOSE MARIA EYMAEL";"EYMAEL";"#NULO#";12;"APTO";2;"DEFERIDO";-3;"#NE";-3;"#NE";-3;"#NE";"PARTIDO ISOLADO";27;"DC";"Democracia Cristã";-1;"#NULO#";"#NULO#";"#NULO#";280000050639;"PARTIDO ISOLADO";"DC";"N";1;"Válido";1;4;"NÃO ELEITO"
"13/11/2024";"10:56:11";2018;2;"Eleição Ordinária";1;295;"ELEIÇÃO GERAL FEDERAL 2018";"07/10/2018";"F";"RO";"BR";"BRASIL";698;"VALE DO ANARI";32;1;"Presidente";280000607640;30;"JOÃO DIONISIO FILGUEIRA BARRETO AMOEDO";"JOÃO AMOÊDO";"#NULO#";12;"APTO";2;"DEFERIDO";-3;"#NE";-3;"#NE";-3;"#NE";"PARTIDO ISOLADO";30;"NOVO";"Partido Novo";-1;"#NULO#";"#NULO#";"#NULO#";280000050199;"PARTIDO ISOLADO";"NOVO";"N";38;"Válido";38;4;"NÃO ELEITO"
"13/11/2024";"10:56:11";2018;2;"Eleição Ordinária";1;295;"ELEIÇÃO GERAL FEDERAL 2018";"07/10/2018";"F";"RO";"BR";"BRASIL";493;"ITAPUÃ DO OESTE";2;1;"Presidente";280000624085;27;"JOSE MARIA EYMAEL";"EYMAEL";"#NULO#";12;"APTO";2;"DEFERIDO";-3;"#NE";-3;"#NE";-3;"#NE";"PARTIDO ISOLADO";27;"DC";"Democracia Cristã";-1;"#NULO#";"#NULO#";"#NULO#";280000050639;"PARTIDO ISOLADO";"DC";"N";1;"Válido";1;4;"NÃO ELEITO"
"13/11/2024";"10:56:11";2018;2;"Eleição Ordinária";1;295;"ELEIÇÃO GERAL FEDERAL 2018";"07/10/2018";"F";"RO";"BR";"BRASIL";531;"CASTANHEIRAS";15;1;"Presidente";280000622281;15;"HENRIQUE DE CAMPOS MEIRELLES";"HENRIQUE MEIRELLES";"#NULO#";12;"APTO";2;"DEFERIDO";-3;"#NE";-3;"#NE";-3;"#NE";"COLIGAÇÃO";15;"MDB";"Movimento Democrático Brasileiro";-1;"#NULO#";"#NULO#";"#NULO#";280000050592;"ESSA É A SOLUÇÃO";"MDB / PHS";"N";33;"Válido";33;4;"NÃO ELEITO"
"13/11/2024";"10:56:11";2018;2;"Eleição Ordinária";2;296;"ELEIÇÃO GERAL FEDERAL 2018";"28/10/2018";"F";"RO";"BR";"BRASIL";558;"VALE DO PARAÍSO";28;1;"Presidente";280000629808;13;"FERNANDO HADDAD";"FERNANDO HADDAD";"#NULO#";12;"APTO";2;"DEFERIDO";-3;"#NE";-3;"#NE";-3;"#NE";"COLIGAÇÃO";13;"PT";"Partido dos Trabalhadores";-1;"#NULO#";"#NULO#";"#NULO#";280000050703;"O POVO FELIZ DE NOVO";"PT / PC do B / PROS";"N";1407;"Válido";1407;4;"NÃO ELEITO"
"13/11/2024";"10:56:11";2018;2;"Eleição Ordinária";1;295;"ELEIÇÃO GERAL FEDERAL 2018";"07/10/2018";"F";"RO";"BR";"BRASIL";752;"TEIXEIRÓPOLIS";13;1;"Presidente";280000624085;27;"JOSE MARIA EYMAEL";"EYMAEL";"#NULO#";12;"APTO";2;"DEFERIDO";-3;"#NE";-3;"#NE";-3;"#NE";"PARTIDO ISOLADO";27;"DC";"Democracia Cristã";-1;"#NULO#";"#NULO#";"#NULO#";280000050639;"PARTIDO ISOLADO";"DC";"N";1;"Válido";1;4;"NÃO ELEITO"
"13/11/2024";"10:56:11";2018;2;"Eleição Ordinária";1;295;"ELEIÇÃO GERAL FEDERAL 2018";"07/10/2018";"F";"RO";"BR";"BRASIL";531;"CASTANHEIRAS";15;1;"Presidente";280000601016;50;"GUILHERME CASTRO BOULOS";"GUILHERME BOULOS";"#NULO#";12;"APTO";2;"DEFERIDO";-3;"#NE";-3;"#NE";-3;"#NE";"COLIGAÇÃO";50;"PSOL";"Partido Socialismo e Liberdade";-1;"#NULO#";"#NULO#";"#NULO#";280000050035;"VAMOS SEM MEDO DE MUDAR O BRASIL";"PSOL / PCB";"N";8;"Válido";8;4;"NÃO ELEITO"
"13/11/2024";"10:56:11";2018;2;"Eleição Ordinária";1;295;"ELEIÇÃO GERAL FEDERAL 2018";"07/10/2018";"F";"RO";"BR";"BRASIL";418;"SÃO MIGUEL DO GUAPORÉ";35;1;"Presidente";280000624085;27;"JOSE MARIA EYMAEL";"EYMAEL";"#NULO#";12;"APTO";2;"DEFERIDO";-3;"#NE";-3;"#NE";-3;"#NE";"PARTIDO ISOLADO";27;"DC";"Democracia Cristã";-1;"#NULO#";"#NULO#";"#NULO#";280000050639;"PARTIDO ISOLADO";"DC";"N";2;"Válido";2;4;"NÃO ELEITO"
"13/11/2024";"10:56:11";2018;2;"Eleição Ordinária";1;295;"ELEIÇÃO GERAL FEDERAL 2018";"07/10/2018";"F";"RO";"BR";"BRASIL";531;"CASTANHEIRAS";15;1;"Presidente";280000622171;18;"MARIA OSMARINA MARINA DA SILVA VAZ DE LIMA";"MARINA SILVA";"#NULO#";12;"APTO";2;"DEFERIDO";-3;"#NE";-3;"#NE";-3;"#NE";"COLIGAÇÃO";18;"REDE";"Rede Sustentabilidade";-1;"#NULO#";"#NULO#";"#NULO#";280000050589;"UNIDOS PARA TRANSFORMAR O BRASIL";"REDE / PV";"N";21;"Válido";21;4;"NÃO ELEITO"
"13/11/2024";"10:56:11";2018;2;"Eleição Ordinária";2;296;"ELEIÇÃO GERAL FEDERAL 2018";"28/10/2018";"F";"RO";"BR";"BRASIL";809;"CHUPINGUAIA";8;1;"Presidente";280000629808;13;"FERNANDO HADDAD";"FERNANDO HADDAD";"#NULO#";12;"APTO";2;"DEFERIDO";-3;"#NE";-3;"#NE";-3;"#NE";"COLIGAÇÃO";13;"PT";"Partido dos Trabalhadores";-1;"#NULO#";"#NULO#";"#NULO#";280000050703;"O POVO FELIZ DE NOVO";"PT / PC do B / PROS";"N";1504;"Válido";1504;4;"NÃO ELEITO"
"13/11/2024";"10:56:11";2018;2;"Eleição Ordinária";1;295;"ELEIÇÃO GERAL FEDERAL 2018";"07/10/2018";"F";"RO";"BR";"BRASIL";558;"VALE DO PARAÍSO";28;1;"Presidente";280000605589;12;"CIRO FERREIRA GOMES";"CIRO GOMES";"#NULO#";12;"APTO";2;"DEFERIDO";-3;"#NE";-3;"#NE";-3;"#NE";"COLIGAÇÃO";12;"PDT";"Partido Democrático Trabalhista";-1;"#NULO#";"#NULO#";"#NULO#";280000050163;"BRASIL SOBERANO";"PDT / AVANTE";"N";174;"Válido";174;4;"NÃO ELEITO"
"13/11/2024";"10:56:11";2018;2;"Eleição Ordinária";1;295;"ELEIÇÃO GERAL FEDERAL 2018";"07/10/2018";"F";"RO";"BR";"BRASIL";272;"CEREJEIRAS";16;1;"Presidente";280000624085;27;"JOSE MARIA EYMAEL";"EYMAEL";"#NULO#";12;"APTO";2;"DEFERIDO";-3;"#NE";-3;"#NE";-3;"#NE";"PARTIDO ISOLADO";27;"DC";"Democracia Cristã";-1;"#NULO#";"#NULO#";"#NULO#";280000050639;"PARTIDO ISOLADO";"DC";"N";2;"Válido";2;4;"NÃO ELEITO"
"13/11/2024";"10:56:11";2018;2;"Eleição Ordinária";1;295;"ELEIÇÃO GERAL FEDERAL 2018";"07/10/2018";"F";"RO";"BR";"BRASIL";396;"MACHADINHO D OESTE";32;1;"Presidente";280000607640;30;"JOÃO DIONISIO FILGUEIRA BARRETO AMOEDO";"JOÃO AMOÊDO";"#NULO#";12;"APTO";2;"DEFERIDO";-3;"#NE";-3;"#NE";-3;"#NE";"PARTIDO ISOLADO";30;"NOVO";"Partido Novo";-1;"#NULO#";"#NULO#";"#NULO#";280000050199;"PARTIDO ISOLADO";"NOVO";"N";86;"Válido";86;4;"NÃO ELEITO"
"13/11/2024";"10:56:11";2018;2;"Eleição Ordinária";1;295;"ELEIÇÃO GERAL FEDERAL 2018";"07/10/2018";"F";"RO";"BR";"BRASIL";531;"CASTANHEIRAS";15;1;"Presidente";280000607640;30;"JOÃO DIONISIO FILGUEIRA BARRETO AMOEDO";"JOÃO AMOÊDO";"#NULO#";12;"APTO";2;"DEFERIDO";-3;"#NE";-3;"#NE";-3;"#NE";"PARTIDO ISOLADO";30;"NOVO";"Partido Novo";-1;"#NULO#";"#NULO#";"#NULO#";280000050199;"PARTIDO ISOLADO";"NOVO";"N";22;"Válido";22;4;"NÃO ELEITO"
"13/11/2024";"10:56:11";2018;2;"Eleição Ordinária";1;295;"ELEIÇÃO GERAL FEDERAL 2018";"07/10/2018";"F";"RO";"BR";"BRASIL";728;"PRIMAVERA DE RONDÔNIA";9;1;"Presidente";280000618462;19;"ALVARO FERNANDES DIAS";"ALVARO DIAS";"#NULO#";12;"APTO";2;"DEFERIDO";-3;"#NE";-3;"#NE";-3;"#NE";"COLIGAÇÃO";19;"PODE";"Podemos";-1;"#NULO#";"#NULO#";"#NULO#";280000050478;"MUDANÇA DE VERDADE";"PODE / PRP / PSC / PTC";"N";16;"Válido";16;4;"NÃO ELEITO"
"13/11/2024";"10:56:11";2018;2;"Eleição Ordinária";1;295;"ELEIÇÃO GERAL FEDERAL 2018";"07/10/2018";"F";"RO";"BR";"BRASIL";795;"SÃO FRANCISCO DO GUAPORÉ";5;1;"Presidente";280000622171;18;"MARIA OSMARINA MARINA DA SILVA VAZ DE LIMA";"MARINA SILVA";"#NULO#";12;"APTO";2;"DEFERIDO";-3;"#NE";-3;"#NE";-3;"#NE";"COLIGAÇÃO";18;"REDE";"Rede Sustentabilidade";-1;"#NULO#";"#NULO#";"#NULO#";280000050589;"UNIDOS PARA TRANSFORMAR O BRASIL";"REDE / PV";"N";26;"Válido";26;4;"NÃO ELEITO"
"13/11/2024";"10:56:11";2018;2;"Eleição Ordinária";1;295;"ELEIÇÃO GERAL FEDERAL 2018";"07/10/2018";"F";"RO";"BR";"BRASIL";795;"SÃO FRANCISCO DO GUAPORÉ";5;1;"Presidente";280000601016;50;"GUILHERME CASTRO BOULOS";"GUILHERME BOULOS";"#NULO#";12;"APTO";2;"DEFERIDO";-3;"#NE";-3;"#NE";-3;"#NE";"COLIGAÇÃO";50;"PSOL";"Partido Socialismo e Liberdade";-1;"#NULO#";"#NULO#";"#NULO#";280000050035;"VAMOS SEM MEDO DE MUDAR O BRASIL";"PSOL / PCB";"N";38;"Válido";38;4;"NÃO ELEITO"
"13/11/2024";"10:56:11";2018;2;"Eleição Ordinária";1;295;"ELEIÇÃO GERAL FEDERAL 2018";"07/10/2018";"F";"RO";"BR";"BRASIL";604;"MINISTRO ANDREAZZA";11;1;"Presidente";280000607640;30;"JOÃO DIONISIO FILGUEIRA BARRETO AMOEDO";"JOÃO AMOÊDO";"#NULO#";12;"APTO";2;"DEFERIDO";-3;"#NE";-3;"#NE";-3;"#NE";"PARTIDO ISOLADO";30;"NOVO";"Partido Novo";-1;"#NULO#";"#NULO#";"#NULO#";280000050199;"PARTIDO ISOLADO";"NOVO";"N";36;"Válido";36;4;"NÃO ELEITO"
"13/11/2024";"10:56:11";2018;2;"Eleição Ordinária";2;296;"ELEIÇÃO GERAL FEDERAL 2018";"28/10/2018";"F";"RO";"BR";"BRASIL";728;"PRIMAVERA DE RONDÔNIA";9;1;"Presidente";280000629808;13;"FERNANDO HADDAD";"FERNANDO HADDAD";"#NULO#";12;"APTO";2;"DEFERIDO";-3;"#NE";-3;"#NE";-3;"#NE";"COLIGAÇÃO";13;"PT";"Partido dos Trabalhadores";-1;"#NULO#";"#NULO#";"#NULO#";280000050703;"O POVO FELIZ DE NOVO";"PT / PC do B / PROS";"N";529;"Válido";529;4;"NÃO ELEITO"
"13/11/2024";"10:56:11";2018;2;"Eleição Ordinária";1;295;"ELEIÇÃO GERAL FEDERAL 2018";"07/10/2018";"F";"RO";"BR";"BRASIL";310;"ALTA FLORESTA D OESTE";17;1;"Presidente";280000605589;12;"CIRO FERREIRA GOMES";"CIRO GOMES";"#NULO#";12;"APTO";2;"DEFERIDO";-3;"#NE";-3;"#NE";-3;"#NE";"COLIGAÇÃO";12;"PDT";"Partido Democrático Trabalhista";-1;"#NULO#";"#NULO#";"#NULO#";280000050163;"BRASIL SOBERANO";"PDT / AVANTE";"N";486;"Válido";486;4;"NÃO ELEITO"
"13/11/2024";"10:56:11";2018;2;"Eleição Ordinária";1;295;"ELEIÇÃO GERAL FEDERAL 2018";"07/10/2018";"F";"RO";"BR";"BRASIL";51;"JI-PARANÁ";3;1;"Presidente";280000624085;27;"JOSE MARIA EYMAEL";"EYMAEL";"#NULO#";12;"APTO";2;"DEFERIDO";-3;"#NE";-3;"#NE";-3;"#NE";"PARTIDO ISOLADO";27;"DC";"Democracia Cristã";-1;"#NULO#";"#NULO#";"#NULO#";280000050639;"PARTIDO ISOLADO";"DC";"N";5;"Válido";5;4;"NÃO ELEITO"
"13/11/2024";"10:56:11";2018;2;"Eleição Ordinária";1;295;"ELEIÇÃO GERAL FEDERAL 2018";"07/10/2018";"F";"RO";"BR";"BRASIL";396;"MACHADINHO D OESTE";32;1;"Presidente";280000622281;15;"HENRIQUE DE CAMPOS MEIRELLES";"HENRIQUE MEIRELLES";"#NULO#";12;"APTO";2;"DEFERIDO";-3;"#NE";-3;"#NE";-3;"#NE";"COLIGAÇÃO";15;"MDB";"Movimento Democrático Brasileiro";-1;"#NULO#";"#NULO#";"#NULO#";280000050592;"ESSA É A SOLUÇÃO";"MDB / PHS";"N";272;"Válido";272;4;"NÃO ELEITO"
"13/11/2024";"10:56:11";2018;2;"Eleição Ordinária";1;295;"ELEIÇÃO GERAL FEDERAL 2018";"07/10/2018";"F";"RO";"BR";"BRASIL";698;"VALE DO ANARI";32;1;"Presidente";280000622171;18;"MARIA OSMARINA MARINA DA SILVA VAZ DE LIMA";"MARINA SILVA";"#NULO#";12;"APTO";2;"DEFERIDO";-3;"#NE";-3;"#NE";-3;"#NE";"COLIGAÇÃO";18;"REDE";"Rede Sustentabilidade";-1;"#NULO#";"#NULO#";"#NULO#";280000050589;"UNIDOS PARA TRANSFORMAR O BRASIL";"REDE / PV";"N";21;"Válido";21;4;"NÃO ELEITO"
"13/11/2024";"10:56:11";2018;2;"Eleição Ordinária";1;295;"ELEIÇÃO GERAL FEDERAL 2018";"07/10/2018";"F";"RO";"BR";"BRASIL";809;"CHUPINGUAIA";8;1;"Presidente";280000618462;19;"ALVARO FERNANDES DIAS";"ALVARO DIAS";"#NULO#";12;"APTO";2;"DEFERIDO";-3;"#NE";-3;"#NE";-3;"#NE";"COLIGAÇÃO";19;"PODE";"Podemos";-1;"#NULO#";"#NULO#";"#NULO#";280000050478;"MUDANÇA DE VERDADE";"PODE / PRP / PSC / PTC";"N";50;"Válido";50;4;"NÃO ELEITO"
"13/11/2024";"10:56:11";2018;2;"Eleição Ordinária";1;295;"ELEIÇÃO GERAL FEDERAL 2018";"07/10/2018";"F";"RO";"BR";"BRASIL";310;"ALTA FLORESTA D OESTE";17;1;"Presidente";280000618462;19;"ALVARO FERNANDES DIAS";"ALVARO DIAS";"#NULO#";12;"APTO";2;"DEFERIDO";-3;"#NE";-3;"#NE";-3;"#NE";"COLIGAÇÃO";19;"PODE";"Podemos";-1;"#NULO#";"#NULO#";"#NULO#";280000050478;"MUDANÇA DE VERDADE";"PODE / PRP / PSC / PTC";"N";195;"Válido";195;4;"NÃO ELEITO"
"13/11/2024";"10:56:11";2018;2;"Eleição Ordinária";1;295;"ELEIÇÃO GERAL FEDERAL 2018";"07/10/2018";"F";"RO";"BR";"BRASIL";566;"URUPÁ";18;1;"Presidente";280000605589;12;"CIRO FERREIRA GOMES";"CIRO GOMES";"#NULO#";12;"APTO";2;"DEFERIDO";-3;"#NE";-3;"#NE";-3;"#NE";"COLIGAÇÃO";12;"PDT";"Partido Democrático Trabalhista";-1;"#NULO#";"#NULO#";"#NULO#";280000050163;"BRASIL SOBERANO";"PDT / AVANTE";"N";260;"Válido";260;4;"NÃO ELEITO"
"13/11/2024";"10:56:11";2018;2;"Eleição Ordinária";1;295;"ELEIÇÃO GERAL FEDERAL 2018";"07/10/2018";"F";"RO";"BR";"BRASIL";558;"VALE DO PARAÍSO";28;1;"Presidente";280000618462;19;"ALVARO FERNANDES DIAS";"ALVARO DIAS";"#NULO#";12;"APTO";2;"DEFERIDO";-3;"#NE";-3;"#NE";-3;"#NE";"COLIGAÇÃO";19;"PODE";"Podemos";-1;"#NULO#";"#NULO#";"#NULO#";280000050478;"MUDANÇA DE VERDADE";"PODE / PRP / PSC / PTC";"N";58;"Válido";58;4;"NÃO ELEITO"
"13/11/2024";"10:56:11";2018;2;"Eleição Ordinária";1;295;"ELEIÇÃO GERAL FEDERAL 2018";"07/10/2018";"F";"RO";"BR";"BRASIL";582;"SERINGUEIRAS";35;1;"Presidente";280000624085;27;"JOSE MARIA EYMAEL";"EYMAEL";"#NULO#";12;"APTO";2;"DEFERIDO";-3;"#NE";-3;"#NE";-3;"#NE";"PARTIDO ISOLADO";27;"DC";"Democracia Cristã";-1;"#NULO#";"#NULO#";"#NULO#";280000050639;"PARTIDO ISOLADO";"DC";"N";1;"Válido";1;4;"NÃO ELEITO"
"13/11/2024";"10:56:11";2018;2;"Eleição Ordinária";1;295;"ELEIÇÃO GERAL FEDERAL 2018";"07/10/2018";"F";"RO";"BR";"BRASIL";310;"ALTA FLORESTA D OESTE";17;1;"Presidente";280000601016;50;"GUILHERME CASTRO BOULOS";"GUILHERME BOULOS";"#NULO#";12;"APTO";2;"DEFERIDO";-3;"#NE";-3;"#NE";-3;"#NE";"COLIGAÇÃO";50;"PSOL";"Partido Socialismo e Liberdade";-1;"#NULO#";"#NULO#";"#NULO#";280000050035;"VAMOS SEM MEDO DE MUDAR O BRASIL";"PSOL / PCB";"N";81;"Válido";81;4;"NÃO ELEITO"
"13/11/2024";"10:56:11";2018;2;"Eleição Ordinária";1;295;"ELEIÇÃO GERAL FEDERAL 2018";"07/10/2018";"F";"RO";"BR";"BRASIL";795;"SÃO FRANCISCO DO GUAPORÉ";5;1;"Presidente";280000607640;30;"JOÃO DIONISIO FILGUEIRA BARRETO AMOEDO";"JOÃO AMOÊDO";"#NULO#";12;"APTO";2;"DEFERIDO";-3;"#NE";-3;"#NE";-3;"#NE";"PARTIDO ISOLADO";30;"NOVO";"Partido Novo";-1;"#NULO#";"#NULO#";"#NULO#";280000050199;"PARTIDO ISOLADO";"NOVO";"N";39;"Válido";39;4;"NÃO ELEITO"
"13/11/2024";"10:56:11";2018;2;"Eleição Ordinária";1;295;"ELEIÇÃO GERAL FEDERAL 2018";"07/10/2018";"F";"RO";"BR";"BRASIL";744;"NOVA UNIÃO";28;1;"Presidente";280000618462;19;"ALVARO FERNANDES DIAS";"ALVARO DIAS";"#NULO#";12;"APTO";2;"DEFERIDO";-3;"#NE";-3;"#NE";-3;"#NE";"COLIGAÇÃO";19;"PODE";"Podemos";-1;"#NULO#";"#NULO#";"#NULO#";280000050478;"MUDANÇA DE VERDADE";"PODE / PRP / PSC / PTC";"N";19;"Válido";19;4;"NÃO ELEITO"
"13/11/2024";"10:56:11";2018;2;"Eleição Ordinária";1;295;"ELEIÇÃO GERAL FEDERAL 2018";"07/10/2018";"F";"RO";"BR";"BRASIL";558;"VALE DO PARAÍSO";28;1;"Presidente";280000622281;15;"HENRIQUE DE CAMPOS MEIRELLES";"HENRIQUE MEIRELLES";"#NULO#";12;"APTO";2;"DEFERIDO";-3;"#NE";-3;"#NE";-3;"#NE";"COLIGAÇÃO";15;"MDB";"Movimento Democrático Brasileiro";-1;"#NULO#";"#NULO#";"#NULO#";280000050592;"ESSA É A SOLUÇÃO";"MDB / PHS";"N";56;"Válido";56;4;"NÃO ELEITO"
"13/11/2024";"10:56:11";2018;2;"Eleição Ordinária";1;295;"ELEIÇÃO GERAL FEDERAL 2018";"07/10/2018";"F";"RO";"BR";"BRASIL";809;"CHUPINGUAIA";8;1;"Presidente";280000622281;15;"HENRIQUE DE CAMPOS MEIRELLES";"HENRIQUE MEIRELLES";"#NULO#";12;"APTO";2;"DEFERIDO";-3;"#NE";-3;"#NE";-3;"#NE";"COLIGAÇÃO";15;"MDB";"Movimento Democrático Brasileiro";-1;"#NULO#";"#NULO#";"#NULO#";280000050592;"ESSA É A SOLUÇÃO";"MDB / PHS";"N";78;"Válido";78;4;"NÃO ELEITO"
"13/11/2024";"10:56:11";2018;2;"Eleição Ordinária";1;295;"ELEIÇÃO GERAL FEDERAL 2018";"07/10/2018";"F";"RO";"BR";"BRASIL";604;"MINISTRO ANDREAZZA";11;1;"Presidente";280000622171;18;"MARIA OSMARINA MARINA DA SILVA VAZ DE LIMA";"MARINA SILVA";"#NULO#";12;"APTO";2;"DEFERIDO";-3;"#NE";-3;"#NE";-3;"#NE";"COLIGAÇÃO";18;"REDE";"Rede Sustentabilidade";-1;"#NULO#";"#NULO#";"#NULO#";280000050589;"UNIDOS PARA TRANSFORMAR O BRASIL";"REDE / PV";"N";14;"Válido";14;4;"NÃO ELEITO"
"13/11/2024";"10:56:11";2018;2;"Eleição Ordinária";1;295;"ELEIÇÃO GERAL FEDERAL 2018";"07/10/2018";"F";"RO";"BR";"BRASIL";51;"JI-PARANÁ";3;1;"Presidente";280000618462;19;"ALVARO FERNANDES DIAS";"ALVARO DIAS";"#NULO#";12;"APTO";2;"DEFERIDO";-3;"#NE";-3;"#NE";-3;"#NE";"COLIGAÇÃO";19;"PODE";"Podemos";-1;"#NULO#";"#NULO#";"#NULO#";280000050478;"MUDANÇA DE VERDADE";"PODE / PRP / PSC / PTC";"N";141;"Válido";141;4;"NÃO ELEITO"
"13/11/2024";"10:56:11";2018;2;"Eleição Ordinária";1;295;"ELEIÇÃO GERAL FEDERAL 2018";"07/10/2018";"F";"RO";"BR";"BRASIL";19;"GUAJARÁ-MIRIM";1;1;"Presidente";280000605589;12;"CIRO FERREIRA GOMES";"CIRO GOMES";"#NULO#";12;"APTO";2;"DEFERIDO";-3;"#NE";-3;"#NE";-3;"#NE";"COLIGAÇÃO";12;"PDT";"Partido Democrático Trabalhista";-1;"#NULO#";"#NULO#";"#NULO#";280000050163;"BRASIL SOBERANO";"PDT / AVANTE";"N";1142;"Válido";1142;4;"NÃO ELEITO"
"13/11/2024";"10:56:11";2018;2;"Eleição Ordinária";1;295;"ELEIÇÃO GERAL FEDERAL 2018";"07/10/2018";"F";"RO";"BR";"BRASIL";396;"MACHADINHO D OESTE";32;1;"Presidente";280000622171;18;"MARIA OSMARINA MARINA DA SILVA VAZ DE LIMA";"MARINA SILVA";"#NULO#";12;"APTO";2;"DEFERIDO";-3;"#NE";-3;"#NE";-3;"#NE";"COLIGAÇÃO";18;"REDE";"Rede Sustentabilidade";-1;"#NULO#";"#NULO#";"#NULO#";280000050589;"UNIDOS PARA TRANSFORMAR O BRASIL";"REDE / PV";"N";62;"Válido";62;4;"NÃO ELEITO"
"13/11/2024";"10:56:11";2018;2;"Eleição Ordinária";1;295;"ELEIÇÃO GERAL FEDERAL 2018";"07/10/2018";"F";"RO";"BR";"BRASIL";51;"JI-PARANÁ";30;1;"Presidente";280000618462;19;"ALVARO FERNANDES DIAS";"ALVARO DIAS";"#NULO#";12;"APTO";2;"DEFERIDO";-3;"#NE";-3;"#NE";-3;"#NE";"COLIGAÇÃO";19;"PODE";"Podemos";-1;"#NULO#";"#NULO#";"#NULO#";280000050478;"MUDANÇA DE VERDADE";"PODE / PRP / PSC / PTC";"N";347;"Válido";347;4;"NÃO ELEITO"
"13/11/2024";"10:56:11";2018;2;"Eleição Ordinária";1;295;"ELEIÇÃO GERAL FEDERAL 2018";"07/10/2018";"F";"RO";"BR";"BRASIL";450;"CABIXI";8;1;"Presidente";280000618462;19;"ALVARO FERNANDES DIAS";"ALVARO DIAS";"#NULO#";12;"APTO";2;"DEFERIDO";-3;"#NE";-3;"#NE";-3;"#NE";"COLIGAÇÃO";19;"PODE";"Podemos";-1;"#NULO#";"#NULO#";"#NULO#";280000050478;"MUDANÇA DE VERDADE";"PODE / PRP / PSC / PTC";"N";59;"Válido";59;4;"NÃO ELEITO"
"13/11/2024";"10:56:11";2018;2;"Eleição Ordinária";1;295;"ELEIÇÃO GERAL FEDERAL 2018";"07/10/2018";"F";"RO";"BR";"BRASIL";558;"VALE DO PARAÍSO";28;1;"Presidente";280000601016;50;"GUILHERME CASTRO BOULOS";"GUILHERME BOULOS";"#NULO#";12;"APTO";2;"DEFERIDO";-3;"#NE";-3;"#NE";-3;"#NE";"COLIGAÇÃO";50;"PSOL";"Partido Socialismo e Liberdade";-1;"#NULO#";"#NULO#";"#NULO#";280000050035;"VAMOS SEM MEDO DE MUDAR O BRASIL";"PSOL / PCB";"N";40;"Válido";40;4;"NÃO ELEITO"
"13/11/2024";"10:56:11";2018;2;"Eleição Ordinária";2;296;"ELEIÇÃO GERAL FEDERAL 2018";"28/10/2018";"F";"RO";"BR";"BRASIL";310;"ALTA FLORESTA D OESTE";17;1;"Presidente";280000629808;13;"FERNANDO HADDAD";"FERNANDO HADDAD";"#NULO#";12;"APTO";2;"DEFERIDO";-3;"#NE";-3;"#NE";-3;"#NE";"COLIGAÇÃO";13;"PT";"Partido dos Trabalhadores";-1;"#NULO#";"#NULO#";"#NULO#";280000050703;"O POVO FELIZ DE NOVO";"PT / PC do B / PROS";"N";3763;"Válido";3763;4;"NÃO ELEITO"
"13/11/2024";"10:56:11";2018;2;"Eleição Ordinária";1;295;"ELEIÇÃO GERAL FEDERAL 2018";"07/10/2018";"F";"RO";"BR";"BRASIL";51;"JI-PARANÁ";30;1;"Presidente";280000602477;45;"GERALDO JOSÉ RODRIGUES ALCKMIN FILHO";"GERALDO ALCKMIN";"#NULO#";12;"APTO";2;"DEFERIDO";-3;"#NE";-3;"#NE";-3;"#NE";"COLIGAÇÃO";45;"PSDB";"Partido da Social Democracia Brasileira";-1;"#NULO#";"#NULO#";"#NULO#";280000050070;"PARA UNIR O BRASIL";"PSDB / PTB / PP / PR / DEM / SOLIDARIEDADE / PPS / PRB / PSD";"N";1658;"Válido";1658;4;"NÃO ELEITO"
"13/11/2024";"10:56:11";2018;2;"Eleição Ordinária";1;295;"ELEIÇÃO GERAL FEDERAL 2018";"07/10/2018";"F";"RO";"BR";"BRASIL";752;"TEIXEIRÓPOLIS";13;1;"Presidente";280000602477;45;"GERALDO JOSÉ RODRIGUES ALCKMIN FILHO";"GERALDO ALCKMIN";"#NULO#";12;"APTO";2;"DEFERIDO";-3;"#NE";-3;"#NE";-3;"#NE";"COLIGAÇÃO";45;"PSDB";"Partido da Social Democracia Brasileira";-1;"#NULO#";"#NULO#";"#NULO#";280000050070;"PARA UNIR O BRASIL";"PSDB / PTB / PP / PR / DEM / SOLIDARIEDADE / PPS / PRB / PSD";"N";153;"Válido";153;4;"NÃO ELEITO"
"13/11/2024";"10:56:11";2018;2;"Eleição Ordinária";1;295;"ELEIÇÃO GERAL FEDERAL 2018";"07/10/2018";"F";"RO";"BR";"BRASIL";728;"PRIMAVERA DE RONDÔNIA";9;1;"Presidente";280000622281;15;"HENRIQUE DE CAMPOS MEIRELLES";"HENRIQUE MEIRELLES";"#NULO#";12;"APTO";2;"DEFERIDO";-3;"#NE";-3;"#NE";-3;"#NE";"COLIGAÇÃO";15;"MDB";"Movimento Democrático Brasileiro";-1;"#NULO#";"#NULO#";"#NULO#";280000050592;"ESSA É A SOLUÇÃO";"MDB / PHS";"N";27;"Válido";27;4;"NÃO ELEITO"
"13/11/2024";"10:56:11";2018;2;"Eleição Ordinária";1;295;"ELEIÇÃO GERAL FEDERAL 2018";"07/10/2018";"F";"RO";"BR";"BRASIL";728;"PRIMAVERA DE RONDÔNIA";9;1;"Presidente";280000622171;18;"MARIA OSMARINA MARINA DA SILVA VAZ DE LIMA";"MARINA SILVA";"#NULO#";12;"APTO";2;"DEFERIDO";-3;"#NE";-3;"#NE";-3;"#NE";"COLIGAÇÃO";18;"REDE";"Rede Sustentabilidade";-1;"#NULO#";"#NULO#";"#NULO#";280000050589;"UNIDOS PARA TRANSFORMAR O BRASIL";"REDE / PV";"N";6;"Válido";6;4;"NÃO ELEITO"
"13/11/2024";"10:56:11";2018;2;"Eleição Ordinária";1;295;"ELEIÇÃO GERAL FEDERAL 2018";"07/10/2018";"F";"RO";"BR";"BRASIL";809;"CHUPINGUAIA";8;1;"Presidente";280000607640;30;"JOÃO DIONISIO FILGUEIRA BARRETO AMOEDO";"JOÃO AMOÊDO";"#NULO#";12;"APTO";2;"DEFERIDO";-3;"#NE";-3;"#NE";-3;"#NE";"PARTIDO ISOLADO";30;"NOVO";"Partido Novo";-1;"#NULO#";"#NULO#";"#NULO#";280000050199;"PARTIDO ISOLADO";"NOVO";"N";18;"Válido";18;4;"NÃO ELEITO"
"13/11/2024";"10:56:11";2018;2;"Eleição Ordinária";2;296;"ELEIÇÃO GERAL FEDERAL 2018";"28/10/2018";"F";"RO";"BR";"BRASIL";566;"URUPÁ";18;1;"Presidente";280000629808;13;"FERNANDO HADDAD";"FERNANDO HADDAD";"#NULO#";12;"APTO";2;"DEFERIDO";-3;"#NE";-3;"#NE";-3;"#NE";"COLIGAÇÃO";13;"PT";"Partido dos Trabalhadores";-1;"#NULO#";"#NULO#";"#NULO#";280000050703;"O POVO FELIZ DE NOVO";"PT / PC do B / PROS";"N";2051;"Válido";2051;4;"NÃO ELEITO"
"13/11/2024";"10:56:11";2018;2;"Eleição Ordinária";1;295;"ELEIÇÃO GERAL FEDERAL 2018";"07/10/2018";"F";"RO";"BR";"BRASIL";809;"CHUPINGUAIA";8;1;"Presidente";280000601016;50;"GUILHERME CASTRO BOULOS";"GUILHERME BOULOS";"#NULO#";12;"APTO";2;"DEFERIDO";-3;"#NE";-3;"#NE";-3;"#NE";"COLIGAÇÃO";50;"PSOL";"Partido Socialismo e Liberdade";-1;"#NULO#";"#NULO#";"#NULO#";280000050035;"VAMOS SEM MEDO DE MUDAR O BRASIL";"PSOL / PCB";"N";17;"Válido";17;4;"NÃO ELEITO"
"13/11/2024";"10:56:11";2018;2;"Eleição Ordinária";1;295;"ELEIÇÃO GERAL FEDERAL 2018";"07/10/2018";"F";"RO";"BR";"BRASIL";566;"URUPÁ";18;1;"Presidente";280000607640;30;"JOÃO DIONISIO FILGUEIRA BARRETO AMOEDO";"JOÃO AMOÊDO";"#NULO#";12;"APTO";2;"DEFERIDO";-3;"#NE";-3;"#NE";-3;"#NE";"PARTIDO ISOLADO";30;"NOVO";"Partido Novo";-1;"#NULO#";"#NULO#";"#NULO#";280000050199;"PARTIDO ISOLADO";"NOVO";"N";44;"Válido";44;4;"NÃO ELEITO"
"13/11/2024";"10:56:11";2018;2;"Eleição Ordinária";1;295;"ELEIÇÃO GERAL FEDERAL 2018";"07/10/2018";"F";"RO";"BR";"BRASIL";272;"CEREJEIRAS";16;1;"Presidente";280000618462;19;"ALVARO FERNANDES DIAS";"ALVARO DIAS";"#NULO#";12;"APTO";2;"DEFERIDO";-3;"#NE";-3;"#NE";-3;"#NE";"COLIGAÇÃO";19;"PODE";"Podemos";-1;"#NULO#";"#NULO#";"#NULO#";280000050478;"MUDANÇA DE VERDADE";"PODE / PRP / PSC / PTC";"N";141;"Válido";141;4;"NÃO ELEITO"
"13/11/2024";"10:56:11";2018;2;"Eleição Ordinária";1;295;"ELEIÇÃO GERAL FEDERAL 2018";"07/10/2018";"F";"RO";"BR";"BRASIL";434;"NOVA MAMORÉ";1;1;"Presidente";280000618462;19;"ALVARO FERNANDES DIAS";"ALVARO DIAS";"#NULO#";12;"APTO";2;"DEFERIDO";-3;"#NE";-3;"#NE";-3;"#NE";"COLIGAÇÃO";19;"PODE";"Podemos";-1;"#NULO#";"#NULO#";"#NULO#";280000050478;"MUDANÇA DE VERDADE";"PODE / PRP / PSC / PTC";"N";32;"Válido";32;4;"NÃO ELEITO"
"13/11/2024";"10:56:11";2018;2;"Eleição Ordinária";1;295;"ELEIÇÃO GERAL FEDERAL 2018";"07/10/2018";"F";"RO";"BR";"BRASIL";590;"THEOBROMA";27;1;"Presidente";280000605589;12;"CIRO FERREIRA GOMES";"CIRO GOMES";"#NULO#";12;"APTO";2;"DEFERIDO";-3;"#NE";-3;"#NE";-3;"#NE";"COLIGAÇÃO";12;"PDT";"Partido Democrático Trabalhista";-1;"#NULO#";"#NULO#";"#NULO#";280000050163;"BRASIL SOBERANO";"PDT / AVANTE";"N";251;"Válido";251;4;"NÃO ELEITO"
"13/11/2024";"10:56:11";2018;2;"Eleição Ordinária";1;295;"ELEIÇÃO GERAL FEDERAL 2018";"07/10/2018";"F";"RO";"BR";"BRASIL";582;"SERINGUEIRAS";35;1;"Presidente";280000602477;45;"GERALDO JOSÉ RODRIGUES ALCKMIN FILHO";"GERALDO ALCKMIN";"#NULO#";12;"APTO";2;"DEFERIDO";-3;"#NE";-3;"#NE";-3;"#NE";"COLIGAÇÃO";45;"PSDB";"Partido da Social Democracia Brasileira";-1;"#NULO#";"#NULO#";"#NULO#";280000050070;"PARA UNIR O BRASIL";"PSDB / PTB / PP / PR / DEM / SOLIDARIEDADE / PPS / PRB / PSD";"N";334;"Válido";334;4;"NÃO ELEITO"
"13/11/2024";"10:56:11";2018;2;"Eleição Ordinária";1;295;"ELEIÇÃO GERAL FEDERAL 2018";"07/10/2018";"F";"RO";"BR";"BRASIL";310;"ALTA FLORESTA D OESTE";17;1;"Presidente";280000622281;15;"HENRIQUE DE CAMPOS MEIRELLES";"HENRIQUE MEIRELLES";"#NULO#";12;"APTO";2;"DEFERIDO";-3;"#NE";-3;"#NE";-3;"#NE";"COLIGAÇÃO";15;"MDB";"Movimento Democrático Brasileiro";-1;"#NULO#";"#NULO#";"#NULO#";280000050592;"ESSA É A SOLUÇÃO";"MDB / PHS";"N";184;"Válido";184;4;"NÃO ELEITO"
"13/11/2024";"10:56:11";2018;2;"Eleição Ordinária";1;295;"ELEIÇÃO GERAL FEDERAL 2018";"07/10/2018";"F";"RO";"BR";"BRASIL";566;"URUPÁ";18;1;"Presidente";280000622281;15;"HENRIQUE DE CAMPOS MEIRELLES";"HENRIQUE MEIRELLES";"#NULO#";12;"APTO";2;"DEFERIDO";-3;"#NE";-3;"#NE";-3;"#NE";"COLIGAÇÃO";15;"MDB";"Movimento Democrático Brasileiro";-1;"#NULO#";"#NULO#";"#NULO#";280000050592;"ESSA É A SOLUÇÃO";"MDB / PHS";"N";91;"Válido";91;4;"NÃO ELEITO"
"13/11/2024";"10:56:11";2018;2;"Eleição Ordinária";1;295;"ELEIÇÃO GERAL FEDERAL 2018";"07/10/2018";"F";"RO";"BR";"BRASIL";728;"PRIMAVERA DE RONDÔNIA";9;1;"Presidente";280000601016;50;"GUILHERME CASTRO BOULOS";"GUILHERME BOULOS";"#NULO#";12;"APTO";2;"DEFERIDO";-3;"#NE";-3;"#NE";-3;"#NE";"COLIGAÇÃO";50;"PSOL";"Partido Socialismo e Liberdade";-1;"#NULO#";"#NULO#";"#NULO#";280000050035;"VAMOS SEM MEDO DE MUDAR O BRASIL";"PSOL / PCB";"N";12;"Válido";12;4;"NÃO ELEITO"
"13/11/2024";"10:56:11";2018;2;"Eleição Ordinária";2;296;"ELEIÇÃO GERAL FEDERAL 2018";"28/10/2018";"F";"RO";"BR";"BRASIL";590;"THEOBROMA";27;1;"Presidente";280000629808;13;"FERNANDO HADDAD";"FERNANDO HADDAD";"#NULO#";12;"APTO";2;"DEFERIDO";-3;"#NE";-3;"#NE";-3;"#NE";"COLIGAÇÃO";13;"PT";"Partido dos Trabalhadores";-1;"#NULO#";"#NULO#";"#NULO#";280000050703;"O POVO FELIZ DE NOVO";"PT / PC do B / PROS";"N";1759;"Válido";1759;4;"NÃO ELEITO"
"13/11/2024";"10:56:11";2018;2;"Eleição Ordinária";1;295;"ELEIÇÃO GERAL FEDERAL 2018";"07/10/2018";"F";"RO";"BR";"BRASIL";337;"ALVORADA DO OESTE";18;1;"Presidente";280000605589;12;"CIRO FERREIRA GOMES";"CIRO GOMES";"#NULO#";12;"APTO";2;"DEFERIDO";-3;"#NE";-3;"#NE";-3;"#NE";"COLIGAÇÃO";12;"PDT";"Partido Democrático Trabalhista";-1;"#NULO#";"#NULO#";"#NULO#";280000050163;"BRASIL SOBERANO";"PDT / AVANTE";"N";444;"Válido";444;4;"NÃO ELEITO"
"13/11/2024";"10:56:11";2018;2;"Eleição Ordinária";1;295;"ELEIÇÃO GERAL FEDERAL 2018";"07/10/2018";"F";"RO";"BR";"BRASIL";175;"OURO PRETO DO OESTE";13;1;"Presidente";280000605589;12;"CIRO FERREIRA GOMES";"CIRO GOMES";"#NULO#";12;"APTO";2;"DEFERIDO";-3;"#NE";-3;"#NE";-3;"#NE";"COLIGAÇÃO";12;"PDT";"Partido Democrático Trabalhista";-1;"#NULO#";"#NULO#";"#NULO#";280000050163;"BRASIL SOBERANO";"PDT / AVANTE";"N";920;"Válido";920;4;"NÃO ELEITO"
"13/11/2024";"10:56:11";2018;2;"Eleição Ordinária";1;295;"ELEIÇÃO GERAL FEDERAL 2018";"07/10/2018";"F";"RO";"BR";"BRASIL";450;"CABIXI";8;1;"Presidente";280000602477;45;"GERALDO JOSÉ RODRIGUES ALCKMIN FILHO";"GERALDO ALCKMIN";"#NULO#";12;"APTO";2;"DEFERIDO";-3;"#NE";-3;"#NE";-3;"#NE";"COLIGAÇÃO";45;"PSDB";"Partido da Social Democracia Brasileira";-1;"#NULO#";"#NULO#";"#NULO#";280000050070;"PARA UNIR O BRASIL";"PSDB / PTB / PP / PR / DEM / SOLIDARIEDADE / PPS / PRB / PSD";"N";188;"Válido";188;4;"NÃO ELEITO"
"13/11/2024";"10:56:11";2018;2;"Eleição Ordinária";2;296;"ELEIÇÃO GERAL FEDERAL 2018";"28/10/2018";"F";"RO";"BR";"BRASIL";256;"ESPIGÃO DO OESTE";12;1;"Presidente";280000629808;13;"FERNANDO HADDAD";"FERNANDO HADDAD";"#NULO#";12;"APTO";2;"DEFERIDO";-3;"#NE";-3;"#NE";-3;"#NE";"COLIGAÇÃO";13;"PT";"Partido dos Trabalhadores";-1;"#NULO#";"#NULO#";"#NULO#";280000050703;"O POVO FELIZ DE NOVO";"PT / PC do B / PROS";"N";4593;"Válido";4593;4;"NÃO ELEITO"
"13/11/2024";"10:56:11";2018;2;"Eleição Ordinária";2;296;"ELEIÇÃO GERAL FEDERAL 2018";"28/10/2018";"F";"RO";"BR";"BRASIL";337;"ALVORADA DO OESTE";18;1;"Presidente";280000629808;13;"FERNANDO HADDAD";"FERNANDO HADDAD";"#NULO#";12;"APTO";2;"DEFERIDO";-3;"#NE";-3;"#NE";-3;"#NE";"COLIGAÇÃO";13;"PT";"Partido dos Trabalhadores";-1;"#NULO#";"#NULO#";"#NULO#";280000050703;"O POVO FELIZ DE NOVO";"PT / PC do B / PROS";"N";2817;"Válido";2817;4;"NÃO ELEITO"
"13/11/2024";"10:56:11";2018;2;"Eleição Ordinária";1;295;"ELEIÇÃO GERAL FEDERAL 2018";"07/10/2018";"F";"RO";"BR";"BRASIL";566;"URUPÁ";18;1;"Presidente";280000622171;18;"MARIA OSMARINA MARINA DA SILVA VAZ DE LIMA";"MARINA SILVA";"#NULO#";12;"APTO";2;"DEFERIDO";-3;"#NE";-3;"#NE";-3;"#NE";"COLIGAÇÃO";18;"REDE";"Rede Sustentabilidade";-1;"#NULO#";"#NULO#";"#NULO#";280000050589;"UNIDOS PARA TRANSFORMAR O BRASIL";"REDE / PV";"N";34;"Válido";34;4;"NÃO ELEITO"
"13/11/2024";"10:56:11";2018;2;"Eleição Ordinária";1;295;"ELEIÇÃO GERAL FEDERAL 2018";"07/10/2018";"F";"RO";"BR";"BRASIL";418;"SÃO MIGUEL DO GUAPORÉ";35;1;"Presidente";280000618462;19;"ALVARO FERNANDES DIAS";"ALVARO DIAS";"#NULO#";12;"APTO";2;"DEFERIDO";-3;"#NE";-3;"#NE";-3;"#NE";"COLIGAÇÃO";19;"PODE";"Podemos";-1;"#NULO#";"#NULO#";"#NULO#";280000050478;"MUDANÇA DE VERDADE";"PODE / PRP / PSC / PTC";"N";163;"Válido";163;4;"NÃO ELEITO"
"13/11/2024";"10:56:11";2018;2;"Eleição Ordinária";2;296;"ELEIÇÃO GERAL FEDERAL 2018";"28/10/2018";"F";"RO";"BR";"BRASIL";191;"PRESIDENTE MÉDICI";3;1;"Presidente";280000629808;13;"FERNANDO HADDAD";"FERNANDO HADDAD";"#NULO#";12;"APTO";2;"DEFERIDO";-3;"#NE";-3;"#NE";-3;"#NE";"COLIGAÇÃO";13;"PT";"Partido dos Trabalhadores";-1;"#NULO#";"#NULO#";"#NULO#";280000050703;"O POVO FELIZ DE NOVO";"PT / PC do B / PROS";"N";2978;"Válido";2978;4;"NÃO ELEITO"
"13/11/2024";"10:56:11";2018;2;"Eleição Ordinária";1;295;"ELEIÇÃO GERAL FEDERAL 2018";"07/10/2018";"F";"RO";"BR";"BRASIL";213;"COSTA MARQUES";5;1;"Presidente";280000605589;12;"CIRO FERREIRA GOMES";"CIRO GOMES";"#NULO#";12;"APTO";2;"DEFERIDO";-3;"#NE";-3;"#NE";-3;"#NE";"COLIGAÇÃO";12;"PDT";"Partido Democrático Trabalhista";-1;"#NULO#";"#NULO#";"#NULO#";280000050163;"BRASIL SOBERANO";"PDT / AVANTE";"N";227;"Válido";227;4;"NÃO ELEITO"
"13/11/2024";"10:56:11";2018;2;"Eleição Ordinária";1;295;"ELEIÇÃO GERAL FEDERAL 2018";"07/10/2018";"F";"RO";"BR";"BRASIL";256;"ESPIGÃO DO OESTE";12;1;"Presidente";280000605589;12;"CIRO FERREIRA GOMES";"CIRO GOMES";"#NULO#";12;"APTO";2;"DEFERIDO";-3;"#NE";-3;"#NE";-3;"#NE";"COLIGAÇÃO";12;"PDT";"Partido Democrático Trabalhista";-1;"#NULO#";"#NULO#";"#NULO#";280000050163;"BRASIL SOBERANO";"PDT / AVANTE";"N";866;"Válido";866;4;"NÃO ELEITO"
"13/11/2024";"10:56:11";2018;2;"Eleição Ordinária";1;295;"ELEIÇÃO GERAL FEDERAL 2018";"07/10/2018";"F";"RO";"BR";"BRASIL";566;"URUPÁ";18;1;"Presidente";280000601016;50;"GUILHERME CASTRO BOULOS";"GUILHERME BOULOS";"#NULO#";12;"APTO";2;"DEFERIDO";-3;"#NE";-3;"#NE";-3;"#NE";"COLIGAÇÃO";50;"PSOL";"Partido Socialismo e Liberdade";-1;"#NULO#";"#NULO#";"#NULO#";280000050035;"VAMOS SEM MEDO DE MUDAR O BRASIL";"PSOL / PCB";"N";35;"Válido";35;4;"NÃO ELEITO"
"13/11/2024";"10:56:11";2018;2;"Eleição Ordinária";1;295;"ELEIÇÃO GERAL FEDERAL 2018";"07/10/2018";"F";"RO";"BR";"BRASIL";752;"TEIXEIRÓPOLIS";13;1;"Presidente";280000618462;19;"ALVARO FERNANDES DIAS";"ALVARO DIAS";"#NULO#";12;"APTO";2;"DEFERIDO";-3;"#NE";-3;"#NE";-3;"#NE";"COLIGAÇÃO";19;"PODE";"Podemos";-1;"#NULO#";"#NULO#";"#NULO#";280000050478;"MUDANÇA DE VERDADE";"PODE / PRP / PSC / PTC";"N";28;"Válido";28;4;"NÃO ELEITO"
"13/11/2024";"10:56:11";2018;2;"Eleição Ordinária";1;295;"ELEIÇÃO GERAL FEDERAL 2018";"07/10/2018";"F";"RO";"BR";"BRASIL";191;"PRESIDENTE MÉDICI";3;1;"Presidente";280000605589;12;"CIRO FERREIRA GOMES";"CIRO GOMES";"#NULO#";12;"APTO";2;"DEFERIDO";-3;"#NE";-3;"#NE";-3;"#NE";"COLIGAÇÃO";12;"PDT";"Partido Democrático Trabalhista";-1;"#NULO#";"#NULO#";"#NULO#";280000050163;"BRASIL SOBERANO";"PDT / AVANTE";"N";569;"Válido";569;4;"NÃO ELEITO"
"13/11/2024";"10:56:11";2018;2;"Eleição Ordinária";1;295;"ELEIÇÃO GERAL FEDERAL 2018";"07/10/2018";"F";"RO";"BR";"BRASIL";299;"ROLIM DE MOURA";29;1;"Presidente";280000605589;12;"CIRO FERREIRA GOMES";"CIRO GOMES";"#NULO#";12;"APTO";2;"DEFERIDO";-3;"#NE";-3;"#NE";-3;"#NE";"COLIGAÇÃO";12;"PDT";"Partido Democrático Trabalhista";-1;"#NULO#";"#NULO#";"#NULO#";280000050163;"BRASIL SOBERANO";"PDT / AVANTE";"N";1502;"Válido";1502;4;"NÃO ELEITO"
"13/11/2024";"10:56:11";2018;2;"Eleição Ordinária";1;295;"ELEIÇÃO GERAL FEDERAL 2018";"07/10/2018";"F";"RO";"BR";"BRASIL";582;"SERINGUEIRAS";35;1;"Presidente";280000618462;19;"ALVARO FERNANDES DIAS";"ALVARO DIAS";"#NULO#";12;"APTO";2;"DEFERIDO";-3;"#NE";-3;"#NE";-3;"#NE";"COLIGAÇÃO";19;"PODE";"Podemos";-1;"#NULO#";"#NULO#";"#NULO#";280000050478;"MUDANÇA DE VERDADE";"PODE / PRP / PSC / PTC";"N";74;"Válido";74;4;"NÃO ELEITO"
"13/11/2024";"10:56:11";2018;2;"Eleição Ordinária";1;295;"ELEIÇÃO GERAL FEDERAL 2018";"07/10/2018";"F";"RO";"BR";"BRASIL";418;"SÃO MIGUEL DO GUAPORÉ";35;1;"Presidente";280000602477;45;"GERALDO JOSÉ RODRIGUES ALCKMIN FILHO";"GERALDO ALCKMIN";"#NULO#";12;"APTO";2;"DEFERIDO";-3;"#NE";-3;"#NE";-3;"#NE";"COLIGAÇÃO";45;"PSDB";"Partido da Social Democracia Brasileira";-1;"#NULO#";"#NULO#";"#NULO#";280000050070;"PARA UNIR O BRASIL";"PSDB / PTB / PP / PR / DEM / SOLIDARIEDADE / PPS / PRB / PSD";"N";793;"Válido";793;4;"NÃO ELEITO"
"13/11/2024";"10:56:11";2018;2;"Eleição Ordinária";1;295;"ELEIÇÃO GERAL FEDERAL 2018";"07/10/2018";"F";"RO";"BR";"BRASIL";337;"ALVORADA DO OESTE";18;1;"Presidente";280000601016;50;"GUILHERME CASTRO BOULOS";"GUILHERME BOULOS";"#NULO#";12;"APTO";2;"DEFERIDO";-3;"#NE";-3;"#NE";-3;"#NE";"COLIGAÇÃO";50;"PSOL";"Partido Socialismo e Liberdade";-1;"#NULO#";"#NULO#";"#NULO#";280000050035;"VAMOS SEM MEDO DE MUDAR O BRASIL";"PSOL / PCB";"N";47;"Válido";47;4;"NÃO ELEITO"
"13/11/2024";"10:56:11";2018;2;"Eleição Ordinária";1;295;"ELEIÇÃO GERAL FEDERAL 2018";"07/10/2018";"F";"RO";"BR";"BRASIL";787;"PIMENTEIRAS DO OESTE";16;1;"Presidente";280000618462;19;"ALVARO FERNANDES DIAS";"ALVARO DIAS";"#NULO#";12;"APTO";2;"DEFERIDO";-3;"#NE";-3;"#NE";-3;"#NE";"COLIGAÇÃO";19;"PODE";"Podemos";-1;"#NULO#";"#NULO#";"#NULO#";280000050478;"MUDANÇA DE VERDADE";"PODE / PRP / PSC / PTC";"N";22;"Válido";22;4;"NÃO ELEITO"
"13/11/2024";"10:56:11";2018;2;"Eleição Ordinária";1;295;"ELEIÇÃO GERAL FEDERAL 2018";"07/10/2018";"F";"RO";"BR";"BRASIL";493;"ITAPUÃ DO OESTE";2;1;"Presidente";280000618462;19;"ALVARO FERNANDES DIAS";"ALVARO DIAS";"#NULO#";12;"APTO";2;"DEFERIDO";-3;"#NE";-3;"#NE";-3;"#NE";"COLIGAÇÃO";19;"PODE";"Podemos";-1;"#NULO#";"#NULO#";"#NULO#";280000050478;"MUDANÇA DE VERDADE";"PODE / PRP / PSC / PTC";"N";38;"Válido";38;4;"NÃO ELEITO"
"13/11/2024";"10:56:11";2018;2;"Eleição Ordinária";2;296;"ELEIÇÃO GERAL FEDERAL 2018";"28/10/2018";"F";"RO";"BR";"BRASIL";19;"GUAJARÁ-MIRIM";1;1;"Presidente";280000629808;13;"FERNANDO HADDAD";"FERNANDO HADDAD";"#NULO#";12;"APTO";2;"DEFERIDO";-3;"#NE";-3;"#NE";-3;"#NE";"COLIGAÇÃO";13;"PT";"Partido dos Trabalhadores";-1;"#NULO#";"#NULO#";"#NULO#";280000050703;"O POVO FELIZ DE NOVO";"PT / PC do B / PROS";"N";5844;"Válido";5844;4;"NÃO ELEITO"
"13/11/2024";"10:56:11";2018;2;"Eleição Ordinária";2;296;"ELEIÇÃO GERAL FEDERAL 2018";"28/10/2018";"F";"RO";"BR";"BRASIL";299;"ROLIM DE MOURA";29;1;"Presidente";280000629808;13;"FERNANDO HADDAD";"FERNANDO HADDAD";"#NULO#";12;"APTO";2;"DEFERIDO";-3;"#NE";-3;"#NE";-3;"#NE";"COLIGAÇÃO";13;"PT";"Partido dos Trabalhadores";-1;"#NULO#";"#NULO#";"#NULO#";280000050703;"O POVO FELIZ DE NOVO";"PT / PC do B / PROS";"N";6779;"Válido";6779;4;"NÃO ELEITO"
"13/11/2024";"10:56:11";2018;2;"Eleição Ordinária";1;295;"ELEIÇÃO GERAL FEDERAL 2018";"07/10/2018";"F";"RO";"BR";"BRASIL";558;"VALE DO PARAÍSO";28;1;"Presidente";280000622171;18;"MARIA OSMARINA MARINA DA SILVA VAZ DE LIMA";"MARINA SILVA";"#NULO#";12;"APTO";2;"DEFERIDO";-3;"#NE";-3;"#NE";-3;"#NE";"COLIGAÇÃO";18;"REDE";"Rede Sustentabilidade";-1;"#NULO#";"#NULO#";"#NULO#";280000050589;"UNIDOS PARA TRANSFORMAR O BRASIL";"REDE / PV";"N";17;"Válido";17;4;"NÃO ELEITO"
"13/11/2024";"10:56:11";2018;2;"Eleição Ordinária";1;295;"ELEIÇÃO GERAL FEDERAL 2018";"07/10/2018";"F";"RO";"BR";"BRASIL";256;"ESPIGÃO DO OESTE";12;1;"Presidente";280000601016;50;"GUILHERME CASTRO BOULOS";"GUILHERME BOULOS";"#NULO#";12;"APTO";2;"DEFERIDO";-3;"#NE";-3;"#NE";-3;"#NE";"COLIGAÇÃO";50;"PSOL";"Partido Socialismo e Liberdade";-1;"#NULO#";"#NULO#";"#NULO#";280000050035;"VAMOS SEM MEDO DE MUDAR O BRASIL";"PSOL / PCB";"N";77;"Válido";77;4;"NÃO ELEITO"
"13/11/2024";"10:56:11";2018;2;"Eleição Ordinária";1;295;"ELEIÇÃO GERAL FEDERAL 2018";"07/10/2018";"F";"RO";"BR";"BRASIL";558;"VALE DO PARAÍSO";28;1;"Presidente";280000607640;30;"JOÃO DIONISIO FILGUEIRA BARRETO AMOEDO";"JOÃO AMOÊDO";"#NULO#";12;"APTO";2;"DEFERIDO";-3;"#NE";-3;"#NE";-3;"#NE";"PARTIDO ISOLADO";30;"NOVO";"Partido Novo";-1;"#NULO#";"#NULO#";"#NULO#";280000050199;"PARTIDO ISOLADO";"NOVO";"N";20;"Válido";20;4;"NÃO ELEITO"
"13/11/2024";"10:56:11";2018;2;"Eleição Ordinária";1;295;"ELEIÇÃO GERAL FEDERAL 2018";"07/10/2018";"F";"RO";"BR";"BRASIL";728;"PRIMAVERA DE RONDÔNIA";9;1;"Presidente";280000607640;30;"JOÃO DIONISIO FILGUEIRA BARRETO AMOEDO";"JOÃO AMOÊDO";"#NULO#";12;"APTO";2;"DEFERIDO";-3;"#NE";-3;"#NE";-3;"#NE";"PARTIDO ISOLADO";30;"NOVO";"Partido Novo";-1;"#NULO#";"#NULO#";"#NULO#";280000050199;"PARTIDO ISOLADO";"NOVO";"N";47;"Válido";47;4;"NÃO ELEITO"
"13/11/2024";"10:56:11";2018;2;"Eleição Ordinária";1;295;"ELEIÇÃO GERAL FEDERAL 2018";"07/10/2018";"F";"RO";"BR";"BRASIL";353;"SANTA LUZIA D OESTE";19;1;"Presidente";280000605589;12;"CIRO FERREIRA GOMES";"CIRO GOMES";"#NULO#";12;"APTO";2;"DEFERIDO";-3;"#NE";-3;"#NE";-3;"#NE";"COLIGAÇÃO";12;"PDT";"Partido Democrático Trabalhista";-1;"#NULO#";"#NULO#";"#NULO#";280000050163;"BRASIL SOBERANO";"PDT / AVANTE";"N";268;"Válido";268;4;"NÃO ELEITO"
"13/11/2024";"10:56:11";2018;2;"Eleição Ordinária";1;295;"ELEIÇÃO GERAL FEDERAL 2018";"07/10/2018";"F";"RO";"BR";"BRASIL";310;"ALTA FLORESTA D OESTE";17;1;"Presidente";280000607640;30;"JOÃO DIONISIO FILGUEIRA BARRETO AMOEDO";"JOÃO AMOÊDO";"#NULO#";12;"APTO";2;"DEFERIDO";-3;"#NE";-3;"#NE";-3;"#NE";"PARTIDO ISOLADO";30;"NOVO";"Partido Novo";-1;"#NULO#";"#NULO#";"#NULO#";280000050199;"PARTIDO ISOLADO";"NOVO";"N";185;"Válido";185;4;"NÃO ELEITO"
"13/11/2024";"10:56:11";2018;2;"Eleição Ordinária";2;296;"ELEIÇÃO GERAL FEDERAL 2018";"28/10/2018";"F";"RO";"BR";"BRASIL";353;"SANTA LUZIA D OESTE";19;1;"Presidente";280000629808;13;"FERNANDO HADDAD";"FERNANDO HADDAD";"#NULO#";12;"APTO";2;"DEFERIDO";-3;"#NE";-3;"#NE";-3;"#NE";"COLIGAÇÃO";13;"PT";"Partido dos Trabalhadores";-1;"#NULO#";"#NULO#";"#NULO#";280000050703;"O POVO FELIZ DE NOVO";"PT / PC do B / PROS";"N";1632;"Válido";1632;4;"NÃO ELEITO"
"13/11/2024";"10:56:11";2018;2;"Eleição Ordinária";1;295;"ELEIÇÃO GERAL FEDERAL 2018";"07/10/2018";"F";"RO";"BR";"BRASIL";493;"ITAPUÃ DO OESTE";2;1;"Presidente";280000602477;45;"GERALDO JOSÉ RODRIGUES ALCKMIN FILHO";"GERALDO ALCKMIN";"#NULO#";12;"APTO";2;"DEFERIDO";-3;"#NE";-3;"#NE";-3;"#NE";"COLIGAÇÃO";45;"PSDB";"Partido da Social Democracia Brasileira";-1;"#NULO#";"#NULO#";"#NULO#";280000050070;"PARA UNIR O BRASIL";"PSDB / PTB / PP / PR / DEM / SOLIDARIEDADE / PPS / PRB / PSD";"N";190;"Válido";190;4;"NÃO ELEITO"
"13/11/2024";"10:56:11";2018;2;"Eleição Ordinária";1;295;"ELEIÇÃO GERAL FEDERAL 2018";"07/10/2018";"F";"RO";"BR";"BRASIL";272;"CEREJEIRAS";16;1;"Presidente";280000602477;45;"GERALDO JOSÉ RODRIGUES ALCKMIN FILHO";"GERALDO ALCKMIN";"#NULO#";12;"APTO";2;"DEFERIDO";-3;"#NE";-3;"#NE";-3;"#NE";"COLIGAÇÃO";45;"PSDB";"Partido da Social Democracia Brasileira";-1;"#NULO#";"#NULO#";"#NULO#";280000050070;"PARA UNIR O BRASIL";"PSDB / PTB / PP / PR / DEM / SOLIDARIEDADE / PPS / PRB / PSD";"N";500;"Válido";500;4;"NÃO ELEITO"
"13/11/2024";"10:56:11";2018;2;"Eleição Ordinária";1;295;"ELEIÇÃO GERAL FEDERAL 2018";"07/10/2018";"F";"RO";"BR";"BRASIL";744;"NOVA UNIÃO";28;1;"Presidente";280000602477;45;"GERALDO JOSÉ RODRIGUES ALCKMIN FILHO";"GERALDO ALCKMIN";"#NULO#";12;"APTO";2;"DEFERIDO";-3;"#NE";-3;"#NE";-3;"#NE";"COLIGAÇÃO";45;"PSDB";"Partido da Social Democracia Brasileira";-1;"#NULO#";"#NULO#";"#NULO#";280000050070;"PARA UNIR O BRASIL";"PSDB / PTB / PP / PR / DEM / SOLIDARIEDADE / PPS / PRB / PSD";"N";216;"Válido";216;4;"NÃO ELEITO"
"13/11/2024";"10:56:11";2018;2;"Eleição Ordinária";1;295;"ELEIÇÃO GERAL FEDERAL 2018";"07/10/2018";"F";"RO";"BR";"BRASIL";175;"OURO PRETO DO OESTE";13;1;"Presidente";280000622281;15;"HENRIQUE DE CAMPOS MEIRELLES";"HENRIQUE MEIRELLES";"#NULO#";12;"APTO";2;"DEFERIDO";-3;"#NE";-3;"#NE";-3;"#NE";"COLIGAÇÃO";15;"MDB";"Movimento Democrático Brasileiro";-1;"#NULO#";"#NULO#";"#NULO#";280000050592;"ESSA É A SOLUÇÃO";"MDB / PHS";"N";228;"Válido";228;4;"NÃO ELEITO"
"13/11/2024";"10:56:11";2018;2;"Eleição Ordinária";1;295;"ELEIÇÃO GERAL FEDERAL 2018";"07/10/2018";"F";"RO";"BR";"BRASIL";310;"ALTA FLORESTA D OESTE";17;1;"Presidente";280000622171;18;"MARIA OSMARINA MARINA DA SILVA VAZ DE LIMA";"MARINA SILVA";"#NULO#";12;"APTO";2;"DEFERIDO";-3;"#NE";-3;"#NE";-3;"#NE";"COLIGAÇÃO";18;"REDE";"Rede Sustentabilidade";-1;"#NULO#";"#NULO#";"#NULO#";280000050589;"UNIDOS PARA TRANSFORMAR O BRASIL";"REDE / PV";"N";55;"Válido";55;4;"NÃO ELEITO"
"13/11/2024";"10:56:11";2018;2;"Eleição Ordinária";1;295;"ELEIÇÃO GERAL FEDERAL 2018";"07/10/2018";"F";"RO";"BR";"BRASIL";434;"NOVA MAMORÉ";1;1;"Presidente";280000602477;45;"GERALDO JOSÉ RODRIGUES ALCKMIN FILHO";"GERALDO ALCKMIN";"#NULO#";12;"APTO";2;"DEFERIDO";-3;"#NE";-3;"#NE";-3;"#NE";"COLIGAÇÃO";45;"PSDB";"Partido da Social Democracia Brasileira";-1;"#NULO#";"#NULO#";"#NULO#";280000050070;"PARA UNIR O BRASIL";"PSDB / PTB / PP / PR / DEM / SOLIDARIEDADE / PPS / PRB / PSD";"N";558;"Válido";558;4;"NÃO ELEITO"
"13/11/2024";"10:56:11";2018;2;"Eleição Ordinária";1;295;"ELEIÇÃO GERAL FEDERAL 2018";"07/10/2018";"F";"RO";"BR";"BRASIL";213;"COSTA MARQUES";5;1;"Presidente";280000622281;15;"HENRIQUE DE CAMPOS MEIRELLES";"HENRIQUE MEIRELLES";"#NULO#";12;"APTO";2;"DEFERIDO";-3;"#NE";-3;"#NE";-3;"#NE";"COLIGAÇÃO";15;"MDB";"Movimento Democrático Brasileiro";-1;"#NULO#";"#NULO#";"#NULO#";280000050592;"ESSA É A SOLUÇÃO";"MDB / PHS";"N";140;"Válido";140;4;"NÃO ELEITO"
"13/11/2024";"10:56:11";2018;2;"Eleição Ordinária";1;295;"ELEIÇÃO GERAL FEDERAL 2018";"07/10/2018";"F";"RO";"BR";"BRASIL";590;"THEOBROMA";27;1;"Presidente";280000622281;15;"HENRIQUE DE CAMPOS MEIRELLES";"HENRIQUE MEIRELLES";"#NULO#";12;"APTO";2;"DEFERIDO";-3;"#NE";-3;"#NE";-3;"#NE";"COLIGAÇÃO";15;"MDB";"Movimento Democrático Brasileiro";-1;"#NULO#";"#NULO#";"#NULO#";280000050592;"ESSA É A SOLUÇÃO";"MDB / PHS";"N";144;"Válido";144;4;"NÃO ELEITO"
"13/11/2024";"10:56:11";2018;2;"Eleição Ordinária";1;295;"ELEIÇÃO GERAL FEDERAL 2018";"07/10/2018";"F";"RO";"BR";"BRASIL";337;"ALVORADA DO OESTE";18;1;"Presidente";280000622281;15;"HENRIQUE DE CAMPOS MEIRELLES";"HENRIQUE MEIRELLES";"#NULO#";12;"APTO";2;"DEFERIDO";-3;"#NE";-3;"#NE";-3;"#NE";"COLIGAÇÃO";15;"MDB";"Movimento Democrático Brasileiro";-1;"#NULO#";"#NULO#";"#NULO#";280000050592;"ESSA É A SOLUÇÃO";"MDB / PHS";"N";157;"Válido";157;4;"NÃO ELEITO"
"13/11/2024";"10:56:11";2018;2;"Eleição Ordinária";1;295;"ELEIÇÃO GERAL FEDERAL 2018";"07/10/2018";"F";"RO";"BR";"BRASIL";19;"GUAJARÁ-MIRIM";1;1;"Presidente";280000607640;30;"JOÃO DIONISIO FILGUEIRA BARRETO AMOEDO";"JOÃO AMOÊDO";"#NULO#";12;"APTO";2;"DEFERIDO";-3;"#NE";-3;"#NE";-3;"#NE";"PARTIDO ISOLADO";30;"NOVO";"Partido Novo";-1;"#NULO#";"#NULO#";"#NULO#";280000050199;"PARTIDO ISOLADO";"NOVO";"N";242;"Válido";242;4;"NÃO ELEITO"
"13/11/2024";"10:56:11";2018;2;"Eleição Ordinária";1;295;"ELEIÇÃO GERAL FEDERAL 2018";"07/10/2018";"F";"RO";"BR";"BRASIL";213;"COSTA MARQUES";5;1;"Presidente";280000601016;50;"GUILHERME CASTRO BOULOS";"GUILHERME BOULOS";"#NULO#";12;"APTO";2;"DEFERIDO";-3;"#NE";-3;"#NE";-3;"#NE";"COLIGAÇÃO";50;"PSOL";"Partido Socialismo e Liberdade";-1;"#NULO#";"#NULO#";"#NULO#";280000050035;"VAMOS SEM MEDO DE MUDAR O BRASIL";"PSOL / PCB";"N";21;"Válido";21;4;"NÃO ELEITO"
"13/11/2024";"10:56:11";2018;2;"Eleição Ordinária";1;295;"ELEIÇÃO GERAL FEDERAL 2018";"07/10/2018";"F";"RO";"BR";"BRASIL";337;"ALVORADA DO OESTE";18;1;"Presidente";280000607640;30;"JOÃO DIONISIO FILGUEIRA BARRETO AMOEDO";"JOÃO AMOÊDO";"#NULO#";12;"APTO";2;"DEFERIDO";-3;"#NE";-3;"#NE";-3;"#NE";"PARTIDO ISOLADO";30;"NOVO";"Partido Novo";-1;"#NULO#";"#NULO#";"#NULO#";280000050199;"PARTIDO ISOLADO";"NOVO";"N";72;"Válido";72;4;"NÃO ELEITO"
"13/11/2024";"10:56:11";2018;2;"Eleição Ordinária";1;295;"ELEIÇÃO GERAL FEDERAL 2018";"07/10/2018";"F";"RO";"BR";"BRASIL";574;"MIRANTE DA SERRA";28;1;"Presidente";280000618462;19;"ALVARO FERNANDES DIAS";"ALVARO DIAS";"#NULO#";12;"APTO";2;"DEFERIDO";-3;"#NE";-3;"#NE";-3;"#NE";"COLIGAÇÃO";19;"PODE";"Podemos";-1;"#NULO#";"#NULO#";"#NULO#";280000050478;"MUDANÇA DE VERDADE";"PODE / PRP / PSC / PTC";"N";28;"Válido";28;4;"NÃO ELEITO"
"13/11/2024";"10:56:11";2018;2;"Eleição Ordinária";1;295;"ELEIÇÃO GERAL FEDERAL 2018";"07/10/2018";"F";"RO";"BR";"BRASIL";51;"JI-PARANÁ";3;1;"Presidente";280000602477;45;"GERALDO JOSÉ RODRIGUES ALCKMIN FILHO";"GERALDO ALCKMIN";"#NULO#";12;"APTO";2;"DEFERIDO";-3;"#NE";-3;"#NE";-3;"#NE";"COLIGAÇÃO";45;"PSDB";"Partido da Social Democracia Brasileira";-1;"#NULO#";"#NULO#";"#NULO#";280000050070;"PARA UNIR O BRASIL";"PSDB / PTB / PP / PR / DEM / SOLIDARIEDADE / PPS / PRB / PSD";"N";737;"Válido";737;4;"NÃO ELEITO"
"13/11/2024";"10:56:11";2018;2;"Eleição Ordinária";1;295;"ELEIÇÃO GERAL FEDERAL 2018";"07/10/2018";"F";"RO";"BR";"BRASIL";787;"PIMENTEIRAS DO OESTE";16;1;"Presidente";280000602477;45;"GERALDO JOSÉ RODRIGUES ALCKMIN FILHO";"GERALDO ALCKMIN";"#NULO#";12;"APTO";2;"DEFERIDO";-3;"#NE";-3;"#NE";-3;"#NE";"COLIGAÇÃO";45;"PSDB";"Partido da Social Democracia Brasileira";-1;"#NULO#";"#NULO#";"#NULO#";280000050070;"PARA UNIR O BRASIL";"PSDB / PTB / PP / PR / DEM / SOLIDARIEDADE / PPS / PRB / PSD";"N";86;"Válido";86;4;"NÃO ELEITO"
"13/11/2024";"10:56:11";2018;2;"Eleição Ordinária";1;295;"ELEIÇÃO GERAL FEDERAL 2018";"07/10/2018";"F";"RO";"BR";"BRASIL";671;"CAMPO NOVO DE RONDÔNIA";34;1;"Presidente";280000618462;19;"ALVARO FERNANDES DIAS";"ALVARO DIAS";"#NULO#";12;"APTO";2;"DEFERIDO";-3;"#NE";-3;"#NE";-3;"#NE";"COLIGAÇÃO";19;"PODE";"Podemos";-1;"#NULO#";"#NULO#";"#NULO#";280000050478;"MUDANÇA DE VERDADE";"PODE / PRP / PSC / PTC";"N";82;"Válido";82;4;"NÃO ELEITO"
"13/11/2024";"10:56:11";2018;2;"Eleição Ordinária";1;295;"ELEIÇÃO GERAL FEDERAL 2018";"07/10/2018";"F";"RO";"BR";"BRASIL";663;"MONTE NEGRO";25;1;"Presidente";280000605589;12;"CIRO FERREIRA GOMES";"CIRO GOMES";"#NULO#";12;"APTO";2;"DEFERIDO";-3;"#NE";-3;"#NE";-3;"#NE";"COLIGAÇÃO";12;"PDT";"Partido Democrático Trabalhista";-1;"#NULO#";"#NULO#";"#NULO#";280000050163;"BRASIL SOBERANO";"PDT / AVANTE";"N";254;"Válido";254;4;"NÃO ELEITO"
"13/11/2024";"10:56:11";2018;2;"Eleição Ordinária";1;295;"ELEIÇÃO GERAL FEDERAL 2018";"07/10/2018";"F";"RO";"BR";"BRASIL";809;"CHUPINGUAIA";8;1;"Presidente";280000622171;18;"MARIA OSMARINA MARINA DA SILVA VAZ DE LIMA";"MARINA SILVA";"#NULO#";12;"APTO";2;"DEFERIDO";-3;"#NE";-3;"#NE";-3;"#NE";"COLIGAÇÃO";18;"REDE";"Rede Sustentabilidade";-1;"#NULO#";"#NULO#";"#NULO#";280000050589;"UNIDOS PARA TRANSFORMAR O BRASIL";"REDE / PV";"N";28;"Válido";28;4;"NÃO ELEITO"
"13/11/2024";"10:56:11";2018;2;"Eleição Ordinária";2;296;"ELEIÇÃO GERAL FEDERAL 2018";"28/10/2018";"F";"RO";"BR";"BRASIL";663;"MONTE NEGRO";25;1;"Presidente";280000629808;13;"FERNANDO HADDAD";"FERNANDO HADDAD";"#NULO#";12;"APTO";2;"DEFERIDO";-3;"#NE";-3;"#NE";-3;"#NE";"COLIGAÇÃO";13;"PT";"Partido dos Trabalhadores";-1;"#NULO#";"#NULO#";"#NULO#";280000050703;"O POVO FELIZ DE NOVO";"PT / PC do B / PROS";"N";1811;"Válido";1811;4;"NÃO ELEITO"
"13/11/2024";"10:56:11";2018;2;"Eleição Ordinária";1;295;"ELEIÇÃO GERAL FEDERAL 2018";"07/10/2018";"F";"RO";"BR";"BRASIL";779;"BURITIS";34;1;"Presidente";280000624085;27;"JOSE MARIA EYMAEL";"EYMAEL";"#NULO#";12;"APTO";2;"DEFERIDO";-3;"#NE";-3;"#NE";-3;"#NE";"PARTIDO ISOLADO";27;"DC";"Democracia Cristã";-1;"#NULO#";"#NULO#";"#NULO#";280000050639;"PARTIDO ISOLADO";"DC";"N";2;"Válido";2;4;"NÃO ELEITO"
"13/11/2024";"10:56:11";2018;2;"Eleição Ordinária";1;295;"ELEIÇÃO GERAL FEDERAL 2018";"07/10/2018";"F";"RO";"BR";"BRASIL";663;"MONTE NEGRO";25;1;"Presidente";280000622281;15;"HENRIQUE DE CAMPOS MEIRELLES";"HENRIQUE MEIRELLES";"#NULO#";12;"APTO";2;"DEFERIDO";-3;"#NE";-3;"#NE";-3;"#NE";"COLIGAÇÃO";15;"MDB";"Movimento Democrático Brasileiro";-1;"#NULO#";"#NULO#";"#NULO#";280000050592;"ESSA É A SOLUÇÃO";"MDB / PHS";"N";169;"Válido";169;4;"NÃO ELEITO"
"13/11/2024";"10:56:11";2018;2;"Eleição Ordinária";1;295;"ELEIÇÃO GERAL FEDERAL 2018";"07/10/2018";"F";"RO";"BR";"BRASIL";299;"ROLIM DE MOURA";29;1;"Presidente";280000622171;18;"MARIA OSMARINA MARINA DA SILVA VAZ DE LIMA";"MARINA SILVA";"#NULO#";12;"APTO";2;"DEFERIDO";-3;"#NE";-3;"#NE";-3;"#NE";"COLIGAÇÃO";18;"REDE";"Rede Sustentabilidade";-1;"#NULO#";"#NULO#";"#NULO#";280000050589;"UNIDOS PARA TRANSFORMAR O BRASIL";"REDE / PV";"N";196;"Válido";196;4;"NÃO ELEITO"
"13/11/2024";"10:56:11";2018;2;"Eleição Ordinária";1;295;"ELEIÇÃO GERAL FEDERAL 2018";"07/10/2018";"F";"RO";"BR";"BRASIL";213;"COSTA MARQUES";5;1;"Presidente";280000607640;30;"JOÃO DIONISIO FILGUEIRA BARRETO AMOEDO";"JOÃO AMOÊDO";"#NULO#";12;"APTO";2;"DEFERIDO";-3;"#NE";-3;"#NE";-3;"#NE";"PARTIDO ISOLADO";30;"NOVO";"Partido Novo";-1;"#NULO#";"#NULO#";"#NULO#";280000050199;"PARTIDO ISOLADO";"NOVO";"N";20;"Válido";20;4;"NÃO ELEITO"
"13/11/2024";"10:56:11";2018;2;"Eleição Ordinária";1;295;"ELEIÇÃO GERAL FEDERAL 2018";"07/10/2018";"F";"RO";"BR";"BRASIL";663;"MONTE NEGRO";25;1;"Presidente";280000607640;30;"JOÃO DIONISIO FILGUEIRA BARRETO AMOEDO";"JOÃO AMOÊDO";"#NULO#";12;"APTO";2;"DEFERIDO";-3;"#NE";-3;"#NE";-3;"#NE";"PARTIDO ISOLADO";30;"NOVO";"Partido Novo";-1;"#NULO#";"#NULO#";"#NULO#";280000050199;"PARTIDO ISOLADO";"NOVO";"N";73;"Válido";73;4;"NÃO ELEITO"
"13/11/2024";"10:56:11";2018;2;"Eleição Ordinária";1;295;"ELEIÇÃO GERAL FEDERAL 2018";"07/10/2018";"F";"RO";"BR";"BRASIL";779;"BURITIS";34;1;"Presidente";280000618462;19;"ALVARO FERNANDES DIAS";"ALVARO DIAS";"#NULO#";12;"APTO";2;"DEFERIDO";-3;"#NE";-3;"#NE";-3;"#NE";"COLIGAÇÃO";19;"PODE";"Podemos";-1;"#NULO#";"#NULO#";"#NULO#";280000050478;"MUDANÇA DE VERDADE";"PODE / PRP / PSC / PTC";"N";101;"Válido";101;4;"NÃO ELEITO"
"13/11/2024";"10:56:11";2018;2;"Eleição Ordinária";2;296;"ELEIÇÃO GERAL FEDERAL 2018";"28/10/2018";"F";"RO";"BR";"BRASIL";213;"COSTA MARQUES";5;1;"Presidente";280000629808;13;"FERNANDO HADDAD";"FERNANDO HADDAD";"#NULO#";12;"APTO";2;"DEFERIDO";-3;"#NE";-3;"#NE";-3;"#NE";"COLIGAÇÃO";13;"PT";"Partido dos Trabalhadores";-1;"#NULO#";"#NULO#";"#NULO#";280000050703;"O POVO FELIZ DE NOVO";"PT / PC do B / PROS";"N";2329;"Válido";2329;4;"NÃO ELEITO"
"13/11/2024";"10:56:11";2018;2;"Eleição Ordinária";1;295;"ELEIÇÃO GERAL FEDERAL 2018";"07/10/2018";"F";"RO";"BR";"BRASIL";51;"JI-PARANÁ";3;1;"Presidente";280000624082;54;"JOÃO VICENTE FONTELLA GOULART";"JOÃO GOULART FILHO";"#NULO#";12;"APTO";2;"DEFERIDO";-3;"#NE";-3;"#NE";-3;"#NE";"PARTIDO ISOLADO";54;"PPL";"Partido Pátria Livre";-1;"#NULO#";"#NULO#";"#NULO#";280000050638;"PARTIDO ISOLADO";"PPL";"N";2;"Válido";2;4;"NÃO ELEITO"
"13/11/2024";"10:56:11";2018;2;"Eleição Ordinária";1;295;"ELEIÇÃO GERAL FEDERAL 2018";"07/10/2018";"F";"RO";"BR";"BRASIL";272;"CEREJEIRAS";16;1;"Presidente";280000624082;54;"JOÃO VICENTE FONTELLA GOULART";"JOÃO GOULART FILHO";"#NULO#";12;"APTO";2;"DEFERIDO";-3;"#NE";-3;"#NE";-3;"#NE";"PARTIDO ISOLADO";54;"PPL";"Partido Pátria Livre";-1;"#NULO#";"#NULO#";"#NULO#";280000050638;"PARTIDO ISOLADO";"PPL";"N";2;"Válido";2;4;"NÃO ELEITO"
"13/11/2024";"10:56:11";2018;2;"Eleição Ordinária";1;295;"ELEIÇÃO GERAL FEDERAL 2018";"07/10/2018";"F";"RO";"BR";"BRASIL";744;"NOVA UNIÃO";28;1;"Presidente";280000624082;54;"JOÃO VICENTE FONTELLA GOULART";"JOÃO GOULART FILHO";"#NULO#";12;"APTO";2;"DEFERIDO";-3;"#NE";-3;"#NE";-3;"#NE";"PARTIDO ISOLADO";54;"PPL";"Partido Pátria Livre";-1;"#NULO#";"#NULO#";"#NULO#";280000050638;"PARTIDO ISOLADO";"PPL";"N";2;"Válido";2;4;"NÃO ELEITO"
"13/11/2024";"10:56:11";2018;2;"Eleição Ordinária";1;295;"ELEIÇÃO GERAL FEDERAL 2018";"07/10/2018";"F";"RO";"BR";"BRASIL";299;"ROLIM DE MOURA";29;1;"Presidente";280000622281;15;"HENRIQUE DE CAMPOS MEIRELLES";"HENRIQUE MEIRELLES";"#NULO#";12;"APTO";2;"DEFERIDO";-3;"#NE";-3;"#NE";-3;"#NE";"COLIGAÇÃO";15;"MDB";"Movimento Democrático Brasileiro";-1;"#NULO#";"#NULO#";"#NULO#";280000050592;"ESSA É A SOLUÇÃO";"MDB / PHS";"N";420;"Válido";420;4;"NÃO ELEITO"
"13/11/2024";"10:56:11";2018;2;"Eleição Ordinária";1;295;"ELEIÇÃO GERAL FEDERAL 2018";"07/10/2018";"F";"RO";"BR";"BRASIL";337;"ALVORADA DO OESTE";18;1;"Presidente";280000622171;18;"MARIA OSMARINA MARINA DA SILVA VAZ DE LIMA";"MARINA SILVA";"#NULO#";12;"APTO";2;"DEFERIDO";-3;"#NE";-3;"#NE";-3;"#NE";"COLIGAÇÃO";18;"REDE";"Rede Sustentabilidade";-1;"#NULO#";"#NULO#";"#NULO#";280000050589;"UNIDOS PARA TRANSFORMAR O BRASIL";"REDE / PV";"N";35;"Válido";35;4;"NÃO ELEITO"
"13/11/2024";"10:56:11";2018;2;"Eleição Ordinária";1;295;"ELEIÇÃO GERAL FEDERAL 2018";"07/10/2018";"F";"RO";"BR";"BRASIL";191;"PRESIDENTE MÉDICI";3;1;"Presidente";280000601016;50;"GUILHERME CASTRO BOULOS";"GUILHERME BOULOS";"#NULO#";12;"APTO";2;"DEFERIDO";-3;"#NE";-3;"#NE";-3;"#NE";"COLIGAÇÃO";50;"PSOL";"Partido Socialismo e Liberdade";-1;"#NULO#";"#NULO#";"#NULO#";280000050035;"VAMOS SEM MEDO DE MUDAR O BRASIL";"PSOL / PCB";"N";61;"Válido";61;4;"NÃO ELEITO"
"13/11/2024";"10:56:11";2018;2;"Eleição Ordinária";1;295;"ELEIÇÃO GERAL FEDERAL 2018";"07/10/2018";"F";"RO";"BR";"BRASIL";19;"GUAJARÁ-MIRIM";1;1;"Presidente";280000622281;15;"HENRIQUE DE CAMPOS MEIRELLES";"HENRIQUE MEIRELLES";"#NULO#";12;"APTO";2;"DEFERIDO";-3;"#NE";-3;"#NE";-3;"#NE";"COLIGAÇÃO";15;"MDB";"Movimento Democrático Brasileiro";-1;"#NULO#";"#NULO#";"#NULO#";280000050592;"ESSA É A SOLUÇÃO";"MDB / PHS";"N";340;"Válido";340;4;"NÃO ELEITO"
"13/11/2024";"10:56:11";2018;2;"Eleição Ordinária";1;295;"ELEIÇÃO GERAL FEDERAL 2018";"07/10/2018";"F";"RO";"BR";"BRASIL";213;"COSTA MARQUES";5;1;"Presidente";280000622171;18;"MARIA OSMARINA MARINA DA SILVA VAZ DE LIMA";"MARINA SILVA";"#NULO#";12;"APTO";2;"DEFERIDO";-3;"#NE";-3;"#NE";-3;"#NE";"COLIGAÇÃO";18;"REDE";"Rede Sustentabilidade";-1;"#NULO#";"#NULO#";"#NULO#";280000050589;"UNIDOS PARA TRANSFORMAR O BRASIL";"REDE / PV";"N";10;"Válido";10;4;"NÃO ELEITO"
"13/11/2024";"10:56:11";2018;2;"Eleição Ordinária";1;295;"ELEIÇÃO GERAL FEDERAL 2018";"07/10/2018";"F";"RO";"BR";"BRASIL";256;"ESPIGÃO DO OESTE";12;1;"Presidente";280000622171;18;"MARIA OSMARINA MARINA DA SILVA VAZ DE LIMA";"MARINA SILVA";"#NULO#";12;"APTO";2;"DEFERIDO";-3;"#NE";-3;"#NE";-3;"#NE";"COLIGAÇÃO";18;"REDE";"Rede Sustentabilidade";-1;"#NULO#";"#NULO#";"#NULO#";280000050589;"UNIDOS PARA TRANSFORMAR O BRASIL";"REDE / PV";"N";78;"Válido";78;4;"NÃO ELEITO"
"13/11/2024";"10:56:11";2018;2;"Eleição Ordinária";2;296;"ELEIÇÃO GERAL FEDERAL 2018";"28/10/2018";"F";"RO";"BR";"BRASIL";175;"OURO PRETO DO OESTE";13;1;"Presidente";280000629808;13;"FERNANDO HADDAD";"FERNANDO HADDAD";"#NULO#";12;"APTO";2;"DEFERIDO";-3;"#NE";-3;"#NE";-3;"#NE";"COLIGAÇÃO";13;"PT";"Partido dos Trabalhadores";-1;"#NULO#";"#NULO#";"#NULO#";280000050703;"O POVO FELIZ DE NOVO";"PT / PC do B / PROS";"N";4696;"Válido";4696;4;"NÃO ELEITO"
"13/11/2024";"10:56:11";2018;2;"Eleição Ordinária";1;295;"ELEIÇÃO GERAL FEDERAL 2018";"07/10/2018";"F";"RO";"BR";"BRASIL";434;"NOVA MAMORÉ";1;1;"Presidente";280000624082;54;"JOÃO VICENTE FONTELLA GOULART";"JOÃO GOULART FILHO";"#NULO#";12;"APTO";2;"DEFERIDO";-3;"#NE";-3;"#NE";-3;"#NE";"PARTIDO ISOLADO";54;"PPL";"Partido Pátria Livre";-1;"#NULO#";"#NULO#";"#NULO#";280000050638;"PARTIDO ISOLADO";"PPL";"N";1;"Válido";1;4;"NÃO ELEITO"
"13/11/2024";"10:56:11";2018;2;"Eleição Ordinária";1;295;"ELEIÇÃO GERAL FEDERAL 2018";"07/10/2018";"F";"RO";"BR";"BRASIL";671;"CAMPO NOVO DE RONDÔNIA";34;1;"Presidente";280000624085;27;"JOSE MARIA EYMAEL";"EYMAEL";"#NULO#";12;"APTO";2;"DEFERIDO";-3;"#NE";-3;"#NE";-3;"#NE";"PARTIDO ISOLADO";27;"DC";"Democracia Cristã";-1;"#NULO#";"#NULO#";"#NULO#";280000050639;"PARTIDO ISOLADO";"DC";"N";1;"Válido";1;4;"NÃO ELEITO"
"13/11/2024";"10:56:11";2018;2;"Eleição Ordinária";1;295;"ELEIÇÃO GERAL FEDERAL 2018";"07/10/2018";"F";"RO";"BR";"BRASIL";191;"PRESIDENTE MÉDICI";3;1;"Presidente";280000622281;15;"HENRIQUE DE CAMPOS MEIRELLES";"HENRIQUE MEIRELLES";"#NULO#";12;"APTO";2;"DEFERIDO";-3;"#NE";-3;"#NE";-3;"#NE";"COLIGAÇÃO";15;"MDB";"Movimento Democrático Brasileiro";-1;"#NULO#";"#NULO#";"#NULO#";280000050592;"ESSA É A SOLUÇÃO";"MDB / PHS";"N";152;"Válido";152;4;"NÃO ELEITO"
"13/11/2024";"10:56:11";2018;2;"Eleição Ordinária";1;295;"ELEIÇÃO GERAL FEDERAL 2018";"07/10/2018";"F";"RO";"BR";"BRASIL";19;"GUAJARÁ-MIRIM";1;1;"Presidente";280000601016;50;"GUILHERME CASTRO BOULOS";"GUILHERME BOULOS";"#NULO#";12;"APTO";2;"DEFERIDO";-3;"#NE";-3;"#NE";-3;"#NE";"COLIGAÇÃO";50;"PSOL";"Partido Socialismo e Liberdade";-1;"#NULO#";"#NULO#";"#NULO#";280000050035;"VAMOS SEM MEDO DE MUDAR O BRASIL";"PSOL / PCB";"N";67;"Válido";67;4;"NÃO ELEITO"
"13/11/2024";"10:56:11";2018;2;"Eleição Ordinária";1;295;"ELEIÇÃO GERAL FEDERAL 2018";"07/10/2018";"F";"RO";"BR";"BRASIL";191;"PRESIDENTE MÉDICI";3;1;"Presidente";280000607640;30;"JOÃO DIONISIO FILGUEIRA BARRETO AMOEDO";"JOÃO AMOÊDO";"#NULO#";12;"APTO";2;"DEFERIDO";-3;"#NE";-3;"#NE";-3;"#NE";"PARTIDO ISOLADO";30;"NOVO";"Partido Novo";-1;"#NULO#";"#NULO#";"#NULO#";280000050199;"PARTIDO ISOLADO";"NOVO";"N";151;"Válido";151;4;"NÃO ELEITO"
"13/11/2024";"10:56:11";2018;2;"Eleição Ordinária";1;295;"ELEIÇÃO GERAL FEDERAL 2018";"07/10/2018";"F";"RO";"BR";"BRASIL";51;"JI-PARANÁ";30;1;"Presidente";280000624082;54;"JOÃO VICENTE FONTELLA GOULART";"JOÃO GOULART FILHO";"#NULO#";12;"APTO";2;"DEFERIDO";-3;"#NE";-3;"#NE";-3;"#NE";"PARTIDO ISOLADO";54;"PPL";"Partido Pátria Livre";-1;"#NULO#";"#NULO#";"#NULO#";280000050638;"PARTIDO ISOLADO";"PPL";"N";17;"Válido";17;4;"NÃO ELEITO"
"13/11/2024";"10:56:11";2018;2;"Eleição Ordinária";1;295;"ELEIÇÃO GERAL FEDERAL 2018";"07/10/2018";"F";"RO";"BR";"BRASIL";787;"PIMENTEIRAS DO OESTE";16;1;"Presidente";280000624082;54;"JOÃO VICENTE FONTELLA GOULART";"JOÃO GOULART FILHO";"#NULO#";12;"APTO";2;"DEFERIDO";-3;"#NE";-3;"#NE";-3;"#NE";"PARTIDO ISOLADO";54;"PPL";"Partido Pátria Livre";-1;"#NULO#";"#NULO#";"#NULO#";280000050638;"PARTIDO ISOLADO";"PPL";"N";1;"Válido";1;4;"NÃO ELEITO"
"13/11/2024";"10:56:11";2018;2;"Eleição Ordinária";1;295;"ELEIÇÃO GERAL FEDERAL 2018";"07/10/2018";"F";"RO";"BR";"BRASIL";19;"GUAJARÁ-MIRIM";1;1;"Presidente";280000622171;18;"MARIA OSMARINA MARINA DA SILVA VAZ DE LIMA";"MARINA SILVA";"#NULO#";12;"APTO";2;"DEFERIDO";-3;"#NE";-3;"#NE";-3;"#NE";"COLIGAÇÃO";18;"REDE";"Rede Sustentabilidade";-1;"#NULO#";"#NULO#";"#NULO#";280000050589;"UNIDOS PARA TRANSFORMAR O BRASIL";"REDE / PV";"N";283;"Válido";283;4;"NÃO ELEITO"
"13/11/2024";"10:56:11";2018;2;"Eleição Ordinária";1;295;"ELEIÇÃO GERAL FEDERAL 2018";"07/10/2018";"F";"RO";"BR";"BRASIL";590;"THEOBROMA";27;1;"Presidente";280000622171;18;"MARIA OSMARINA MARINA DA SILVA VAZ DE LIMA";"MARINA SILVA";"#NULO#";12;"APTO";2;"DEFERIDO";-3;"#NE";-3;"#NE";-3;"#NE";"COLIGAÇÃO";18;"REDE";"Rede Sustentabilidade";-1;"#NULO#";"#NULO#";"#NULO#";280000050589;"UNIDOS PARA TRANSFORMAR O BRASIL";"REDE / PV";"N";20;"Válido";20;4;"NÃO ELEITO"
"13/11/2024";"10:56:11";2018;2;"Eleição Ordinária";1;295;"ELEIÇÃO GERAL FEDERAL 2018";"07/10/2018";"F";"RO";"BR";"BRASIL";175;"OURO PRETO DO OESTE";13;1;"Presidente";280000601016;50;"GUILHERME CASTRO BOULOS";"GUILHERME BOULOS";"#NULO#";12;"APTO";2;"DEFERIDO";-3;"#NE";-3;"#NE";-3;"#NE";"COLIGAÇÃO";50;"PSOL";"Partido Socialismo e Liberdade";-1;"#NULO#";"#NULO#";"#NULO#";280000050035;"VAMOS SEM MEDO DE MUDAR O BRASIL";"PSOL / PCB";"N";143;"Válido";143;4;"NÃO ELEITO"
"13/11/2024";"10:56:11";2018;2;"Eleição Ordinária";1;295;"ELEIÇÃO GERAL FEDERAL 2018";"07/10/2018";"F";"RO";"BR";"BRASIL";353;"SANTA LUZIA D OESTE";19;1;"Presidente";280000601016;50;"GUILHERME CASTRO BOULOS";"GUILHERME BOULOS";"#NULO#";12;"APTO";2;"DEFERIDO";-3;"#NE";-3;"#NE";-3;"#NE";"COLIGAÇÃO";50;"PSOL";"Partido Socialismo e Liberdade";-1;"#NULO#";"#NULO#";"#NULO#";280000050035;"VAMOS SEM MEDO DE MUDAR O BRASIL";"PSOL / PCB";"N";21;"Válido";21;4;"NÃO ELEITO"
"13/11/2024";"10:56:11";2018;2;"Eleição Ordinária";1;295;"ELEIÇÃO GERAL FEDERAL 2018";"07/10/2018";"F";"RO";"BR";"BRASIL";574;"MIRANTE DA SERRA";28;1;"Presidente";280000624085;27;"JOSE MARIA EYMAEL";"EYMAEL";"#NULO#";12;"APTO";2;"DEFERIDO";-3;"#NE";-3;"#NE";-3;"#NE";"PARTIDO ISOLADO";27;"DC";"Democracia Cristã";-1;"#NULO#";"#NULO#";"#NULO#";280000050639;"PARTIDO ISOLADO";"DC";"N";4;"Válido";4;4;"NÃO ELEITO"
"13/11/2024";"10:56:11";2018;2;"Eleição Ordinária";1;295;"ELEIÇÃO GERAL FEDERAL 2018";"07/10/2018";"F";"RO";"BR";"BRASIL";191;"PRESIDENTE MÉDICI";3;1;"Presidente";280000622171;18;"MARIA OSMARINA MARINA DA SILVA VAZ DE LIMA";"MARINA SILVA";"#NULO#";12;"APTO";2;"DEFERIDO";-3;"#NE";-3;"#NE";-3;"#NE";"COLIGAÇÃO";18;"REDE";"Rede Sustentabilidade";-1;"#NULO#";"#NULO#";"#NULO#";280000050589;"UNIDOS PARA TRANSFORMAR O BRASIL";"REDE / PV";"N";70;"Válido";70;4;"NÃO ELEITO"
"13/11/2024";"10:56:11";2018;2;"Eleição Ordinária";1;295;"ELEIÇÃO GERAL FEDERAL 2018";"07/10/2018";"F";"RO";"BR";"BRASIL";353;"SANTA LUZIA D OESTE";19;1;"Presidente";280000622171;18;"MARIA OSMARINA MARINA DA SILVA VAZ DE LIMA";"MARINA SILVA";"#NULO#";12;"APTO";2;"DEFERIDO";-3;"#NE";-3;"#NE";-3;"#NE";"COLIGAÇÃO";18;"REDE";"Rede Sustentabilidade";-1;"#NULO#";"#NULO#";"#NULO#";280000050589;"UNIDOS PARA TRANSFORMAR O BRASIL";"REDE / PV";"N";22;"Válido";22;4;"NÃO ELEITO"
"13/11/2024";"10:56:11";2018;2;"Eleição Ordinária";1;295;"ELEIÇÃO GERAL FEDERAL 2018";"07/10/2018";"F";"RO";"BR";"BRASIL";590;"THEOBROMA";27;1;"Presidente";280000601016;50;"GUILHERME CASTRO BOULOS";"GUILHERME BOULOS";"#NULO#";12;"APTO";2;"DEFERIDO";-3;"#NE";-3;"#NE";-3;"#NE";"COLIGAÇÃO";50;"PSOL";"Partido Socialismo e Liberdade";-1;"#NULO#";"#NULO#";"#NULO#";280000050035;"VAMOS SEM MEDO DE MUDAR O BRASIL";"PSOL / PCB";"N";36;"Válido";36;4;"NÃO ELEITO"
"13/11/2024";"10:56:11";2018;2;"Eleição Ordinária";1;295;"ELEIÇÃO GERAL FEDERAL 2018";"07/10/2018";"F";"RO";"BR";"BRASIL";175;"OURO PRETO DO OESTE";13;1;"Presidente";280000607640;30;"JOÃO DIONISIO FILGUEIRA BARRETO AMOEDO";"JOÃO AMOÊDO";"#NULO#";12;"APTO";2;"DEFERIDO";-3;"#NE";-3;"#NE";-3;"#NE";"PARTIDO ISOLADO";30;"NOVO";"Partido Novo";-1;"#NULO#";"#NULO#";"#NULO#";280000050199;"PARTIDO ISOLADO";"NOVO";"N";454;"Válido";454;4;"NÃO ELEITO"
"13/11/2024";"10:56:11";2018;2;"Eleição Ordinária";1;295;"ELEIÇÃO GERAL FEDERAL 2018";"07/10/2018";"F";"RO";"BR";"BRASIL";590;"THEOBROMA";27;1;"Presidente";280000607640;30;"JOÃO DIONISIO FILGUEIRA BARRETO AMOEDO";"JOÃO AMOÊDO";"#NULO#";12;"APTO";2;"DEFERIDO";-3;"#NE";-3;"#NE";-3;"#NE";"PARTIDO ISOLADO";30;"NOVO";"Partido Novo";-1;"#NULO#";"#NULO#";"#NULO#";280000050199;"PARTIDO ISOLADO";"NOVO";"N";19;"Válido";19;4;"NÃO ELEITO"
"13/11/2024";"10:56:11";2018;2;"Eleição Ordinária";1;295;"ELEIÇÃO GERAL FEDERAL 2018";"07/10/2018";"F";"RO";"BR";"BRASIL";353;"SANTA LUZIA D OESTE";19;1;"Presidente";280000622281;15;"HENRIQUE DE CAMPOS MEIRELLES";"HENRIQUE MEIRELLES";"#NULO#";12;"APTO";2;"DEFERIDO";-3;"#NE";-3;"#NE";-3;"#NE";"COLIGAÇÃO";15;"MDB";"Movimento Democrático Brasileiro";-1;"#NULO#";"#NULO#";"#NULO#";280000050592;"ESSA É A SOLUÇÃO";"MDB / PHS";"N";69;"Válido";69;4;"NÃO ELEITO"
"13/11/2024";"10:56:11";2018;2;"Eleição Ordinária";1;295;"ELEIÇÃO GERAL FEDERAL 2018";"07/10/2018";"F";"RO";"BR";"BRASIL";663;"MONTE NEGRO";25;1;"Presidente";280000601016;50;"GUILHERME CASTRO BOULOS";"GUILHERME BOULOS";"#NULO#";12;"APTO";2;"DEFERIDO";-3;"#NE";-3;"#NE";-3;"#NE";"COLIGAÇÃO";50;"PSOL";"Partido Socialismo e Liberdade";-1;"#NULO#";"#NULO#";"#NULO#";280000050035;"VAMOS SEM MEDO DE MUDAR O BRASIL";"PSOL / PCB";"N";45;"Válido";45;4;"NÃO ELEITO"
"13/11/2024";"10:56:11";2018;2;"Eleição Ordinária";1;295;"ELEIÇÃO GERAL FEDERAL 2018";"07/10/2018";"F";"RO";"BR";"BRASIL";353;"SANTA LUZIA D OESTE";19;1;"Presidente";280000607640;30;"JOÃO DIONISIO FILGUEIRA BARRETO AMOEDO";"JOÃO AMOÊDO";"#NULO#";12;"APTO";2;"DEFERIDO";-3;"#NE";-3;"#NE";-3;"#NE";"PARTIDO ISOLADO";30;"NOVO";"Partido Novo";-1;"#NULO#";"#NULO#";"#NULO#";280000050199;"PARTIDO ISOLADO";"NOVO";"N";123;"Válido";123;4;"NÃO ELEITO"
"13/11/2024";"10:56:11";2018;2;"Eleição Ordinária";1;295;"ELEIÇÃO GERAL FEDERAL 2018";"07/10/2018";"F";"RO";"BR";"BRASIL";299;"ROLIM DE MOURA";29;1;"Presidente";280000607640;30;"JOÃO DIONISIO FILGUEIRA BARRETO AMOEDO";"JOÃO AMOÊDO";"#NULO#";12;"APTO";2;"DEFERIDO";-3;"#NE";-3;"#NE";-3;"#NE";"PARTIDO ISOLADO";30;"NOVO";"Partido Novo";-1;"#NULO#";"#NULO#";"#NULO#";280000050199;"PARTIDO ISOLADO";"NOVO";"N";694;"Válido";694;4;"NÃO ELEITO"
"13/11/2024";"10:56:11";2018;2;"Eleição Ordinária";1;295;"ELEIÇÃO GERAL FEDERAL 2018";"07/10/2018";"F";"RO";"BR";"BRASIL";418;"SÃO MIGUEL DO GUAPORÉ";35;1;"Presidente";280000624082;54;"JOÃO VICENTE FONTELLA GOULART";"JOÃO GOULART FILHO";"#NULO#";12;"APTO";2;"DEFERIDO";-3;"#NE";-3;"#NE";-3;"#NE";"PARTIDO ISOLADO";54;"PPL";"Partido Pátria Livre";-1;"#NULO#";"#NULO#";"#NULO#";280000050638;"PARTIDO ISOLADO";"PPL";"N";1;"Válido";1;4;"NÃO ELEITO"
"13/11/2024";"10:56:11";2018;2;"Eleição Ordinária";1;295;"ELEIÇÃO GERAL FEDERAL 2018";"07/10/2018";"F";"RO";"BR";"BRASIL";663;"MONTE NEGRO";25;1;"Presidente";280000622171;18;"MARIA OSMARINA MARINA DA SILVA VAZ DE LIMA";"MARINA SILVA";"#NULO#";12;"APTO";2;"DEFERIDO";-3;"#NE";-3;"#NE";-3;"#NE";"COLIGAÇÃO";18;"REDE";"Rede Sustentabilidade";-1;"#NULO#";"#NULO#";"#NULO#";280000050589;"UNIDOS PARA TRANSFORMAR O BRASIL";"REDE / PV";"N";16;"Válido";16;4;"NÃO ELEITO"
"13/11/2024";"10:56:11";2018;2;"Eleição Ordinária";1;295;"ELEIÇÃO GERAL FEDERAL 2018";"07/10/2018";"F";"RO";"BR";"BRASIL";256;"ESPIGÃO DO OESTE";12;1;"Presidente";280000607640;30;"JOÃO DIONISIO FILGUEIRA BARRETO AMOEDO";"JOÃO AMOÊDO";"#NULO#";12;"APTO";2;"DEFERIDO";-3;"#NE";-3;"#NE";-3;"#NE";"PARTIDO ISOLADO";30;"NOVO";"Partido Novo";-1;"#NULO#";"#NULO#";"#NULO#";280000050199;"PARTIDO ISOLADO";"NOVO";"N";227;"Válido";227;4;"NÃO ELEITO"
"13/11/2024";"10:56:11";2018;2;"Eleição Ordinária";1;295;"ELEIÇÃO GERAL FEDERAL 2018";"07/10/2018";"F";"RO";"BR";"BRASIL";230;"COLORADO DO OESTE";8;1;"Presidente";280000614517;17;"JAIR MESSIAS BOLSONARO";"JAIR BOLSONARO";"#NULO#";12;"APTO";2;"DEFERIDO";-3;"#NE";-3;"#NE";-3;"#NE";"COLIGAÇÃO";17;"PSL";"Partido Social Liberal";-1;"#NULO#";"#NULO#";"#NULO#";280000050386;"BRASIL ACIMA DE TUDO, DEUS ACIMA DE TODOS";"PSL / PRTB";"N";6331;"Válido";6331;6;"2º TURNO"
"13/11/2024";"10:56:11";2018;2;"Eleição Ordinária";1;295;"ELEIÇÃO GERAL FEDERAL 2018";"07/10/2018";"F";"RO";"BR";"BRASIL";159;"JARU";10;1;"Presidente";280000614517;17;"JAIR MESSIAS BOLSONARO";"JAIR BOLSONARO";"#NULO#";12;"APTO";2;"DEFERIDO";-3;"#NE";-3;"#NE";-3;"#NE";"COLIGAÇÃO";17;"PSL";"Partido Social Liberal";-1;"#NULO#";"#NULO#";"#NULO#";280000050386;"BRASIL ACIMA DE TUDO, DEUS ACIMA DE TODOS";"PSL / PRTB";"N";18041;"Válido";18041;6;"2º TURNO"
"13/11/2024";"10:56:11";2018;2;"Eleição Ordinária";1;295;"ELEIÇÃO GERAL FEDERAL 2018";"07/10/2018";"F";"RO";"BR";"BRASIL";299;"ROLIM DE MOURA";29;1;"Presidente";280000601016;50;"GUILHERME CASTRO BOULOS";"GUILHERME BOULOS";"#NULO#";12;"APTO";2;"DEFERIDO";-3;"#NE";-3;"#NE";-3;"#NE";"COLIGAÇÃO";50;"PSOL";"Partido Socialismo e Liberdade";-1;"#NULO#";"#NULO#";"#NULO#";280000050035;"VAMOS SEM MEDO DE MUDAR O BRASIL";"PSOL / PCB";"N";157;"Válido";157;4;"NÃO ELEITO"
"13/11/2024";"10:56:11";2018;2;"Eleição Ordinária";1;295;"ELEIÇÃO GERAL FEDERAL 2018";"07/10/2018";"F";"RO";"BR";"BRASIL";256;"ESPIGÃO DO OESTE";12;1;"Presidente";280000622281;15;"HENRIQUE DE CAMPOS MEIRELLES";"HENRIQUE MEIRELLES";"#NULO#";12;"APTO";2;"DEFERIDO";-3;"#NE";-3;"#NE";-3;"#NE";"COLIGAÇÃO";15;"MDB";"Movimento Democrático Brasileiro";-1;"#NULO#";"#NULO#";"#NULO#";280000050592;"ESSA É A SOLUÇÃO";"MDB / PHS";"N";268;"Válido";268;4;"NÃO ELEITO"
"13/11/2024";"10:56:11";2018;2;"Eleição Ordinária";1;295;"ELEIÇÃO GERAL FEDERAL 2018";"07/10/2018";"F";"RO";"BR";"BRASIL";230;"COLORADO DO OESTE";8;1;"Presidente";280000601173;16;"VERA LUCIA PEREIRA DA SILVA SALGADO";"VERA";"#NULO#";12;"APTO";2;"DEFERIDO";-3;"#NE";-3;"#NE";-3;"#NE";"PARTIDO ISOLADO";16;"PSTU";"Partido Socialista dos Trabalhadores Unificado";-1;"#NULO#";"#NULO#";"#NULO#";280000050040;"PARTIDO ISOLADO";"PSTU";"N";7;"Válido";7;4;"NÃO ELEITO"
"13/11/2024";"10:56:11";2018;2;"Eleição Ordinária";1;295;"ELEIÇÃO GERAL FEDERAL 2018";"07/10/2018";"F";"RO";"BR";"BRASIL";698;"VALE DO ANARI";32;1;"Presidente";280000618462;19;"ALVARO FERNANDES DIAS";"ALVARO DIAS";"#NULO#";12;"APTO";2;"DEFERIDO";-3;"#NE";-3;"#NE";-3;"#NE";"COLIGAÇÃO";19;"PODE";"Podemos";-1;"#NULO#";"#NULO#";"#NULO#";280000050478;"MUDANÇA DE VERDADE";"PODE / PRP / PSC / PTC";"N";50;"Válido";50;4;"NÃO ELEITO"
"13/11/2024";"10:56:11";2018;2;"Eleição Ordinária";1;295;"ELEIÇÃO GERAL FEDERAL 2018";"07/10/2018";"F";"RO";"BR";"BRASIL";159;"JARU";10;1;"Presidente";280000601173;16;"VERA LUCIA PEREIRA DA SILVA SALGADO";"VERA";"#NULO#";12;"APTO";2;"DEFERIDO";-3;"#NE";-3;"#NE";-3;"#NE";"PARTIDO ISOLADO";16;"PSTU";"Partido Socialista dos Trabalhadores Unificado";-1;"#NULO#";"#NULO#";"#NULO#";280000050040;"PARTIDO ISOLADO";"PSTU";"N";13;"Válido";13;4;"NÃO ELEITO"
"13/11/2024";"10:56:11";2018;2;"Eleição Ordinária";1;295;"ELEIÇÃO GERAL FEDERAL 2018";"07/10/2018";"F";"RO";"BR";"BRASIL";531;"CASTANHEIRAS";15;1;"Presidente";280000618462;19;"ALVARO FERNANDES DIAS";"ALVARO DIAS";"#NULO#";12;"APTO";2;"DEFERIDO";-3;"#NE";-3;"#NE";-3;"#NE";"COLIGAÇÃO";19;"PODE";"Podemos";-1;"#NULO#";"#NULO#";"#NULO#";280000050478;"MUDANÇA DE VERDADE";"PODE / PRP / PSC / PTC";"N";34;"Válido";34;4;"NÃO ELEITO"
"13/11/2024";"10:56:11";2018;2;"Eleição Ordinária";1;295;"ELEIÇÃO GERAL FEDERAL 2018";"07/10/2018";"F";"RO";"BR";"BRASIL";175;"OURO PRETO DO OESTE";13;1;"Presidente";280000622171;18;"MARIA OSMARINA MARINA DA SILVA VAZ DE LIMA";"MARINA SILVA";"#NULO#";12;"APTO";2;"DEFERIDO";-3;"#NE";-3;"#NE";-3;"#NE";"COLIGAÇÃO";18;"REDE";"Rede Sustentabilidade";-1;"#NULO#";"#NULO#";"#NULO#";280000050589;"UNIDOS PARA TRANSFORMAR O BRASIL";"REDE / PV";"N";115;"Válido";115;4;"NÃO ELEITO"
"13/11/2024";"10:56:11";2018;2;"Eleição Ordinária";2;296;"ELEIÇÃO GERAL FEDERAL 2018";"28/10/2018";"F";"RO";"BR";"BRASIL";230;"COLORADO DO OESTE";8;1;"Presidente";280000614517;17;"JAIR MESSIAS BOLSONARO";"JAIR BOLSONARO";"#NULO#";12;"APTO";2;"DEFERIDO";-3;"#NE";-3;"#NE";-3;"#NE";"COLIGAÇÃO";17;"PSL";"Partido Social Liberal";-1;"#NULO#";"#NULO#";"#NULO#";280000050386;"BRASIL ACIMA DE TUDO, DEUS ACIMA DE TODOS";"PSL / PRTB";"N";6932;"Válido";6932;1;"ELEITO"
"13/11/2024";"10:56:11";2018;2;"Eleição Ordinária";2;296;"ELEIÇÃO GERAL FEDERAL 2018";"28/10/2018";"F";"RO";"BR";"BRASIL";159;"JARU";10;1;"Presidente";280000614517;17;"JAIR MESSIAS BOLSONARO";"JAIR BOLSONARO";"#NULO#";12;"APTO";2;"DEFERIDO";-3;"#NE";-3;"#NE";-3;"#NE";"COLIGAÇÃO";17;"PSL";"Partido Social Liberal";-1;"#NULO#";"#NULO#";"#NULO#";280000050386;"BRASIL ACIMA DE TUDO, DEUS ACIMA DE TODOS";"PSL / PRTB";"N";19879;"Válido";19879;1;"ELEITO"
"13/11/2024";"10:56:11";2018;2;"Eleição Ordinária";1;295;"ELEIÇÃO GERAL FEDERAL 2018";"07/10/2018";"F";"RO";"BR";"BRASIL";574;"MIRANTE DA SERRA";28;1;"Presidente";280000624082;54;"JOÃO VICENTE FONTELLA GOULART";"JOÃO GOULART FILHO";"#NULO#";12;"APTO";2;"DEFERIDO";-3;"#NE";-3;"#NE";-3;"#NE";"PARTIDO ISOLADO";54;"PPL";"Partido Pátria Livre";-1;"#NULO#";"#NULO#";"#NULO#";280000050638;"PARTIDO ISOLADO";"PPL";"N";2;"Válido";2;4;"NÃO ELEITO"
"13/11/2024";"10:56:11";2018;2;"Eleição Ordinária";1;295;"ELEIÇÃO GERAL FEDERAL 2018";"07/10/2018";"F";"RO";"BR";"BRASIL";779;"BURITIS";34;1;"Presidente";280000624082;54;"JOÃO VICENTE FONTELLA GOULART";"JOÃO GOULART FILHO";"#NULO#";12;"APTO";2;"DEFERIDO";-3;"#NE";-3;"#NE";-3;"#NE";"PARTIDO ISOLADO";54;"PPL";"Partido Pátria Livre";-1;"#NULO#";"#NULO#";"#NULO#";280000050638;"PARTIDO ISOLADO";"PPL";"N";3;"Válido";3;4;"NÃO ELEITO"
"13/11/2024";"10:56:11";2018;2;"Eleição Ordinária";1;295;"ELEIÇÃO GERAL FEDERAL 2018";"07/10/2018";"F";"RO";"BR";"BRASIL";574;"MIRANTE DA SERRA";28;1;"Presidente";280000602477;45;"GERALDO JOSÉ RODRIGUES ALCKMIN FILHO";"GERALDO ALCKMIN";"#NULO#";12;"APTO";2;"DEFERIDO";-3;"#NE";-3;"#NE";-3;"#NE";"COLIGAÇÃO";45;"PSDB";"Partido da Social Democracia Brasileira";-1;"#NULO#";"#NULO#";"#NULO#";280000050070;"PARA UNIR O BRASIL";"PSDB / PTB / PP / PR / DEM / SOLIDARIEDADE / PPS / PRB / PSD";"N";346;"Válido";346;4;"NÃO ELEITO"
"13/11/2024";"10:56:11";2018;2;"Eleição Ordinária";1;295;"ELEIÇÃO GERAL FEDERAL 2018";"07/10/2018";"F";"RO";"BR";"BRASIL";779;"BURITIS";34;1;"Presidente";280000602477;45;"GERALDO JOSÉ RODRIGUES ALCKMIN FILHO";"GERALDO ALCKMIN";"#NULO#";12;"APTO";2;"DEFERIDO";-3;"#NE";-3;"#NE";-3;"#NE";"COLIGAÇÃO";45;"PSDB";"Partido da Social Democracia Brasileira";-1;"#NULO#";"#NULO#";"#NULO#";280000050070;"PARA UNIR O BRASIL";"PSDB / PTB / PP / PR / DEM / SOLIDARIEDADE / PPS / PRB / PSD";"N";651;"Válido";651;4;"NÃO ELEITO"
"13/11/2024";"10:56:11";2018;2;"Eleição Ordinária";1;295;"ELEIÇÃO GERAL FEDERAL 2018";"07/10/2018";"F";"RO";"BR";"BRASIL";230;"COLORADO DO OESTE";8;1;"Presidente";280000602500;51;"BENEVENUTO DACIOLO FONSECA DOS SANTOS";"CABO DACIOLO";"#NULO#";12;"APTO";2;"DEFERIDO";-3;"#NE";-3;"#NE";-3;"#NE";"PARTIDO ISOLADO";51;"PATRI";"Patriota";-1;"#NULO#";"#NULO#";"#NULO#";280000050072;"PARTIDO ISOLADO";"PATRI";"N";62;"Válido";62;4;"NÃO ELEITO"
"13/11/2024";"10:56:11";2018;2;"Eleição Ordinária";1;295;"ELEIÇÃO GERAL FEDERAL 2018";"07/10/2018";"F";"RO";"BR";"BRASIL";159;"JARU";10;1;"Presidente";280000602500;51;"BENEVENUTO DACIOLO FONSECA DOS SANTOS";"CABO DACIOLO";"#NULO#";12;"APTO";2;"DEFERIDO";-3;"#NE";-3;"#NE";-3;"#NE";"PARTIDO ISOLADO";51;"PATRI";"Patriota";-1;"#NULO#";"#NULO#";"#NULO#";280000050072;"PARTIDO ISOLADO";"PATRI";"N";216;"Válido";216;4;"NÃO ELEITO"
"13/11/2024";"10:56:11";2018;2;"Eleição Ordinária";1;295;"ELEIÇÃO GERAL FEDERAL 2018";"07/10/2018";"F";"RO";"BR";"BRASIL";795;"SÃO FRANCISCO DO GUAPORÉ";5;1;"Presidente";280000618462;19;"ALVARO FERNANDES DIAS";"ALVARO DIAS";"#NULO#";12;"APTO";2;"DEFERIDO";-3;"#NE";-3;"#NE";-3;"#NE";"COLIGAÇÃO";19;"PODE";"Podemos";-1;"#NULO#";"#NULO#";"#NULO#";280000050478;"MUDANÇA DE VERDADE";"PODE / PRP / PSC / PTC";"N";64;"Válido";64;4;"NÃO ELEITO"
"13/11/2024";"10:56:11";2018;2;"Eleição Ordinária";1;295;"ELEIÇÃO GERAL FEDERAL 2018";"07/10/2018";"F";"RO";"BR";"BRASIL";78;"ARIQUEMES";7;1;"Presidente";280000614517;17;"JAIR MESSIAS BOLSONARO";"JAIR BOLSONARO";"#NULO#";12;"APTO";2;"DEFERIDO";-3;"#NE";-3;"#NE";-3;"#NE";"COLIGAÇÃO";17;"PSL";"Partido Social Liberal";-1;"#NULO#";"#NULO#";"#NULO#";280000050386;"BRASIL ACIMA DE TUDO, DEUS ACIMA DE TODOS";"PSL / PRTB";"N";34680;"Válido";34680;6;"2º TURNO"
"13/11/2024";"10:56:11";2018;2;"Eleição Ordinária";1;295;"ELEIÇÃO GERAL FEDERAL 2018";"07/10/2018";"F";"RO";"BR";"BRASIL";132;"VILHENA";4;1;"Presidente";280000614517;17;"JAIR MESSIAS BOLSONARO";"JAIR BOLSONARO";"#NULO#";12;"APTO";2;"DEFERIDO";-3;"#NE";-3;"#NE";-3;"#NE";"COLIGAÇÃO";17;"PSL";"Partido Social Liberal";-1;"#NULO#";"#NULO#";"#NULO#";280000050386;"BRASIL ACIMA DE TUDO, DEUS ACIMA DE TODOS";"PSL / PRTB";"N";32982;"Válido";32982;6;"2º TURNO"
"13/11/2024";"10:56:11";2018;2;"Eleição Ordinária";1;295;"ELEIÇÃO GERAL FEDERAL 2018";"07/10/2018";"F";"RO";"BR";"BRASIL";78;"ARIQUEMES";7;1;"Presidente";280000601173;16;"VERA LUCIA PEREIRA DA SILVA SALGADO";"VERA";"#NULO#";12;"APTO";2;"DEFERIDO";-3;"#NE";-3;"#NE";-3;"#NE";"PARTIDO ISOLADO";16;"PSTU";"Partido Socialista dos Trabalhadores Unificado";-1;"#NULO#";"#NULO#";"#NULO#";280000050040;"PARTIDO ISOLADO";"PSTU";"N";21;"Válido";21;4;"NÃO ELEITO"
"13/11/2024";"10:56:11";2018;2;"Eleição Ordinária";1;295;"ELEIÇÃO GERAL FEDERAL 2018";"07/10/2018";"F";"RO";"BR";"BRASIL";132;"VILHENA";4;1;"Presidente";280000601173;16;"VERA LUCIA PEREIRA DA SILVA SALGADO";"VERA";"#NULO#";12;"APTO";2;"DEFERIDO";-3;"#NE";-3;"#NE";-3;"#NE";"PARTIDO ISOLADO";16;"PSTU";"Partido Socialista dos Trabalhadores Unificado";-1;"#NULO#";"#NULO#";"#NULO#";280000050040;"PARTIDO ISOLADO";"PSTU";"N";18;"Válido";18;4;"NÃO ELEITO"
"13/11/2024";"10:56:11";2018;2;"Eleição Ordinária";1;295;"ELEIÇÃO GERAL FEDERAL 2018";"07/10/2018";"F";"RO";"BR";"BRASIL";710;"SÃO FELIPE D OESTE";19;1;"Presidente";280000601173;16;"VERA LUCIA PEREIRA DA SILVA SALGADO";"VERA";"#NULO#";12;"APTO";2;"DEFERIDO";-3;"#NE";-3;"#NE";-3;"#NE";"PARTIDO ISOLADO";16;"PSTU";"Partido Socialista dos Trabalhadores Unificado";-1;"#NULO#";"#NULO#";"#NULO#";280000050040;"PARTIDO ISOLADO";"PSTU";"N";2;"Válido";2;4;"NÃO ELEITO"
"13/11/2024";"10:56:11";2018;2;"Eleição Ordinária";1;295;"ELEIÇÃO GERAL FEDERAL 2018";"07/10/2018";"F";"RO";"BR";"BRASIL";35;"PORTO VELHO";2;1;"Presidente";280000601173;16;"VERA LUCIA PEREIRA DA SILVA SALGADO";"VERA";"#NULO#";12;"APTO";2;"DEFERIDO";-3;"#NE";-3;"#NE";-3;"#NE";"PARTIDO ISOLADO";16;"PSTU";"Partido Socialista dos Trabalhadores Unificado";-1;"#NULO#";"#NULO#";"#NULO#";280000050040;"PARTIDO ISOLADO";"PSTU";"N";68;"Válido";68;4;"NÃO ELEITO"
"13/11/2024";"10:56:11";2018;2;"Eleição Ordinária";1;295;"ELEIÇÃO GERAL FEDERAL 2018";"07/10/2018";"F";"RO";"BR";"BRASIL";35;"PORTO VELHO";6;1;"Presidente";280000601173;16;"VERA LUCIA PEREIRA DA SILVA SALGADO";"VERA";"#NULO#";12;"APTO";2;"DEFERIDO";-3;"#NE";-3;"#NE";-3;"#NE";"PARTIDO ISOLADO";16;"PSTU";"Partido Socialista dos Trabalhadores Unificado";-1;"#NULO#";"#NULO#";"#NULO#";280000050040;"PARTIDO ISOLADO";"PSTU";"N";59;"Válido";59;4;"NÃO ELEITO"
"13/11/2024";"10:56:11";2018;2;"Eleição Ordinária";1;295;"ELEIÇÃO GERAL FEDERAL 2018";"07/10/2018";"F";"RO";"BR";"BRASIL";35;"PORTO VELHO";21;1;"Presidente";280000601173;16;"VERA LUCIA PEREIRA DA SILVA SALGADO";"VERA";"#NULO#";12;"APTO";2;"DEFERIDO";-3;"#NE";-3;"#NE";-3;"#NE";"PARTIDO ISOLADO";16;"PSTU";"Partido Socialista dos Trabalhadores Unificado";-1;"#NULO#";"#NULO#";"#NULO#";280000050040;"PARTIDO ISOLADO";"PSTU";"N";46;"Válido";46;4;"NÃO ELEITO"
"13/11/2024";"10:56:11";2018;2;"Eleição Ordinária";1;295;"ELEIÇÃO GERAL FEDERAL 2018";"07/10/2018";"F";"RO";"BR";"BRASIL";35;"PORTO VELHO";20;1;"Presidente";280000601173;16;"VERA LUCIA PEREIRA DA SILVA SALGADO";"VERA";"#NULO#";12;"APTO";2;"DEFERIDO";-3;"#NE";-3;"#NE";-3;"#NE";"PARTIDO ISOLADO";16;"PSTU";"Partido Socialista dos Trabalhadores Unificado";-1;"#NULO#";"#NULO#";"#NULO#";280000050040;"PARTIDO ISOLADO";"PSTU";"N";65;"Válido";65;4;"NÃO ELEITO"
"13/11/2024";"10:56:11";2018;2;"Eleição Ordinária";1;295;"ELEIÇÃO GERAL FEDERAL 2018";"07/10/2018";"F";"RO";"BR";"BRASIL";736;"ALTO ALEGRE DOS PARECIS";19;1;"Presidente";280000601173;16;"VERA LUCIA PEREIRA DA SILVA SALGADO";"VERA";"#NULO#";12;"APTO";2;"DEFERIDO";-3;"#NE";-3;"#NE";-3;"#NE";"PARTIDO ISOLADO";16;"PSTU";"Partido Socialista dos Trabalhadores Unificado";-1;"#NULO#";"#NULO#";"#NULO#";280000050040;"PARTIDO ISOLADO";"PSTU";"N";2;"Válido";2;4;"NÃO ELEITO"
"13/11/2024";"10:56:11";2018;2;"Eleição Ordinária";1;295;"ELEIÇÃO GERAL FEDERAL 2018";"07/10/2018";"F";"RO";"BR";"BRASIL";299;"ROLIM DE MOURA";29;1;"Presidente";280000624085;27;"JOSE MARIA EYMAEL";"EYMAEL";"#NULO#";12;"APTO";2;"DEFERIDO";-3;"#NE";-3;"#NE";-3;"#NE";"PARTIDO ISOLADO";27;"DC";"Democracia Cristã";-1;"#NULO#";"#NULO#";"#NULO#";280000050639;"PARTIDO ISOLADO";"DC";"N";5;"Válido";5;4;"NÃO ELEITO"
"13/11/2024";"10:56:11";2018;2;"Eleição Ordinária";1;295;"ELEIÇÃO GERAL FEDERAL 2018";"07/10/2018";"F";"RO";"BR";"BRASIL";710;"SÃO FELIPE D OESTE";19;1;"Presidente";280000614517;17;"JAIR MESSIAS BOLSONARO";"JAIR BOLSONARO";"#NULO#";12;"APTO";2;"DEFERIDO";-3;"#NE";-3;"#NE";-3;"#NE";"COLIGAÇÃO";17;"PSL";"Partido Social Liberal";-1;"#NULO#";"#NULO#";"#NULO#";280000050386;"BRASIL ACIMA DE TUDO, DEUS ACIMA DE TODOS";"PSL / PRTB";"N";1942;"Válido";1942;6;"2º TURNO"
"13/11/2024";"10:56:11";2018;2;"Eleição Ordinária";1;295;"ELEIÇÃO GERAL FEDERAL 2018";"07/10/2018";"F";"RO";"BR";"BRASIL";35;"PORTO VELHO";20;1;"Presidente";280000614517;17;"JAIR MESSIAS BOLSONARO";"JAIR BOLSONARO";"#NULO#";12;"APTO";2;"DEFERIDO";-3;"#NE";-3;"#NE";-3;"#NE";"COLIGAÇÃO";17;"PSL";"Partido Social Liberal";-1;"#NULO#";"#NULO#";"#NULO#";280000050386;"BRASIL ACIMA DE TUDO, DEUS ACIMA DE TODOS";"PSL / PRTB";"N";39566;"Válido";39566;6;"2º TURNO"
"13/11/2024";"10:56:11";2018;2;"Eleição Ordinária";1;295;"ELEIÇÃO GERAL FEDERAL 2018";"07/10/2018";"F";"RO";"BR";"BRASIL";35;"PORTO VELHO";21;1;"Presidente";280000614517;17;"JAIR MESSIAS BOLSONARO";"JAIR BOLSONARO";"#NULO#";12;"APTO";2;"DEFERIDO";-3;"#NE";-3;"#NE";-3;"#NE";"COLIGAÇÃO";17;"PSL";"Partido Social Liberal";-1;"#NULO#";"#NULO#";"#NULO#";280000050386;"BRASIL ACIMA DE TUDO, DEUS ACIMA DE TODOS";"PSL / PRTB";"N";24314;"Válido";24314;6;"2º TURNO"
"13/11/2024";"10:56:11";2018;2;"Eleição Ordinária";1;295;"ELEIÇÃO GERAL FEDERAL 2018";"07/10/2018";"F";"RO";"BR";"BRASIL";35;"PORTO VELHO";2;1;"Presidente";280000614517;17;"JAIR MESSIAS BOLSONARO";"JAIR BOLSONARO";"#NULO#";12;"APTO";2;"DEFERIDO";-3;"#NE";-3;"#NE";-3;"#NE";"COLIGAÇÃO";17;"PSL";"Partido Social Liberal";-1;"#NULO#";"#NULO#";"#NULO#";280000050386;"BRASIL ACIMA DE TUDO, DEUS ACIMA DE TODOS";"PSL / PRTB";"N";47101;"Válido";47101;6;"2º TURNO"
"13/11/2024";"10:56:11";2018;2;"Eleição Ordinária";1;295;"ELEIÇÃO GERAL FEDERAL 2018";"07/10/2018";"F";"RO";"BR";"BRASIL";35;"PORTO VELHO";6;1;"Presidente";280000614517;17;"JAIR MESSIAS BOLSONARO";"JAIR BOLSONARO";"#NULO#";12;"APTO";2;"DEFERIDO";-3;"#NE";-3;"#NE";-3;"#NE";"COLIGAÇÃO";17;"PSL";"Partido Social Liberal";-1;"#NULO#";"#NULO#";"#NULO#";280000050386;"BRASIL ACIMA DE TUDO, DEUS ACIMA DE TODOS";"PSL / PRTB";"N";36690;"Válido";36690;6;"2º TURNO"
"13/11/2024";"10:56:11";2018;2;"Eleição Ordinária";1;295;"ELEIÇÃO GERAL FEDERAL 2018";"07/10/2018";"F";"RO";"BR";"BRASIL";736;"ALTO ALEGRE DOS PARECIS";19;1;"Presidente";280000614517;17;"JAIR MESSIAS BOLSONARO";"JAIR BOLSONARO";"#NULO#";12;"APTO";2;"DEFERIDO";-3;"#NE";-3;"#NE";-3;"#NE";"COLIGAÇÃO";17;"PSL";"Partido Social Liberal";-1;"#NULO#";"#NULO#";"#NULO#";280000050386;"BRASIL ACIMA DE TUDO, DEUS ACIMA DE TODOS";"PSL / PRTB";"N";3308;"Válido";3308;6;"2º TURNO"
"13/11/2024";"10:56:11";2018;2;"Eleição Ordinária";1;295;"ELEIÇÃO GERAL FEDERAL 2018";"07/10/2018";"F";"RO";"BR";"BRASIL";337;"ALVORADA DO OESTE";18;1;"Presidente";280000624085;27;"JOSE MARIA EYMAEL";"EYMAEL";"#NULO#";12;"APTO";2;"DEFERIDO";-3;"#NE";-3;"#NE";-3;"#NE";"PARTIDO ISOLADO";27;"DC";"Democracia Cristã";-1;"#NULO#";"#NULO#";"#NULO#";280000050639;"PARTIDO ISOLADO";"DC";"N";1;"Válido";1;4;"NÃO ELEITO"
"13/11/2024";"10:56:11";2018;2;"Eleição Ordinária";1;295;"ELEIÇÃO GERAL FEDERAL 2018";"07/10/2018";"F";"RO";"BR";"BRASIL";396;"MACHADINHO D OESTE";32;1;"Presidente";280000624082;54;"JOÃO VICENTE FONTELLA GOULART";"JOÃO GOULART FILHO";"#NULO#";12;"APTO";2;"DEFERIDO";-3;"#NE";-3;"#NE";-3;"#NE";"PARTIDO ISOLADO";54;"PPL";"Partido Pátria Livre";-1;"#NULO#";"#NULO#";"#NULO#";280000050638;"PARTIDO ISOLADO";"PPL";"N";1;"Válido";1;4;"NÃO ELEITO"
"13/11/2024";"10:56:11";2018;2;"Eleição Ordinária";1;295;"ELEIÇÃO GERAL FEDERAL 2018";"07/10/2018";"F";"RO";"BR";"BRASIL";191;"PRESIDENTE MÉDICI";3;1;"Presidente";280000624085;27;"JOSE MARIA EYMAEL";"EYMAEL";"#NULO#";12;"APTO";2;"DEFERIDO";-3;"#NE";-3;"#NE";-3;"#NE";"PARTIDO ISOLADO";27;"DC";"Democracia Cristã";-1;"#NULO#";"#NULO#";"#NULO#";280000050639;"PARTIDO ISOLADO";"DC";"N";5;"Válido";5;4;"NÃO ELEITO"
"13/11/2024";"10:56:11";2018;2;"Eleição Ordinária";1;295;"ELEIÇÃO GERAL FEDERAL 2018";"07/10/2018";"F";"RO";"BR";"BRASIL";671;"CAMPO NOVO DE RONDÔNIA";34;1;"Presidente";280000602477;45;"GERALDO JOSÉ RODRIGUES ALCKMIN FILHO";"GERALDO ALCKMIN";"#NULO#";12;"APTO";2;"DEFERIDO";-3;"#NE";-3;"#NE";-3;"#NE";"COLIGAÇÃO";45;"PSDB";"Partido da Social Democracia Brasileira";-1;"#NULO#";"#NULO#";"#NULO#";280000050070;"PARA UNIR O BRASIL";"PSDB / PTB / PP / PR / DEM / SOLIDARIEDADE / PPS / PRB / PSD";"N";341;"Válido";341;4;"NÃO ELEITO"
"13/11/2024";"10:56:11";2018;2;"Eleição Ordinária";1;295;"ELEIÇÃO GERAL FEDERAL 2018";"07/10/2018";"F";"RO";"BR";"BRASIL";604;"MINISTRO ANDREAZZA";11;1;"Presidente";280000618462;19;"ALVARO FERNANDES DIAS";"ALVARO DIAS";"#NULO#";12;"APTO";2;"DEFERIDO";-3;"#NE";-3;"#NE";-3;"#NE";"COLIGAÇÃO";19;"PODE";"Podemos";-1;"#NULO#";"#NULO#";"#NULO#";280000050478;"MUDANÇA DE VERDADE";"PODE / PRP / PSC / PTC";"N";49;"Válido";49;4;"NÃO ELEITO"
"13/11/2024";"10:56:11";2018;2;"Eleição Ordinária";1;295;"ELEIÇÃO GERAL FEDERAL 2018";"07/10/2018";"F";"RO";"BR";"BRASIL";590;"THEOBROMA";27;1;"Presidente";280000624085;27;"JOSE MARIA EYMAEL";"EYMAEL";"#NULO#";12;"APTO";2;"DEFERIDO";-3;"#NE";-3;"#NE";-3;"#NE";"PARTIDO ISOLADO";27;"DC";"Democracia Cristã";-1;"#NULO#";"#NULO#";"#NULO#";280000050639;"PARTIDO ISOLADO";"DC";"N";1;"Válido";1;4;"NÃO ELEITO"
"13/11/2024";"10:56:11";2018;2;"Eleição Ordinária";1;295;"ELEIÇÃO GERAL FEDERAL 2018";"07/10/2018";"F";"RO";"BR";"BRASIL";256;"ESPIGÃO DO OESTE";12;1;"Presidente";280000624085;27;"JOSE MARIA EYMAEL";"EYMAEL";"#NULO#";12;"APTO";2;"DEFERIDO";-3;"#NE";-3;"#NE";-3;"#NE";"PARTIDO ISOLADO";27;"DC";"Democracia Cristã";-1;"#NULO#";"#NULO#";"#NULO#";280000050639;"PARTIDO ISOLADO";"DC";"N";1;"Válido";1;4;"NÃO ELEITO"
"13/11/2024";"10:56:11";2018;2;"Eleição Ordinária";2;296;"ELEIÇÃO GERAL FEDERAL 2018";"28/10/2018";"F";"RO";"BR";"BRASIL";78;"ARIQUEMES";7;1;"Presidente";280000614517;17;"JAIR MESSIAS BOLSONARO";"JAIR BOLSONARO";"#NULO#";12;"APTO";2;"DEFERIDO";-3;"#NE";-3;"#NE";-3;"#NE";"COLIGAÇÃO";17;"PSL";"Partido Social Liberal";-1;"#NULO#";"#NULO#";"#NULO#";280000050386;"BRASIL ACIMA DE TUDO, DEUS ACIMA DE TODOS";"PSL / PRTB";"N";37325;"Válido";37325;1;"ELEITO"
"13/11/2024";"10:56:11";2018;2;"Eleição Ordinária";2;296;"ELEIÇÃO GERAL FEDERAL 2018";"28/10/2018";"F";"RO";"BR";"BRASIL";132;"VILHENA";4;1;"Presidente";280000614517;17;"JAIR MESSIAS BOLSONARO";"JAIR BOLSONARO";"#NULO#";12;"APTO";2;"DEFERIDO";-3;"#NE";-3;"#NE";-3;"#NE";"COLIGAÇÃO";17;"PSL";"Partido Social Liberal";-1;"#NULO#";"#NULO#";"#NULO#";280000050386;"BRASIL ACIMA DE TUDO, DEUS ACIMA DE TODOS";"PSL / PRTB";"N";36531;"Válido";36531;1;"ELEITO"
"13/11/2024";"10:56:11";2018;2;"Eleição Ordinária";2;296;"ELEIÇÃO GERAL FEDERAL 2018";"28/10/2018";"F";"RO";"BR";"BRASIL";710;"SÃO FELIPE D OESTE";19;1;"Presidente";280000614517;17;"JAIR MESSIAS BOLSONARO";"JAIR BOLSONARO";"#NULO#";12;"APTO";2;"DEFERIDO";-3;"#NE";-3;"#NE";-3;"#NE";"COLIGAÇÃO";17;"PSL";"Partido Social Liberal";-1;"#NULO#";"#NULO#";"#NULO#";280000050386;"BRASIL ACIMA DE TUDO, DEUS ACIMA DE TODOS";"PSL / PRTB";"N";2282;"Válido";2282;1;"ELEITO"
"13/11/2024";"10:56:11";2018;2;"Eleição Ordinária";2;296;"ELEIÇÃO GERAL FEDERAL 2018";"28/10/2018";"F";"RO";"BR";"BRASIL";35;"PORTO VELHO";20;1;"Presidente";280000614517;17;"JAIR MESSIAS BOLSONARO";"JAIR BOLSONARO";"#NULO#";12;"APTO";2;"DEFERIDO";-3;"#NE";-3;"#NE";-3;"#NE";"COLIGAÇÃO";17;"PSL";"Partido Social Liberal";-1;"#NULO#";"#NULO#";"#NULO#";280000050386;"BRASIL ACIMA DE TUDO, DEUS ACIMA DE TODOS";"PSL / PRTB";"N";44584;"Válido";44584;1;"ELEITO"
"13/11/2024";"10:56:11";2018;2;"Eleição Ordinária";2;296;"ELEIÇÃO GERAL FEDERAL 2018";"28/10/2018";"F";"RO";"BR";"BRASIL";35;"PORTO VELHO";2;1;"Presidente";280000614517;17;"JAIR MESSIAS BOLSONARO";"JAIR BOLSONARO";"#NULO#";12;"APTO";2;"DEFERIDO";-3;"#NE";-3;"#NE";-3;"#NE";"COLIGAÇÃO";17;"PSL";"Partido Social Liberal";-1;"#NULO#";"#NULO#";"#NULO#";280000050386;"BRASIL ACIMA DE TUDO, DEUS ACIMA DE TODOS";"PSL / PRTB";"N";53450;"Válido";53450;1;"ELEITO"
"13/11/2024";"10:56:11";2018;2;"Eleição Ordinária";2;296;"ELEIÇÃO GERAL FEDERAL 2018";"28/10/2018";"F";"RO";"BR";"BRASIL";35;"PORTO VELHO";21;1;"Presidente";280000614517;17;"JAIR MESSIAS BOLSONARO";"JAIR BOLSONARO";"#NULO#";12;"APTO";2;"DEFERIDO";-3;"#NE";-3;"#NE";-3;"#NE";"COLIGAÇÃO";17;"PSL";"Partido Social Liberal";-1;"#NULO#";"#NULO#";"#NULO#";280000050386;"BRASIL ACIMA DE TUDO, DEUS ACIMA DE TODOS";"PSL / PRTB";"N";27418;"Válido";27418;1;"ELEITO"
"13/11/2024";"10:56:11";2018;2;"Eleição Ordinária";2;296;"ELEIÇÃO GERAL FEDERAL 2018";"28/10/2018";"F";"RO";"BR";"BRASIL";35;"PORTO VELHO";6;1;"Presidente";280000614517;17;"JAIR MESSIAS BOLSONARO";"JAIR BOLSONARO";"#NULO#";12;"APTO";2;"DEFERIDO";-3;"#NE";-3;"#NE";-3;"#NE";"COLIGAÇÃO";17;"PSL";"Partido Social Liberal";-1;"#NULO#";"#NULO#";"#NULO#";280000050386;"BRASIL ACIMA DE TUDO, DEUS ACIMA DE TODOS";"PSL / PRTB";"N";40693;"Válido";40693;1;"ELEITO"
"13/11/2024";"10:56:11";2018;2;"Eleição Ordinária";2;296;"ELEIÇÃO GERAL FEDERAL 2018";"28/10/2018";"F";"RO";"BR";"BRASIL";736;"ALTO ALEGRE DOS PARECIS";19;1;"Presidente";280000614517;17;"JAIR MESSIAS BOLSONARO";"JAIR BOLSONARO";"#NULO#";12;"APTO";2;"DEFERIDO";-3;"#NE";-3;"#NE";-3;"#NE";"COLIGAÇÃO";17;"PSL";"Partido Social Liberal";-1;"#NULO#";"#NULO#";"#NULO#";280000050386;"BRASIL ACIMA DE TUDO, DEUS ACIMA DE TODOS";"PSL / PRTB";"N";3790;"Válido";3790;1;"ELEITO"
"13/11/2024";"10:56:11";2018;2;"Eleição Ordinária";1;295;"ELEIÇÃO GERAL FEDERAL 2018";"07/10/2018";"F";"RO";"BR";"BRASIL";639;"ALTO PARAÍSO";25;1;"Presidente";280000614517;17;"JAIR MESSIAS BOLSONARO";"JAIR BOLSONARO";"#NULO#";12;"APTO";2;"DEFERIDO";-3;"#NE";-3;"#NE";-3;"#NE";"COLIGAÇÃO";17;"PSL";"Partido Social Liberal";-1;"#NULO#";"#NULO#";"#NULO#";280000050386;"BRASIL ACIMA DE TUDO, DEUS ACIMA DE TODOS";"PSL / PRTB";"N";5347;"Válido";5347;6;"2º TURNO"
"13/11/2024";"10:56:11";2018;2;"Eleição Ordinária";1;295;"ELEIÇÃO GERAL FEDERAL 2018";"07/10/2018";"F";"RO";"BR";"BRASIL";612;"GOVERNADOR JORGE TEIXEIRA";27;1;"Presidente";280000601173;16;"VERA LUCIA PEREIRA DA SILVA SALGADO";"VERA";"#NULO#";12;"APTO";2;"DEFERIDO";-3;"#NE";-3;"#NE";-3;"#NE";"PARTIDO ISOLADO";16;"PSTU";"Partido Socialista dos Trabalhadores Unificado";-1;"#NULO#";"#NULO#";"#NULO#";280000050040;"PARTIDO ISOLADO";"PSTU";"N";4;"Válido";4;4;"NÃO ELEITO"
"13/11/2024";"10:56:11";2018;2;"Eleição Ordinária";1;295;"ELEIÇÃO GERAL FEDERAL 2018";"07/10/2018";"F";"RO";"BR";"BRASIL";19;"GUAJARÁ-MIRIM";1;1;"Presidente";280000624085;27;"JOSE MARIA EYMAEL";"EYMAEL";"#NULO#";12;"APTO";2;"DEFERIDO";-3;"#NE";-3;"#NE";-3;"#NE";"PARTIDO ISOLADO";27;"DC";"Democracia Cristã";-1;"#NULO#";"#NULO#";"#NULO#";280000050639;"PARTIDO ISOLADO";"DC";"N";5;"Válido";5;4;"NÃO ELEITO"
"13/11/2024";"10:56:11";2018;2;"Eleição Ordinária";1;295;"ELEIÇÃO GERAL FEDERAL 2018";"07/10/2018";"F";"RO";"BR";"BRASIL";396;"MACHADINHO D OESTE";32;1;"Presidente";280000618462;19;"ALVARO FERNANDES DIAS";"ALVARO DIAS";"#NULO#";12;"APTO";2;"DEFERIDO";-3;"#NE";-3;"#NE";-3;"#NE";"COLIGAÇÃO";19;"PODE";"Podemos";-1;"#NULO#";"#NULO#";"#NULO#";280000050478;"MUDANÇA DE VERDADE";"PODE / PRP / PSC / PTC";"N";233;"Válido";233;4;"NÃO ELEITO"
"13/11/2024";"10:56:11";2018;2;"Eleição Ordinária";1;295;"ELEIÇÃO GERAL FEDERAL 2018";"07/10/2018";"F";"RO";"BR";"BRASIL";477;"CANDEIAS DO JAMARI";21;1;"Presidente";280000614517;17;"JAIR MESSIAS BOLSONARO";"JAIR BOLSONARO";"#NULO#";12;"APTO";2;"DEFERIDO";-3;"#NE";-3;"#NE";-3;"#NE";"COLIGAÇÃO";17;"PSL";"Partido Social Liberal";-1;"#NULO#";"#NULO#";"#NULO#";280000050386;"BRASIL ACIMA DE TUDO, DEUS ACIMA DE TODOS";"PSL / PRTB";"N";6539;"Válido";6539;6;"2º TURNO"
"13/11/2024";"10:56:11";2018;2;"Eleição Ordinária";1;295;"ELEIÇÃO GERAL FEDERAL 2018";"07/10/2018";"F";"RO";"BR";"BRASIL";620;"CACAULÂNDIA";26;1;"Presidente";280000614517;17;"JAIR MESSIAS BOLSONARO";"JAIR BOLSONARO";"#NULO#";12;"APTO";2;"DEFERIDO";-3;"#NE";-3;"#NE";-3;"#NE";"COLIGAÇÃO";17;"PSL";"Partido Social Liberal";-1;"#NULO#";"#NULO#";"#NULO#";280000050386;"BRASIL ACIMA DE TUDO, DEUS ACIMA DE TODOS";"PSL / PRTB";"N";1838;"Válido";1838;6;"2º TURNO"
"13/11/2024";"10:56:11";2018;2;"Eleição Ordinária";1;295;"ELEIÇÃO GERAL FEDERAL 2018";"07/10/2018";"F";"RO";"BR";"BRASIL";477;"CANDEIAS DO JAMARI";21;1;"Presidente";280000601173;16;"VERA LUCIA PEREIRA DA SILVA SALGADO";"VERA";"#NULO#";12;"APTO";2;"DEFERIDO";-3;"#NE";-3;"#NE";-3;"#NE";"PARTIDO ISOLADO";16;"PSTU";"Partido Socialista dos Trabalhadores Unificado";-1;"#NULO#";"#NULO#";"#NULO#";280000050040;"PARTIDO ISOLADO";"PSTU";"N";7;"Válido";7;4;"NÃO ELEITO"
"13/11/2024";"10:56:11";2018;2;"Eleição Ordinária";1;295;"ELEIÇÃO GERAL FEDERAL 2018";"07/10/2018";"F";"RO";"BR";"BRASIL";175;"OURO PRETO DO OESTE";13;1;"Presidente";280000624085;27;"JOSE MARIA EYMAEL";"EYMAEL";"#NULO#";12;"APTO";2;"DEFERIDO";-3;"#NE";-3;"#NE";-3;"#NE";"PARTIDO ISOLADO";27;"DC";"Democracia Cristã";-1;"#NULO#";"#NULO#";"#NULO#";280000050639;"PARTIDO ISOLADO";"DC";"N";5;"Válido";5;4;"NÃO ELEITO"
"13/11/2024";"10:56:11";2018;2;"Eleição Ordinária";1;295;"ELEIÇÃO GERAL FEDERAL 2018";"07/10/2018";"F";"RO";"BR";"BRASIL";396;"MACHADINHO D OESTE";32;1;"Presidente";280000624085;27;"JOSE MARIA EYMAEL";"EYMAEL";"#NULO#";12;"APTO";2;"DEFERIDO";-3;"#NE";-3;"#NE";-3;"#NE";"PARTIDO ISOLADO";27;"DC";"Democracia Cristã";-1;"#NULO#";"#NULO#";"#NULO#";280000050639;"PARTIDO ISOLADO";"DC";"N";8;"Válido";8;4;"NÃO ELEITO"
"13/11/2024";"10:56:11";2018;2;"Eleição Ordinária";1;295;"ELEIÇÃO GERAL FEDERAL 2018";"07/10/2018";"F";"RO";"BR";"BRASIL";78;"ARIQUEMES";7;1;"Presidente";280000602500;51;"BENEVENUTO DACIOLO FONSECA DOS SANTOS";"CABO DACIOLO";"#NULO#";12;"APTO";2;"DEFERIDO";-3;"#NE";-3;"#NE";-3;"#NE";"PARTIDO ISOLADO";51;"PATRI";"Patriota";-1;"#NULO#";"#NULO#";"#NULO#";280000050072;"PARTIDO ISOLADO";"PATRI";"N";417;"Válido";417;4;"NÃO ELEITO"
"13/11/2024";"10:56:11";2018;2;"Eleição Ordinária";1;295;"ELEIÇÃO GERAL FEDERAL 2018";"07/10/2018";"F";"RO";"BR";"BRASIL";132;"VILHENA";4;1;"Presidente";280000602500;51;"BENEVENUTO DACIOLO FONSECA DOS SANTOS";"CABO DACIOLO";"#NULO#";12;"APTO";2;"DEFERIDO";-3;"#NE";-3;"#NE";-3;"#NE";"PARTIDO ISOLADO";51;"PATRI";"Patriota";-1;"#NULO#";"#NULO#";"#NULO#";280000050072;"PARTIDO ISOLADO";"PATRI";"N";310;"Válido";310;4;"NÃO ELEITO"
"13/11/2024";"10:56:11";2018;2;"Eleição Ordinária";1;295;"ELEIÇÃO GERAL FEDERAL 2018";"07/10/2018";"F";"RO";"BR";"BRASIL";710;"SÃO FELIPE D OESTE";19;1;"Presidente";280000602500;51;"BENEVENUTO DACIOLO FONSECA DOS SANTOS";"CABO DACIOLO";"#NULO#";12;"APTO";2;"DEFERIDO";-3;"#NE";-3;"#NE";-3;"#NE";"PARTIDO ISOLADO";51;"PATRI";"Patriota";-1;"#NULO#";"#NULO#";"#NULO#";280000050072;"PARTIDO ISOLADO";"PATRI";"N";21;"Válido";21;4;"NÃO ELEITO"
"13/11/2024";"10:56:11";2018;2;"Eleição Ordinária";1;295;"ELEIÇÃO GERAL FEDERAL 2018";"07/10/2018";"F";"RO";"BR";"BRASIL";35;"PORTO VELHO";6;1;"Presidente";280000602500;51;"BENEVENUTO DACIOLO FONSECA DOS SANTOS";"CABO DACIOLO";"#NULO#";12;"APTO";2;"DEFERIDO";-3;"#NE";-3;"#NE";-3;"#NE";"PARTIDO ISOLADO";51;"PATRI";"Patriota";-1;"#NULO#";"#NULO#";"#NULO#";280000050072;"PARTIDO ISOLADO";"PATRI";"N";1054;"Válido";1054;4;"NÃO ELEITO"
"13/11/2024";"10:56:11";2018;2;"Eleição Ordinária";1;295;"ELEIÇÃO GERAL FEDERAL 2018";"07/10/2018";"F";"RO";"BR";"BRASIL";35;"PORTO VELHO";2;1;"Presidente";280000602500;51;"BENEVENUTO DACIOLO FONSECA DOS SANTOS";"CABO DACIOLO";"#NULO#";12;"APTO";2;"DEFERIDO";-3;"#NE";-3;"#NE";-3;"#NE";"PARTIDO ISOLADO";51;"PATRI";"Patriota";-1;"#NULO#";"#NULO#";"#NULO#";280000050072;"PARTIDO ISOLADO";"PATRI";"N";1525;"Válido";1525;4;"NÃO ELEITO"
"13/11/2024";"10:56:11";2018;2;"Eleição Ordinária";1;295;"ELEIÇÃO GERAL FEDERAL 2018";"07/10/2018";"F";"RO";"BR";"BRASIL";35;"PORTO VELHO";20;1;"Presidente";280000602500;51;"BENEVENUTO DACIOLO FONSECA DOS SANTOS";"CABO DACIOLO";"#NULO#";12;"APTO";2;"DEFERIDO";-3;"#NE";-3;"#NE";-3;"#NE";"PARTIDO ISOLADO";51;"PATRI";"Patriota";-1;"#NULO#";"#NULO#";"#NULO#";280000050072;"PARTIDO ISOLADO";"PATRI";"N";1706;"Válido";1706;4;"NÃO ELEITO"
"13/11/2024";"10:56:11";2018;2;"Eleição Ordinária";1;295;"ELEIÇÃO GERAL FEDERAL 2018";"07/10/2018";"F";"RO";"BR";"BRASIL";35;"PORTO VELHO";21;1;"Presidente";280000602500;51;"BENEVENUTO DACIOLO FONSECA DOS SANTOS";"CABO DACIOLO";"#NULO#";12;"APTO";2;"DEFERIDO";-3;"#NE";-3;"#NE";-3;"#NE";"PARTIDO ISOLADO";51;"PATRI";"Patriota";-1;"#NULO#";"#NULO#";"#NULO#";280000050072;"PARTIDO ISOLADO";"PATRI";"N";1454;"Válido";1454;4;"NÃO ELEITO"
"13/11/2024";"10:56:11";2018;2;"Eleição Ordinária";1;295;"ELEIÇÃO GERAL FEDERAL 2018";"07/10/2018";"F";"RO";"BR";"BRASIL";736;"ALTO ALEGRE DOS PARECIS";19;1;"Presidente";280000602500;51;"BENEVENUTO DACIOLO FONSECA DOS SANTOS";"CABO DACIOLO";"#NULO#";12;"APTO";2;"DEFERIDO";-3;"#NE";-3;"#NE";-3;"#NE";"PARTIDO ISOLADO";51;"PATRI";"Patriota";-1;"#NULO#";"#NULO#";"#NULO#";280000050072;"PARTIDO ISOLADO";"PATRI";"N";29;"Válido";29;4;"NÃO ELEITO"
"13/11/2024";"10:56:11";2018;2;"Eleição Ordinária";1;295;"ELEIÇÃO GERAL FEDERAL 2018";"07/10/2018";"F";"RO";"BR";"BRASIL";604;"MINISTRO ANDREAZZA";11;1;"Presidente";280000624085;27;"JOSE MARIA EYMAEL";"EYMAEL";"#NULO#";12;"APTO";2;"DEFERIDO";-3;"#NE";-3;"#NE";-3;"#NE";"PARTIDO ISOLADO";27;"DC";"Democracia Cristã";-1;"#NULO#";"#NULO#";"#NULO#";280000050639;"PARTIDO ISOLADO";"DC";"N";4;"Válido";4;4;"NÃO ELEITO"
"13/11/2024";"10:56:11";2018;2;"Eleição Ordinária";1;295;"ELEIÇÃO GERAL FEDERAL 2018";"07/10/2018";"F";"RO";"BR";"BRASIL";752;"TEIXEIRÓPOLIS";13;1;"Presidente";280000602500;51;"BENEVENUTO DACIOLO FONSECA DOS SANTOS";"CABO DACIOLO";"#NULO#";12;"APTO";2;"DEFERIDO";-3;"#NE";-3;"#NE";-3;"#NE";"PARTIDO ISOLADO";51;"PATRI";"Patriota";-1;"#NULO#";"#NULO#";"#NULO#";280000050072;"PARTIDO ISOLADO";"PATRI";"N";9;"Válido";9;4;"NÃO ELEITO"
"13/11/2024";"10:56:11";2018;2;"Eleição Ordinária";1;295;"ELEIÇÃO GERAL FEDERAL 2018";"07/10/2018";"F";"RO";"BR";"BRASIL";620;"CACAULÂNDIA";26;1;"Presidente";280000601173;16;"VERA LUCIA PEREIRA DA SILVA SALGADO";"VERA";"#NULO#";12;"APTO";2;"DEFERIDO";-3;"#NE";-3;"#NE";-3;"#NE";"PARTIDO ISOLADO";16;"PSTU";"Partido Socialista dos Trabalhadores Unificado";-1;"#NULO#";"#NULO#";"#NULO#";280000050040;"PARTIDO ISOLADO";"PSTU";"N";1;"Válido";1;4;"NÃO ELEITO"
"13/11/2024";"10:56:11";2018;2;"Eleição Ordinária";1;295;"ELEIÇÃO GERAL FEDERAL 2018";"07/10/2018";"F";"RO";"BR";"BRASIL";418;"SÃO MIGUEL DO GUAPORÉ";35;1;"Presidente";280000602500;51;"BENEVENUTO DACIOLO FONSECA DOS SANTOS";"CABO DACIOLO";"#NULO#";12;"APTO";2;"DEFERIDO";-3;"#NE";-3;"#NE";-3;"#NE";"PARTIDO ISOLADO";51;"PATRI";"Patriota";-1;"#NULO#";"#NULO#";"#NULO#";280000050072;"PARTIDO ISOLADO";"PATRI";"N";103;"Válido";103;4;"NÃO ELEITO"
"13/11/2024";"10:56:11";2018;2;"Eleição Ordinária";1;295;"ELEIÇÃO GERAL FEDERAL 2018";"07/10/2018";"F";"RO";"BR";"BRASIL";698;"VALE DO ANARI";32;1;"Presidente";280000624085;27;"JOSE MARIA EYMAEL";"EYMAEL";"#NULO#";12;"APTO";2;"DEFERIDO";-3;"#NE";-3;"#NE";-3;"#NE";"PARTIDO ISOLADO";27;"DC";"Democracia Cristã";-1;"#NULO#";"#NULO#";"#NULO#";280000050639;"PARTIDO ISOLADO";"DC";"N";1;"Válido";1;4;"NÃO ELEITO"
"13/11/2024";"10:56:11";2018;2;"Eleição Ordinária";1;295;"ELEIÇÃO GERAL FEDERAL 2018";"07/10/2018";"F";"RO";"BR";"BRASIL";370;"NOVA BRASILÂNDIA D OESTE";15;1;"Presidente";280000614517;17;"JAIR MESSIAS BOLSONARO";"JAIR BOLSONARO";"#NULO#";12;"APTO";2;"DEFERIDO";-3;"#NE";-3;"#NE";-3;"#NE";"COLIGAÇÃO";17;"PSL";"Partido Social Liberal";-1;"#NULO#";"#NULO#";"#NULO#";280000050386;"BRASIL ACIMA DE TUDO, DEUS ACIMA DE TODOS";"PSL / PRTB";"N";5785;"Válido";5785;6;"2º TURNO"
"13/11/2024";"10:56:11";2018;2;"Eleição Ordinária";1;295;"ELEIÇÃO GERAL FEDERAL 2018";"07/10/2018";"F";"RO";"BR";"BRASIL";639;"ALTO PARAÍSO";25;1;"Presidente";280000601173;16;"VERA LUCIA PEREIRA DA SILVA SALGADO";"VERA";"#NULO#";12;"APTO";2;"DEFERIDO";-3;"#NE";-3;"#NE";-3;"#NE";"PARTIDO ISOLADO";16;"PSTU";"Partido Socialista dos Trabalhadores Unificado";-1;"#NULO#";"#NULO#";"#NULO#";280000050040;"PARTIDO ISOLADO";"PSTU";"N";3;"Válido";3;4;"NÃO ELEITO"
"13/11/2024";"10:56:11";2018;2;"Eleição Ordinária";2;296;"ELEIÇÃO GERAL FEDERAL 2018";"28/10/2018";"F";"RO";"BR";"BRASIL";620;"CACAULÂNDIA";26;1;"Presidente";280000614517;17;"JAIR MESSIAS BOLSONARO";"JAIR BOLSONARO";"#NULO#";12;"APTO";2;"DEFERIDO";-3;"#NE";-3;"#NE";-3;"#NE";"COLIGAÇÃO";17;"PSL";"Partido Social Liberal";-1;"#NULO#";"#NULO#";"#NULO#";280000050386;"BRASIL ACIMA DE TUDO, DEUS ACIMA DE TODOS";"PSL / PRTB";"N";1967;"Válido";1967;1;"ELEITO"
"13/11/2024";"10:56:11";2018;2;"Eleição Ordinária";1;295;"ELEIÇÃO GERAL FEDERAL 2018";"07/10/2018";"F";"RO";"BR";"BRASIL";19;"GUAJARÁ-MIRIM";1;1;"Presidente";280000602477;45;"GERALDO JOSÉ RODRIGUES ALCKMIN FILHO";"GERALDO ALCKMIN";"#NULO#";12;"APTO";2;"DEFERIDO";-3;"#NE";-3;"#NE";-3;"#NE";"COLIGAÇÃO";45;"PSDB";"Partido da Social Democracia Brasileira";-1;"#NULO#";"#NULO#";"#NULO#";280000050070;"PARA UNIR O BRASIL";"PSDB / PTB / PP / PR / DEM / SOLIDARIEDADE / PPS / PRB / PSD";"N";963;"Válido";963;4;"NÃO ELEITO"
"13/11/2024";"10:56:11";2018;2;"Eleição Ordinária";1;295;"ELEIÇÃO GERAL FEDERAL 2018";"07/10/2018";"F";"RO";"BR";"BRASIL";787;"PIMENTEIRAS DO OESTE";16;1;"Presidente";280000602500;51;"BENEVENUTO DACIOLO FONSECA DOS SANTOS";"CABO DACIOLO";"#NULO#";12;"APTO";2;"DEFERIDO";-3;"#NE";-3;"#NE";-3;"#NE";"PARTIDO ISOLADO";51;"PATRI";"Patriota";-1;"#NULO#";"#NULO#";"#NULO#";280000050072;"PARTIDO ISOLADO";"PATRI";"N";4;"Válido";4;4;"NÃO ELEITO"
"13/11/2024";"10:56:11";2018;2;"Eleição Ordinária";1;295;"ELEIÇÃO GERAL FEDERAL 2018";"07/10/2018";"F";"RO";"BR";"BRASIL";612;"GOVERNADOR JORGE TEIXEIRA";27;1;"Presidente";280000614517;17;"JAIR MESSIAS BOLSONARO";"JAIR BOLSONARO";"#NULO#";12;"APTO";2;"DEFERIDO";-3;"#NE";-3;"#NE";-3;"#NE";"COLIGAÇÃO";17;"PSL";"Partido Social Liberal";-1;"#NULO#";"#NULO#";"#NULO#";280000050386;"BRASIL ACIMA DE TUDO, DEUS ACIMA DE TODOS";"PSL / PRTB";"N";2811;"Válido";2811;6;"2º TURNO"
"13/11/2024";"10:56:11";2018;2;"Eleição Ordinária";1;295;"ELEIÇÃO GERAL FEDERAL 2018";"07/10/2018";"F";"RO";"BR";"BRASIL";370;"NOVA BRASILÂNDIA D OESTE";15;1;"Presidente";280000601173;16;"VERA LUCIA PEREIRA DA SILVA SALGADO";"VERA";"#NULO#";12;"APTO";2;"DEFERIDO";-3;"#NE";-3;"#NE";-3;"#NE";"PARTIDO ISOLADO";16;"PSTU";"Partido Socialista dos Trabalhadores Unificado";-1;"#NULO#";"#NULO#";"#NULO#";280000050040;"PARTIDO ISOLADO";"PSTU";"N";3;"Válido";3;4;"NÃO ELEITO"
"13/11/2024";"10:56:11";2018;2;"Eleição Ordinária";2;296;"ELEIÇÃO GERAL FEDERAL 2018";"28/10/2018";"F";"RO";"BR";"BRASIL";639;"ALTO PARAÍSO";25;1;"Presidente";280000614517;17;"JAIR MESSIAS BOLSONARO";"JAIR BOLSONARO";"#NULO#";12;"APTO";2;"DEFERIDO";-3;"#NE";-3;"#NE";-3;"#NE";"COLIGAÇÃO";17;"PSL";"Partido Social Liberal";-1;"#NULO#";"#NULO#";"#NULO#";280000050386;"BRASIL ACIMA DE TUDO, DEUS ACIMA DE TODOS";"PSL / PRTB";"N";5701;"Válido";5701;1;"ELEITO"
"13/11/2024";"10:56:11";2018;2;"Eleição Ordinária";1;295;"ELEIÇÃO GERAL FEDERAL 2018";"07/10/2018";"F";"RO";"BR";"BRASIL";647;"RIO CRESPO";26;1;"Presidente";280000614517;17;"JAIR MESSIAS BOLSONARO";"JAIR BOLSONARO";"#NULO#";12;"APTO";2;"DEFERIDO";-3;"#NE";-3;"#NE";-3;"#NE";"COLIGAÇÃO";17;"PSL";"Partido Social Liberal";-1;"#NULO#";"#NULO#";"#NULO#";280000050386;"BRASIL ACIMA DE TUDO, DEUS ACIMA DE TODOS";"PSL / PRTB";"N";1437;"Válido";1437;6;"2º TURNO"
"13/11/2024";"10:56:11";2018;2;"Eleição Ordinária";1;295;"ELEIÇÃO GERAL FEDERAL 2018";"07/10/2018";"F";"RO";"BR";"BRASIL";310;"ALTA FLORESTA D OESTE";17;1;"Presidente";280000624082;54;"JOÃO VICENTE FONTELLA GOULART";"JOÃO GOULART FILHO";"#NULO#";12;"APTO";2;"DEFERIDO";-3;"#NE";-3;"#NE";-3;"#NE";"PARTIDO ISOLADO";54;"PPL";"Partido Pátria Livre";-1;"#NULO#";"#NULO#";"#NULO#";280000050638;"PARTIDO ISOLADO";"PPL";"N";2;"Válido";2;4;"NÃO ELEITO"
"13/11/2024";"10:56:11";2018;2;"Eleição Ordinária";1;295;"ELEIÇÃO GERAL FEDERAL 2018";"07/10/2018";"F";"RO";"BR";"BRASIL";272;"CEREJEIRAS";16;1;"Presidente";280000602500;51;"BENEVENUTO DACIOLO FONSECA DOS SANTOS";"CABO DACIOLO";"#NULO#";12;"APTO";2;"DEFERIDO";-3;"#NE";-3;"#NE";-3;"#NE";"PARTIDO ISOLADO";51;"PATRI";"Patriota";-1;"#NULO#";"#NULO#";"#NULO#";280000050072;"PARTIDO ISOLADO";"PATRI";"N";45;"Válido";45;4;"NÃO ELEITO"
"13/11/2024";"10:56:11";2018;2;"Eleição Ordinária";1;295;"ELEIÇÃO GERAL FEDERAL 2018";"07/10/2018";"F";"RO";"BR";"BRASIL";744;"NOVA UNIÃO";28;1;"Presidente";280000602500;51;"BENEVENUTO DACIOLO FONSECA DOS SANTOS";"CABO DACIOLO";"#NULO#";12;"APTO";2;"DEFERIDO";-3;"#NE";-3;"#NE";-3;"#NE";"PARTIDO ISOLADO";51;"PATRI";"Patriota";-1;"#NULO#";"#NULO#";"#NULO#";280000050072;"PARTIDO ISOLADO";"PATRI";"N";23;"Válido";23;4;"NÃO ELEITO"
"13/11/2024";"10:56:11";2018;2;"Eleição Ordinária";1;295;"ELEIÇÃO GERAL FEDERAL 2018";"07/10/2018";"F";"RO";"BR";"BRASIL";639;"ALTO PARAÍSO";25;1;"Presidente";280000602500;51;"BENEVENUTO DACIOLO FONSECA DOS SANTOS";"CABO DACIOLO";"#NULO#";12;"APTO";2;"DEFERIDO";-3;"#NE";-3;"#NE";-3;"#NE";"PARTIDO ISOLADO";51;"PATRI";"Patriota";-1;"#NULO#";"#NULO#";"#NULO#";280000050072;"PARTIDO ISOLADO";"PATRI";"N";22;"Válido";22;4;"NÃO ELEITO"
"13/11/2024";"10:56:11";2018;2;"Eleição Ordinária";2;296;"ELEIÇÃO GERAL FEDERAL 2018";"28/10/2018";"F";"RO";"BR";"BRASIL";370;"NOVA BRASILÂNDIA D OESTE";15;1;"Presidente";280000614517;17;"JAIR MESSIAS BOLSONARO";"JAIR BOLSONARO";"#NULO#";12;"APTO";2;"DEFERIDO";-3;"#NE";-3;"#NE";-3;"#NE";"COLIGAÇÃO";17;"PSL";"Partido Social Liberal";-1;"#NULO#";"#NULO#";"#NULO#";280000050386;"BRASIL ACIMA DE TUDO, DEUS ACIMA DE TODOS";"PSL / PRTB";"N";6723;"Válido";6723;1;"ELEITO"
"13/11/2024";"10:56:11";2018;2;"Eleição Ordinária";1;295;"ELEIÇÃO GERAL FEDERAL 2018";"07/10/2018";"F";"RO";"BR";"BRASIL";191;"PRESIDENTE MÉDICI";3;1;"Presidente";280000602477;45;"GERALDO JOSÉ RODRIGUES ALCKMIN FILHO";"GERALDO ALCKMIN";"#NULO#";12;"APTO";2;"DEFERIDO";-3;"#NE";-3;"#NE";-3;"#NE";"COLIGAÇÃO";45;"PSDB";"Partido da Social Democracia Brasileira";-1;"#NULO#";"#NULO#";"#NULO#";280000050070;"PARA UNIR O BRASIL";"PSDB / PTB / PP / PR / DEM / SOLIDARIEDADE / PPS / PRB / PSD";"N";525;"Válido";525;4;"NÃO ELEITO"
"13/11/2024";"10:56:11";2018;2;"Eleição Ordinária";2;296;"ELEIÇÃO GERAL FEDERAL 2018";"28/10/2018";"F";"RO";"BR";"BRASIL";612;"GOVERNADOR JORGE TEIXEIRA";27;1;"Presidente";280000614517;17;"JAIR MESSIAS BOLSONARO";"JAIR BOLSONARO";"#NULO#";12;"APTO";2;"DEFERIDO";-3;"#NE";-3;"#NE";-3;"#NE";"COLIGAÇÃO";17;"PSL";"Partido Social Liberal";-1;"#NULO#";"#NULO#";"#NULO#";280000050386;"BRASIL ACIMA DE TUDO, DEUS ACIMA DE TODOS";"PSL / PRTB";"N";3098;"Válido";3098;1;"ELEITO"
"13/11/2024";"10:56:11";2018;2;"Eleição Ordinária";1;295;"ELEIÇÃO GERAL FEDERAL 2018";"07/10/2018";"F";"RO";"BR";"BRASIL";663;"MONTE NEGRO";25;1;"Presidente";280000602477;45;"GERALDO JOSÉ RODRIGUES ALCKMIN FILHO";"GERALDO ALCKMIN";"#NULO#";12;"APTO";2;"DEFERIDO";-3;"#NE";-3;"#NE";-3;"#NE";"COLIGAÇÃO";45;"PSDB";"Partido da Social Democracia Brasileira";-1;"#NULO#";"#NULO#";"#NULO#";280000050070;"PARA UNIR O BRASIL";"PSDB / PTB / PP / PR / DEM / SOLIDARIEDADE / PPS / PRB / PSD";"N";491;"Válido";491;4;"NÃO ELEITO"
"13/11/2024";"10:56:11";2018;2;"Eleição Ordinária";2;296;"ELEIÇÃO GERAL FEDERAL 2018";"28/10/2018";"F";"RO";"BR";"BRASIL";477;"CANDEIAS DO JAMARI";21;1;"Presidente";280000614517;17;"JAIR MESSIAS BOLSONARO";"JAIR BOLSONARO";"#NULO#";12;"APTO";2;"DEFERIDO";-3;"#NE";-3;"#NE";-3;"#NE";"COLIGAÇÃO";17;"PSL";"Partido Social Liberal";-1;"#NULO#";"#NULO#";"#NULO#";280000050386;"BRASIL ACIMA DE TUDO, DEUS ACIMA DE TODOS";"PSL / PRTB";"N";7104;"Válido";7104;1;"ELEITO"
"13/11/2024";"10:56:11";2018;2;"Eleição Ordinária";1;295;"ELEIÇÃO GERAL FEDERAL 2018";"07/10/2018";"F";"RO";"BR";"BRASIL";434;"NOVA MAMORÉ";1;1;"Presidente";280000602500;51;"BENEVENUTO DACIOLO FONSECA DOS SANTOS";"CABO DACIOLO";"#NULO#";12;"APTO";2;"DEFERIDO";-3;"#NE";-3;"#NE";-3;"#NE";"PARTIDO ISOLADO";51;"PATRI";"Patriota";-1;"#NULO#";"#NULO#";"#NULO#";280000050072;"PARTIDO ISOLADO";"PATRI";"N";55;"Válido";55;4;"NÃO ELEITO"
"13/11/2024";"10:56:11";2018;2;"Eleição Ordinária";1;295;"ELEIÇÃO GERAL FEDERAL 2018";"07/10/2018";"F";"RO";"BR";"BRASIL";51;"JI-PARANÁ";3;1;"Presidente";280000602500;51;"BENEVENUTO DACIOLO FONSECA DOS SANTOS";"CABO DACIOLO";"#NULO#";12;"APTO";2;"DEFERIDO";-3;"#NE";-3;"#NE";-3;"#NE";"PARTIDO ISOLADO";51;"PATRI";"Patriota";-1;"#NULO#";"#NULO#";"#NULO#";280000050072;"PARTIDO ISOLADO";"PATRI";"N";141;"Válido";141;4;"NÃO ELEITO"
"13/11/2024";"10:56:11";2018;2;"Eleição Ordinária";1;295;"ELEIÇÃO GERAL FEDERAL 2018";"07/10/2018";"F";"RO";"BR";"BRASIL";655;"CORUMBIARA";16;1;"Presidente";280000601173;16;"VERA LUCIA PEREIRA DA SILVA SALGADO";"VERA";"#NULO#";12;"APTO";2;"DEFERIDO";-3;"#NE";-3;"#NE";-3;"#NE";"PARTIDO ISOLADO";16;"PSTU";"Partido Socialista dos Trabalhadores Unificado";-1;"#NULO#";"#NULO#";"#NULO#";280000050040;"PARTIDO ISOLADO";"PSTU";"N";1;"Válido";1;4;"NÃO ELEITO"
"13/11/2024";"10:56:11";2018;2;"Eleição Ordinária";1;295;"ELEIÇÃO GERAL FEDERAL 2018";"07/10/2018";"F";"RO";"BR";"BRASIL";94;"CACOAL";11;1;"Presidente";280000601173;16;"VERA LUCIA PEREIRA DA SILVA SALGADO";"VERA";"#NULO#";12;"APTO";2;"DEFERIDO";-3;"#NE";-3;"#NE";-3;"#NE";"PARTIDO ISOLADO";16;"PSTU";"Partido Socialista dos Trabalhadores Unificado";-1;"#NULO#";"#NULO#";"#NULO#";280000050040;"PARTIDO ISOLADO";"PSTU";"N";11;"Válido";11;4;"NÃO ELEITO"
"13/11/2024";"10:56:11";2018;2;"Eleição Ordinária";1;295;"ELEIÇÃO GERAL FEDERAL 2018";"07/10/2018";"F";"RO";"BR";"BRASIL";590;"THEOBROMA";27;1;"Presidente";280000602477;45;"GERALDO JOSÉ RODRIGUES ALCKMIN FILHO";"GERALDO ALCKMIN";"#NULO#";12;"APTO";2;"DEFERIDO";-3;"#NE";-3;"#NE";-3;"#NE";"COLIGAÇÃO";45;"PSDB";"Partido da Social Democracia Brasileira";-1;"#NULO#";"#NULO#";"#NULO#";280000050070;"PARA UNIR O BRASIL";"PSDB / PTB / PP / PR / DEM / SOLIDARIEDADE / PPS / PRB / PSD";"N";401;"Válido";401;4;"NÃO ELEITO"
"13/11/2024";"10:56:11";2018;2;"Eleição Ordinária";1;295;"ELEIÇÃO GERAL FEDERAL 2018";"07/10/2018";"F";"RO";"BR";"BRASIL";515;"NOVO HORIZONTE DO OESTE";15;1;"Presidente";280000601173;16;"VERA LUCIA PEREIRA DA SILVA SALGADO";"VERA";"#NULO#";12;"APTO";2;"DEFERIDO";-3;"#NE";-3;"#NE";-3;"#NE";"PARTIDO ISOLADO";16;"PSTU";"Partido Socialista dos Trabalhadores Unificado";-1;"#NULO#";"#NULO#";"#NULO#";280000050040;"PARTIDO ISOLADO";"PSTU";"N";2;"Válido";2;4;"NÃO ELEITO"
"13/11/2024";"10:56:11";2018;2;"Eleição Ordinária";1;295;"ELEIÇÃO GERAL FEDERAL 2018";"07/10/2018";"F";"RO";"BR";"BRASIL";612;"GOVERNADOR JORGE TEIXEIRA";27;1;"Presidente";280000602500;51;"BENEVENUTO DACIOLO FONSECA DOS SANTOS";"CABO DACIOLO";"#NULO#";12;"APTO";2;"DEFERIDO";-3;"#NE";-3;"#NE";-3;"#NE";"PARTIDO ISOLADO";51;"PATRI";"Patriota";-1;"#NULO#";"#NULO#";"#NULO#";280000050072;"PARTIDO ISOLADO";"PATRI";"N";7;"Válido";7;4;"NÃO ELEITO"
"13/11/2024";"10:56:11";2018;2;"Eleição Ordinária";1;295;"ELEIÇÃO GERAL FEDERAL 2018";"07/10/2018";"F";"RO";"BR";"BRASIL";370;"NOVA BRASILÂNDIA D OESTE";15;1;"Presidente";280000602500;51;"BENEVENUTO DACIOLO FONSECA DOS SANTOS";"CABO DACIOLO";"#NULO#";12;"APTO";2;"DEFERIDO";-3;"#NE";-3;"#NE";-3;"#NE";"PARTIDO ISOLADO";51;"PATRI";"Patriota";-1;"#NULO#";"#NULO#";"#NULO#";280000050072;"PARTIDO ISOLADO";"PATRI";"N";51;"Válido";51;4;"NÃO ELEITO"
"13/11/2024";"10:56:11";2018;2;"Eleição Ordinária";1;295;"ELEIÇÃO GERAL FEDERAL 2018";"07/10/2018";"F";"RO";"BR";"BRASIL";256;"ESPIGÃO DO OESTE";12;1;"Presidente";280000602477;45;"GERALDO JOSÉ RODRIGUES ALCKMIN FILHO";"GERALDO ALCKMIN";"#NULO#";12;"APTO";2;"DEFERIDO";-3;"#NE";-3;"#NE";-3;"#NE";"COLIGAÇÃO";45;"PSDB";"Partido da Social Democracia Brasileira";-1;"#NULO#";"#NULO#";"#NULO#";280000050070;"PARA UNIR O BRASIL";"PSDB / PTB / PP / PR / DEM / SOLIDARIEDADE / PPS / PRB / PSD";"N";945;"Válido";945;4;"NÃO ELEITO"
"13/11/2024";"10:56:11";2018;2;"Eleição Ordinária";1;295;"ELEIÇÃO GERAL FEDERAL 2018";"07/10/2018";"F";"RO";"BR";"BRASIL";582;"SERINGUEIRAS";35;1;"Presidente";280000602500;51;"BENEVENUTO DACIOLO FONSECA DOS SANTOS";"CABO DACIOLO";"#NULO#";12;"APTO";2;"DEFERIDO";-3;"#NE";-3;"#NE";-3;"#NE";"PARTIDO ISOLADO";51;"PATRI";"Patriota";-1;"#NULO#";"#NULO#";"#NULO#";280000050072;"PARTIDO ISOLADO";"PATRI";"N";52;"Válido";52;4;"NÃO ELEITO"
"13/11/2024";"10:56:11";2018;2;"Eleição Ordinária";1;295;"ELEIÇÃO GERAL FEDERAL 2018";"07/10/2018";"F";"RO";"BR";"BRASIL";94;"CACOAL";11;1;"Presidente";280000614517;17;"JAIR MESSIAS BOLSONARO";"JAIR BOLSONARO";"#NULO#";12;"APTO";2;"DEFERIDO";-3;"#NE";-3;"#NE";-3;"#NE";"COLIGAÇÃO";17;"PSL";"Partido Social Liberal";-1;"#NULO#";"#NULO#";"#NULO#";280000050386;"BRASIL ACIMA DE TUDO, DEUS ACIMA DE TODOS";"PSL / PRTB";"N";32333;"Válido";32333;6;"2º TURNO"
"13/11/2024";"10:56:11";2018;2;"Eleição Ordinária";1;295;"ELEIÇÃO GERAL FEDERAL 2018";"07/10/2018";"F";"RO";"BR";"BRASIL";51;"JI-PARANÁ";30;1;"Presidente";280000602500;51;"BENEVENUTO DACIOLO FONSECA DOS SANTOS";"CABO DACIOLO";"#NULO#";12;"APTO";2;"DEFERIDO";-3;"#NE";-3;"#NE";-3;"#NE";"PARTIDO ISOLADO";51;"PATRI";"Patriota";-1;"#NULO#";"#NULO#";"#NULO#";280000050072;"PARTIDO ISOLADO";"PATRI";"N";368;"Válido";368;4;"NÃO ELEITO"
"13/11/2024";"10:56:11";2018;2;"Eleição Ordinária";1;295;"ELEIÇÃO GERAL FEDERAL 2018";"07/10/2018";"F";"RO";"BR";"BRASIL";620;"CACAULÂNDIA";26;1;"Presidente";280000602500;51;"BENEVENUTO DACIOLO FONSECA DOS SANTOS";"CABO DACIOLO";"#NULO#";12;"APTO";2;"DEFERIDO";-3;"#NE";-3;"#NE";-3;"#NE";"PARTIDO ISOLADO";51;"PATRI";"Patriota";-1;"#NULO#";"#NULO#";"#NULO#";280000050072;"PARTIDO ISOLADO";"PATRI";"N";29;"Válido";29;4;"NÃO ELEITO"
"13/11/2024";"10:56:11";2018;2;"Eleição Ordinária";1;295;"ELEIÇÃO GERAL FEDERAL 2018";"07/10/2018";"F";"RO";"BR";"BRASIL";353;"SANTA LUZIA D OESTE";19;1;"Presidente";280000602477;45;"GERALDO JOSÉ RODRIGUES ALCKMIN FILHO";"GERALDO ALCKMIN";"#NULO#";12;"APTO";2;"DEFERIDO";-3;"#NE";-3;"#NE";-3;"#NE";"COLIGAÇÃO";45;"PSDB";"Partido da Social Democracia Brasileira";-1;"#NULO#";"#NULO#";"#NULO#";280000050070;"PARA UNIR O BRASIL";"PSDB / PTB / PP / PR / DEM / SOLIDARIEDADE / PPS / PRB / PSD";"N";269;"Válido";269;4;"NÃO ELEITO"
"13/11/2024";"10:56:11";2018;2;"Eleição Ordinária";1;295;"ELEIÇÃO GERAL FEDERAL 2018";"07/10/2018";"F";"RO";"BR";"BRASIL";493;"ITAPUÃ DO OESTE";2;1;"Presidente";280000602500;51;"BENEVENUTO DACIOLO FONSECA DOS SANTOS";"CABO DACIOLO";"#NULO#";12;"APTO";2;"DEFERIDO";-3;"#NE";-3;"#NE";-3;"#NE";"PARTIDO ISOLADO";51;"PATRI";"Patriota";-1;"#NULO#";"#NULO#";"#NULO#";280000050072;"PARTIDO ISOLADO";"PATRI";"N";77;"Válido";77;4;"NÃO ELEITO"
"13/11/2024";"10:56:11";2018;2;"Eleição Ordinária";1;295;"ELEIÇÃO GERAL FEDERAL 2018";"07/10/2018";"F";"RO";"BR";"BRASIL";698;"VALE DO ANARI";32;1;"Presidente";280000602477;45;"GERALDO JOSÉ RODRIGUES ALCKMIN FILHO";"GERALDO ALCKMIN";"#NULO#";12;"APTO";2;"DEFERIDO";-3;"#NE";-3;"#NE";-3;"#NE";"COLIGAÇÃO";45;"PSDB";"Partido da Social Democracia Brasileira";-1;"#NULO#";"#NULO#";"#NULO#";280000050070;"PARA UNIR O BRASIL";"PSDB / PTB / PP / PR / DEM / SOLIDARIEDADE / PPS / PRB / PSD";"N";319;"Válido";319;4;"NÃO ELEITO"
"13/11/2024";"10:56:11";2018;2;"Eleição Ordinária";1;295;"ELEIÇÃO GERAL FEDERAL 2018";"07/10/2018";"F";"RO";"BR";"BRASIL";604;"MINISTRO ANDREAZZA";11;1;"Presidente";280000602477;45;"GERALDO JOSÉ RODRIGUES ALCKMIN FILHO";"GERALDO ALCKMIN";"#NULO#";12;"APTO";2;"DEFERIDO";-3;"#NE";-3;"#NE";-3;"#NE";"COLIGAÇÃO";45;"PSDB";"Partido da Social Democracia Brasileira";-1;"#NULO#";"#NULO#";"#NULO#";280000050070;"PARA UNIR O BRASIL";"PSDB / PTB / PP / PR / DEM / SOLIDARIEDADE / PPS / PRB / PSD";"N";168;"Válido";168;4;"NÃO ELEITO"
"13/11/2024";"10:56:11";2018;2;"Eleição Ordinária";1;295;"ELEIÇÃO GERAL FEDERAL 2018";"07/10/2018";"F";"RO";"BR";"BRASIL";515;"NOVO HORIZONTE DO OESTE";15;1;"Presidente";280000614517;17;"JAIR MESSIAS BOLSONARO";"JAIR BOLSONARO";"#NULO#";12;"APTO";2;"DEFERIDO";-3;"#NE";-3;"#NE";-3;"#NE";"COLIGAÇÃO";17;"PSL";"Partido Social Liberal";-1;"#NULO#";"#NULO#";"#NULO#";280000050386;"BRASIL ACIMA DE TUDO, DEUS ACIMA DE TODOS";"PSL / PRTB";"N";2740;"Válido";2740;6;"2º TURNO"
"13/11/2024";"10:56:11";2018;2;"Eleição Ordinária";1;295;"ELEIÇÃO GERAL FEDERAL 2018";"07/10/2018";"F";"RO";"BR";"BRASIL";450;"CABIXI";8;1;"Presidente";280000602500;51;"BENEVENUTO DACIOLO FONSECA DOS SANTOS";"CABO DACIOLO";"#NULO#";12;"APTO";2;"DEFERIDO";-3;"#NE";-3;"#NE";-3;"#NE";"PARTIDO ISOLADO";51;"PATRI";"Patriota";-1;"#NULO#";"#NULO#";"#NULO#";280000050072;"PARTIDO ISOLADO";"PATRI";"N";16;"Válido";16;4;"NÃO ELEITO"
"13/11/2024";"10:56:11";2018;2;"Eleição Ordinária";1;295;"ELEIÇÃO GERAL FEDERAL 2018";"07/10/2018";"F";"RO";"BR";"BRASIL";647;"RIO CRESPO";26;1;"Presidente";280000602500;51;"BENEVENUTO DACIOLO FONSECA DOS SANTOS";"CABO DACIOLO";"#NULO#";12;"APTO";2;"DEFERIDO";-3;"#NE";-3;"#NE";-3;"#NE";"PARTIDO ISOLADO";51;"PATRI";"Patriota";-1;"#NULO#";"#NULO#";"#NULO#";280000050072;"PARTIDO ISOLADO";"PATRI";"N";4;"Válido";4;4;"NÃO ELEITO"
"13/11/2024";"10:56:11";2018;2;"Eleição Ordinária";2;296;"ELEIÇÃO GERAL FEDERAL 2018";"28/10/2018";"F";"RO";"BR";"BRASIL";647;"RIO CRESPO";26;1;"Presidente";280000614517;17;"JAIR MESSIAS BOLSONARO";"JAIR BOLSONARO";"#NULO#";12;"APTO";2;"DEFERIDO";-3;"#NE";-3;"#NE";-3;"#NE";"COLIGAÇÃO";17;"PSL";"Partido Social Liberal";-1;"#NULO#";"#NULO#";"#NULO#";280000050386;"BRASIL ACIMA DE TUDO, DEUS ACIMA DE TODOS";"PSL / PRTB";"N";1446;"Válido";1446;1;"ELEITO"
"13/11/2024";"10:56:11";2018;2;"Eleição Ordinária";1;295;"ELEIÇÃO GERAL FEDERAL 2018";"07/10/2018";"F";"RO";"BR";"BRASIL";477;"CANDEIAS DO JAMARI";21;1;"Presidente";280000602500;51;"BENEVENUTO DACIOLO FONSECA DOS SANTOS";"CABO DACIOLO";"#NULO#";12;"APTO";2;"DEFERIDO";-3;"#NE";-3;"#NE";-3;"#NE";"PARTIDO ISOLADO";51;"PATRI";"Patriota";-1;"#NULO#";"#NULO#";"#NULO#";280000050072;"PARTIDO ISOLADO";"PATRI";"N";189;"Válido";189;4;"NÃO ELEITO"
"13/11/2024";"10:56:11";2018;2;"Eleição Ordinária";1;295;"ELEIÇÃO GERAL FEDERAL 2018";"07/10/2018";"F";"RO";"BR";"BRASIL";655;"CORUMBIARA";16;1;"Presidente";280000614517;17;"JAIR MESSIAS BOLSONARO";"JAIR BOLSONARO";"#NULO#";12;"APTO";2;"DEFERIDO";-3;"#NE";-3;"#NE";-3;"#NE";"COLIGAÇÃO";17;"PSL";"Partido Social Liberal";-1;"#NULO#";"#NULO#";"#NULO#";280000050386;"BRASIL ACIMA DE TUDO, DEUS ACIMA DE TODOS";"PSL / PRTB";"N";2272;"Válido";2272;6;"2º TURNO"
"13/11/2024";"10:56:11";2018;2;"Eleição Ordinária";1;295;"ELEIÇÃO GERAL FEDERAL 2018";"07/10/2018";"F";"RO";"BR";"BRASIL";680;"CUJUBIM";26;1;"Presidente";280000614517;17;"JAIR MESSIAS BOLSONARO";"JAIR BOLSONARO";"#NULO#";12;"APTO";2;"DEFERIDO";-3;"#NE";-3;"#NE";-3;"#NE";"COLIGAÇÃO";17;"PSL";"Partido Social Liberal";-1;"#NULO#";"#NULO#";"#NULO#";280000050386;"BRASIL ACIMA DE TUDO, DEUS ACIMA DE TODOS";"PSL / PRTB";"N";4700;"Válido";4700;6;"2º TURNO"
"13/11/2024";"10:56:11";2018;2;"Eleição Ordinária";1;295;"ELEIÇÃO GERAL FEDERAL 2018";"07/10/2018";"F";"RO";"BR";"BRASIL";337;"ALVORADA DO OESTE";18;1;"Presidente";280000624082;54;"JOÃO VICENTE FONTELLA GOULART";"JOÃO GOULART FILHO";"#NULO#";12;"APTO";2;"DEFERIDO";-3;"#NE";-3;"#NE";-3;"#NE";"PARTIDO ISOLADO";54;"PPL";"Partido Pátria Livre";-1;"#NULO#";"#NULO#";"#NULO#";280000050638;"PARTIDO ISOLADO";"PPL";"N";1;"Válido";1;4;"NÃO ELEITO"
"13/11/2024";"10:56:11";2018;2;"Eleição Ordinária";2;296;"ELEIÇÃO GERAL FEDERAL 2018";"28/10/2018";"F";"RO";"BR";"BRASIL";94;"CACOAL";11;1;"Presidente";280000614517;17;"JAIR MESSIAS BOLSONARO";"JAIR BOLSONARO";"#NULO#";12;"APTO";2;"DEFERIDO";-3;"#NE";-3;"#NE";-3;"#NE";"COLIGAÇÃO";17;"PSL";"Partido Social Liberal";-1;"#NULO#";"#NULO#";"#NULO#";280000050386;"BRASIL ACIMA DE TUDO, DEUS ACIMA DE TODOS";"PSL / PRTB";"N";35962;"Válido";35962;1;"ELEITO"
"13/11/2024";"10:56:11";2018;2;"Eleição Ordinária";1;295;"ELEIÇÃO GERAL FEDERAL 2018";"07/10/2018";"F";"RO";"BR";"BRASIL";116;"PIMENTA BUENO";9;1;"Presidente";280000601173;16;"VERA LUCIA PEREIRA DA SILVA SALGADO";"VERA";"#NULO#";12;"APTO";2;"DEFERIDO";-3;"#NE";-3;"#NE";-3;"#NE";"PARTIDO ISOLADO";16;"PSTU";"Partido Socialista dos Trabalhadores Unificado";-1;"#NULO#";"#NULO#";"#NULO#";280000050040;"PARTIDO ISOLADO";"PSTU";"N";3;"Válido";3;4;"NÃO ELEITO"
"13/11/2024";"10:56:11";2018;2;"Eleição Ordinária";1;295;"ELEIÇÃO GERAL FEDERAL 2018";"07/10/2018";"F";"RO";"BR";"BRASIL";680;"CUJUBIM";26;1;"Presidente";280000601173;16;"VERA LUCIA PEREIRA DA SILVA SALGADO";"VERA";"#NULO#";12;"APTO";2;"DEFERIDO";-3;"#NE";-3;"#NE";-3;"#NE";"PARTIDO ISOLADO";16;"PSTU";"Partido Socialista dos Trabalhadores Unificado";-1;"#NULO#";"#NULO#";"#NULO#";280000050040;"PARTIDO ISOLADO";"PSTU";"N";2;"Válido";2;4;"NÃO ELEITO"
"13/11/2024";"10:56:11";2018;2;"Eleição Ordinária";1;295;"ELEIÇÃO GERAL FEDERAL 2018";"07/10/2018";"F";"RO";"BR";"BRASIL";590;"THEOBROMA";27;1;"Presidente";280000624082;54;"JOÃO VICENTE FONTELLA GOULART";"JOÃO GOULART FILHO";"#NULO#";12;"APTO";2;"DEFERIDO";-3;"#NE";-3;"#NE";-3;"#NE";"PARTIDO ISOLADO";54;"PPL";"Partido Pátria Livre";-1;"#NULO#";"#NULO#";"#NULO#";280000050638;"PARTIDO ISOLADO";"PPL";"N";1;"Válido";1;4;"NÃO ELEITO"
"13/11/2024";"10:56:11";2018;2;"Eleição Ordinária";1;295;"ELEIÇÃO GERAL FEDERAL 2018";"07/10/2018";"F";"RO";"BR";"BRASIL";175;"OURO PRETO DO OESTE";13;1;"Presidente";280000624082;54;"JOÃO VICENTE FONTELLA GOULART";"JOÃO GOULART FILHO";"#NULO#";12;"APTO";2;"DEFERIDO";-3;"#NE";-3;"#NE";-3;"#NE";"PARTIDO ISOLADO";54;"PPL";"Partido Pátria Livre";-1;"#NULO#";"#NULO#";"#NULO#";280000050638;"PARTIDO ISOLADO";"PPL";"N";3;"Válido";3;4;"NÃO ELEITO"
"13/11/2024";"10:56:11";2018;2;"Eleição Ordinária";1;295;"ELEIÇÃO GERAL FEDERAL 2018";"07/10/2018";"F";"RO";"BR";"BRASIL";213;"COSTA MARQUES";5;1;"Presidente";280000624082;54;"JOÃO VICENTE FONTELLA GOULART";"JOÃO GOULART FILHO";"#NULO#";12;"APTO";2;"DEFERIDO";-3;"#NE";-3;"#NE";-3;"#NE";"PARTIDO ISOLADO";54;"PPL";"Partido Pátria Livre";-1;"#NULO#";"#NULO#";"#NULO#";280000050638;"PARTIDO ISOLADO";"PPL";"N";1;"Válido";1;4;"NÃO ELEITO"
"13/11/2024";"10:56:11";2018;2;"Eleição Ordinária";1;295;"ELEIÇÃO GERAL FEDERAL 2018";"07/10/2018";"F";"RO";"BR";"BRASIL";19;"GUAJARÁ-MIRIM";1;1;"Presidente";280000624082;54;"JOÃO VICENTE FONTELLA GOULART";"JOÃO GOULART FILHO";"#NULO#";12;"APTO";2;"DEFERIDO";-3;"#NE";-3;"#NE";-3;"#NE";"PARTIDO ISOLADO";54;"PPL";"Partido Pátria Livre";-1;"#NULO#";"#NULO#";"#NULO#";280000050638;"PARTIDO ISOLADO";"PPL";"N";4;"Válido";4;4;"NÃO ELEITO"
"13/11/2024";"10:56:11";2018;2;"Eleição Ordinária";2;296;"ELEIÇÃO GERAL FEDERAL 2018";"28/10/2018";"F";"RO";"BR";"BRASIL";701;"PARECIS";19;1;"Presidente";280000614517;17;"JAIR MESSIAS BOLSONARO";"JAIR BOLSONARO";"#NULO#";12;"APTO";2;"DEFERIDO";-3;"#NE";-3;"#NE";-3;"#NE";"COLIGAÇÃO";17;"PSL";"Partido Social Liberal";-1;"#NULO#";"#NULO#";"#NULO#";280000050386;"BRASIL ACIMA DE TUDO, DEUS ACIMA DE TODOS";"PSL / PRTB";"N";1301;"Válido";1301;1;"ELEITO"
"13/11/2024";"10:56:11";2018;2;"Eleição Ordinária";2;296;"ELEIÇÃO GERAL FEDERAL 2018";"28/10/2018";"F";"RO";"BR";"BRASIL";116;"PIMENTA BUENO";9;1;"Presidente";280000614517;17;"JAIR MESSIAS BOLSONARO";"JAIR BOLSONARO";"#NULO#";12;"APTO";2;"DEFERIDO";-3;"#NE";-3;"#NE";-3;"#NE";"COLIGAÇÃO";17;"PSL";"Partido Social Liberal";-1;"#NULO#";"#NULO#";"#NULO#";280000050386;"BRASIL ACIMA DE TUDO, DEUS ACIMA DE TODOS";"PSL / PRTB";"N";15045;"Válido";15045;1;"ELEITO"
"13/11/2024";"10:56:11";2018;2;"Eleição Ordinária";1;295;"ELEIÇÃO GERAL FEDERAL 2018";"07/10/2018";"F";"RO";"BR";"BRASIL";701;"PARECIS";19;1;"Presidente";280000614517;17;"JAIR MESSIAS BOLSONARO";"JAIR BOLSONARO";"#NULO#";12;"APTO";2;"DEFERIDO";-3;"#NE";-3;"#NE";-3;"#NE";"COLIGAÇÃO";17;"PSL";"Partido Social Liberal";-1;"#NULO#";"#NULO#";"#NULO#";280000050386;"BRASIL ACIMA DE TUDO, DEUS ACIMA DE TODOS";"PSL / PRTB";"N";1143;"Válido";1143;6;"2º TURNO"
"13/11/2024";"10:56:11";2018;2;"Eleição Ordinária";1;295;"ELEIÇÃO GERAL FEDERAL 2018";"07/10/2018";"F";"RO";"BR";"BRASIL";256;"ESPIGÃO DO OESTE";12;1;"Presidente";280000624082;54;"JOÃO VICENTE FONTELLA GOULART";"JOÃO GOULART FILHO";"#NULO#";12;"APTO";2;"DEFERIDO";-3;"#NE";-3;"#NE";-3;"#NE";"PARTIDO ISOLADO";54;"PPL";"Partido Pátria Livre";-1;"#NULO#";"#NULO#";"#NULO#";280000050638;"PARTIDO ISOLADO";"PPL";"N";1;"Válido";1;4;"NÃO ELEITO"
"13/11/2024";"10:56:11";2018;2;"Eleição Ordinária";1;295;"ELEIÇÃO GERAL FEDERAL 2018";"07/10/2018";"F";"RO";"BR";"BRASIL";450;"CABIXI";8;1;"Presidente";280000601173;16;"VERA LUCIA PEREIRA DA SILVA SALGADO";"VERA";"#NULO#";12;"APTO";2;"DEFERIDO";-3;"#NE";-3;"#NE";-3;"#NE";"PARTIDO ISOLADO";16;"PSTU";"Partido Socialista dos Trabalhadores Unificado";-1;"#NULO#";"#NULO#";"#NULO#";280000050040;"PARTIDO ISOLADO";"PSTU";"N";1;"Válido";1;4;"NÃO ELEITO"
"13/11/2024";"10:56:11";2018;2;"Eleição Ordinária";1;295;"ELEIÇÃO GERAL FEDERAL 2018";"07/10/2018";"F";"RO";"BR";"BRASIL";213;"COSTA MARQUES";5;1;"Presidente";280000602477;45;"GERALDO JOSÉ RODRIGUES ALCKMIN FILHO";"GERALDO ALCKMIN";"#NULO#";12;"APTO";2;"DEFERIDO";-3;"#NE";-3;"#NE";-3;"#NE";"COLIGAÇÃO";45;"PSDB";"Partido da Social Democracia Brasileira";-1;"#NULO#";"#NULO#";"#NULO#";280000050070;"PARA UNIR O BRASIL";"PSDB / PTB / PP / PR / DEM / SOLIDARIEDADE / PPS / PRB / PSD";"N";411;"Válido";411;4;"NÃO ELEITO"
"13/11/2024";"10:56:11";2018;2;"Eleição Ordinária";1;295;"ELEIÇÃO GERAL FEDERAL 2018";"07/10/2018";"F";"RO";"BR";"BRASIL";175;"OURO PRETO DO OESTE";13;1;"Presidente";280000602477;45;"GERALDO JOSÉ RODRIGUES ALCKMIN FILHO";"GERALDO ALCKMIN";"#NULO#";12;"APTO";2;"DEFERIDO";-3;"#NE";-3;"#NE";-3;"#NE";"COLIGAÇÃO";45;"PSDB";"Partido da Social Democracia Brasileira";-1;"#NULO#";"#NULO#";"#NULO#";280000050070;"PARA UNIR O BRASIL";"PSDB / PTB / PP / PR / DEM / SOLIDARIEDADE / PPS / PRB / PSD";"N";810;"Válido";810;4;"NÃO ELEITO"
"13/11/2024";"10:56:11";2018;2;"Eleição Ordinária";1;295;"ELEIÇÃO GERAL FEDERAL 2018";"07/10/2018";"F";"RO";"BR";"BRASIL";299;"ROLIM DE MOURA";29;1;"Presidente";280000624082;54;"JOÃO VICENTE FONTELLA GOULART";"JOÃO GOULART FILHO";"#NULO#";12;"APTO";2;"DEFERIDO";-3;"#NE";-3;"#NE";-3;"#NE";"PARTIDO ISOLADO";54;"PPL";"Partido Pátria Livre";-1;"#NULO#";"#NULO#";"#NULO#";280000050638;"PARTIDO ISOLADO";"PPL";"N";2;"Válido";2;4;"NÃO ELEITO"
"13/11/2024";"10:56:11";2018;2;"Eleição Ordinária";1;295;"ELEIÇÃO GERAL FEDERAL 2018";"07/10/2018";"F";"RO";"BR";"BRASIL";779;"BURITIS";34;1;"Presidente";280000602500;51;"BENEVENUTO DACIOLO FONSECA DOS SANTOS";"CABO DACIOLO";"#NULO#";12;"APTO";2;"DEFERIDO";-3;"#NE";-3;"#NE";-3;"#NE";"PARTIDO ISOLADO";51;"PATRI";"Patriota";-1;"#NULO#";"#NULO#";"#NULO#";280000050072;"PARTIDO ISOLADO";"PATRI";"N";76;"Válido";76;4;"NÃO ELEITO"
"13/11/2024";"10:56:11";2018;2;"Eleição Ordinária";1;295;"ELEIÇÃO GERAL FEDERAL 2018";"07/10/2018";"F";"RO";"BR";"BRASIL";272;"CEREJEIRAS";16;1;"Presidente";280000601173;16;"VERA LUCIA PEREIRA DA SILVA SALGADO";"VERA";"#NULO#";12;"APTO";2;"DEFERIDO";-3;"#NE";-3;"#NE";-3;"#NE";"PARTIDO ISOLADO";16;"PSTU";"Partido Socialista dos Trabalhadores Unificado";-1;"#NULO#";"#NULO#";"#NULO#";280000050040;"PARTIDO ISOLADO";"PSTU";"N";3;"Válido";3;4;"NÃO ELEITO"
"13/11/2024";"10:56:11";2018;2;"Eleição Ordinária";1;295;"ELEIÇÃO GERAL FEDERAL 2018";"07/10/2018";"F";"RO";"BR";"BRASIL";51;"JI-PARANÁ";30;1;"Presidente";280000601173;16;"VERA LUCIA PEREIRA DA SILVA SALGADO";"VERA";"#NULO#";12;"APTO";2;"DEFERIDO";-3;"#NE";-3;"#NE";-3;"#NE";"PARTIDO ISOLADO";16;"PSTU";"Partido Socialista dos Trabalhadores Unificado";-1;"#NULO#";"#NULO#";"#NULO#";280000050040;"PARTIDO ISOLADO";"PSTU";"N";13;"Válido";13;4;"NÃO ELEITO"
"13/11/2024";"10:56:11";2018;2;"Eleição Ordinária";1;295;"ELEIÇÃO GERAL FEDERAL 2018";"07/10/2018";"F";"RO";"BR";"BRASIL";655;"CORUMBIARA";16;1;"Presidente";280000602500;51;"BENEVENUTO DACIOLO FONSECA DOS SANTOS";"CABO DACIOLO";"#NULO#";12;"APTO";2;"DEFERIDO";-3;"#NE";-3;"#NE";-3;"#NE";"PARTIDO ISOLADO";51;"PATRI";"Patriota";-1;"#NULO#";"#NULO#";"#NULO#";280000050072;"PARTIDO ISOLADO";"PATRI";"N";17;"Válido";17;4;"NÃO ELEITO"
"13/11/2024";"10:56:11";2018;2;"Eleição Ordinária";1;295;"ELEIÇÃO GERAL FEDERAL 2018";"07/10/2018";"F";"RO";"BR";"BRASIL";515;"NOVO HORIZONTE DO OESTE";15;1;"Presidente";280000602500;51;"BENEVENUTO DACIOLO FONSECA DOS SANTOS";"CABO DACIOLO";"#NULO#";12;"APTO";2;"DEFERIDO";-3;"#NE";-3;"#NE";-3;"#NE";"PARTIDO ISOLADO";51;"PATRI";"Patriota";-1;"#NULO#";"#NULO#";"#NULO#";280000050072;"PARTIDO ISOLADO";"PATRI";"N";8;"Válido";8;4;"NÃO ELEITO"
"13/11/2024";"10:56:11";2018;2;"Eleição Ordinária";1;295;"ELEIÇÃO GERAL FEDERAL 2018";"07/10/2018";"F";"RO";"BR";"BRASIL";337;"ALVORADA DO OESTE";18;1;"Presidente";280000602477;45;"GERALDO JOSÉ RODRIGUES ALCKMIN FILHO";"GERALDO ALCKMIN";"#NULO#";12;"APTO";2;"DEFERIDO";-3;"#NE";-3;"#NE";-3;"#NE";"COLIGAÇÃO";45;"PSDB";"Partido da Social Democracia Brasileira";-1;"#NULO#";"#NULO#";"#NULO#";280000050070;"PARA UNIR O BRASIL";"PSDB / PTB / PP / PR / DEM / SOLIDARIEDADE / PPS / PRB / PSD";"N";464;"Válido";464;4;"NÃO ELEITO"
"13/11/2024";"10:56:11";2018;2;"Eleição Ordinária";1;295;"ELEIÇÃO GERAL FEDERAL 2018";"07/10/2018";"F";"RO";"BR";"BRASIL";299;"ROLIM DE MOURA";29;1;"Presidente";280000602477;45;"GERALDO JOSÉ RODRIGUES ALCKMIN FILHO";"GERALDO ALCKMIN";"#NULO#";12;"APTO";2;"DEFERIDO";-3;"#NE";-3;"#NE";-3;"#NE";"COLIGAÇÃO";45;"PSDB";"Partido da Social Democracia Brasileira";-1;"#NULO#";"#NULO#";"#NULO#";280000050070;"PARA UNIR O BRASIL";"PSDB / PTB / PP / PR / DEM / SOLIDARIEDADE / PPS / PRB / PSD";"N";1254;"Válido";1254;4;"NÃO ELEITO"
"13/11/2024";"10:56:11";2018;2;"Eleição Ordinária";1;295;"ELEIÇÃO GERAL FEDERAL 2018";"07/10/2018";"F";"RO";"BR";"BRASIL";795;"SÃO FRANCISCO DO GUAPORÉ";5;1;"Presidente";280000602477;45;"GERALDO JOSÉ RODRIGUES ALCKMIN FILHO";"GERALDO ALCKMIN";"#NULO#";12;"APTO";2;"DEFERIDO";-3;"#NE";-3;"#NE";-3;"#NE";"COLIGAÇÃO";45;"PSDB";"Partido da Social Democracia Brasileira";-1;"#NULO#";"#NULO#";"#NULO#";280000050070;"PARA UNIR O BRASIL";"PSDB / PTB / PP / PR / DEM / SOLIDARIEDADE / PPS / PRB / PSD";"N";416;"Válido";416;4;"NÃO ELEITO"
"13/11/2024";"10:56:11";2018;2;"Eleição Ordinária";1;295;"ELEIÇÃO GERAL FEDERAL 2018";"07/10/2018";"F";"RO";"BR";"BRASIL";353;"SANTA LUZIA D OESTE";19;1;"Presidente";280000624082;54;"JOÃO VICENTE FONTELLA GOULART";"JOÃO GOULART FILHO";"#NULO#";12;"APTO";2;"DEFERIDO";-3;"#NE";-3;"#NE";-3;"#NE";"PARTIDO ISOLADO";54;"PPL";"Partido Pátria Livre";-1;"#NULO#";"#NULO#";"#NULO#";280000050638;"PARTIDO ISOLADO";"PPL";"N";3;"Válido";3;4;"NÃO ELEITO"
"13/11/2024";"10:56:11";2018;2;"Eleição Ordinária";1;295;"ELEIÇÃO GERAL FEDERAL 2018";"07/10/2018";"F";"RO";"BR";"BRASIL";574;"MIRANTE DA SERRA";28;1;"Presidente";280000602500;51;"BENEVENUTO DACIOLO FONSECA DOS SANTOS";"CABO DACIOLO";"#NULO#";12;"APTO";2;"DEFERIDO";-3;"#NE";-3;"#NE";-3;"#NE";"PARTIDO ISOLADO";51;"PATRI";"Patriota";-1;"#NULO#";"#NULO#";"#NULO#";280000050072;"PARTIDO ISOLADO";"PATRI";"N";42;"Válido";42;4;"NÃO ELEITO"
"13/11/2024";"10:56:11";2018;2;"Eleição Ordinária";1;295;"ELEIÇÃO GERAL FEDERAL 2018";"07/10/2018";"F";"RO";"BR";"BRASIL";418;"SÃO MIGUEL DO GUAPORÉ";35;1;"Presidente";280000601173;16;"VERA LUCIA PEREIRA DA SILVA SALGADO";"VERA";"#NULO#";12;"APTO";2;"DEFERIDO";-3;"#NE";-3;"#NE";-3;"#NE";"PARTIDO ISOLADO";16;"PSTU";"Partido Socialista dos Trabalhadores Unificado";-1;"#NULO#";"#NULO#";"#NULO#";280000050040;"PARTIDO ISOLADO";"PSTU";"N";6;"Válido";6;4;"NÃO ELEITO"
"13/11/2024";"10:56:11";2018;2;"Eleição Ordinária";1;295;"ELEIÇÃO GERAL FEDERAL 2018";"07/10/2018";"F";"RO";"BR";"BRASIL";51;"JI-PARANÁ";3;1;"Presidente";280000601173;16;"VERA LUCIA PEREIRA DA SILVA SALGADO";"VERA";"#NULO#";12;"APTO";2;"DEFERIDO";-3;"#NE";-3;"#NE";-3;"#NE";"PARTIDO ISOLADO";16;"PSTU";"Partido Socialista dos Trabalhadores Unificado";-1;"#NULO#";"#NULO#";"#NULO#";280000050040;"PARTIDO ISOLADO";"PSTU";"N";6;"Válido";6;4;"NÃO ELEITO"
"13/11/2024";"10:56:11";2018;2;"Eleição Ordinária";1;295;"ELEIÇÃO GERAL FEDERAL 2018";"07/10/2018";"F";"RO";"BR";"BRASIL";434;"NOVA MAMORÉ";1;1;"Presidente";280000601173;16;"VERA LUCIA PEREIRA DA SILVA SALGADO";"VERA";"#NULO#";12;"APTO";2;"DEFERIDO";-3;"#NE";-3;"#NE";-3;"#NE";"PARTIDO ISOLADO";16;"PSTU";"Partido Socialista dos Trabalhadores Unificado";-1;"#NULO#";"#NULO#";"#NULO#";280000050040;"PARTIDO ISOLADO";"PSTU";"N";4;"Válido";4;4;"NÃO ELEITO"
"13/11/2024";"10:56:11";2018;2;"Eleição Ordinária";1;295;"ELEIÇÃO GERAL FEDERAL 2018";"07/10/2018";"F";"RO";"BR";"BRASIL";680;"CUJUBIM";26;1;"Presidente";280000602500;51;"BENEVENUTO DACIOLO FONSECA DOS SANTOS";"CABO DACIOLO";"#NULO#";12;"APTO";2;"DEFERIDO";-3;"#NE";-3;"#NE";-3;"#NE";"PARTIDO ISOLADO";51;"PATRI";"Patriota";-1;"#NULO#";"#NULO#";"#NULO#";280000050072;"PARTIDO ISOLADO";"PATRI";"N";29;"Válido";29;4;"NÃO ELEITO"
"13/11/2024";"10:56:11";2018;2;"Eleição Ordinária";1;295;"ELEIÇÃO GERAL FEDERAL 2018";"07/10/2018";"F";"RO";"BR";"BRASIL";396;"MACHADINHO D OESTE";32;1;"Presidente";280000602477;45;"GERALDO JOSÉ RODRIGUES ALCKMIN FILHO";"GERALDO ALCKMIN";"#NULO#";12;"APTO";2;"DEFERIDO";-3;"#NE";-3;"#NE";-3;"#NE";"COLIGAÇÃO";45;"PSDB";"Partido da Social Democracia Brasileira";-1;"#NULO#";"#NULO#";"#NULO#";280000050070;"PARA UNIR O BRASIL";"PSDB / PTB / PP / PR / DEM / SOLIDARIEDADE / PPS / PRB / PSD";"N";984;"Válido";984;4;"NÃO ELEITO"
"13/11/2024";"10:56:11";2018;2;"Eleição Ordinária";1;295;"ELEIÇÃO GERAL FEDERAL 2018";"07/10/2018";"F";"RO";"BR";"BRASIL";671;"CAMPO NOVO DE RONDÔNIA";34;1;"Presidente";280000602500;51;"BENEVENUTO DACIOLO FONSECA DOS SANTOS";"CABO DACIOLO";"#NULO#";12;"APTO";2;"DEFERIDO";-3;"#NE";-3;"#NE";-3;"#NE";"PARTIDO ISOLADO";51;"PATRI";"Patriota";-1;"#NULO#";"#NULO#";"#NULO#";280000050072;"PARTIDO ISOLADO";"PATRI";"N";38;"Válido";38;4;"NÃO ELEITO"
"13/11/2024";"10:56:11";2018;2;"Eleição Ordinária";1;295;"ELEIÇÃO GERAL FEDERAL 2018";"07/10/2018";"F";"RO";"BR";"BRASIL";582;"SERINGUEIRAS";35;1;"Presidente";280000601173;16;"VERA LUCIA PEREIRA DA SILVA SALGADO";"VERA";"#NULO#";12;"APTO";2;"DEFERIDO";-3;"#NE";-3;"#NE";-3;"#NE";"PARTIDO ISOLADO";16;"PSTU";"Partido Socialista dos Trabalhadores Unificado";-1;"#NULO#";"#NULO#";"#NULO#";280000050040;"PARTIDO ISOLADO";"PSTU";"N";3;"Válido";3;4;"NÃO ELEITO"
"13/11/2024";"10:56:11";2018;2;"Eleição Ordinária";1;295;"ELEIÇÃO GERAL FEDERAL 2018";"07/10/2018";"F";"RO";"BR";"BRASIL";701;"PARECIS";19;1;"Presidente";280000602500;51;"BENEVENUTO DACIOLO FONSECA DOS SANTOS";"CABO DACIOLO";"#NULO#";12;"APTO";2;"DEFERIDO";-3;"#NE";-3;"#NE";-3;"#NE";"PARTIDO ISOLADO";51;"PATRI";"Patriota";-1;"#NULO#";"#NULO#";"#NULO#";280000050072;"PARTIDO ISOLADO";"PATRI";"N";6;"Válido";6;4;"NÃO ELEITO"
"13/11/2024";"10:56:11";2018;2;"Eleição Ordinária";1;295;"ELEIÇÃO GERAL FEDERAL 2018";"07/10/2018";"F";"RO";"BR";"BRASIL";230;"COLORADO DO OESTE";8;1;"Presidente";280000624082;54;"JOÃO VICENTE FONTELLA GOULART";"JOÃO GOULART FILHO";"#NULO#";12;"APTO";2;"DEFERIDO";-3;"#NE";-3;"#NE";-3;"#NE";"PARTIDO ISOLADO";54;"PPL";"Partido Pátria Livre";-1;"#NULO#";"#NULO#";"#NULO#";280000050638;"PARTIDO ISOLADO";"PPL";"N";1;"Válido";1;4;"NÃO ELEITO"
"13/11/2024";"10:56:11";2018;2;"Eleição Ordinária";1;295;"ELEIÇÃO GERAL FEDERAL 2018";"07/10/2018";"F";"RO";"BR";"BRASIL";159;"JARU";10;1;"Presidente";280000624082;54;"JOÃO VICENTE FONTELLA GOULART";"JOÃO GOULART FILHO";"#NULO#";12;"APTO";2;"DEFERIDO";-3;"#NE";-3;"#NE";-3;"#NE";"PARTIDO ISOLADO";54;"PPL";"Partido Pátria Livre";-1;"#NULO#";"#NULO#";"#NULO#";280000050638;"PARTIDO ISOLADO";"PPL";"N";1;"Válido";1;4;"NÃO ELEITO"
"13/11/2024";"10:56:11";2018;2;"Eleição Ordinária";1;295;"ELEIÇÃO GERAL FEDERAL 2018";"07/10/2018";"F";"RO";"BR";"BRASIL";116;"PIMENTA BUENO";9;1;"Presidente";280000614517;17;"JAIR MESSIAS BOLSONARO";"JAIR BOLSONARO";"#NULO#";12;"APTO";2;"DEFERIDO";-3;"#NE";-3;"#NE";-3;"#NE";"COLIGAÇÃO";17;"PSL";"Partido Social Liberal";-1;"#NULO#";"#NULO#";"#NULO#";280000050386;"BRASIL ACIMA DE TUDO, DEUS ACIMA DE TODOS";"PSL / PRTB";"N";13591;"Válido";13591;6;"2º TURNO"
"13/11/2024";"10:56:11";2018;2;"Eleição Ordinária";1;295;"ELEIÇÃO GERAL FEDERAL 2018";"07/10/2018";"F";"RO";"BR";"BRASIL";531;"CASTANHEIRAS";15;1;"Presidente";280000602477;45;"GERALDO JOSÉ RODRIGUES ALCKMIN FILHO";"GERALDO ALCKMIN";"#NULO#";12;"APTO";2;"DEFERIDO";-3;"#NE";-3;"#NE";-3;"#NE";"COLIGAÇÃO";45;"PSDB";"Partido da Social Democracia Brasileira";-1;"#NULO#";"#NULO#";"#NULO#";280000050070;"PARA UNIR O BRASIL";"PSDB / PTB / PP / PR / DEM / SOLIDARIEDADE / PPS / PRB / PSD";"N";144;"Válido";144;4;"NÃO ELEITO"
"13/11/2024";"10:56:11";2018;2;"Eleição Ordinária";2;296;"ELEIÇÃO GERAL FEDERAL 2018";"28/10/2018";"F";"RO";"BR";"BRASIL";655;"CORUMBIARA";16;1;"Presidente";280000614517;17;"JAIR MESSIAS BOLSONARO";"JAIR BOLSONARO";"#NULO#";12;"APTO";2;"DEFERIDO";-3;"#NE";-3;"#NE";-3;"#NE";"COLIGAÇÃO";17;"PSL";"Partido Social Liberal";-1;"#NULO#";"#NULO#";"#NULO#";280000050386;"BRASIL ACIMA DE TUDO, DEUS ACIMA DE TODOS";"PSL / PRTB";"N";2585;"Válido";2585;1;"ELEITO"
"13/11/2024";"10:56:11";2018;2;"Eleição Ordinária";1;295;"ELEIÇÃO GERAL FEDERAL 2018";"07/10/2018";"F";"RO";"BR";"BRASIL";752;"TEIXEIRÓPOLIS";13;1;"Presidente";280000614517;17;"JAIR MESSIAS BOLSONARO";"JAIR BOLSONARO";"#NULO#";12;"APTO";2;"DEFERIDO";-3;"#NE";-3;"#NE";-3;"#NE";"COLIGAÇÃO";17;"PSL";"Partido Social Liberal";-1;"#NULO#";"#NULO#";"#NULO#";280000050386;"BRASIL ACIMA DE TUDO, DEUS ACIMA DE TODOS";"PSL / PRTB";"N";1639;"Válido";1639;6;"2º TURNO"
"13/11/2024";"10:56:11";2018;2;"Eleição Ordinária";1;295;"ELEIÇÃO GERAL FEDERAL 2018";"07/10/2018";"F";"RO";"BR";"BRASIL";493;"ITAPUÃ DO OESTE";2;1;"Presidente";280000614517;17;"JAIR MESSIAS BOLSONARO";"JAIR BOLSONARO";"#NULO#";12;"APTO";2;"DEFERIDO";-3;"#NE";-3;"#NE";-3;"#NE";"COLIGAÇÃO";17;"PSL";"Partido Social Liberal";-1;"#NULO#";"#NULO#";"#NULO#";280000050386;"BRASIL ACIMA DE TUDO, DEUS ACIMA DE TODOS";"PSL / PRTB";"N";2443;"Válido";2443;6;"2º TURNO"
"13/11/2024";"10:56:11";2018;2;"Eleição Ordinária";1;295;"ELEIÇÃO GERAL FEDERAL 2018";"07/10/2018";"F";"RO";"BR";"BRASIL";175;"OURO PRETO DO OESTE";13;1;"Presidente";280000618462;19;"ALVARO FERNANDES DIAS";"ALVARO DIAS";"#NULO#";12;"APTO";2;"DEFERIDO";-3;"#NE";-3;"#NE";-3;"#NE";"COLIGAÇÃO";19;"PODE";"Podemos";-1;"#NULO#";"#NULO#";"#NULO#";280000050478;"MUDANÇA DE VERDADE";"PODE / PRP / PSC / PTC";"N";209;"Válido";209;4;"NÃO ELEITO"
"13/11/2024";"10:56:11";2018;2;"Eleição Ordinária";1;295;"ELEIÇÃO GERAL FEDERAL 2018";"07/10/2018";"F";"RO";"BR";"BRASIL";566;"URUPÁ";18;1;"Presidente";280000624085;27;"JOSE MARIA EYMAEL";"EYMAEL";"#NULO#";12;"APTO";2;"DEFERIDO";-3;"#NE";-3;"#NE";-3;"#NE";"PARTIDO ISOLADO";27;"DC";"Democracia Cristã";-1;"#NULO#";"#NULO#";"#NULO#";280000050639;"PARTIDO ISOLADO";"DC";"N";1;"Válido";1;4;"NÃO ELEITO"
"13/11/2024";"10:56:11";2018;2;"Eleição Ordinária";1;295;"ELEIÇÃO GERAL FEDERAL 2018";"07/10/2018";"F";"RO";"BR";"BRASIL";434;"NOVA MAMORÉ";1;1;"Presidente";280000614517;17;"JAIR MESSIAS BOLSONARO";"JAIR BOLSONARO";"#NULO#";12;"APTO";2;"DEFERIDO";-3;"#NE";-3;"#NE";-3;"#NE";"COLIGAÇÃO";17;"PSL";"Partido Social Liberal";-1;"#NULO#";"#NULO#";"#NULO#";280000050386;"BRASIL ACIMA DE TUDO, DEUS ACIMA DE TODOS";"PSL / PRTB";"N";8238;"Válido";8238;6;"2º TURNO"
"13/11/2024";"10:56:11";2018;2;"Eleição Ordinária";1;295;"ELEIÇÃO GERAL FEDERAL 2018";"07/10/2018";"F";"RO";"BR";"BRASIL";590;"THEOBROMA";27;1;"Presidente";280000618462;19;"ALVARO FERNANDES DIAS";"ALVARO DIAS";"#NULO#";12;"APTO";2;"DEFERIDO";-3;"#NE";-3;"#NE";-3;"#NE";"COLIGAÇÃO";19;"PODE";"Podemos";-1;"#NULO#";"#NULO#";"#NULO#";280000050478;"MUDANÇA DE VERDADE";"PODE / PRP / PSC / PTC";"N";76;"Válido";76;4;"NÃO ELEITO"
"13/11/2024";"10:56:11";2018;2;"Eleição Ordinária";1;295;"ELEIÇÃO GERAL FEDERAL 2018";"07/10/2018";"F";"RO";"BR";"BRASIL";418;"SÃO MIGUEL DO GUAPORÉ";35;1;"Presidente";280000614517;17;"JAIR MESSIAS BOLSONARO";"JAIR BOLSONARO";"#NULO#";12;"APTO";2;"DEFERIDO";-3;"#NE";-3;"#NE";-3;"#NE";"COLIGAÇÃO";17;"PSL";"Partido Social Liberal";-1;"#NULO#";"#NULO#";"#NULO#";280000050386;"BRASIL ACIMA DE TUDO, DEUS ACIMA DE TODOS";"PSL / PRTB";"N";6345;"Válido";6345;6;"2º TURNO"
"13/11/2024";"10:56:11";2018;2;"Eleição Ordinária";1;295;"ELEIÇÃO GERAL FEDERAL 2018";"07/10/2018";"F";"RO";"BR";"BRASIL";116;"PIMENTA BUENO";9;1;"Presidente";280000602500;51;"BENEVENUTO DACIOLO FONSECA DOS SANTOS";"CABO DACIOLO";"#NULO#";12;"APTO";2;"DEFERIDO";-3;"#NE";-3;"#NE";-3;"#NE";"PARTIDO ISOLADO";51;"PATRI";"Patriota";-1;"#NULO#";"#NULO#";"#NULO#";280000050072;"PARTIDO ISOLADO";"PATRI";"N";169;"Válido";169;4;"NÃO ELEITO"
"13/11/2024";"10:56:11";2018;2;"Eleição Ordinária";1;295;"ELEIÇÃO GERAL FEDERAL 2018";"07/10/2018";"F";"RO";"BR";"BRASIL";310;"ALTA FLORESTA D OESTE";17;1;"Presidente";280000624085;27;"JOSE MARIA EYMAEL";"EYMAEL";"#NULO#";12;"APTO";2;"DEFERIDO";-3;"#NE";-3;"#NE";-3;"#NE";"PARTIDO ISOLADO";27;"DC";"Democracia Cristã";-1;"#NULO#";"#NULO#";"#NULO#";280000050639;"PARTIDO ISOLADO";"DC";"N";4;"Válido";4;4;"NÃO ELEITO"
"13/11/2024";"10:56:11";2018;2;"Eleição Ordinária";1;295;"ELEIÇÃO GERAL FEDERAL 2018";"07/10/2018";"F";"RO";"BR";"BRASIL";752;"TEIXEIRÓPOLIS";13;1;"Presidente";280000601173;16;"VERA LUCIA PEREIRA DA SILVA SALGADO";"VERA";"#NULO#";12;"APTO";2;"DEFERIDO";-3;"#NE";-3;"#NE";-3;"#NE";"PARTIDO ISOLADO";16;"PSTU";"Partido Socialista dos Trabalhadores Unificado";-1;"#NULO#";"#NULO#";"#NULO#";280000050040;"PARTIDO ISOLADO";"PSTU";"N";1;"Válido";1;4;"NÃO ELEITO"
"13/11/2024";"10:56:11";2018;2;"Eleição Ordinária";1;295;"ELEIÇÃO GERAL FEDERAL 2018";"07/10/2018";"F";"RO";"BR";"BRASIL";94;"CACOAL";11;1;"Presidente";280000602500;51;"BENEVENUTO DACIOLO FONSECA DOS SANTOS";"CABO DACIOLO";"#NULO#";12;"APTO";2;"DEFERIDO";-3;"#NE";-3;"#NE";-3;"#NE";"PARTIDO ISOLADO";51;"PATRI";"Patriota";-1;"#NULO#";"#NULO#";"#NULO#";280000050072;"PARTIDO ISOLADO";"PATRI";"N";258;"Válido";258;4;"NÃO ELEITO"
"13/11/2024";"10:56:11";2018;2;"Eleição Ordinária";2;296;"ELEIÇÃO GERAL FEDERAL 2018";"28/10/2018";"F";"RO";"BR";"BRASIL";515;"NOVO HORIZONTE DO OESTE";15;1;"Presidente";280000614517;17;"JAIR MESSIAS BOLSONARO";"JAIR BOLSONARO";"#NULO#";12;"APTO";2;"DEFERIDO";-3;"#NE";-3;"#NE";-3;"#NE";"COLIGAÇÃO";17;"PSL";"Partido Social Liberal";-1;"#NULO#";"#NULO#";"#NULO#";280000050386;"BRASIL ACIMA DE TUDO, DEUS ACIMA DE TODOS";"PSL / PRTB";"N";3152;"Válido";3152;1;"ELEITO"
"13/11/2024";"10:56:11";2018;2;"Eleição Ordinária";2;296;"ELEIÇÃO GERAL FEDERAL 2018";"28/10/2018";"F";"RO";"BR";"BRASIL";680;"CUJUBIM";26;1;"Presidente";280000614517;17;"JAIR MESSIAS BOLSONARO";"JAIR BOLSONARO";"#NULO#";12;"APTO";2;"DEFERIDO";-3;"#NE";-3;"#NE";-3;"#NE";"COLIGAÇÃO";17;"PSL";"Partido Social Liberal";-1;"#NULO#";"#NULO#";"#NULO#";280000050386;"BRASIL ACIMA DE TUDO, DEUS ACIMA DE TODOS";"PSL / PRTB";"N";4975;"Válido";4975;1;"ELEITO"
"13/11/2024";"10:56:11";2018;2;"Eleição Ordinária";1;295;"ELEIÇÃO GERAL FEDERAL 2018";"07/10/2018";"F";"RO";"BR";"BRASIL";191;"PRESIDENTE MÉDICI";3;1;"Presidente";280000618462;19;"ALVARO FERNANDES DIAS";"ALVARO DIAS";"#NULO#";12;"APTO";2;"DEFERIDO";-3;"#NE";-3;"#NE";-3;"#NE";"COLIGAÇÃO";19;"PODE";"Podemos";-1;"#NULO#";"#NULO#";"#NULO#";280000050478;"MUDANÇA DE VERDADE";"PODE / PRP / PSC / PTC";"N";162;"Válido";162;4;"NÃO ELEITO"
"13/11/2024";"10:56:11";2018;2;"Eleição Ordinária";1;295;"ELEIÇÃO GERAL FEDERAL 2018";"07/10/2018";"F";"RO";"BR";"BRASIL";450;"CABIXI";8;1;"Presidente";280000614517;17;"JAIR MESSIAS BOLSONARO";"JAIR BOLSONARO";"#NULO#";12;"APTO";2;"DEFERIDO";-3;"#NE";-3;"#NE";-3;"#NE";"COLIGAÇÃO";17;"PSL";"Partido Social Liberal";-1;"#NULO#";"#NULO#";"#NULO#";280000050386;"BRASIL ACIMA DE TUDO, DEUS ACIMA DE TODOS";"PSL / PRTB";"N";1918;"Válido";1918;6;"2º TURNO"
"13/11/2024";"10:56:11";2018;2;"Eleição Ordinária";1;295;"ELEIÇÃO GERAL FEDERAL 2018";"07/10/2018";"F";"RO";"BR";"BRASIL";78;"ARIQUEMES";7;1;"Presidente";280000624082;54;"JOÃO VICENTE FONTELLA GOULART";"JOÃO GOULART FILHO";"#NULO#";12;"APTO";2;"DEFERIDO";-3;"#NE";-3;"#NE";-3;"#NE";"PARTIDO ISOLADO";54;"PPL";"Partido Pátria Livre";-1;"#NULO#";"#NULO#";"#NULO#";280000050638;"PARTIDO ISOLADO";"PPL";"N";5;"Válido";5;4;"NÃO ELEITO"
"13/11/2024";"10:56:11";2018;2;"Eleição Ordinária";1;295;"ELEIÇÃO GERAL FEDERAL 2018";"07/10/2018";"F";"RO";"BR";"BRASIL";132;"VILHENA";4;1;"Presidente";280000624082;54;"JOÃO VICENTE FONTELLA GOULART";"JOÃO GOULART FILHO";"#NULO#";12;"APTO";2;"DEFERIDO";-3;"#NE";-3;"#NE";-3;"#NE";"PARTIDO ISOLADO";54;"PPL";"Partido Pátria Livre";-1;"#NULO#";"#NULO#";"#NULO#";280000050638;"PARTIDO ISOLADO";"PPL";"N";5;"Válido";5;4;"NÃO ELEITO"
"13/11/2024";"10:56:11";2018;2;"Eleição Ordinária";1;295;"ELEIÇÃO GERAL FEDERAL 2018";"07/10/2018";"F";"RO";"BR";"BRASIL";35;"PORTO VELHO";6;1;"Presidente";280000624082;54;"JOÃO VICENTE FONTELLA GOULART";"JOÃO GOULART FILHO";"#NULO#";12;"APTO";2;"DEFERIDO";-3;"#NE";-3;"#NE";-3;"#NE";"PARTIDO ISOLADO";54;"PPL";"Partido Pátria Livre";-1;"#NULO#";"#NULO#";"#NULO#";280000050638;"PARTIDO ISOLADO";"PPL";"N";17;"Válido";17;4;"NÃO ELEITO"
"13/11/2024";"10:56:11";2018;2;"Eleição Ordinária";1;295;"ELEIÇÃO GERAL FEDERAL 2018";"07/10/2018";"F";"RO";"BR";"BRASIL";35;"PORTO VELHO";21;1;"Presidente";280000624082;54;"JOÃO VICENTE FONTELLA GOULART";"JOÃO GOULART FILHO";"#NULO#";12;"APTO";2;"DEFERIDO";-3;"#NE";-3;"#NE";-3;"#NE";"PARTIDO ISOLADO";54;"PPL";"Partido Pátria Livre";-1;"#NULO#";"#NULO#";"#NULO#";280000050638;"PARTIDO ISOLADO";"PPL";"N";3;"Válido";3;4;"NÃO ELEITO"
"13/11/2024";"10:56:11";2018;2;"Eleição Ordinária";1;295;"ELEIÇÃO GERAL FEDERAL 2018";"07/10/2018";"F";"RO";"BR";"BRASIL";35;"PORTO VELHO";20;1;"Presidente";280000624082;54;"JOÃO VICENTE FONTELLA GOULART";"JOÃO GOULART FILHO";"#NULO#";12;"APTO";2;"DEFERIDO";-3;"#NE";-3;"#NE";-3;"#NE";"PARTIDO ISOLADO";54;"PPL";"Partido Pátria Livre";-1;"#NULO#";"#NULO#";"#NULO#";280000050638;"PARTIDO ISOLADO";"PPL";"N";16;"Válido";16;4;"NÃO ELEITO"
"13/11/2024";"10:56:11";2018;2;"Eleição Ordinária";1;295;"ELEIÇÃO GERAL FEDERAL 2018";"07/10/2018";"F";"RO";"BR";"BRASIL";35;"PORTO VELHO";2;1;"Presidente";280000624082;54;"JOÃO VICENTE FONTELLA GOULART";"JOÃO GOULART FILHO";"#NULO#";12;"APTO";2;"DEFERIDO";-3;"#NE";-3;"#NE";-3;"#NE";"PARTIDO ISOLADO";54;"PPL";"Partido Pátria Livre";-1;"#NULO#";"#NULO#";"#NULO#";280000050638;"PARTIDO ISOLADO";"PPL";"N";23;"Válido";23;4;"NÃO ELEITO"
"13/11/2024";"10:56:11";2018;2;"Eleição Ordinária";1;295;"ELEIÇÃO GERAL FEDERAL 2018";"07/10/2018";"F";"RO";"BR";"BRASIL";736;"ALTO ALEGRE DOS PARECIS";19;1;"Presidente";280000624082;54;"JOÃO VICENTE FONTELLA GOULART";"JOÃO GOULART FILHO";"#NULO#";12;"APTO";2;"DEFERIDO";-3;"#NE";-3;"#NE";-3;"#NE";"PARTIDO ISOLADO";54;"PPL";"Partido Pátria Livre";-1;"#NULO#";"#NULO#";"#NULO#";280000050638;"PARTIDO ISOLADO";"PPL";"N";2;"Válido";2;4;"NÃO ELEITO"
"13/11/2024";"10:56:11";2018;2;"Eleição Ordinária";1;295;"ELEIÇÃO GERAL FEDERAL 2018";"07/10/2018";"F";"RO";"BR";"BRASIL";574;"MIRANTE DA SERRA";28;1;"Presidente";280000601173;16;"VERA LUCIA PEREIRA DA SILVA SALGADO";"VERA";"#NULO#";12;"APTO";2;"DEFERIDO";-3;"#NE";-3;"#NE";-3;"#NE";"PARTIDO ISOLADO";16;"PSTU";"Partido Socialista dos Trabalhadores Unificado";-1;"#NULO#";"#NULO#";"#NULO#";280000050040;"PARTIDO ISOLADO";"PSTU";"N";1;"Válido";1;4;"NÃO ELEITO"
"13/11/2024";"10:56:11";2018;2;"Eleição Ordinária";2;296;"ELEIÇÃO GERAL FEDERAL 2018";"28/10/2018";"F";"RO";"BR";"BRASIL";434;"NOVA MAMORÉ";1;1;"Presidente";280000614517;17;"JAIR MESSIAS BOLSONARO";"JAIR BOLSONARO";"#NULO#";12;"APTO";2;"DEFERIDO";-3;"#NE";-3;"#NE";-3;"#NE";"COLIGAÇÃO";17;"PSL";"Partido Social Liberal";-1;"#NULO#";"#NULO#";"#NULO#";280000050386;"BRASIL ACIMA DE TUDO, DEUS ACIMA DE TODOS";"PSL / PRTB";"N";8634;"Válido";8634;1;"ELEITO"
"13/11/2024";"10:56:11";2018;2;"Eleição Ordinária";1;295;"ELEIÇÃO GERAL FEDERAL 2018";"07/10/2018";"F";"RO";"BR";"BRASIL";51;"JI-PARANÁ";3;1;"Presidente";280000614517;17;"JAIR MESSIAS BOLSONARO";"JAIR BOLSONARO";"#NULO#";12;"APTO";2;"DEFERIDO";-3;"#NE";-3;"#NE";-3;"#NE";"COLIGAÇÃO";17;"PSL";"Partido Social Liberal";-1;"#NULO#";"#NULO#";"#NULO#";280000050386;"BRASIL ACIMA DE TUDO, DEUS ACIMA DE TODOS";"PSL / PRTB";"N";13455;"Válido";13455;6;"2º TURNO"
"13/11/2024";"10:56:11";2018;2;"Eleição Ordinária";1;295;"ELEIÇÃO GERAL FEDERAL 2018";"07/10/2018";"F";"RO";"BR";"BRASIL";604;"MINISTRO ANDREAZZA";11;1;"Presidente";280000602500;51;"BENEVENUTO DACIOLO FONSECA DOS SANTOS";"CABO DACIOLO";"#NULO#";12;"APTO";2;"DEFERIDO";-3;"#NE";-3;"#NE";-3;"#NE";"PARTIDO ISOLADO";51;"PATRI";"Patriota";-1;"#NULO#";"#NULO#";"#NULO#";280000050072;"PARTIDO ISOLADO";"PATRI";"N";36;"Válido";36;4;"NÃO ELEITO"
"13/11/2024";"10:56:11";2018;2;"Eleição Ordinária";2;296;"ELEIÇÃO GERAL FEDERAL 2018";"28/10/2018";"F";"RO";"BR";"BRASIL";450;"CABIXI";8;1;"Presidente";280000614517;17;"JAIR MESSIAS BOLSONARO";"JAIR BOLSONARO";"#NULO#";12;"APTO";2;"DEFERIDO";-3;"#NE";-3;"#NE";-3;"#NE";"COLIGAÇÃO";17;"PSL";"Partido Social Liberal";-1;"#NULO#";"#NULO#";"#NULO#";280000050386;"BRASIL ACIMA DE TUDO, DEUS ACIMA DE TODOS";"PSL / PRTB";"N";2142;"Válido";2142;1;"ELEITO"
"13/11/2024";"10:56:11";2018;2;"Eleição Ordinária";2;296;"ELEIÇÃO GERAL FEDERAL 2018";"28/10/2018";"F";"RO";"BR";"BRASIL";752;"TEIXEIRÓPOLIS";13;1;"Presidente";280000614517;17;"JAIR MESSIAS BOLSONARO";"JAIR BOLSONARO";"#NULO#";12;"APTO";2;"DEFERIDO";-3;"#NE";-3;"#NE";-3;"#NE";"COLIGAÇÃO";17;"PSL";"Partido Social Liberal";-1;"#NULO#";"#NULO#";"#NULO#";280000050386;"BRASIL ACIMA DE TUDO, DEUS ACIMA DE TODOS";"PSL / PRTB";"N";1810;"Válido";1810;1;"ELEITO"
"13/11/2024";"10:56:11";2018;2;"Eleição Ordinária";1;295;"ELEIÇÃO GERAL FEDERAL 2018";"07/10/2018";"F";"RO";"BR";"BRASIL";582;"SERINGUEIRAS";35;1;"Presidente";280000614517;17;"JAIR MESSIAS BOLSONARO";"JAIR BOLSONARO";"#NULO#";12;"APTO";2;"DEFERIDO";-3;"#NE";-3;"#NE";-3;"#NE";"COLIGAÇÃO";17;"PSL";"Partido Social Liberal";-1;"#NULO#";"#NULO#";"#NULO#";280000050386;"BRASIL ACIMA DE TUDO, DEUS ACIMA DE TODOS";"PSL / PRTB";"N";3392;"Válido";3392;6;"2º TURNO"
"13/11/2024";"10:56:11";2018;2;"Eleição Ordinária";1;295;"ELEIÇÃO GERAL FEDERAL 2018";"07/10/2018";"F";"RO";"BR";"BRASIL";531;"CASTANHEIRAS";15;1;"Presidente";280000602500;51;"BENEVENUTO DACIOLO FONSECA DOS SANTOS";"CABO DACIOLO";"#NULO#";12;"APTO";2;"DEFERIDO";-3;"#NE";-3;"#NE";-3;"#NE";"PARTIDO ISOLADO";51;"PATRI";"Patriota";-1;"#NULO#";"#NULO#";"#NULO#";280000050072;"PARTIDO ISOLADO";"PATRI";"N";12;"Válido";12;4;"NÃO ELEITO"
"13/11/2024";"10:56:11";2018;2;"Eleição Ordinária";1;295;"ELEIÇÃO GERAL FEDERAL 2018";"07/10/2018";"F";"RO";"BR";"BRASIL";779;"BURITIS";34;1;"Presidente";280000601173;16;"VERA LUCIA PEREIRA DA SILVA SALGADO";"VERA";"#NULO#";12;"APTO";2;"DEFERIDO";-3;"#NE";-3;"#NE";-3;"#NE";"PARTIDO ISOLADO";16;"PSTU";"Partido Socialista dos Trabalhadores Unificado";-1;"#NULO#";"#NULO#";"#NULO#";280000050040;"PARTIDO ISOLADO";"PSTU";"N";1;"Válido";1;4;"NÃO ELEITO"
"13/11/2024";"10:56:11";2018;2;"Eleição Ordinária";2;296;"ELEIÇÃO GERAL FEDERAL 2018";"28/10/2018";"F";"RO";"BR";"BRASIL";787;"PIMENTEIRAS DO OESTE";16;1;"Presidente";280000614517;17;"JAIR MESSIAS BOLSONARO";"JAIR BOLSONARO";"#NULO#";12;"APTO";2;"DEFERIDO";-3;"#NE";-3;"#NE";-3;"#NE";"COLIGAÇÃO";17;"PSL";"Partido Social Liberal";-1;"#NULO#";"#NULO#";"#NULO#";280000050386;"BRASIL ACIMA DE TUDO, DEUS ACIMA DE TODOS";"PSL / PRTB";"N";847;"Válido";847;1;"ELEITO"
"13/11/2024";"10:56:11";2018;2;"Eleição Ordinária";1;295;"ELEIÇÃO GERAL FEDERAL 2018";"07/10/2018";"F";"RO";"BR";"BRASIL";558;"VALE DO PARAÍSO";28;1;"Presidente";280000624085;27;"JOSE MARIA EYMAEL";"EYMAEL";"#NULO#";12;"APTO";2;"DEFERIDO";-3;"#NE";-3;"#NE";-3;"#NE";"PARTIDO ISOLADO";27;"DC";"Democracia Cristã";-1;"#NULO#";"#NULO#";"#NULO#";280000050639;"PARTIDO ISOLADO";"DC";"N";4;"Válido";4;4;"NÃO ELEITO"
"13/11/2024";"10:56:11";2018;2;"Eleição Ordinária";1;295;"ELEIÇÃO GERAL FEDERAL 2018";"07/10/2018";"F";"RO";"BR";"BRASIL";370;"NOVA BRASILÂNDIA D OESTE";15;1;"Presidente";280000624082;54;"JOÃO VICENTE FONTELLA GOULART";"JOÃO GOULART FILHO";"#NULO#";12;"APTO";2;"DEFERIDO";-3;"#NE";-3;"#NE";-3;"#NE";"PARTIDO ISOLADO";54;"PPL";"Partido Pátria Livre";-1;"#NULO#";"#NULO#";"#NULO#";280000050638;"PARTIDO ISOLADO";"PPL";"N";2;"Válido";2;4;"NÃO ELEITO"
"13/11/2024";"10:56:11";2018;2;"Eleição Ordinária";1;295;"ELEIÇÃO GERAL FEDERAL 2018";"07/10/2018";"F";"RO";"BR";"BRASIL";19;"GUAJARÁ-MIRIM";1;1;"Presidente";280000618462;19;"ALVARO FERNANDES DIAS";"ALVARO DIAS";"#NULO#";12;"APTO";2;"DEFERIDO";-3;"#NE";-3;"#NE";-3;"#NE";"COLIGAÇÃO";19;"PODE";"Podemos";-1;"#NULO#";"#NULO#";"#NULO#";280000050478;"MUDANÇA DE VERDADE";"PODE / PRP / PSC / PTC";"N";95;"Válido";95;4;"NÃO ELEITO"
"13/11/2024";"10:56:11";2018;2;"Eleição Ordinária";2;296;"ELEIÇÃO GERAL FEDERAL 2018";"28/10/2018";"F";"RO";"BR";"BRASIL";744;"NOVA UNIÃO";28;1;"Presidente";280000614517;17;"JAIR MESSIAS BOLSONARO";"JAIR BOLSONARO";"#NULO#";12;"APTO";2;"DEFERIDO";-3;"#NE";-3;"#NE";-3;"#NE";"COLIGAÇÃO";17;"PSL";"Partido Social Liberal";-1;"#NULO#";"#NULO#";"#NULO#";280000050386;"BRASIL ACIMA DE TUDO, DEUS ACIMA DE TODOS";"PSL / PRTB";"N";2106;"Válido";2106;1;"ELEITO"
"13/11/2024";"10:56:11";2018;2;"Eleição Ordinária";2;296;"ELEIÇÃO GERAL FEDERAL 2018";"28/10/2018";"F";"RO";"BR";"BRASIL";418;"SÃO MIGUEL DO GUAPORÉ";35;1;"Presidente";280000614517;17;"JAIR MESSIAS BOLSONARO";"JAIR BOLSONARO";"#NULO#";12;"APTO";2;"DEFERIDO";-3;"#NE";-3;"#NE";-3;"#NE";"COLIGAÇÃO";17;"PSL";"Partido Social Liberal";-1;"#NULO#";"#NULO#";"#NULO#";280000050386;"BRASIL ACIMA DE TUDO, DEUS ACIMA DE TODOS";"PSL / PRTB";"N";7386;"Válido";7386;1;"ELEITO"
"13/11/2024";"10:56:11";2018;2;"Eleição Ordinária";2;296;"ELEIÇÃO GERAL FEDERAL 2018";"28/10/2018";"F";"RO";"BR";"BRASIL";493;"ITAPUÃ DO OESTE";2;1;"Presidente";280000614517;17;"JAIR MESSIAS BOLSONARO";"JAIR BOLSONARO";"#NULO#";12;"APTO";2;"DEFERIDO";-3;"#NE";-3;"#NE";-3;"#NE";"COLIGAÇÃO";17;"PSL";"Partido Social Liberal";-1;"#NULO#";"#NULO#";"#NULO#";280000050386;"BRASIL ACIMA DE TUDO, DEUS ACIMA DE TODOS";"PSL / PRTB";"N";2556;"Válido";2556;1;"ELEITO"
"13/11/2024";"10:56:11";2018;2;"Eleição Ordinária";1;295;"ELEIÇÃO GERAL FEDERAL 2018";"07/10/2018";"F";"RO";"BR";"BRASIL";353;"SANTA LUZIA D OESTE";19;1;"Presidente";280000618462;19;"ALVARO FERNANDES DIAS";"ALVARO DIAS";"#NULO#";12;"APTO";2;"DEFERIDO";-3;"#NE";-3;"#NE";-3;"#NE";"COLIGAÇÃO";19;"PODE";"Podemos";-1;"#NULO#";"#NULO#";"#NULO#";280000050478;"MUDANÇA DE VERDADE";"PODE / PRP / PSC / PTC";"N";73;"Válido";73;4;"NÃO ELEITO"
"13/11/2024";"10:56:11";2018;2;"Eleição Ordinária";1;295;"ELEIÇÃO GERAL FEDERAL 2018";"07/10/2018";"F";"RO";"BR";"BRASIL";663;"MONTE NEGRO";25;1;"Presidente";280000618462;19;"ALVARO FERNANDES DIAS";"ALVARO DIAS";"#NULO#";12;"APTO";2;"DEFERIDO";-3;"#NE";-3;"#NE";-3;"#NE";"COLIGAÇÃO";19;"PODE";"Podemos";-1;"#NULO#";"#NULO#";"#NULO#";280000050478;"MUDANÇA DE VERDADE";"PODE / PRP / PSC / PTC";"N";95;"Válido";95;4;"NÃO ELEITO"
"13/11/2024";"10:56:11";2018;2;"Eleição Ordinária";1;295;"ELEIÇÃO GERAL FEDERAL 2018";"07/10/2018";"F";"RO";"BR";"BRASIL";558;"VALE DO PARAÍSO";28;1;"Presidente";280000602477;45;"GERALDO JOSÉ RODRIGUES ALCKMIN FILHO";"GERALDO ALCKMIN";"#NULO#";12;"APTO";2;"DEFERIDO";-3;"#NE";-3;"#NE";-3;"#NE";"COLIGAÇÃO";45;"PSDB";"Partido da Social Democracia Brasileira";-1;"#NULO#";"#NULO#";"#NULO#";280000050070;"PARA UNIR O BRASIL";"PSDB / PTB / PP / PR / DEM / SOLIDARIEDADE / PPS / PRB / PSD";"N";287;"Válido";287;4;"NÃO ELEITO"
"13/11/2024";"10:56:11";2018;2;"Eleição Ordinária";1;295;"ELEIÇÃO GERAL FEDERAL 2018";"07/10/2018";"F";"RO";"BR";"BRASIL";272;"CEREJEIRAS";16;1;"Presidente";280000614517;17;"JAIR MESSIAS BOLSONARO";"JAIR BOLSONARO";"#NULO#";12;"APTO";2;"DEFERIDO";-3;"#NE";-3;"#NE";-3;"#NE";"COLIGAÇÃO";17;"PSL";"Partido Social Liberal";-1;"#NULO#";"#NULO#";"#NULO#";280000050386;"BRASIL ACIMA DE TUDO, DEUS ACIMA DE TODOS";"PSL / PRTB";"N";6936;"Válido";6936;6;"2º TURNO"
"13/11/2024";"10:56:11";2018;2;"Eleição Ordinária";1;295;"ELEIÇÃO GERAL FEDERAL 2018";"07/10/2018";"F";"RO";"BR";"BRASIL";612;"GOVERNADOR JORGE TEIXEIRA";27;1;"Presidente";280000624082;54;"JOÃO VICENTE FONTELLA GOULART";"JOÃO GOULART FILHO";"#NULO#";12;"APTO";2;"DEFERIDO";-3;"#NE";-3;"#NE";-3;"#NE";"PARTIDO ISOLADO";54;"PPL";"Partido Pátria Livre";-1;"#NULO#";"#NULO#";"#NULO#";280000050638;"PARTIDO ISOLADO";"PPL";"N";2;"Válido";2;4;"NÃO ELEITO"
"13/11/2024";"10:56:11";2018;2;"Eleição Ordinária";1;295;"ELEIÇÃO GERAL FEDERAL 2018";"07/10/2018";"F";"RO";"BR";"BRASIL";51;"JI-PARANÁ";30;1;"Presidente";280000614517;17;"JAIR MESSIAS BOLSONARO";"JAIR BOLSONARO";"#NULO#";12;"APTO";2;"DEFERIDO";-3;"#NE";-3;"#NE";-3;"#NE";"COLIGAÇÃO";17;"PSL";"Partido Social Liberal";-1;"#NULO#";"#NULO#";"#NULO#";280000050386;"BRASIL ACIMA DE TUDO, DEUS ACIMA DE TODOS";"PSL / PRTB";"N";31100;"Válido";31100;6;"2º TURNO"
"13/11/2024";"10:56:11";2018;2;"Eleição Ordinária";1;295;"ELEIÇÃO GERAL FEDERAL 2018";"07/10/2018";"F";"RO";"BR";"BRASIL";671;"CAMPO NOVO DE RONDÔNIA";34;1;"Presidente";280000601173;16;"VERA LUCIA PEREIRA DA SILVA SALGADO";"VERA";"#NULO#";12;"APTO";2;"DEFERIDO";-3;"#NE";-3;"#NE";-3;"#NE";"PARTIDO ISOLADO";16;"PSTU";"Partido Socialista dos Trabalhadores Unificado";-1;"#NULO#";"#NULO#";"#NULO#";280000050040;"PARTIDO ISOLADO";"PSTU";"N";1;"Válido";1;4;"NÃO ELEITO"
"13/11/2024";"10:56:11";2018;2;"Eleição Ordinária";2;296;"ELEIÇÃO GERAL FEDERAL 2018";"28/10/2018";"F";"RO";"BR";"BRASIL";51;"JI-PARANÁ";3;1;"Presidente";280000614517;17;"JAIR MESSIAS BOLSONARO";"JAIR BOLSONARO";"#NULO#";12;"APTO";2;"DEFERIDO";-3;"#NE";-3;"#NE";-3;"#NE";"COLIGAÇÃO";17;"PSL";"Partido Social Liberal";-1;"#NULO#";"#NULO#";"#NULO#";280000050386;"BRASIL ACIMA DE TUDO, DEUS ACIMA DE TODOS";"PSL / PRTB";"N";14834;"Válido";14834;1;"ELEITO"
"13/11/2024";"10:56:11";2018;2;"Eleição Ordinária";1;295;"ELEIÇÃO GERAL FEDERAL 2018";"07/10/2018";"F";"RO";"BR";"BRASIL";299;"ROLIM DE MOURA";29;1;"Presidente";280000618462;19;"ALVARO FERNANDES DIAS";"ALVARO DIAS";"#NULO#";12;"APTO";2;"DEFERIDO";-3;"#NE";-3;"#NE";-3;"#NE";"COLIGAÇÃO";19;"PODE";"Podemos";-1;"#NULO#";"#NULO#";"#NULO#";280000050478;"MUDANÇA DE VERDADE";"PODE / PRP / PSC / PTC";"N";418;"Válido";418;4;"NÃO ELEITO"
"13/11/2024";"10:56:11";2018;2;"Eleição Ordinária";1;295;"ELEIÇÃO GERAL FEDERAL 2018";"07/10/2018";"F";"RO";"BR";"BRASIL";787;"PIMENTEIRAS DO OESTE";16;1;"Presidente";280000614517;17;"JAIR MESSIAS BOLSONARO";"JAIR BOLSONARO";"#NULO#";12;"APTO";2;"DEFERIDO";-3;"#NE";-3;"#NE";-3;"#NE";"COLIGAÇÃO";17;"PSL";"Partido Social Liberal";-1;"#NULO#";"#NULO#";"#NULO#";280000050386;"BRASIL ACIMA DE TUDO, DEUS ACIMA DE TODOS";"PSL / PRTB";"N";815;"Válido";815;6;"2º TURNO"
"13/11/2024";"10:56:11";2018;2;"Eleição Ordinária";1;295;"ELEIÇÃO GERAL FEDERAL 2018";"07/10/2018";"F";"RO";"BR";"BRASIL";698;"VALE DO ANARI";32;1;"Presidente";280000602500;51;"BENEVENUTO DACIOLO FONSECA DOS SANTOS";"CABO DACIOLO";"#NULO#";12;"APTO";2;"DEFERIDO";-3;"#NE";-3;"#NE";-3;"#NE";"PARTIDO ISOLADO";51;"PATRI";"Patriota";-1;"#NULO#";"#NULO#";"#NULO#";280000050072;"PARTIDO ISOLADO";"PATRI";"N";41;"Válido";41;4;"NÃO ELEITO"
"13/11/2024";"10:56:11";2018;2;"Eleição Ordinária";2;296;"ELEIÇÃO GERAL FEDERAL 2018";"28/10/2018";"F";"RO";"BR";"BRASIL";51;"JI-PARANÁ";30;1;"Presidente";280000614517;17;"JAIR MESSIAS BOLSONARO";"JAIR BOLSONARO";"#NULO#";12;"APTO";2;"DEFERIDO";-3;"#NE";-3;"#NE";-3;"#NE";"COLIGAÇÃO";17;"PSL";"Partido Social Liberal";-1;"#NULO#";"#NULO#";"#NULO#";280000050386;"BRASIL ACIMA DE TUDO, DEUS ACIMA DE TODOS";"PSL / PRTB";"N";33686;"Válido";33686;1;"ELEITO"
"13/11/2024";"10:56:11";2018;2;"Eleição Ordinária";1;295;"ELEIÇÃO GERAL FEDERAL 2018";"07/10/2018";"F";"RO";"BR";"BRASIL";213;"COSTA MARQUES";5;1;"Presidente";280000618462;19;"ALVARO FERNANDES DIAS";"ALVARO DIAS";"#NULO#";12;"APTO";2;"DEFERIDO";-3;"#NE";-3;"#NE";-3;"#NE";"COLIGAÇÃO";19;"PODE";"Podemos";-1;"#NULO#";"#NULO#";"#NULO#";280000050478;"MUDANÇA DE VERDADE";"PODE / PRP / PSC / PTC";"N";37;"Válido";37;4;"NÃO ELEITO"
"13/11/2024";"10:56:11";2018;2;"Eleição Ordinária";1;295;"ELEIÇÃO GERAL FEDERAL 2018";"07/10/2018";"F";"RO";"BR";"BRASIL";337;"ALVORADA DO OESTE";18;1;"Presidente";280000618462;19;"ALVARO FERNANDES DIAS";"ALVARO DIAS";"#NULO#";12;"APTO";2;"DEFERIDO";-3;"#NE";-3;"#NE";-3;"#NE";"COLIGAÇÃO";19;"PODE";"Podemos";-1;"#NULO#";"#NULO#";"#NULO#";280000050478;"MUDANÇA DE VERDADE";"PODE / PRP / PSC / PTC";"N";120;"Válido";120;4;"NÃO ELEITO"
"13/11/2024";"10:56:11";2018;2;"Eleição Ordinária";1;295;"ELEIÇÃO GERAL FEDERAL 2018";"07/10/2018";"F";"RO";"BR";"BRASIL";620;"CACAULÂNDIA";26;1;"Presidente";280000624082;54;"JOÃO VICENTE FONTELLA GOULART";"JOÃO GOULART FILHO";"#NULO#";12;"APTO";2;"DEFERIDO";-3;"#NE";-3;"#NE";-3;"#NE";"PARTIDO ISOLADO";54;"PPL";"Partido Pátria Livre";-1;"#NULO#";"#NULO#";"#NULO#";280000050638;"PARTIDO ISOLADO";"PPL";"N";1;"Válido";1;4;"NÃO ELEITO"
"13/11/2024";"10:56:11";2018;2;"Eleição Ordinária";1;295;"ELEIÇÃO GERAL FEDERAL 2018";"07/10/2018";"F";"RO";"BR";"BRASIL";256;"ESPIGÃO DO OESTE";12;1;"Presidente";280000618462;19;"ALVARO FERNANDES DIAS";"ALVARO DIAS";"#NULO#";12;"APTO";2;"DEFERIDO";-3;"#NE";-3;"#NE";-3;"#NE";"COLIGAÇÃO";19;"PODE";"Podemos";-1;"#NULO#";"#NULO#";"#NULO#";280000050478;"MUDANÇA DE VERDADE";"PODE / PRP / PSC / PTC";"N";216;"Válido";216;4;"NÃO ELEITO"
"13/11/2024";"10:56:11";2018;2;"Eleição Ordinária";1;295;"ELEIÇÃO GERAL FEDERAL 2018";"07/10/2018";"F";"RO";"BR";"BRASIL";744;"NOVA UNIÃO";28;1;"Presidente";280000614517;17;"JAIR MESSIAS BOLSONARO";"JAIR BOLSONARO";"#NULO#";12;"APTO";2;"DEFERIDO";-3;"#NE";-3;"#NE";-3;"#NE";"COLIGAÇÃO";17;"PSL";"Partido Social Liberal";-1;"#NULO#";"#NULO#";"#NULO#";280000050386;"BRASIL ACIMA DE TUDO, DEUS ACIMA DE TODOS";"PSL / PRTB";"N";1980;"Válido";1980;6;"2º TURNO"
"13/11/2024";"10:56:11";2018;2;"Eleição Ordinária";1;295;"ELEIÇÃO GERAL FEDERAL 2018";"07/10/2018";"F";"RO";"BR";"BRASIL";396;"MACHADINHO D OESTE";32;1;"Presidente";280000602500;51;"BENEVENUTO DACIOLO FONSECA DOS SANTOS";"CABO DACIOLO";"#NULO#";12;"APTO";2;"DEFERIDO";-3;"#NE";-3;"#NE";-3;"#NE";"PARTIDO ISOLADO";51;"PATRI";"Patriota";-1;"#NULO#";"#NULO#";"#NULO#";280000050072;"PARTIDO ISOLADO";"PATRI";"N";112;"Válido";112;4;"NÃO ELEITO"
"13/11/2024";"10:56:11";2018;2;"Eleição Ordinária";2;296;"ELEIÇÃO GERAL FEDERAL 2018";"28/10/2018";"F";"RO";"BR";"BRASIL";272;"CEREJEIRAS";16;1;"Presidente";280000614517;17;"JAIR MESSIAS BOLSONARO";"JAIR BOLSONARO";"#NULO#";12;"APTO";2;"DEFERIDO";-3;"#NE";-3;"#NE";-3;"#NE";"COLIGAÇÃO";17;"PSL";"Partido Social Liberal";-1;"#NULO#";"#NULO#";"#NULO#";280000050386;"BRASIL ACIMA DE TUDO, DEUS ACIMA DE TODOS";"PSL / PRTB";"N";7656;"Válido";7656;1;"ELEITO"
"13/11/2024";"10:56:11";2018;2;"Eleição Ordinária";1;295;"ELEIÇÃO GERAL FEDERAL 2018";"07/10/2018";"F";"RO";"BR";"BRASIL";310;"ALTA FLORESTA D OESTE";17;1;"Presidente";280000602477;45;"GERALDO JOSÉ RODRIGUES ALCKMIN FILHO";"GERALDO ALCKMIN";"#NULO#";12;"APTO";2;"DEFERIDO";-3;"#NE";-3;"#NE";-3;"#NE";"COLIGAÇÃO";45;"PSDB";"Partido da Social Democracia Brasileira";-1;"#NULO#";"#NULO#";"#NULO#";280000050070;"PARA UNIR O BRASIL";"PSDB / PTB / PP / PR / DEM / SOLIDARIEDADE / PPS / PRB / PSD";"N";672;"Válido";672;4;"NÃO ELEITO"
"13/11/2024";"10:56:11";2018;2;"Eleição Ordinária";1;295;"ELEIÇÃO GERAL FEDERAL 2018";"07/10/2018";"F";"RO";"BR";"BRASIL";795;"SÃO FRANCISCO DO GUAPORÉ";5;1;"Presidente";280000602500;51;"BENEVENUTO DACIOLO FONSECA DOS SANTOS";"CABO DACIOLO";"#NULO#";12;"APTO";2;"DEFERIDO";-3;"#NE";-3;"#NE";-3;"#NE";"PARTIDO ISOLADO";51;"PATRI";"Patriota";-1;"#NULO#";"#NULO#";"#NULO#";280000050072;"PARTIDO ISOLADO";"PATRI";"N";64;"Válido";64;4;"NÃO ELEITO"
"13/11/2024";"10:56:11";2018;2;"Eleição Ordinária";1;295;"ELEIÇÃO GERAL FEDERAL 2018";"07/10/2018";"F";"RO";"BR";"BRASIL";477;"CANDEIAS DO JAMARI";21;1;"Presidente";280000624082;54;"JOÃO VICENTE FONTELLA GOULART";"JOÃO GOULART FILHO";"#NULO#";12;"APTO";2;"DEFERIDO";-3;"#NE";-3;"#NE";-3;"#NE";"PARTIDO ISOLADO";54;"PPL";"Partido Pátria Livre";-1;"#NULO#";"#NULO#";"#NULO#";280000050638;"PARTIDO ISOLADO";"PPL";"N";2;"Válido";2;4;"NÃO ELEITO"
"13/11/2024";"10:56:11";2018;2;"Eleição Ordinária";1;295;"ELEIÇÃO GERAL FEDERAL 2018";"07/10/2018";"F";"RO";"BR";"BRASIL";574;"MIRANTE DA SERRA";28;1;"Presidente";280000614517;17;"JAIR MESSIAS BOLSONARO";"JAIR BOLSONARO";"#NULO#";12;"APTO";2;"DEFERIDO";-3;"#NE";-3;"#NE";-3;"#NE";"COLIGAÇÃO";17;"PSL";"Partido Social Liberal";-1;"#NULO#";"#NULO#";"#NULO#";280000050386;"BRASIL ACIMA DE TUDO, DEUS ACIMA DE TODOS";"PSL / PRTB";"N";3202;"Válido";3202;6;"2º TURNO"
"13/11/2024";"10:56:11";2018;2;"Eleição Ordinária";1;295;"ELEIÇÃO GERAL FEDERAL 2018";"07/10/2018";"F";"RO";"BR";"BRASIL";558;"VALE DO PARAÍSO";28;1;"Presidente";280000602500;51;"BENEVENUTO DACIOLO FONSECA DOS SANTOS";"CABO DACIOLO";"#NULO#";12;"APTO";2;"DEFERIDO";-3;"#NE";-3;"#NE";-3;"#NE";"PARTIDO ISOLADO";51;"PATRI";"Patriota";-1;"#NULO#";"#NULO#";"#NULO#";280000050072;"PARTIDO ISOLADO";"PATRI";"N";9;"Válido";9;4;"NÃO ELEITO"
"13/11/2024";"10:56:11";2018;2;"Eleição Ordinária";2;296;"ELEIÇÃO GERAL FEDERAL 2018";"28/10/2018";"F";"RO";"BR";"BRASIL";582;"SERINGUEIRAS";35;1;"Presidente";280000614517;17;"JAIR MESSIAS BOLSONARO";"JAIR BOLSONARO";"#NULO#";12;"APTO";2;"DEFERIDO";-3;"#NE";-3;"#NE";-3;"#NE";"COLIGAÇÃO";17;"PSL";"Partido Social Liberal";-1;"#NULO#";"#NULO#";"#NULO#";280000050386;"BRASIL ACIMA DE TUDO, DEUS ACIMA DE TODOS";"PSL / PRTB";"N";3832;"Válido";3832;1;"ELEITO"
"13/11/2024";"10:56:11";2018;2;"Eleição Ordinária";1;295;"ELEIÇÃO GERAL FEDERAL 2018";"07/10/2018";"F";"RO";"BR";"BRASIL";728;"PRIMAVERA DE RONDÔNIA";9;1;"Presidente";280000602500;51;"BENEVENUTO DACIOLO FONSECA DOS SANTOS";"CABO DACIOLO";"#NULO#";12;"APTO";2;"DEFERIDO";-3;"#NE";-3;"#NE";-3;"#NE";"PARTIDO ISOLADO";51;"PATRI";"Patriota";-1;"#NULO#";"#NULO#";"#NULO#";280000050072;"PARTIDO ISOLADO";"PATRI";"N";7;"Válido";7;4;"NÃO ELEITO"
"13/11/2024";"10:56:11";2018;2;"Eleição Ordinária";1;295;"ELEIÇÃO GERAL FEDERAL 2018";"07/10/2018";"F";"RO";"BR";"BRASIL";515;"NOVO HORIZONTE DO OESTE";15;1;"Presidente";280000624082;54;"JOÃO VICENTE FONTELLA GOULART";"JOÃO GOULART FILHO";"#NULO#";12;"APTO";2;"DEFERIDO";-3;"#NE";-3;"#NE";-3;"#NE";"PARTIDO ISOLADO";54;"PPL";"Partido Pátria Livre";-1;"#NULO#";"#NULO#";"#NULO#";280000050638;"PARTIDO ISOLADO";"PPL";"N";2;"Válido";2;4;"NÃO ELEITO"
"13/11/2024";"10:56:11";2018;2;"Eleição Ordinária";1;295;"ELEIÇÃO GERAL FEDERAL 2018";"07/10/2018";"F";"RO";"BR";"BRASIL";680;"CUJUBIM";26;1;"Presidente";280000624082;54;"JOÃO VICENTE FONTELLA GOULART";"JOÃO GOULART FILHO";"#NULO#";12;"APTO";2;"DEFERIDO";-3;"#NE";-3;"#NE";-3;"#NE";"PARTIDO ISOLADO";54;"PPL";"Partido Pátria Livre";-1;"#NULO#";"#NULO#";"#NULO#";280000050638;"PARTIDO ISOLADO";"PPL";"N";2;"Válido";2;4;"NÃO ELEITO"
"13/11/2024";"10:56:11";2018;2;"Eleição Ordinária";1;295;"ELEIÇÃO GERAL FEDERAL 2018";"07/10/2018";"F";"RO";"BR";"BRASIL";795;"SÃO FRANCISCO DO GUAPORÉ";5;1;"Presidente";280000601173;16;"VERA LUCIA PEREIRA DA SILVA SALGADO";"VERA";"#NULO#";12;"APTO";2;"DEFERIDO";-3;"#NE";-3;"#NE";-3;"#NE";"PARTIDO ISOLADO";16;"PSTU";"Partido Socialista dos Trabalhadores Unificado";-1;"#NULO#";"#NULO#";"#NULO#";280000050040;"PARTIDO ISOLADO";"PSTU";"N";2;"Válido";2;4;"NÃO ELEITO"
"13/11/2024";"10:56:11";2018;2;"Eleição Ordinária";1;295;"ELEIÇÃO GERAL FEDERAL 2018";"07/10/2018";"F";"RO";"BR";"BRASIL";779;"BURITIS";34;1;"Presidente";280000614517;17;"JAIR MESSIAS BOLSONARO";"JAIR BOLSONARO";"#NULO#";12;"APTO";2;"DEFERIDO";-3;"#NE";-3;"#NE";-3;"#NE";"COLIGAÇÃO";17;"PSL";"Partido Social Liberal";-1;"#NULO#";"#NULO#";"#NULO#";280000050386;"BRASIL ACIMA DE TUDO, DEUS ACIMA DE TODOS";"PSL / PRTB";"N";10946;"Válido";10946;6;"2º TURNO"
"13/11/2024";"10:56:11";2018;2;"Eleição Ordinária";1;295;"ELEIÇÃO GERAL FEDERAL 2018";"07/10/2018";"F";"RO";"BR";"BRASIL";94;"CACOAL";11;1;"Presidente";280000624082;54;"JOÃO VICENTE FONTELLA GOULART";"JOÃO GOULART FILHO";"#NULO#";12;"APTO";2;"DEFERIDO";-3;"#NE";-3;"#NE";-3;"#NE";"PARTIDO ISOLADO";54;"PPL";"Partido Pátria Livre";-1;"#NULO#";"#NULO#";"#NULO#";280000050638;"PARTIDO ISOLADO";"PPL";"N";9;"Válido";9;4;"NÃO ELEITO"
"13/11/2024";"10:56:11";2018;2;"Eleição Ordinária";1;295;"ELEIÇÃO GERAL FEDERAL 2018";"07/10/2018";"F";"RO";"BR";"BRASIL";604;"MINISTRO ANDREAZZA";11;1;"Presidente";280000601173;16;"VERA LUCIA PEREIRA DA SILVA SALGADO";"VERA";"#NULO#";12;"APTO";2;"DEFERIDO";-3;"#NE";-3;"#NE";-3;"#NE";"PARTIDO ISOLADO";16;"PSTU";"Partido Socialista dos Trabalhadores Unificado";-1;"#NULO#";"#NULO#";"#NULO#";280000050040;"PARTIDO ISOLADO";"PSTU";"N";2;"Válido";2;4;"NÃO ELEITO"
"13/11/2024";"10:56:11";2018;2;"Eleição Ordinária";2;296;"ELEIÇÃO GERAL FEDERAL 2018";"28/10/2018";"F";"RO";"BR";"BRASIL";574;"MIRANTE DA SERRA";28;1;"Presidente";280000614517;17;"JAIR MESSIAS BOLSONARO";"JAIR BOLSONARO";"#NULO#";12;"APTO";2;"DEFERIDO";-3;"#NE";-3;"#NE";-3;"#NE";"COLIGAÇÃO";17;"PSL";"Partido Social Liberal";-1;"#NULO#";"#NULO#";"#NULO#";280000050386;"BRASIL ACIMA DE TUDO, DEUS ACIMA DE TODOS";"PSL / PRTB";"N";3543;"Válido";3543;1;"ELEITO"
"13/11/2024";"10:56:11";2018;2;"Eleição Ordinária";1;295;"ELEIÇÃO GERAL FEDERAL 2018";"07/10/2018";"F";"RO";"BR";"BRASIL";809;"CHUPINGUAIA";8;1;"Presidente";280000602477;45;"GERALDO JOSÉ RODRIGUES ALCKMIN FILHO";"GERALDO ALCKMIN";"#NULO#";12;"APTO";2;"DEFERIDO";-3;"#NE";-3;"#NE";-3;"#NE";"COLIGAÇÃO";45;"PSDB";"Partido da Social Democracia Brasileira";-1;"#NULO#";"#NULO#";"#NULO#";280000050070;"PARA UNIR O BRASIL";"PSDB / PTB / PP / PR / DEM / SOLIDARIEDADE / PPS / PRB / PSD";"N";307;"Válido";307;4;"NÃO ELEITO"
"13/11/2024";"10:56:11";2018;2;"Eleição Ordinária";1;295;"ELEIÇÃO GERAL FEDERAL 2018";"07/10/2018";"F";"RO";"BR";"BRASIL";671;"CAMPO NOVO DE RONDÔNIA";34;1;"Presidente";280000614517;17;"JAIR MESSIAS BOLSONARO";"JAIR BOLSONARO";"#NULO#";12;"APTO";2;"DEFERIDO";-3;"#NE";-3;"#NE";-3;"#NE";"COLIGAÇÃO";17;"PSL";"Partido Social Liberal";-1;"#NULO#";"#NULO#";"#NULO#";280000050386;"BRASIL ACIMA DE TUDO, DEUS ACIMA DE TODOS";"PSL / PRTB";"N";3265;"Válido";3265;6;"2º TURNO"
"13/11/2024";"10:56:11";2018;2;"Eleição Ordinária";1;295;"ELEIÇÃO GERAL FEDERAL 2018";"07/10/2018";"F";"RO";"BR";"BRASIL";566;"URUPÁ";18;1;"Presidente";280000602500;51;"BENEVENUTO DACIOLO FONSECA DOS SANTOS";"CABO DACIOLO";"#NULO#";12;"APTO";2;"DEFERIDO";-3;"#NE";-3;"#NE";-3;"#NE";"PARTIDO ISOLADO";51;"PATRI";"Patriota";-1;"#NULO#";"#NULO#";"#NULO#";280000050072;"PARTIDO ISOLADO";"PATRI";"N";31;"Válido";31;4;"NÃO ELEITO"
"13/11/2024";"10:56:11";2018;2;"Eleição Ordinária";1;295;"ELEIÇÃO GERAL FEDERAL 2018";"07/10/2018";"F";"RO";"BR";"BRASIL";698;"VALE DO ANARI";32;1;"Presidente";280000601173;16;"VERA LUCIA PEREIRA DA SILVA SALGADO";"VERA";"#NULO#";12;"APTO";2;"DEFERIDO";-3;"#NE";-3;"#NE";-3;"#NE";"PARTIDO ISOLADO";16;"PSTU";"Partido Socialista dos Trabalhadores Unificado";-1;"#NULO#";"#NULO#";"#NULO#";280000050040;"PARTIDO ISOLADO";"PSTU";"N";1;"Válido";1;4;"NÃO ELEITO"
"13/11/2024";"10:56:11";2018;2;"Eleição Ordinária";1;295;"ELEIÇÃO GERAL FEDERAL 2018";"07/10/2018";"F";"RO";"BR";"BRASIL";396;"MACHADINHO D OESTE";32;1;"Presidente";280000601173;16;"VERA LUCIA PEREIRA DA SILVA SALGADO";"VERA";"#NULO#";12;"APTO";2;"DEFERIDO";-3;"#NE";-3;"#NE";-3;"#NE";"PARTIDO ISOLADO";16;"PSTU";"Partido Socialista dos Trabalhadores Unificado";-1;"#NULO#";"#NULO#";"#NULO#";280000050040;"PARTIDO ISOLADO";"PSTU";"N";7;"Válido";7;4;"NÃO ELEITO"
"13/11/2024";"10:56:11";2018;2;"Eleição Ordinária";1;295;"ELEIÇÃO GERAL FEDERAL 2018";"07/10/2018";"F";"RO";"BR";"BRASIL";566;"URUPÁ";18;1;"Presidente";280000602477;45;"GERALDO JOSÉ RODRIGUES ALCKMIN FILHO";"GERALDO ALCKMIN";"#NULO#";12;"APTO";2;"DEFERIDO";-3;"#NE";-3;"#NE";-3;"#NE";"COLIGAÇÃO";45;"PSDB";"Partido da Social Democracia Brasileira";-1;"#NULO#";"#NULO#";"#NULO#";280000050070;"PARA UNIR O BRASIL";"PSDB / PTB / PP / PR / DEM / SOLIDARIEDADE / PPS / PRB / PSD";"N";311;"Válido";311;4;"NÃO ELEITO"
"13/11/2024";"10:56:11";2018;2;"Eleição Ordinária";1;295;"ELEIÇÃO GERAL FEDERAL 2018";"07/10/2018";"F";"RO";"BR";"BRASIL";116;"PIMENTA BUENO";9;1;"Presidente";280000624082;54;"JOÃO VICENTE FONTELLA GOULART";"JOÃO GOULART FILHO";"#NULO#";12;"APTO";2;"DEFERIDO";-3;"#NE";-3;"#NE";-3;"#NE";"PARTIDO ISOLADO";54;"PPL";"Partido Pátria Livre";-1;"#NULO#";"#NULO#";"#NULO#";280000050638;"PARTIDO ISOLADO";"PPL";"N";6;"Válido";6;4;"NÃO ELEITO"
"13/11/2024";"10:56:11";2018;2;"Eleição Ordinária";1;295;"ELEIÇÃO GERAL FEDERAL 2018";"07/10/2018";"F";"RO";"BR";"BRASIL";752;"TEIXEIRÓPOLIS";13;1;"Presidente";280000624082;54;"JOÃO VICENTE FONTELLA GOULART";"JOÃO GOULART FILHO";"#NULO#";12;"APTO";2;"DEFERIDO";-3;"#NE";-3;"#NE";-3;"#NE";"PARTIDO ISOLADO";54;"PPL";"Partido Pátria Livre";-1;"#NULO#";"#NULO#";"#NULO#";280000050638;"PARTIDO ISOLADO";"PPL";"N";1;"Válido";1;4;"NÃO ELEITO"
"13/11/2024";"10:56:11";2018;2;"Eleição Ordinária";1;295;"ELEIÇÃO GERAL FEDERAL 2018";"07/10/2018";"F";"RO";"BR";"BRASIL";531;"CASTANHEIRAS";15;1;"Presidente";280000601173;16;"VERA LUCIA PEREIRA DA SILVA SALGADO";"VERA";"#NULO#";12;"APTO";2;"DEFERIDO";-3;"#NE";-3;"#NE";-3;"#NE";"PARTIDO ISOLADO";16;"PSTU";"Partido Socialista dos Trabalhadores Unificado";-1;"#NULO#";"#NULO#";"#NULO#";280000050040;"PARTIDO ISOLADO";"PSTU";"N";1;"Válido";1;4;"NÃO ELEITO"
"13/11/2024";"10:56:11";2018;2;"Eleição Ordinária";1;295;"ELEIÇÃO GERAL FEDERAL 2018";"07/10/2018";"F";"RO";"BR";"BRASIL";310;"ALTA FLORESTA D OESTE";17;1;"Presidente";280000602500;51;"BENEVENUTO DACIOLO FONSECA DOS SANTOS";"CABO DACIOLO";"#NULO#";12;"APTO";2;"DEFERIDO";-3;"#NE";-3;"#NE";-3;"#NE";"PARTIDO ISOLADO";51;"PATRI";"Patriota";-1;"#NULO#";"#NULO#";"#NULO#";280000050072;"PARTIDO ISOLADO";"PATRI";"N";62;"Válido";62;4;"NÃO ELEITO"
"13/11/2024";"10:56:11";2018;2;"Eleição Ordinária";1;295;"ELEIÇÃO GERAL FEDERAL 2018";"07/10/2018";"F";"RO";"BR";"BRASIL";728;"PRIMAVERA DE RONDÔNIA";9;1;"Presidente";280000602477;45;"GERALDO JOSÉ RODRIGUES ALCKMIN FILHO";"GERALDO ALCKMIN";"#NULO#";12;"APTO";2;"DEFERIDO";-3;"#NE";-3;"#NE";-3;"#NE";"COLIGAÇÃO";45;"PSDB";"Partido da Social Democracia Brasileira";-1;"#NULO#";"#NULO#";"#NULO#";280000050070;"PARA UNIR O BRASIL";"PSDB / PTB / PP / PR / DEM / SOLIDARIEDADE / PPS / PRB / PSD";"N";104;"Válido";104;4;"NÃO ELEITO"
"13/11/2024";"10:56:11";2018;2;"Eleição Ordinária";1;295;"ELEIÇÃO GERAL FEDERAL 2018";"07/10/2018";"F";"RO";"BR";"BRASIL";566;"URUPÁ";18;1;"Presidente";280000601173;16;"VERA LUCIA PEREIRA DA SILVA SALGADO";"VERA";"#NULO#";12;"APTO";2;"DEFERIDO";-3;"#NE";-3;"#NE";-3;"#NE";"PARTIDO ISOLADO";16;"PSTU";"Partido Socialista dos Trabalhadores Unificado";-1;"#NULO#";"#NULO#";"#NULO#";280000050040;"PARTIDO ISOLADO";"PSTU";"N";3;"Válido";3;4;"NÃO ELEITO"
"13/11/2024";"10:56:11";2018;2;"Eleição Ordinária";1;295;"ELEIÇÃO GERAL FEDERAL 2018";"07/10/2018";"F";"RO";"BR";"BRASIL";809;"CHUPINGUAIA";8;1;"Presidente";280000602500;51;"BENEVENUTO DACIOLO FONSECA DOS SANTOS";"CABO DACIOLO";"#NULO#";12;"APTO";2;"DEFERIDO";-3;"#NE";-3;"#NE";-3;"#NE";"PARTIDO ISOLADO";51;"PATRI";"Patriota";-1;"#NULO#";"#NULO#";"#NULO#";280000050072;"PARTIDO ISOLADO";"PATRI";"N";23;"Válido";23;4;"NÃO ELEITO"
"13/11/2024";"10:56:11";2018;2;"Eleição Ordinária";2;296;"ELEIÇÃO GERAL FEDERAL 2018";"28/10/2018";"F";"RO";"BR";"BRASIL";671;"CAMPO NOVO DE RONDÔNIA";34;1;"Presidente";280000614517;17;"JAIR MESSIAS BOLSONARO";"JAIR BOLSONARO";"#NULO#";12;"APTO";2;"DEFERIDO";-3;"#NE";-3;"#NE";-3;"#NE";"COLIGAÇÃO";17;"PSL";"Partido Social Liberal";-1;"#NULO#";"#NULO#";"#NULO#";280000050386;"BRASIL ACIMA DE TUDO, DEUS ACIMA DE TODOS";"PSL / PRTB";"N";3595;"Válido";3595;1;"ELEITO"
"13/11/2024";"10:56:11";2018;2;"Eleição Ordinária";1;295;"ELEIÇÃO GERAL FEDERAL 2018";"07/10/2018";"F";"RO";"BR";"BRASIL";19;"GUAJARÁ-MIRIM";1;1;"Presidente";280000602500;51;"BENEVENUTO DACIOLO FONSECA DOS SANTOS";"CABO DACIOLO";"#NULO#";12;"APTO";2;"DEFERIDO";-3;"#NE";-3;"#NE";-3;"#NE";"PARTIDO ISOLADO";51;"PATRI";"Patriota";-1;"#NULO#";"#NULO#";"#NULO#";280000050072;"PARTIDO ISOLADO";"PATRI";"N";166;"Válido";166;4;"NÃO ELEITO"
"13/11/2024";"10:56:11";2018;2;"Eleição Ordinária";1;295;"ELEIÇÃO GERAL FEDERAL 2018";"07/10/2018";"F";"RO";"BR";"BRASIL";310;"ALTA FLORESTA D OESTE";17;1;"Presidente";280000601173;16;"VERA LUCIA PEREIRA DA SILVA SALGADO";"VERA";"#NULO#";12;"APTO";2;"DEFERIDO";-3;"#NE";-3;"#NE";-3;"#NE";"PARTIDO ISOLADO";16;"PSTU";"Partido Socialista dos Trabalhadores Unificado";-1;"#NULO#";"#NULO#";"#NULO#";280000050040;"PARTIDO ISOLADO";"PSTU";"N";4;"Válido";4;4;"NÃO ELEITO"
"13/11/2024";"10:56:11";2018;2;"Eleição Ordinária";1;295;"ELEIÇÃO GERAL FEDERAL 2018";"07/10/2018";"F";"RO";"BR";"BRASIL";728;"PRIMAVERA DE RONDÔNIA";9;1;"Presidente";280000601173;16;"VERA LUCIA PEREIRA DA SILVA SALGADO";"VERA";"#NULO#";12;"APTO";2;"DEFERIDO";-3;"#NE";-3;"#NE";-3;"#NE";"PARTIDO ISOLADO";16;"PSTU";"Partido Socialista dos Trabalhadores Unificado";-1;"#NULO#";"#NULO#";"#NULO#";280000050040;"PARTIDO ISOLADO";"PSTU";"N";1;"Válido";1;4;"NÃO ELEITO"
"13/11/2024";"10:56:11";2018;2;"Eleição Ordinária";1;295;"ELEIÇÃO GERAL FEDERAL 2018";"07/10/2018";"F";"RO";"BR";"BRASIL";698;"VALE DO ANARI";32;1;"Presidente";280000614517;17;"JAIR MESSIAS BOLSONARO";"JAIR BOLSONARO";"#NULO#";12;"APTO";2;"DEFERIDO";-3;"#NE";-3;"#NE";-3;"#NE";"COLIGAÇÃO";17;"PSL";"Partido Social Liberal";-1;"#NULO#";"#NULO#";"#NULO#";280000050386;"BRASIL ACIMA DE TUDO, DEUS ACIMA DE TODOS";"PSL / PRTB";"N";2503;"Válido";2503;6;"2º TURNO"
"13/11/2024";"10:56:11";2018;2;"Eleição Ordinária";1;295;"ELEIÇÃO GERAL FEDERAL 2018";"07/10/2018";"F";"RO";"BR";"BRASIL";396;"MACHADINHO D OESTE";32;1;"Presidente";280000614517;17;"JAIR MESSIAS BOLSONARO";"JAIR BOLSONARO";"#NULO#";12;"APTO";2;"DEFERIDO";-3;"#NE";-3;"#NE";-3;"#NE";"COLIGAÇÃO";17;"PSL";"Partido Social Liberal";-1;"#NULO#";"#NULO#";"#NULO#";280000050386;"BRASIL ACIMA DE TUDO, DEUS ACIMA DE TODOS";"PSL / PRTB";"N";8551;"Válido";8551;6;"2º TURNO"
"13/11/2024";"10:56:11";2018;2;"Eleição Ordinária";1;295;"ELEIÇÃO GERAL FEDERAL 2018";"07/10/2018";"F";"RO";"BR";"BRASIL";531;"CASTANHEIRAS";15;1;"Presidente";280000614517;17;"JAIR MESSIAS BOLSONARO";"JAIR BOLSONARO";"#NULO#";12;"APTO";2;"DEFERIDO";-3;"#NE";-3;"#NE";-3;"#NE";"COLIGAÇÃO";17;"PSL";"Partido Social Liberal";-1;"#NULO#";"#NULO#";"#NULO#";280000050386;"BRASIL ACIMA DE TUDO, DEUS ACIMA DE TODOS";"PSL / PRTB";"N";1076;"Válido";1076;6;"2º TURNO"
"13/11/2024";"10:56:11";2018;2;"Eleição Ordinária";2;296;"ELEIÇÃO GERAL FEDERAL 2018";"28/10/2018";"F";"RO";"BR";"BRASIL";779;"BURITIS";34;1;"Presidente";280000614517;17;"JAIR MESSIAS BOLSONARO";"JAIR BOLSONARO";"#NULO#";12;"APTO";2;"DEFERIDO";-3;"#NE";-3;"#NE";-3;"#NE";"COLIGAÇÃO";17;"PSL";"Partido Social Liberal";-1;"#NULO#";"#NULO#";"#NULO#";280000050386;"BRASIL ACIMA DE TUDO, DEUS ACIMA DE TODOS";"PSL / PRTB";"N";11682;"Válido";11682;1;"ELEITO"
"13/11/2024";"10:56:11";2018;2;"Eleição Ordinária";1;295;"ELEIÇÃO GERAL FEDERAL 2018";"07/10/2018";"F";"RO";"BR";"BRASIL";299;"ROLIM DE MOURA";29;1;"Presidente";280000602500;51;"BENEVENUTO DACIOLO FONSECA DOS SANTOS";"CABO DACIOLO";"#NULO#";12;"APTO";2;"DEFERIDO";-3;"#NE";-3;"#NE";-3;"#NE";"PARTIDO ISOLADO";51;"PATRI";"Patriota";-1;"#NULO#";"#NULO#";"#NULO#";280000050072;"PARTIDO ISOLADO";"PATRI";"N";200;"Válido";200;4;"NÃO ELEITO"
"13/11/2024";"10:56:11";2018;2;"Eleição Ordinária";1;295;"ELEIÇÃO GERAL FEDERAL 2018";"07/10/2018";"F";"RO";"BR";"BRASIL";809;"CHUPINGUAIA";8;1;"Presidente";280000601173;16;"VERA LUCIA PEREIRA DA SILVA SALGADO";"VERA";"#NULO#";12;"APTO";2;"DEFERIDO";-3;"#NE";-3;"#NE";-3;"#NE";"PARTIDO ISOLADO";16;"PSTU";"Partido Socialista dos Trabalhadores Unificado";-1;"#NULO#";"#NULO#";"#NULO#";280000050040;"PARTIDO ISOLADO";"PSTU";"N";1;"Válido";1;4;"NÃO ELEITO"
"13/11/2024";"10:56:11";2018;2;"Eleição Ordinária";1;295;"ELEIÇÃO GERAL FEDERAL 2018";"07/10/2018";"F";"RO";"BR";"BRASIL";213;"COSTA MARQUES";5;1;"Presidente";280000602500;51;"BENEVENUTO DACIOLO FONSECA DOS SANTOS";"CABO DACIOLO";"#NULO#";12;"APTO";2;"DEFERIDO";-3;"#NE";-3;"#NE";-3;"#NE";"PARTIDO ISOLADO";51;"PATRI";"Patriota";-1;"#NULO#";"#NULO#";"#NULO#";280000050072;"PARTIDO ISOLADO";"PATRI";"N";10;"Válido";10;4;"NÃO ELEITO"
"13/11/2024";"10:56:11";2018;2;"Eleição Ordinária";1;295;"ELEIÇÃO GERAL FEDERAL 2018";"07/10/2018";"F";"RO";"BR";"BRASIL";191;"PRESIDENTE MÉDICI";3;1;"Presidente";280000602500;51;"BENEVENUTO DACIOLO FONSECA DOS SANTOS";"CABO DACIOLO";"#NULO#";12;"APTO";2;"DEFERIDO";-3;"#NE";-3;"#NE";-3;"#NE";"PARTIDO ISOLADO";51;"PATRI";"Patriota";-1;"#NULO#";"#NULO#";"#NULO#";280000050072;"PARTIDO ISOLADO";"PATRI";"N";46;"Válido";46;4;"NÃO ELEITO"
"13/11/2024";"10:56:11";2018;2;"Eleição Ordinária";2;296;"ELEIÇÃO GERAL FEDERAL 2018";"28/10/2018";"F";"RO";"BR";"BRASIL";604;"MINISTRO ANDREAZZA";11;1;"Presidente";280000614517;17;"JAIR MESSIAS BOLSONARO";"JAIR BOLSONARO";"#NULO#";12;"APTO";2;"DEFERIDO";-3;"#NE";-3;"#NE";-3;"#NE";"COLIGAÇÃO";17;"PSL";"Partido Social Liberal";-1;"#NULO#";"#NULO#";"#NULO#";280000050386;"BRASIL ACIMA DE TUDO, DEUS ACIMA DE TODOS";"PSL / PRTB";"N";2840;"Válido";2840;1;"ELEITO"
"13/11/2024";"10:56:11";2018;2;"Eleição Ordinária";2;296;"ELEIÇÃO GERAL FEDERAL 2018";"28/10/2018";"F";"RO";"BR";"BRASIL";698;"VALE DO ANARI";32;1;"Presidente";280000614517;17;"JAIR MESSIAS BOLSONARO";"JAIR BOLSONARO";"#NULO#";12;"APTO";2;"DEFERIDO";-3;"#NE";-3;"#NE";-3;"#NE";"COLIGAÇÃO";17;"PSL";"Partido Social Liberal";-1;"#NULO#";"#NULO#";"#NULO#";280000050386;"BRASIL ACIMA DE TUDO, DEUS ACIMA DE TODOS";"PSL / PRTB";"N";2732;"Válido";2732;1;"ELEITO"
"13/11/2024";"10:56:11";2018;2;"Eleição Ordinária";1;295;"ELEIÇÃO GERAL FEDERAL 2018";"07/10/2018";"F";"RO";"BR";"BRASIL";337;"ALVORADA DO OESTE";18;1;"Presidente";280000602500;51;"BENEVENUTO DACIOLO FONSECA DOS SANTOS";"CABO DACIOLO";"#NULO#";12;"APTO";2;"DEFERIDO";-3;"#NE";-3;"#NE";-3;"#NE";"PARTIDO ISOLADO";51;"PATRI";"Patriota";-1;"#NULO#";"#NULO#";"#NULO#";280000050072;"PARTIDO ISOLADO";"PATRI";"N";33;"Válido";33;4;"NÃO ELEITO"
"13/11/2024";"10:56:11";2018;2;"Eleição Ordinária";1;295;"ELEIÇÃO GERAL FEDERAL 2018";"07/10/2018";"F";"RO";"BR";"BRASIL";663;"MONTE NEGRO";25;1;"Presidente";280000602500;51;"BENEVENUTO DACIOLO FONSECA DOS SANTOS";"CABO DACIOLO";"#NULO#";12;"APTO";2;"DEFERIDO";-3;"#NE";-3;"#NE";-3;"#NE";"PARTIDO ISOLADO";51;"PATRI";"Patriota";-1;"#NULO#";"#NULO#";"#NULO#";280000050072;"PARTIDO ISOLADO";"PATRI";"N";24;"Válido";24;4;"NÃO ELEITO"
"13/11/2024";"10:56:11";2018;2;"Eleição Ordinária";1;295;"ELEIÇÃO GERAL FEDERAL 2018";"07/10/2018";"F";"RO";"BR";"BRASIL";604;"MINISTRO ANDREAZZA";11;1;"Presidente";280000614517;17;"JAIR MESSIAS BOLSONARO";"JAIR BOLSONARO";"#NULO#";12;"APTO";2;"DEFERIDO";-3;"#NE";-3;"#NE";-3;"#NE";"COLIGAÇÃO";17;"PSL";"Partido Social Liberal";-1;"#NULO#";"#NULO#";"#NULO#";280000050386;"BRASIL ACIMA DE TUDO, DEUS ACIMA DE TODOS";"PSL / PRTB";"N";2543;"Válido";2543;6;"2º TURNO"
"13/11/2024";"10:56:11";2018;2;"Eleição Ordinária";1;295;"ELEIÇÃO GERAL FEDERAL 2018";"07/10/2018";"F";"RO";"BR";"BRASIL";353;"SANTA LUZIA D OESTE";19;1;"Presidente";280000602500;51;"BENEVENUTO DACIOLO FONSECA DOS SANTOS";"CABO DACIOLO";"#NULO#";12;"APTO";2;"DEFERIDO";-3;"#NE";-3;"#NE";-3;"#NE";"PARTIDO ISOLADO";51;"PATRI";"Patriota";-1;"#NULO#";"#NULO#";"#NULO#";280000050072;"PARTIDO ISOLADO";"PATRI";"N";30;"Válido";30;4;"NÃO ELEITO"
"13/11/2024";"10:56:11";2018;2;"Eleição Ordinária";1;295;"ELEIÇÃO GERAL FEDERAL 2018";"07/10/2018";"F";"RO";"BR";"BRASIL";663;"MONTE NEGRO";25;1;"Presidente";280000601173;16;"VERA LUCIA PEREIRA DA SILVA SALGADO";"VERA";"#NULO#";12;"APTO";2;"DEFERIDO";-3;"#NE";-3;"#NE";-3;"#NE";"PARTIDO ISOLADO";16;"PSTU";"Partido Socialista dos Trabalhadores Unificado";-1;"#NULO#";"#NULO#";"#NULO#";280000050040;"PARTIDO ISOLADO";"PSTU";"N";8;"Válido";8;4;"NÃO ELEITO"
"13/11/2024";"10:56:11";2018;2;"Eleição Ordinária";1;295;"ELEIÇÃO GERAL FEDERAL 2018";"07/10/2018";"F";"RO";"BR";"BRASIL";299;"ROLIM DE MOURA";29;1;"Presidente";280000601173;16;"VERA LUCIA PEREIRA DA SILVA SALGADO";"VERA";"#NULO#";12;"APTO";2;"DEFERIDO";-3;"#NE";-3;"#NE";-3;"#NE";"PARTIDO ISOLADO";16;"PSTU";"Partido Socialista dos Trabalhadores Unificado";-1;"#NULO#";"#NULO#";"#NULO#";280000050040;"PARTIDO ISOLADO";"PSTU";"N";12;"Válido";12;4;"NÃO ELEITO"
"13/11/2024";"10:56:11";2018;2;"Eleição Ordinária";1;295;"ELEIÇÃO GERAL FEDERAL 2018";"07/10/2018";"F";"RO";"BR";"BRASIL";175;"OURO PRETO DO OESTE";13;1;"Presidente";280000602500;51;"BENEVENUTO DACIOLO FONSECA DOS SANTOS";"CABO DACIOLO";"#NULO#";12;"APTO";2;"DEFERIDO";-3;"#NE";-3;"#NE";-3;"#NE";"PARTIDO ISOLADO";51;"PATRI";"Patriota";-1;"#NULO#";"#NULO#";"#NULO#";280000050072;"PARTIDO ISOLADO";"PATRI";"N";130;"Válido";130;4;"NÃO ELEITO"
"13/11/2024";"10:56:11";2018;2;"Eleição Ordinária";2;296;"ELEIÇÃO GERAL FEDERAL 2018";"28/10/2018";"F";"RO";"BR";"BRASIL";795;"SÃO FRANCISCO DO GUAPORÉ";5;1;"Presidente";280000614517;17;"JAIR MESSIAS BOLSONARO";"JAIR BOLSONARO";"#NULO#";12;"APTO";2;"DEFERIDO";-3;"#NE";-3;"#NE";-3;"#NE";"COLIGAÇÃO";17;"PSL";"Partido Social Liberal";-1;"#NULO#";"#NULO#";"#NULO#";280000050386;"BRASIL ACIMA DE TUDO, DEUS ACIMA DE TODOS";"PSL / PRTB";"N";5134;"Válido";5134;1;"ELEITO"
"13/11/2024";"10:56:11";2018;2;"Eleição Ordinária";1;295;"ELEIÇÃO GERAL FEDERAL 2018";"07/10/2018";"F";"RO";"BR";"BRASIL";795;"SÃO FRANCISCO DO GUAPORÉ";5;1;"Presidente";280000614517;17;"JAIR MESSIAS BOLSONARO";"JAIR BOLSONARO";"#NULO#";12;"APTO";2;"DEFERIDO";-3;"#NE";-3;"#NE";-3;"#NE";"COLIGAÇÃO";17;"PSL";"Partido Social Liberal";-1;"#NULO#";"#NULO#";"#NULO#";280000050386;"BRASIL ACIMA DE TUDO, DEUS ACIMA DE TODOS";"PSL / PRTB";"N";4888;"Válido";4888;6;"2º TURNO"
"13/11/2024";"10:56:11";2018;2;"Eleição Ordinária";1;295;"ELEIÇÃO GERAL FEDERAL 2018";"07/10/2018";"F";"RO";"BR";"BRASIL";590;"THEOBROMA";27;1;"Presidente";280000602500;51;"BENEVENUTO DACIOLO FONSECA DOS SANTOS";"CABO DACIOLO";"#NULO#";12;"APTO";2;"DEFERIDO";-3;"#NE";-3;"#NE";-3;"#NE";"PARTIDO ISOLADO";51;"PATRI";"Patriota";-1;"#NULO#";"#NULO#";"#NULO#";280000050072;"PARTIDO ISOLADO";"PATRI";"N";26;"Válido";26;4;"NÃO ELEITO"
"13/11/2024";"10:56:11";2018;2;"Eleição Ordinária";1;295;"ELEIÇÃO GERAL FEDERAL 2018";"07/10/2018";"F";"RO";"BR";"BRASIL";337;"ALVORADA DO OESTE";18;1;"Presidente";280000601173;16;"VERA LUCIA PEREIRA DA SILVA SALGADO";"VERA";"#NULO#";12;"APTO";2;"DEFERIDO";-3;"#NE";-3;"#NE";-3;"#NE";"PARTIDO ISOLADO";16;"PSTU";"Partido Socialista dos Trabalhadores Unificado";-1;"#NULO#";"#NULO#";"#NULO#";280000050040;"PARTIDO ISOLADO";"PSTU";"N";7;"Válido";7;4;"NÃO ELEITO"
"13/11/2024";"10:56:11";2018;2;"Eleição Ordinária";2;296;"ELEIÇÃO GERAL FEDERAL 2018";"28/10/2018";"F";"RO";"BR";"BRASIL";531;"CASTANHEIRAS";15;1;"Presidente";280000614517;17;"JAIR MESSIAS BOLSONARO";"JAIR BOLSONARO";"#NULO#";12;"APTO";2;"DEFERIDO";-3;"#NE";-3;"#NE";-3;"#NE";"COLIGAÇÃO";17;"PSL";"Partido Social Liberal";-1;"#NULO#";"#NULO#";"#NULO#";280000050386;"BRASIL ACIMA DE TUDO, DEUS ACIMA DE TODOS";"PSL / PRTB";"N";1250;"Válido";1250;1;"ELEITO"
"13/11/2024";"10:56:11";2018;2;"Eleição Ordinária";1;295;"ELEIÇÃO GERAL FEDERAL 2018";"07/10/2018";"F";"RO";"BR";"BRASIL";19;"GUAJARÁ-MIRIM";1;1;"Presidente";280000601173;16;"VERA LUCIA PEREIRA DA SILVA SALGADO";"VERA";"#NULO#";12;"APTO";2;"DEFERIDO";-3;"#NE";-3;"#NE";-3;"#NE";"PARTIDO ISOLADO";16;"PSTU";"Partido Socialista dos Trabalhadores Unificado";-1;"#NULO#";"#NULO#";"#NULO#";280000050040;"PARTIDO ISOLADO";"PSTU";"N";8;"Válido";8;4;"NÃO ELEITO"
"13/11/2024";"10:56:11";2018;2;"Eleição Ordinária";1;295;"ELEIÇÃO GERAL FEDERAL 2018";"07/10/2018";"F";"RO";"BR";"BRASIL";256;"ESPIGÃO DO OESTE";12;1;"Presidente";280000602500;51;"BENEVENUTO DACIOLO FONSECA DOS SANTOS";"CABO DACIOLO";"#NULO#";12;"APTO";2;"DEFERIDO";-3;"#NE";-3;"#NE";-3;"#NE";"PARTIDO ISOLADO";51;"PATRI";"Patriota";-1;"#NULO#";"#NULO#";"#NULO#";280000050072;"PARTIDO ISOLADO";"PATRI";"N";122;"Válido";122;4;"NÃO ELEITO"
"13/11/2024";"10:56:11";2018;2;"Eleição Ordinária";1;295;"ELEIÇÃO GERAL FEDERAL 2018";"07/10/2018";"F";"RO";"BR";"BRASIL";191;"PRESIDENTE MÉDICI";3;1;"Presidente";280000601173;16;"VERA LUCIA PEREIRA DA SILVA SALGADO";"VERA";"#NULO#";12;"APTO";2;"DEFERIDO";-3;"#NE";-3;"#NE";-3;"#NE";"PARTIDO ISOLADO";16;"PSTU";"Partido Socialista dos Trabalhadores Unificado";-1;"#NULO#";"#NULO#";"#NULO#";280000050040;"PARTIDO ISOLADO";"PSTU";"N";4;"Válido";4;4;"NÃO ELEITO"
"13/11/2024";"10:56:11";2018;2;"Eleição Ordinária";2;296;"ELEIÇÃO GERAL FEDERAL 2018";"28/10/2018";"F";"RO";"BR";"BRASIL";396;"MACHADINHO D OESTE";32;1;"Presidente";280000614517;17;"JAIR MESSIAS BOLSONARO";"JAIR BOLSONARO";"#NULO#";12;"APTO";2;"DEFERIDO";-3;"#NE";-3;"#NE";-3;"#NE";"COLIGAÇÃO";17;"PSL";"Partido Social Liberal";-1;"#NULO#";"#NULO#";"#NULO#";280000050386;"BRASIL ACIMA DE TUDO, DEUS ACIMA DE TODOS";"PSL / PRTB";"N";9513;"Válido";9513;1;"ELEITO"
"13/11/2024";"10:56:11";2018;2;"Eleição Ordinária";1;295;"ELEIÇÃO GERAL FEDERAL 2018";"07/10/2018";"F";"RO";"BR";"BRASIL";213;"COSTA MARQUES";5;1;"Presidente";280000601173;16;"VERA LUCIA PEREIRA DA SILVA SALGADO";"VERA";"#NULO#";12;"APTO";2;"DEFERIDO";-3;"#NE";-3;"#NE";-3;"#NE";"PARTIDO ISOLADO";16;"PSTU";"Partido Socialista dos Trabalhadores Unificado";-1;"#NULO#";"#NULO#";"#NULO#";280000050040;"PARTIDO ISOLADO";"PSTU";"N";1;"Válido";1;4;"NÃO ELEITO"
"13/11/2024";"10:56:11";2018;2;"Eleição Ordinária";1;295;"ELEIÇÃO GERAL FEDERAL 2018";"07/10/2018";"F";"RO";"BR";"BRASIL";590;"THEOBROMA";27;1;"Presidente";280000601173;16;"VERA LUCIA PEREIRA DA SILVA SALGADO";"VERA";"#NULO#";12;"APTO";2;"DEFERIDO";-3;"#NE";-3;"#NE";-3;"#NE";"PARTIDO ISOLADO";16;"PSTU";"Partido Socialista dos Trabalhadores Unificado";-1;"#NULO#";"#NULO#";"#NULO#";280000050040;"PARTIDO ISOLADO";"PSTU";"N";2;"Válido";2;4;"NÃO ELEITO"
"13/11/2024";"10:56:11";2018;2;"Eleição Ordinária";1;295;"ELEIÇÃO GERAL FEDERAL 2018";"07/10/2018";"F";"RO";"BR";"BRASIL";558;"VALE DO PARAÍSO";28;1;"Presidente";280000614517;17;"JAIR MESSIAS BOLSONARO";"JAIR BOLSONARO";"#NULO#";12;"APTO";2;"DEFERIDO";-3;"#NE";-3;"#NE";-3;"#NE";"COLIGAÇÃO";17;"PSL";"Partido Social Liberal";-1;"#NULO#";"#NULO#";"#NULO#";280000050386;"BRASIL ACIMA DE TUDO, DEUS ACIMA DE TODOS";"PSL / PRTB";"N";2461;"Válido";2461;6;"2º TURNO"
"13/11/2024";"10:56:11";2018;2;"Eleição Ordinária";2;296;"ELEIÇÃO GERAL FEDERAL 2018";"28/10/2018";"F";"RO";"BR";"BRASIL";809;"CHUPINGUAIA";8;1;"Presidente";280000614517;17;"JAIR MESSIAS BOLSONARO";"JAIR BOLSONARO";"#NULO#";12;"APTO";2;"DEFERIDO";-3;"#NE";-3;"#NE";-3;"#NE";"COLIGAÇÃO";17;"PSL";"Partido Social Liberal";-1;"#NULO#";"#NULO#";"#NULO#";280000050386;"BRASIL ACIMA DE TUDO, DEUS ACIMA DE TODOS";"PSL / PRTB";"N";3057;"Válido";3057;1;"ELEITO"
"13/11/2024";"10:56:11";2018;2;"Eleição Ordinária";2;296;"ELEIÇÃO GERAL FEDERAL 2018";"28/10/2018";"F";"RO";"BR";"BRASIL";728;"PRIMAVERA DE RONDÔNIA";9;1;"Presidente";280000614517;17;"JAIR MESSIAS BOLSONARO";"JAIR BOLSONARO";"#NULO#";12;"APTO";2;"DEFERIDO";-3;"#NE";-3;"#NE";-3;"#NE";"COLIGAÇÃO";17;"PSL";"Partido Social Liberal";-1;"#NULO#";"#NULO#";"#NULO#";280000050386;"BRASIL ACIMA DE TUDO, DEUS ACIMA DE TODOS";"PSL / PRTB";"N";1423;"Válido";1423;1;"ELEITO"
"13/11/2024";"10:56:11";2018;2;"Eleição Ordinária";1;295;"ELEIÇÃO GERAL FEDERAL 2018";"07/10/2018";"F";"RO";"BR";"BRASIL";175;"OURO PRETO DO OESTE";13;1;"Presidente";280000601173;16;"VERA LUCIA PEREIRA DA SILVA SALGADO";"VERA";"#NULO#";12;"APTO";2;"DEFERIDO";-3;"#NE";-3;"#NE";-3;"#NE";"PARTIDO ISOLADO";16;"PSTU";"Partido Socialista dos Trabalhadores Unificado";-1;"#NULO#";"#NULO#";"#NULO#";280000050040;"PARTIDO ISOLADO";"PSTU";"N";13;"Válido";13;4;"NÃO ELEITO"
"13/11/2024";"10:56:11";2018;2;"Eleição Ordinária";1;295;"ELEIÇÃO GERAL FEDERAL 2018";"07/10/2018";"F";"RO";"BR";"BRASIL";256;"ESPIGÃO DO OESTE";12;1;"Presidente";280000601173;16;"VERA LUCIA PEREIRA DA SILVA SALGADO";"VERA";"#NULO#";12;"APTO";2;"DEFERIDO";-3;"#NE";-3;"#NE";-3;"#NE";"PARTIDO ISOLADO";16;"PSTU";"Partido Socialista dos Trabalhadores Unificado";-1;"#NULO#";"#NULO#";"#NULO#";280000050040;"PARTIDO ISOLADO";"PSTU";"N";8;"Válido";8;4;"NÃO ELEITO"
"13/11/2024";"10:56:11";2018;2;"Eleição Ordinária";1;295;"ELEIÇÃO GERAL FEDERAL 2018";"07/10/2018";"F";"RO";"BR";"BRASIL";353;"SANTA LUZIA D OESTE";19;1;"Presidente";280000601173;16;"VERA LUCIA PEREIRA DA SILVA SALGADO";"VERA";"#NULO#";12;"APTO";2;"DEFERIDO";-3;"#NE";-3;"#NE";-3;"#NE";"PARTIDO ISOLADO";16;"PSTU";"Partido Socialista dos Trabalhadores Unificado";-1;"#NULO#";"#NULO#";"#NULO#";280000050040;"PARTIDO ISOLADO";"PSTU";"N";1;"Válido";1;4;"NÃO ELEITO"
"13/11/2024";"10:56:11";2018;2;"Eleição Ordinária";2;296;"ELEIÇÃO GERAL FEDERAL 2018";"28/10/2018";"F";"RO";"BR";"BRASIL";558;"VALE DO PARAÍSO";28;1;"Presidente";280000614517;17;"JAIR MESSIAS BOLSONARO";"JAIR BOLSONARO";"#NULO#";12;"APTO";2;"DEFERIDO";-3;"#NE";-3;"#NE";-3;"#NE";"COLIGAÇÃO";17;"PSL";"Partido Social Liberal";-1;"#NULO#";"#NULO#";"#NULO#";280000050386;"BRASIL ACIMA DE TUDO, DEUS ACIMA DE TODOS";"PSL / PRTB";"N";2615;"Válido";2615;1;"ELEITO"
"13/11/2024";"10:56:11";2018;2;"Eleição Ordinária";1;295;"ELEIÇÃO GERAL FEDERAL 2018";"07/10/2018";"F";"RO";"BR";"BRASIL";310;"ALTA FLORESTA D OESTE";17;1;"Presidente";280000614517;17;"JAIR MESSIAS BOLSONARO";"JAIR BOLSONARO";"#NULO#";12;"APTO";2;"DEFERIDO";-3;"#NE";-3;"#NE";-3;"#NE";"COLIGAÇÃO";17;"PSL";"Partido Social Liberal";-1;"#NULO#";"#NULO#";"#NULO#";280000050386;"BRASIL ACIMA DE TUDO, DEUS ACIMA DE TODOS";"PSL / PRTB";"N";7617;"Válido";7617;6;"2º TURNO"
"13/11/2024";"10:56:11";2018;2;"Eleição Ordinária";2;296;"ELEIÇÃO GERAL FEDERAL 2018";"28/10/2018";"F";"RO";"BR";"BRASIL";310;"ALTA FLORESTA D OESTE";17;1;"Presidente";280000614517;17;"JAIR MESSIAS BOLSONARO";"JAIR BOLSONARO";"#NULO#";12;"APTO";2;"DEFERIDO";-3;"#NE";-3;"#NE";-3;"#NE";"COLIGAÇÃO";17;"PSL";"Partido Social Liberal";-1;"#NULO#";"#NULO#";"#NULO#";280000050386;"BRASIL ACIMA DE TUDO, DEUS ACIMA DE TODOS";"PSL / PRTB";"N";8524;"Válido";8524;1;"ELEITO"
"13/11/2024";"10:56:11";2018;2;"Eleição Ordinária";1;295;"ELEIÇÃO GERAL FEDERAL 2018";"07/10/2018";"F";"RO";"BR";"BRASIL";809;"CHUPINGUAIA";8;1;"Presidente";280000614517;17;"JAIR MESSIAS BOLSONARO";"JAIR BOLSONARO";"#NULO#";12;"APTO";2;"DEFERIDO";-3;"#NE";-3;"#NE";-3;"#NE";"COLIGAÇÃO";17;"PSL";"Partido Social Liberal";-1;"#NULO#";"#NULO#";"#NULO#";280000050386;"BRASIL ACIMA DE TUDO, DEUS ACIMA DE TODOS";"PSL / PRTB";"N";2853;"Válido";2853;6;"2º TURNO"
"13/11/2024";"10:56:11";2018;2;"Eleição Ordinária";1;295;"ELEIÇÃO GERAL FEDERAL 2018";"07/10/2018";"F";"RO";"BR";"BRASIL";230;"COLORADO DO OESTE";8;1;"Presidente";280000601016;50;"GUILHERME CASTRO BOULOS";"GUILHERME BOULOS";"#NULO#";12;"APTO";2;"DEFERIDO";-3;"#NE";-3;"#NE";-3;"#NE";"COLIGAÇÃO";50;"PSOL";"Partido Socialismo e Liberdade";-1;"#NULO#";"#NULO#";"#NULO#";280000050035;"VAMOS SEM MEDO DE MUDAR O BRASIL";"PSOL / PCB";"N";48;"Válido";48;4;"NÃO ELEITO"
"13/11/2024";"10:56:11";2018;2;"Eleição Ordinária";1;295;"ELEIÇÃO GERAL FEDERAL 2018";"07/10/2018";"F";"RO";"BR";"BRASIL";159;"JARU";10;1;"Presidente";280000601016;50;"GUILHERME CASTRO BOULOS";"GUILHERME BOULOS";"#NULO#";12;"APTO";2;"DEFERIDO";-3;"#NE";-3;"#NE";-3;"#NE";"COLIGAÇÃO";50;"PSOL";"Partido Socialismo e Liberdade";-1;"#NULO#";"#NULO#";"#NULO#";280000050035;"VAMOS SEM MEDO DE MUDAR O BRASIL";"PSOL / PCB";"N";121;"Válido";121;4;"NÃO ELEITO"
"13/11/2024";"10:56:11";2018;2;"Eleição Ordinária";1;295;"ELEIÇÃO GERAL FEDERAL 2018";"07/10/2018";"F";"RO";"BR";"BRASIL";566;"URUPÁ";18;1;"Presidente";280000614517;17;"JAIR MESSIAS BOLSONARO";"JAIR BOLSONARO";"#NULO#";12;"APTO";2;"DEFERIDO";-3;"#NE";-3;"#NE";-3;"#NE";"COLIGAÇÃO";17;"PSL";"Partido Social Liberal";-1;"#NULO#";"#NULO#";"#NULO#";280000050386;"BRASIL ACIMA DE TUDO, DEUS ACIMA DE TODOS";"PSL / PRTB";"N";3548;"Válido";3548;6;"2º TURNO"
"13/11/2024";"10:56:11";2018;2;"Eleição Ordinária";2;296;"ELEIÇÃO GERAL FEDERAL 2018";"28/10/2018";"F";"RO";"BR";"BRASIL";566;"URUPÁ";18;1;"Presidente";280000614517;17;"JAIR MESSIAS BOLSONARO";"JAIR BOLSONARO";"#NULO#";12;"APTO";2;"DEFERIDO";-3;"#NE";-3;"#NE";-3;"#NE";"COLIGAÇÃO";17;"PSL";"Partido Social Liberal";-1;"#NULO#";"#NULO#";"#NULO#";280000050386;"BRASIL ACIMA DE TUDO, DEUS ACIMA DE TODOS";"PSL / PRTB";"N";3985;"Válido";3985;1;"ELEITO"
"13/11/2024";"10:56:11";2018;2;"Eleição Ordinária";1;295;"ELEIÇÃO GERAL FEDERAL 2018";"07/10/2018";"F";"RO";"BR";"BRASIL";728;"PRIMAVERA DE RONDÔNIA";9;1;"Presidente";280000614517;17;"JAIR MESSIAS BOLSONARO";"JAIR BOLSONARO";"#NULO#";12;"APTO";2;"DEFERIDO";-3;"#NE";-3;"#NE";-3;"#NE";"COLIGAÇÃO";17;"PSL";"Partido Social Liberal";-1;"#NULO#";"#NULO#";"#NULO#";280000050386;"BRASIL ACIMA DE TUDO, DEUS ACIMA DE TODOS";"PSL / PRTB";"N";1368;"Válido";1368;6;"2º TURNO"
"13/11/2024";"10:56:11";2018;2;"Eleição Ordinária";1;295;"ELEIÇÃO GERAL FEDERAL 2018";"07/10/2018";"F";"RO";"BR";"BRASIL";590;"THEOBROMA";27;1;"Presidente";280000614517;17;"JAIR MESSIAS BOLSONARO";"JAIR BOLSONARO";"#NULO#";12;"APTO";2;"DEFERIDO";-3;"#NE";-3;"#NE";-3;"#NE";"COLIGAÇÃO";17;"PSL";"Partido Social Liberal";-1;"#NULO#";"#NULO#";"#NULO#";280000050386;"BRASIL ACIMA DE TUDO, DEUS ACIMA DE TODOS";"PSL / PRTB";"N";3143;"Válido";3143;6;"2º TURNO"
"13/11/2024";"10:56:11";2018;2;"Eleição Ordinária";1;295;"ELEIÇÃO GERAL FEDERAL 2018";"07/10/2018";"F";"RO";"BR";"BRASIL";19;"GUAJARÁ-MIRIM";1;1;"Presidente";280000614517;17;"JAIR MESSIAS BOLSONARO";"JAIR BOLSONARO";"#NULO#";12;"APTO";2;"DEFERIDO";-3;"#NE";-3;"#NE";-3;"#NE";"COLIGAÇÃO";17;"PSL";"Partido Social Liberal";-1;"#NULO#";"#NULO#";"#NULO#";280000050386;"BRASIL ACIMA DE TUDO, DEUS ACIMA DE TODOS";"PSL / PRTB";"N";12272;"Válido";12272;6;"2º TURNO"
"13/11/2024";"10:56:11";2018;2;"Eleição Ordinária";1;295;"ELEIÇÃO GERAL FEDERAL 2018";"07/10/2018";"F";"RO";"BR";"BRASIL";353;"SANTA LUZIA D OESTE";19;1;"Presidente";280000614517;17;"JAIR MESSIAS BOLSONARO";"JAIR BOLSONARO";"#NULO#";12;"APTO";2;"DEFERIDO";-3;"#NE";-3;"#NE";-3;"#NE";"COLIGAÇÃO";17;"PSL";"Partido Social Liberal";-1;"#NULO#";"#NULO#";"#NULO#";280000050386;"BRASIL ACIMA DE TUDO, DEUS ACIMA DE TODOS";"PSL / PRTB";"N";2701;"Válido";2701;6;"2º TURNO"
"13/11/2024";"10:56:11";2018;2;"Eleição Ordinária";2;296;"ELEIÇÃO GERAL FEDERAL 2018";"28/10/2018";"F";"RO";"BR";"BRASIL";175;"OURO PRETO DO OESTE";13;1;"Presidente";280000614517;17;"JAIR MESSIAS BOLSONARO";"JAIR BOLSONARO";"#NULO#";12;"APTO";2;"DEFERIDO";-3;"#NE";-3;"#NE";-3;"#NE";"COLIGAÇÃO";17;"PSL";"Partido Social Liberal";-1;"#NULO#";"#NULO#";"#NULO#";280000050386;"BRASIL ACIMA DE TUDO, DEUS ACIMA DE TODOS";"PSL / PRTB";"N";13779;"Válido";13779;1;"ELEITO"
"13/11/2024";"10:56:11";2018;2;"Eleição Ordinária";2;296;"ELEIÇÃO GERAL FEDERAL 2018";"28/10/2018";"F";"RO";"BR";"BRASIL";590;"THEOBROMA";27;1;"Presidente";280000614517;17;"JAIR MESSIAS BOLSONARO";"JAIR BOLSONARO";"#NULO#";12;"APTO";2;"DEFERIDO";-3;"#NE";-3;"#NE";-3;"#NE";"COLIGAÇÃO";17;"PSL";"Partido Social Liberal";-1;"#NULO#";"#NULO#";"#NULO#";280000050386;"BRASIL ACIMA DE TUDO, DEUS ACIMA DE TODOS";"PSL / PRTB";"N";3441;"Válido";3441;1;"ELEITO"
"13/11/2024";"10:56:11";2018;2;"Eleição Ordinária";1;295;"ELEIÇÃO GERAL FEDERAL 2018";"07/10/2018";"F";"RO";"BR";"BRASIL";191;"PRESIDENTE MÉDICI";3;1;"Presidente";280000614517;17;"JAIR MESSIAS BOLSONARO";"JAIR BOLSONARO";"#NULO#";12;"APTO";2;"DEFERIDO";-3;"#NE";-3;"#NE";-3;"#NE";"COLIGAÇÃO";17;"PSL";"Partido Social Liberal";-1;"#NULO#";"#NULO#";"#NULO#";280000050386;"BRASIL ACIMA DE TUDO, DEUS ACIMA DE TODOS";"PSL / PRTB";"N";7054;"Válido";7054;6;"2º TURNO"
"13/11/2024";"10:56:11";2018;2;"Eleição Ordinária";1;295;"ELEIÇÃO GERAL FEDERAL 2018";"07/10/2018";"F";"RO";"BR";"BRASIL";175;"OURO PRETO DO OESTE";13;1;"Presidente";280000614517;17;"JAIR MESSIAS BOLSONARO";"JAIR BOLSONARO";"#NULO#";12;"APTO";2;"DEFERIDO";-3;"#NE";-3;"#NE";-3;"#NE";"COLIGAÇÃO";17;"PSL";"Partido Social Liberal";-1;"#NULO#";"#NULO#";"#NULO#";280000050386;"BRASIL ACIMA DE TUDO, DEUS ACIMA DE TODOS";"PSL / PRTB";"N";12774;"Válido";12774;6;"2º TURNO"
"13/11/2024";"10:56:11";2018;2;"Eleição Ordinária";2;296;"ELEIÇÃO GERAL FEDERAL 2018";"28/10/2018";"F";"RO";"BR";"BRASIL";191;"PRESIDENTE MÉDICI";3;1;"Presidente";280000614517;17;"JAIR MESSIAS BOLSONARO";"JAIR BOLSONARO";"#NULO#";12;"APTO";2;"DEFERIDO";-3;"#NE";-3;"#NE";-3;"#NE";"COLIGAÇÃO";17;"PSL";"Partido Social Liberal";-1;"#NULO#";"#NULO#";"#NULO#";280000050386;"BRASIL ACIMA DE TUDO, DEUS ACIMA DE TODOS";"PSL / PRTB";"N";7768;"Válido";7768;1;"ELEITO"
"13/11/2024";"10:56:11";2018;2;"Eleição Ordinária";1;295;"ELEIÇÃO GERAL FEDERAL 2018";"07/10/2018";"F";"RO";"BR";"BRASIL";299;"ROLIM DE MOURA";29;1;"Presidente";280000614517;17;"JAIR MESSIAS BOLSONARO";"JAIR BOLSONARO";"#NULO#";12;"APTO";2;"DEFERIDO";-3;"#NE";-3;"#NE";-3;"#NE";"COLIGAÇÃO";17;"PSL";"Partido Social Liberal";-1;"#NULO#";"#NULO#";"#NULO#";280000050386;"BRASIL ACIMA DE TUDO, DEUS ACIMA DE TODOS";"PSL / PRTB";"N";19082;"Válido";19082;6;"2º TURNO"
"13/11/2024";"10:56:11";2018;2;"Eleição Ordinária";2;296;"ELEIÇÃO GERAL FEDERAL 2018";"28/10/2018";"F";"RO";"BR";"BRASIL";353;"SANTA LUZIA D OESTE";19;1;"Presidente";280000614517;17;"JAIR MESSIAS BOLSONARO";"JAIR BOLSONARO";"#NULO#";12;"APTO";2;"DEFERIDO";-3;"#NE";-3;"#NE";-3;"#NE";"COLIGAÇÃO";17;"PSL";"Partido Social Liberal";-1;"#NULO#";"#NULO#";"#NULO#";280000050386;"BRASIL ACIMA DE TUDO, DEUS ACIMA DE TODOS";"PSL / PRTB";"N";3053;"Válido";3053;1;"ELEITO"
"13/11/2024";"10:56:11";2018;2;"Eleição Ordinária";1;295;"ELEIÇÃO GERAL FEDERAL 2018";"07/10/2018";"F";"RO";"BR";"BRASIL";337;"ALVORADA DO OESTE";18;1;"Presidente";280000614517;17;"JAIR MESSIAS BOLSONARO";"JAIR BOLSONARO";"#NULO#";12;"APTO";2;"DEFERIDO";-3;"#NE";-3;"#NE";-3;"#NE";"COLIGAÇÃO";17;"PSL";"Partido Social Liberal";-1;"#NULO#";"#NULO#";"#NULO#";280000050386;"BRASIL ACIMA DE TUDO, DEUS ACIMA DE TODOS";"PSL / PRTB";"N";4120;"Válido";4120;6;"2º TURNO"
"13/11/2024";"10:56:11";2018;2;"Eleição Ordinária";2;296;"ELEIÇÃO GERAL FEDERAL 2018";"28/10/2018";"F";"RO";"BR";"BRASIL";663;"MONTE NEGRO";25;1;"Presidente";280000614517;17;"JAIR MESSIAS BOLSONARO";"JAIR BOLSONARO";"#NULO#";12;"APTO";2;"DEFERIDO";-3;"#NE";-3;"#NE";-3;"#NE";"COLIGAÇÃO";17;"PSL";"Partido Social Liberal";-1;"#NULO#";"#NULO#";"#NULO#";280000050386;"BRASIL ACIMA DE TUDO, DEUS ACIMA DE TODOS";"PSL / PRTB";"N";4750;"Válido";4750;1;"ELEITO"
"13/11/2024";"10:56:11";2018;2;"Eleição Ordinária";1;295;"ELEIÇÃO GERAL FEDERAL 2018";"07/10/2018";"F";"RO";"BR";"BRASIL";663;"MONTE NEGRO";25;1;"Presidente";280000614517;17;"JAIR MESSIAS BOLSONARO";"JAIR BOLSONARO";"#NULO#";12;"APTO";2;"DEFERIDO";-3;"#NE";-3;"#NE";-3;"#NE";"COLIGAÇÃO";17;"PSL";"Partido Social Liberal";-1;"#NULO#";"#NULO#";"#NULO#";280000050386;"BRASIL ACIMA DE TUDO, DEUS ACIMA DE TODOS";"PSL / PRTB";"N";4290;"Válido";4290;6;"2º TURNO"
"13/11/2024";"10:56:11";2018;2;"Eleição Ordinária";1;295;"ELEIÇÃO GERAL FEDERAL 2018";"07/10/2018";"F";"RO";"BR";"BRASIL";256;"ESPIGÃO DO OESTE";12;1;"Presidente";280000614517;17;"JAIR MESSIAS BOLSONARO";"JAIR BOLSONARO";"#NULO#";12;"APTO";2;"DEFERIDO";-3;"#NE";-3;"#NE";-3;"#NE";"COLIGAÇÃO";17;"PSL";"Partido Social Liberal";-1;"#NULO#";"#NULO#";"#NULO#";280000050386;"BRASIL ACIMA DE TUDO, DEUS ACIMA DE TODOS";"PSL / PRTB";"N";11219;"Válido";11219;6;"2º TURNO"
"13/11/2024";"10:56:11";2018;2;"Eleição Ordinária";1;295;"ELEIÇÃO GERAL FEDERAL 2018";"07/10/2018";"F";"RO";"BR";"BRASIL";213;"COSTA MARQUES";5;1;"Presidente";280000614517;17;"JAIR MESSIAS BOLSONARO";"JAIR BOLSONARO";"#NULO#";12;"APTO";2;"DEFERIDO";-3;"#NE";-3;"#NE";-3;"#NE";"COLIGAÇÃO";17;"PSL";"Partido Social Liberal";-1;"#NULO#";"#NULO#";"#NULO#";280000050386;"BRASIL ACIMA DE TUDO, DEUS ACIMA DE TODOS";"PSL / PRTB";"N";3083;"Válido";3083;6;"2º TURNO"
"13/11/2024";"10:56:11";2018;2;"Eleição Ordinária";2;296;"ELEIÇÃO GERAL FEDERAL 2018";"28/10/2018";"F";"RO";"BR";"BRASIL";337;"ALVORADA DO OESTE";18;1;"Presidente";280000614517;17;"JAIR MESSIAS BOLSONARO";"JAIR BOLSONARO";"#NULO#";12;"APTO";2;"DEFERIDO";-3;"#NE";-3;"#NE";-3;"#NE";"COLIGAÇÃO";17;"PSL";"Partido Social Liberal";-1;"#NULO#";"#NULO#";"#NULO#";280000050386;"BRASIL ACIMA DE TUDO, DEUS ACIMA DE TODOS";"PSL / PRTB";"N";4729;"Válido";4729;1;"ELEITO"
"13/11/2024";"10:56:11";2018;2;"Eleição Ordinária";2;296;"ELEIÇÃO GERAL FEDERAL 2018";"28/10/2018";"F";"RO";"BR";"BRASIL";213;"COSTA MARQUES";5;1;"Presidente";280000614517;17;"JAIR MESSIAS BOLSONARO";"JAIR BOLSONARO";"#NULO#";12;"APTO";2;"DEFERIDO";-3;"#NE";-3;"#NE";-3;"#NE";"COLIGAÇÃO";17;"PSL";"Partido Social Liberal";-1;"#NULO#";"#NULO#";"#NULO#";280000050386;"BRASIL ACIMA DE TUDO, DEUS ACIMA DE TODOS";"PSL / PRTB";"N";3320;"Válido";3320;1;"ELEITO"
"13/11/2024";"10:56:11";2018;2;"Eleição Ordinária";2;296;"ELEIÇÃO GERAL FEDERAL 2018";"28/10/2018";"F";"RO";"BR";"BRASIL";299;"ROLIM DE MOURA";29;1;"Presidente";280000614517;17;"JAIR MESSIAS BOLSONARO";"JAIR BOLSONARO";"#NULO#";12;"APTO";2;"DEFERIDO";-3;"#NE";-3;"#NE";-3;"#NE";"COLIGAÇÃO";17;"PSL";"Partido Social Liberal";-1;"#NULO#";"#NULO#";"#NULO#";280000050386;"BRASIL ACIMA DE TUDO, DEUS ACIMA DE TODOS";"PSL / PRTB";"N";21429;"Válido";21429;1;"ELEITO"
"13/11/2024";"10:56:11";2018;2;"Eleição Ordinária";1;295;"ELEIÇÃO GERAL FEDERAL 2018";"07/10/2018";"F";"RO";"BR";"BRASIL";230;"COLORADO DO OESTE";8;1;"Presidente";280000629808;13;"FERNANDO HADDAD";"FERNANDO HADDAD";"#NULO#";12;"APTO";2;"DEFERIDO";-3;"#NE";-3;"#NE";-3;"#NE";"COLIGAÇÃO";13;"PT";"Partido dos Trabalhadores";-1;"#NULO#";"#NULO#";"#NULO#";280000050703;"O POVO FELIZ DE NOVO";"PT / PC do B / PROS";"N";1848;"Válido";1848;6;"2º TURNO"
"13/11/2024";"10:56:11";2018;2;"Eleição Ordinária";1;295;"ELEIÇÃO GERAL FEDERAL 2018";"07/10/2018";"F";"RO";"BR";"BRASIL";159;"JARU";10;1;"Presidente";280000629808;13;"FERNANDO HADDAD";"FERNANDO HADDAD";"#NULO#";12;"APTO";2;"DEFERIDO";-3;"#NE";-3;"#NE";-3;"#NE";"COLIGAÇÃO";13;"PT";"Partido dos Trabalhadores";-1;"#NULO#";"#NULO#";"#NULO#";280000050703;"O POVO FELIZ DE NOVO";"PT / PC do B / PROS";"N";4616;"Válido";4616;6;"2º TURNO"
"13/11/2024";"10:56:11";2018;2;"Eleição Ordinária";2;296;"ELEIÇÃO GERAL FEDERAL 2018";"28/10/2018";"F";"RO";"BR";"BRASIL";19;"GUAJARÁ-MIRIM";1;1;"Presidente";280000614517;17;"JAIR MESSIAS BOLSONARO";"JAIR BOLSONARO";"#NULO#";12;"APTO";2;"DEFERIDO";-3;"#NE";-3;"#NE";-3;"#NE";"COLIGAÇÃO";17;"PSL";"Partido Social Liberal";-1;"#NULO#";"#NULO#";"#NULO#";280000050386;"BRASIL ACIMA DE TUDO, DEUS ACIMA DE TODOS";"PSL / PRTB";"N";12838;"Válido";12838;1;"ELEITO"
"13/11/2024";"10:56:11";2018;2;"Eleição Ordinária";2;296;"ELEIÇÃO GERAL FEDERAL 2018";"28/10/2018";"F";"RO";"BR";"BRASIL";256;"ESPIGÃO DO OESTE";12;1;"Presidente";280000614517;17;"JAIR MESSIAS BOLSONARO";"JAIR BOLSONARO";"#NULO#";12;"APTO";2;"DEFERIDO";-3;"#NE";-3;"#NE";-3;"#NE";"COLIGAÇÃO";17;"PSL";"Partido Social Liberal";-1;"#NULO#";"#NULO#";"#NULO#";280000050386;"BRASIL ACIMA DE TUDO, DEUS ACIMA DE TODOS";"PSL / PRTB";"N";12536;"Válido";12536;1;"ELEITO"
"13/11/2024";"10:56:11";2018;2;"Eleição Ordinária";1;295;"ELEIÇÃO GERAL FEDERAL 2018";"07/10/2018";"F";"RO";"BR";"BRASIL";78;"ARIQUEMES";7;1;"Presidente";280000629808;13;"FERNANDO HADDAD";"FERNANDO HADDAD";"#NULO#";12;"APTO";2;"DEFERIDO";-3;"#NE";-3;"#NE";-3;"#NE";"COLIGAÇÃO";13;"PT";"Partido dos Trabalhadores";-1;"#NULO#";"#NULO#";"#NULO#";280000050703;"O POVO FELIZ DE NOVO";"PT / PC do B / PROS";"N";6281;"Válido";6281;6;"2º TURNO"
"13/11/2024";"10:56:11";2018;2;"Eleição Ordinária";1;295;"ELEIÇÃO GERAL FEDERAL 2018";"07/10/2018";"F";"RO";"BR";"BRASIL";132;"VILHENA";4;1;"Presidente";280000629808;13;"FERNANDO HADDAD";"FERNANDO HADDAD";"#NULO#";12;"APTO";2;"DEFERIDO";-3;"#NE";-3;"#NE";-3;"#NE";"COLIGAÇÃO";13;"PT";"Partido dos Trabalhadores";-1;"#NULO#";"#NULO#";"#NULO#";280000050703;"O POVO FELIZ DE NOVO";"PT / PC do B / PROS";"N";5473;"Válido";5473;6;"2º TURNO"
"13/11/2024";"10:56:11";2018;2;"Eleição Ordinária";1;295;"ELEIÇÃO GERAL FEDERAL 2018";"07/10/2018";"F";"RO";"BR";"BRASIL";710;"SÃO FELIPE D OESTE";19;1;"Presidente";280000629808;13;"FERNANDO HADDAD";"FERNANDO HADDAD";"#NULO#";12;"APTO";2;"DEFERIDO";-3;"#NE";-3;"#NE";-3;"#NE";"COLIGAÇÃO";13;"PT";"Partido dos Trabalhadores";-1;"#NULO#";"#NULO#";"#NULO#";280000050703;"O POVO FELIZ DE NOVO";"PT / PC do B / PROS";"N";723;"Válido";723;6;"2º TURNO"
"13/11/2024";"10:56:11";2018;2;"Eleição Ordinária";1;295;"ELEIÇÃO GERAL FEDERAL 2018";"07/10/2018";"F";"RO";"BR";"BRASIL";35;"PORTO VELHO";6;1;"Presidente";280000629808;13;"FERNANDO HADDAD";"FERNANDO HADDAD";"#NULO#";12;"APTO";2;"DEFERIDO";-3;"#NE";-3;"#NE";-3;"#NE";"COLIGAÇÃO";13;"PT";"Partido dos Trabalhadores";-1;"#NULO#";"#NULO#";"#NULO#";280000050703;"O POVO FELIZ DE NOVO";"PT / PC do B / PROS";"N";13457;"Válido";13457;6;"2º TURNO"
"13/11/2024";"10:56:11";2018;2;"Eleição Ordinária";1;295;"ELEIÇÃO GERAL FEDERAL 2018";"07/10/2018";"F";"RO";"BR";"BRASIL";35;"PORTO VELHO";20;1;"Presidente";280000629808;13;"FERNANDO HADDAD";"FERNANDO HADDAD";"#NULO#";12;"APTO";2;"DEFERIDO";-3;"#NE";-3;"#NE";-3;"#NE";"COLIGAÇÃO";13;"PT";"Partido dos Trabalhadores";-1;"#NULO#";"#NULO#";"#NULO#";280000050703;"O POVO FELIZ DE NOVO";"PT / PC do B / PROS";"N";15004;"Válido";15004;6;"2º TURNO"
"13/11/2024";"10:56:11";2018;2;"Eleição Ordinária";1;295;"ELEIÇÃO GERAL FEDERAL 2018";"07/10/2018";"F";"RO";"BR";"BRASIL";35;"PORTO VELHO";21;1;"Presidente";280000629808;13;"FERNANDO HADDAD";"FERNANDO HADDAD";"#NULO#";12;"APTO";2;"DEFERIDO";-3;"#NE";-3;"#NE";-3;"#NE";"COLIGAÇÃO";13;"PT";"Partido dos Trabalhadores";-1;"#NULO#";"#NULO#";"#NULO#";280000050703;"O POVO FELIZ DE NOVO";"PT / PC do B / PROS";"N";11125;"Válido";11125;6;"2º TURNO"
"13/11/2024";"10:56:11";2018;2;"Eleição Ordinária";1;295;"ELEIÇÃO GERAL FEDERAL 2018";"07/10/2018";"F";"RO";"BR";"BRASIL";35;"PORTO VELHO";2;1;"Presidente";280000629808;13;"FERNANDO HADDAD";"FERNANDO HADDAD";"#NULO#";12;"APTO";2;"DEFERIDO";-3;"#NE";-3;"#NE";-3;"#NE";"COLIGAÇÃO";13;"PT";"Partido dos Trabalhadores";-1;"#NULO#";"#NULO#";"#NULO#";280000050703;"O POVO FELIZ DE NOVO";"PT / PC do B / PROS";"N";12768;"Válido";12768;6;"2º TURNO"
"13/11/2024";"10:56:11";2018;2;"Eleição Ordinária";1;295;"ELEIÇÃO GERAL FEDERAL 2018";"07/10/2018";"F";"RO";"BR";"BRASIL";736;"ALTO ALEGRE DOS PARECIS";19;1;"Presidente";280000629808;13;"FERNANDO HADDAD";"FERNANDO HADDAD";"#NULO#";12;"APTO";2;"DEFERIDO";-3;"#NE";-3;"#NE";-3;"#NE";"COLIGAÇÃO";13;"PT";"Partido dos Trabalhadores";-1;"#NULO#";"#NULO#";"#NULO#";280000050703;"O POVO FELIZ DE NOVO";"PT / PC do B / PROS";"N";1936;"Válido";1936;6;"2º TURNO"
"13/11/2024";"10:56:11";2018;2;"Eleição Ordinária";1;295;"ELEIÇÃO GERAL FEDERAL 2018";"07/10/2018";"F";"RO";"BR";"BRASIL";477;"CANDEIAS DO JAMARI";21;1;"Presidente";280000629808;13;"FERNANDO HADDAD";"FERNANDO HADDAD";"#NULO#";12;"APTO";2;"DEFERIDO";-3;"#NE";-3;"#NE";-3;"#NE";"COLIGAÇÃO";13;"PT";"Partido dos Trabalhadores";-1;"#NULO#";"#NULO#";"#NULO#";280000050703;"O POVO FELIZ DE NOVO";"PT / PC do B / PROS";"N";4022;"Válido";4022;6;"2º TURNO"
"13/11/2024";"10:56:11";2018;2;"Eleição Ordinária";1;295;"ELEIÇÃO GERAL FEDERAL 2018";"07/10/2018";"F";"RO";"BR";"BRASIL";620;"CACAULÂNDIA";26;1;"Presidente";280000629808;13;"FERNANDO HADDAD";"FERNANDO HADDAD";"#NULO#";12;"APTO";2;"DEFERIDO";-3;"#NE";-3;"#NE";-3;"#NE";"COLIGAÇÃO";13;"PT";"Partido dos Trabalhadores";-1;"#NULO#";"#NULO#";"#NULO#";280000050703;"O POVO FELIZ DE NOVO";"PT / PC do B / PROS";"N";578;"Válido";578;6;"2º TURNO"
"13/11/2024";"10:56:11";2018;2;"Eleição Ordinária";1;295;"ELEIÇÃO GERAL FEDERAL 2018";"07/10/2018";"F";"RO";"BR";"BRASIL";639;"ALTO PARAÍSO";25;1;"Presidente";280000629808;13;"FERNANDO HADDAD";"FERNANDO HADDAD";"#NULO#";12;"APTO";2;"DEFERIDO";-3;"#NE";-3;"#NE";-3;"#NE";"COLIGAÇÃO";13;"PT";"Partido dos Trabalhadores";-1;"#NULO#";"#NULO#";"#NULO#";280000050703;"O POVO FELIZ DE NOVO";"PT / PC do B / PROS";"N";2016;"Válido";2016;6;"2º TURNO"
"13/11/2024";"10:56:11";2018;2;"Eleição Ordinária";1;295;"ELEIÇÃO GERAL FEDERAL 2018";"07/10/2018";"F";"RO";"BR";"BRASIL";647;"RIO CRESPO";26;1;"Presidente";280000629808;13;"FERNANDO HADDAD";"FERNANDO HADDAD";"#NULO#";12;"APTO";2;"DEFERIDO";-3;"#NE";-3;"#NE";-3;"#NE";"COLIGAÇÃO";13;"PT";"Partido dos Trabalhadores";-1;"#NULO#";"#NULO#";"#NULO#";280000050703;"O POVO FELIZ DE NOVO";"PT / PC do B / PROS";"N";479;"Válido";479;6;"2º TURNO"
"13/11/2024";"10:56:11";2018;2;"Eleição Ordinária";1;295;"ELEIÇÃO GERAL FEDERAL 2018";"07/10/2018";"F";"RO";"BR";"BRASIL";612;"GOVERNADOR JORGE TEIXEIRA";27;1;"Presidente";280000629808;13;"FERNANDO HADDAD";"FERNANDO HADDAD";"#NULO#";12;"APTO";2;"DEFERIDO";-3;"#NE";-3;"#NE";-3;"#NE";"COLIGAÇÃO";13;"PT";"Partido dos Trabalhadores";-1;"#NULO#";"#NULO#";"#NULO#";280000050703;"O POVO FELIZ DE NOVO";"PT / PC do B / PROS";"N";1341;"Válido";1341;6;"2º TURNO"
"13/11/2024";"10:56:11";2018;2;"Eleição Ordinária";1;295;"ELEIÇÃO GERAL FEDERAL 2018";"07/10/2018";"F";"RO";"BR";"BRASIL";370;"NOVA BRASILÂNDIA D OESTE";15;1;"Presidente";280000629808;13;"FERNANDO HADDAD";"FERNANDO HADDAD";"#NULO#";12;"APTO";2;"DEFERIDO";-3;"#NE";-3;"#NE";-3;"#NE";"COLIGAÇÃO";13;"PT";"Partido dos Trabalhadores";-1;"#NULO#";"#NULO#";"#NULO#";280000050703;"O POVO FELIZ DE NOVO";"PT / PC do B / PROS";"N";2317;"Válido";2317;6;"2º TURNO"
"13/11/2024";"10:56:11";2018;2;"Eleição Ordinária";1;295;"ELEIÇÃO GERAL FEDERAL 2018";"07/10/2018";"F";"RO";"BR";"BRASIL";701;"PARECIS";19;1;"Presidente";280000629808;13;"FERNANDO HADDAD";"FERNANDO HADDAD";"#NULO#";12;"APTO";2;"DEFERIDO";-3;"#NE";-3;"#NE";-3;"#NE";"COLIGAÇÃO";13;"PT";"Partido dos Trabalhadores";-1;"#NULO#";"#NULO#";"#NULO#";280000050703;"O POVO FELIZ DE NOVO";"PT / PC do B / PROS";"N";828;"Válido";828;6;"2º TURNO"
"13/11/2024";"10:56:11";2018;2;"Eleição Ordinária";1;295;"ELEIÇÃO GERAL FEDERAL 2018";"07/10/2018";"F";"RO";"BR";"BRASIL";655;"CORUMBIARA";16;1;"Presidente";280000629808;13;"FERNANDO HADDAD";"FERNANDO HADDAD";"#NULO#";12;"APTO";2;"DEFERIDO";-3;"#NE";-3;"#NE";-3;"#NE";"COLIGAÇÃO";13;"PT";"Partido dos Trabalhadores";-1;"#NULO#";"#NULO#";"#NULO#";280000050703;"O POVO FELIZ DE NOVO";"PT / PC do B / PROS";"N";1381;"Válido";1381;6;"2º TURNO"
"13/11/2024";"10:56:11";2018;2;"Eleição Ordinária";1;295;"ELEIÇÃO GERAL FEDERAL 2018";"07/10/2018";"F";"RO";"BR";"BRASIL";515;"NOVO HORIZONTE DO OESTE";15;1;"Presidente";280000629808;13;"FERNANDO HADDAD";"FERNANDO HADDAD";"#NULO#";12;"APTO";2;"DEFERIDO";-3;"#NE";-3;"#NE";-3;"#NE";"COLIGAÇÃO";13;"PT";"Partido dos Trabalhadores";-1;"#NULO#";"#NULO#";"#NULO#";280000050703;"O POVO FELIZ DE NOVO";"PT / PC do B / PROS";"N";1812;"Válido";1812;6;"2º TURNO"
"13/11/2024";"10:56:11";2018;2;"Eleição Ordinária";1;295;"ELEIÇÃO GERAL FEDERAL 2018";"07/10/2018";"F";"RO";"BR";"BRASIL";116;"PIMENTA BUENO";9;1;"Presidente";280000629808;13;"FERNANDO HADDAD";"FERNANDO HADDAD";"#NULO#";12;"APTO";2;"DEFERIDO";-3;"#NE";-3;"#NE";-3;"#NE";"COLIGAÇÃO";13;"PT";"Partido dos Trabalhadores";-1;"#NULO#";"#NULO#";"#NULO#";280000050703;"O POVO FELIZ DE NOVO";"PT / PC do B / PROS";"N";3381;"Válido";3381;6;"2º TURNO"
"13/11/2024";"10:56:11";2018;2;"Eleição Ordinária";1;295;"ELEIÇÃO GERAL FEDERAL 2018";"07/10/2018";"F";"RO";"BR";"BRASIL";680;"CUJUBIM";26;1;"Presidente";280000629808;13;"FERNANDO HADDAD";"FERNANDO HADDAD";"#NULO#";12;"APTO";2;"DEFERIDO";-3;"#NE";-3;"#NE";-3;"#NE";"COLIGAÇÃO";13;"PT";"Partido dos Trabalhadores";-1;"#NULO#";"#NULO#";"#NULO#";280000050703;"O POVO FELIZ DE NOVO";"PT / PC do B / PROS";"N";1526;"Válido";1526;6;"2º TURNO"
"13/11/2024";"10:56:11";2018;2;"Eleição Ordinária";1;295;"ELEIÇÃO GERAL FEDERAL 2018";"07/10/2018";"F";"RO";"BR";"BRASIL";94;"CACOAL";11;1;"Presidente";280000629808;13;"FERNANDO HADDAD";"FERNANDO HADDAD";"#NULO#";12;"APTO";2;"DEFERIDO";-3;"#NE";-3;"#NE";-3;"#NE";"COLIGAÇÃO";13;"PT";"Partido dos Trabalhadores";-1;"#NULO#";"#NULO#";"#NULO#";280000050703;"O POVO FELIZ DE NOVO";"PT / PC do B / PROS";"N";7197;"Válido";7197;6;"2º TURNO"
"13/11/2024";"10:56:11";2018;2;"Eleição Ordinária";1;295;"ELEIÇÃO GERAL FEDERAL 2018";"07/10/2018";"F";"RO";"BR";"BRASIL";744;"NOVA UNIÃO";28;1;"Presidente";280000629808;13;"FERNANDO HADDAD";"FERNANDO HADDAD";"#NULO#";12;"APTO";2;"DEFERIDO";-3;"#NE";-3;"#NE";-3;"#NE";"COLIGAÇÃO";13;"PT";"Partido dos Trabalhadores";-1;"#NULO#";"#NULO#";"#NULO#";280000050703;"O POVO FELIZ DE NOVO";"PT / PC do B / PROS";"N";1474;"Válido";1474;6;"2º TURNO"
"13/11/2024";"10:56:11";2018;2;"Eleição Ordinária";1;295;"ELEIÇÃO GERAL FEDERAL 2018";"07/10/2018";"F";"RO";"BR";"BRASIL";493;"ITAPUÃ DO OESTE";2;1;"Presidente";280000629808;13;"FERNANDO HADDAD";"FERNANDO HADDAD";"#NULO#";12;"APTO";2;"DEFERIDO";-3;"#NE";-3;"#NE";-3;"#NE";"COLIGAÇÃO";13;"PT";"Partido dos Trabalhadores";-1;"#NULO#";"#NULO#";"#NULO#";280000050703;"O POVO FELIZ DE NOVO";"PT / PC do B / PROS";"N";1333;"Válido";1333;6;"2º TURNO"
"13/11/2024";"10:56:11";2018;2;"Eleição Ordinária";1;295;"ELEIÇÃO GERAL FEDERAL 2018";"07/10/2018";"F";"RO";"BR";"BRASIL";418;"SÃO MIGUEL DO GUAPORÉ";35;1;"Presidente";280000629808;13;"FERNANDO HADDAD";"FERNANDO HADDAD";"#NULO#";12;"APTO";2;"DEFERIDO";-3;"#NE";-3;"#NE";-3;"#NE";"COLIGAÇÃO";13;"PT";"Partido dos Trabalhadores";-1;"#NULO#";"#NULO#";"#NULO#";280000050703;"O POVO FELIZ DE NOVO";"PT / PC do B / PROS";"N";3022;"Válido";3022;6;"2º TURNO"
"13/11/2024";"10:56:11";2018;2;"Eleição Ordinária";1;295;"ELEIÇÃO GERAL FEDERAL 2018";"07/10/2018";"F";"RO";"BR";"BRASIL";450;"CABIXI";8;1;"Presidente";280000629808;13;"FERNANDO HADDAD";"FERNANDO HADDAD";"#NULO#";12;"APTO";2;"DEFERIDO";-3;"#NE";-3;"#NE";-3;"#NE";"COLIGAÇÃO";13;"PT";"Partido dos Trabalhadores";-1;"#NULO#";"#NULO#";"#NULO#";280000050703;"O POVO FELIZ DE NOVO";"PT / PC do B / PROS";"N";942;"Válido";942;6;"2º TURNO"
"13/11/2024";"10:56:11";2018;2;"Eleição Ordinária";1;295;"ELEIÇÃO GERAL FEDERAL 2018";"07/10/2018";"F";"RO";"BR";"BRASIL";787;"PIMENTEIRAS DO OESTE";16;1;"Presidente";280000629808;13;"FERNANDO HADDAD";"FERNANDO HADDAD";"#NULO#";12;"APTO";2;"DEFERIDO";-3;"#NE";-3;"#NE";-3;"#NE";"COLIGAÇÃO";13;"PT";"Partido dos Trabalhadores";-1;"#NULO#";"#NULO#";"#NULO#";280000050703;"O POVO FELIZ DE NOVO";"PT / PC do B / PROS";"N";371;"Válido";371;6;"2º TURNO"
"13/11/2024";"10:56:11";2018;2;"Eleição Ordinária";1;295;"ELEIÇÃO GERAL FEDERAL 2018";"07/10/2018";"F";"RO";"BR";"BRASIL";752;"TEIXEIRÓPOLIS";13;1;"Presidente";280000629808;13;"FERNANDO HADDAD";"FERNANDO HADDAD";"#NULO#";12;"APTO";2;"DEFERIDO";-3;"#NE";-3;"#NE";-3;"#NE";"COLIGAÇÃO";13;"PT";"Partido dos Trabalhadores";-1;"#NULO#";"#NULO#";"#NULO#";280000050703;"O POVO FELIZ DE NOVO";"PT / PC do B / PROS";"N";908;"Válido";908;6;"2º TURNO"
"13/11/2024";"10:56:11";2018;2;"Eleição Ordinária";1;295;"ELEIÇÃO GERAL FEDERAL 2018";"07/10/2018";"F";"RO";"BR";"BRASIL";434;"NOVA MAMORÉ";1;1;"Presidente";280000629808;13;"FERNANDO HADDAD";"FERNANDO HADDAD";"#NULO#";12;"APTO";2;"DEFERIDO";-3;"#NE";-3;"#NE";-3;"#NE";"COLIGAÇÃO";13;"PT";"Partido dos Trabalhadores";-1;"#NULO#";"#NULO#";"#NULO#";280000050703;"O POVO FELIZ DE NOVO";"PT / PC do B / PROS";"N";2487;"Válido";2487;6;"2º TURNO"
"13/11/2024";"10:56:11";2018;2;"Eleição Ordinária";1;295;"ELEIÇÃO GERAL FEDERAL 2018";"07/10/2018";"F";"RO";"BR";"BRASIL";51;"JI-PARANÁ";30;1;"Presidente";280000629808;13;"FERNANDO HADDAD";"FERNANDO HADDAD";"#NULO#";12;"APTO";2;"DEFERIDO";-3;"#NE";-3;"#NE";-3;"#NE";"COLIGAÇÃO";13;"PT";"Partido dos Trabalhadores";-1;"#NULO#";"#NULO#";"#NULO#";280000050703;"O POVO FELIZ DE NOVO";"PT / PC do B / PROS";"N";6880;"Válido";6880;6;"2º TURNO"
"13/11/2024";"10:56:11";2018;2;"Eleição Ordinária";1;295;"ELEIÇÃO GERAL FEDERAL 2018";"07/10/2018";"F";"RO";"BR";"BRASIL";272;"CEREJEIRAS";16;1;"Presidente";280000629808;13;"FERNANDO HADDAD";"FERNANDO HADDAD";"#NULO#";12;"APTO";2;"DEFERIDO";-3;"#NE";-3;"#NE";-3;"#NE";"COLIGAÇÃO";13;"PT";"Partido dos Trabalhadores";-1;"#NULO#";"#NULO#";"#NULO#";280000050703;"O POVO FELIZ DE NOVO";"PT / PC do B / PROS";"N";1380;"Válido";1380;6;"2º TURNO"
"13/11/2024";"10:56:11";2018;2;"Eleição Ordinária";1;295;"ELEIÇÃO GERAL FEDERAL 2018";"07/10/2018";"F";"RO";"BR";"BRASIL";582;"SERINGUEIRAS";35;1;"Presidente";280000629808;13;"FERNANDO HADDAD";"FERNANDO HADDAD";"#NULO#";12;"APTO";2;"DEFERIDO";-3;"#NE";-3;"#NE";-3;"#NE";"COLIGAÇÃO";13;"PT";"Partido dos Trabalhadores";-1;"#NULO#";"#NULO#";"#NULO#";280000050703;"O POVO FELIZ DE NOVO";"PT / PC do B / PROS";"N";1941;"Válido";1941;6;"2º TURNO"
"13/11/2024";"10:56:11";2018;2;"Eleição Ordinária";1;295;"ELEIÇÃO GERAL FEDERAL 2018";"07/10/2018";"F";"RO";"BR";"BRASIL";51;"JI-PARANÁ";3;1;"Presidente";280000629808;13;"FERNANDO HADDAD";"FERNANDO HADDAD";"#NULO#";12;"APTO";2;"DEFERIDO";-3;"#NE";-3;"#NE";-3;"#NE";"COLIGAÇÃO";13;"PT";"Partido dos Trabalhadores";-1;"#NULO#";"#NULO#";"#NULO#";280000050703;"O POVO FELIZ DE NOVO";"PT / PC do B / PROS";"N";3165;"Válido";3165;6;"2º TURNO"
"13/11/2024";"10:56:11";2018;2;"Eleição Ordinária";1;295;"ELEIÇÃO GERAL FEDERAL 2018";"07/10/2018";"F";"RO";"BR";"BRASIL";779;"BURITIS";34;1;"Presidente";280000629808;13;"FERNANDO HADDAD";"FERNANDO HADDAD";"#NULO#";12;"APTO";2;"DEFERIDO";-3;"#NE";-3;"#NE";-3;"#NE";"COLIGAÇÃO";13;"PT";"Partido dos Trabalhadores";-1;"#NULO#";"#NULO#";"#NULO#";280000050703;"O POVO FELIZ DE NOVO";"PT / PC do B / PROS";"N";2764;"Válido";2764;6;"2º TURNO"
"13/11/2024";"10:56:11";2018;2;"Eleição Ordinária";1;295;"ELEIÇÃO GERAL FEDERAL 2018";"07/10/2018";"F";"RO";"BR";"BRASIL";671;"CAMPO NOVO DE RONDÔNIA";34;1;"Presidente";280000629808;13;"FERNANDO HADDAD";"FERNANDO HADDAD";"#NULO#";12;"APTO";2;"DEFERIDO";-3;"#NE";-3;"#NE";-3;"#NE";"COLIGAÇÃO";13;"PT";"Partido dos Trabalhadores";-1;"#NULO#";"#NULO#";"#NULO#";280000050703;"O POVO FELIZ DE NOVO";"PT / PC do B / PROS";"N";1597;"Válido";1597;6;"2º TURNO"
"13/11/2024";"10:56:11";2018;2;"Eleição Ordinária";1;295;"ELEIÇÃO GERAL FEDERAL 2018";"07/10/2018";"F";"RO";"BR";"BRASIL";574;"MIRANTE DA SERRA";28;1;"Presidente";280000629808;13;"FERNANDO HADDAD";"FERNANDO HADDAD";"#NULO#";12;"APTO";2;"DEFERIDO";-3;"#NE";-3;"#NE";-3;"#NE";"COLIGAÇÃO";13;"PT";"Partido dos Trabalhadores";-1;"#NULO#";"#NULO#";"#NULO#";280000050703;"O POVO FELIZ DE NOVO";"PT / PC do B / PROS";"N";1838;"Válido";1838;6;"2º TURNO"
"13/11/2024";"10:56:11";2018;2;"Eleição Ordinária";1;295;"ELEIÇÃO GERAL FEDERAL 2018";"07/10/2018";"F";"RO";"BR";"BRASIL";698;"VALE DO ANARI";32;1;"Presidente";280000629808;13;"FERNANDO HADDAD";"FERNANDO HADDAD";"#NULO#";12;"APTO";2;"DEFERIDO";-3;"#NE";-3;"#NE";-3;"#NE";"COLIGAÇÃO";13;"PT";"Partido dos Trabalhadores";-1;"#NULO#";"#NULO#";"#NULO#";280000050703;"O POVO FELIZ DE NOVO";"PT / PC do B / PROS";"N";1183;"Válido";1183;6;"2º TURNO"
"13/11/2024";"10:56:11";2018;2;"Eleição Ordinária";1;295;"ELEIÇÃO GERAL FEDERAL 2018";"07/10/2018";"F";"RO";"BR";"BRASIL";604;"MINISTRO ANDREAZZA";11;1;"Presidente";280000629808;13;"FERNANDO HADDAD";"FERNANDO HADDAD";"#NULO#";12;"APTO";2;"DEFERIDO";-3;"#NE";-3;"#NE";-3;"#NE";"COLIGAÇÃO";13;"PT";"Partido dos Trabalhadores";-1;"#NULO#";"#NULO#";"#NULO#";280000050703;"O POVO FELIZ DE NOVO";"PT / PC do B / PROS";"N";1298;"Válido";1298;6;"2º TURNO"
"13/11/2024";"10:56:11";2018;2;"Eleição Ordinária";1;295;"ELEIÇÃO GERAL FEDERAL 2018";"07/10/2018";"F";"RO";"BR";"BRASIL";396;"MACHADINHO D OESTE";32;1;"Presidente";280000629808;13;"FERNANDO HADDAD";"FERNANDO HADDAD";"#NULO#";12;"APTO";2;"DEFERIDO";-3;"#NE";-3;"#NE";-3;"#NE";"COLIGAÇÃO";13;"PT";"Partido dos Trabalhadores";-1;"#NULO#";"#NULO#";"#NULO#";280000050703;"O POVO FELIZ DE NOVO";"PT / PC do B / PROS";"N";4166;"Válido";4166;6;"2º TURNO"
"13/11/2024";"10:56:11";2018;2;"Eleição Ordinária";1;295;"ELEIÇÃO GERAL FEDERAL 2018";"07/10/2018";"F";"RO";"BR";"BRASIL";531;"CASTANHEIRAS";15;1;"Presidente";280000629808;13;"FERNANDO HADDAD";"FERNANDO HADDAD";"#NULO#";12;"APTO";2;"DEFERIDO";-3;"#NE";-3;"#NE";-3;"#NE";"COLIGAÇÃO";13;"PT";"Partido dos Trabalhadores";-1;"#NULO#";"#NULO#";"#NULO#";280000050703;"O POVO FELIZ DE NOVO";"PT / PC do B / PROS";"N";770;"Válido";770;6;"2º TURNO"
"13/11/2024";"10:56:11";2018;2;"Eleição Ordinária";1;295;"ELEIÇÃO GERAL FEDERAL 2018";"07/10/2018";"F";"RO";"BR";"BRASIL";795;"SÃO FRANCISCO DO GUAPORÉ";5;1;"Presidente";280000629808;13;"FERNANDO HADDAD";"FERNANDO HADDAD";"#NULO#";12;"APTO";2;"DEFERIDO";-3;"#NE";-3;"#NE";-3;"#NE";"COLIGAÇÃO";13;"PT";"Partido dos Trabalhadores";-1;"#NULO#";"#NULO#";"#NULO#";280000050703;"O POVO FELIZ DE NOVO";"PT / PC do B / PROS";"N";2133;"Válido";2133;6;"2º TURNO"
"13/11/2024";"10:56:11";2018;2;"Eleição Ordinária";1;295;"ELEIÇÃO GERAL FEDERAL 2018";"07/10/2018";"F";"RO";"BR";"BRASIL";566;"URUPÁ";18;1;"Presidente";280000629808;13;"FERNANDO HADDAD";"FERNANDO HADDAD";"#NULO#";12;"APTO";2;"DEFERIDO";-3;"#NE";-3;"#NE";-3;"#NE";"COLIGAÇÃO";13;"PT";"Partido dos Trabalhadores";-1;"#NULO#";"#NULO#";"#NULO#";280000050703;"O POVO FELIZ DE NOVO";"PT / PC do B / PROS";"N";1803;"Válido";1803;6;"2º TURNO"
"13/11/2024";"10:56:11";2018;2;"Eleição Ordinária";1;295;"ELEIÇÃO GERAL FEDERAL 2018";"07/10/2018";"F";"RO";"BR";"BRASIL";809;"CHUPINGUAIA";8;1;"Presidente";280000629808;13;"FERNANDO HADDAD";"FERNANDO HADDAD";"#NULO#";12;"APTO";2;"DEFERIDO";-3;"#NE";-3;"#NE";-3;"#NE";"COLIGAÇÃO";13;"PT";"Partido dos Trabalhadores";-1;"#NULO#";"#NULO#";"#NULO#";280000050703;"O POVO FELIZ DE NOVO";"PT / PC do B / PROS";"N";1278;"Válido";1278;6;"2º TURNO"
"13/11/2024";"10:56:11";2018;2;"Eleição Ordinária";1;295;"ELEIÇÃO GERAL FEDERAL 2018";"07/10/2018";"F";"RO";"BR";"BRASIL";728;"PRIMAVERA DE RONDÔNIA";9;1;"Presidente";280000629808;13;"FERNANDO HADDAD";"FERNANDO HADDAD";"#NULO#";12;"APTO";2;"DEFERIDO";-3;"#NE";-3;"#NE";-3;"#NE";"COLIGAÇÃO";13;"PT";"Partido dos Trabalhadores";-1;"#NULO#";"#NULO#";"#NULO#";280000050703;"O POVO FELIZ DE NOVO";"PT / PC do B / PROS";"N";425;"Válido";425;6;"2º TURNO"
"13/11/2024";"10:56:11";2018;2;"Eleição Ordinária";1;295;"ELEIÇÃO GERAL FEDERAL 2018";"07/10/2018";"F";"RO";"BR";"BRASIL";558;"VALE DO PARAÍSO";28;1;"Presidente";280000629808;13;"FERNANDO HADDAD";"FERNANDO HADDAD";"#NULO#";12;"APTO";2;"DEFERIDO";-3;"#NE";-3;"#NE";-3;"#NE";"COLIGAÇÃO";13;"PT";"Partido dos Trabalhadores";-1;"#NULO#";"#NULO#";"#NULO#";280000050703;"O POVO FELIZ DE NOVO";"PT / PC do B / PROS";"N";1295;"Válido";1295;6;"2º TURNO"
"13/11/2024";"10:56:11";2018;2;"Eleição Ordinária";1;295;"ELEIÇÃO GERAL FEDERAL 2018";"07/10/2018";"F";"RO";"BR";"BRASIL";310;"ALTA FLORESTA D OESTE";17;1;"Presidente";280000629808;13;"FERNANDO HADDAD";"FERNANDO HADDAD";"#NULO#";12;"APTO";2;"DEFERIDO";-3;"#NE";-3;"#NE";-3;"#NE";"COLIGAÇÃO";13;"PT";"Partido dos Trabalhadores";-1;"#NULO#";"#NULO#";"#NULO#";280000050703;"O POVO FELIZ DE NOVO";"PT / PC do B / PROS";"N";3144;"Válido";3144;6;"2º TURNO"
"13/11/2024";"10:56:11";2018;2;"Eleição Ordinária";1;295;"ELEIÇÃO GERAL FEDERAL 2018";"07/10/2018";"F";"RO";"BR";"BRASIL";175;"OURO PRETO DO OESTE";13;1;"Presidente";280000629808;13;"FERNANDO HADDAD";"FERNANDO HADDAD";"#NULO#";12;"APTO";2;"DEFERIDO";-3;"#NE";-3;"#NE";-3;"#NE";"COLIGAÇÃO";13;"PT";"Partido dos Trabalhadores";-1;"#NULO#";"#NULO#";"#NULO#";280000050703;"O POVO FELIZ DE NOVO";"PT / PC do B / PROS";"N";3681;"Válido";3681;6;"2º TURNO"
"13/11/2024";"10:56:11";2018;2;"Eleição Ordinária";1;295;"ELEIÇÃO GERAL FEDERAL 2018";"07/10/2018";"F";"RO";"BR";"BRASIL";353;"SANTA LUZIA D OESTE";19;1;"Presidente";280000629808;13;"FERNANDO HADDAD";"FERNANDO HADDAD";"#NULO#";12;"APTO";2;"DEFERIDO";-3;"#NE";-3;"#NE";-3;"#NE";"COLIGAÇÃO";13;"PT";"Partido dos Trabalhadores";-1;"#NULO#";"#NULO#";"#NULO#";280000050703;"O POVO FELIZ DE NOVO";"PT / PC do B / PROS";"N";1398;"Válido";1398;6;"2º TURNO"
"13/11/2024";"10:56:11";2018;2;"Eleição Ordinária";1;295;"ELEIÇÃO GERAL FEDERAL 2018";"07/10/2018";"F";"RO";"BR";"BRASIL";19;"GUAJARÁ-MIRIM";1;1;"Presidente";280000629808;13;"FERNANDO HADDAD";"FERNANDO HADDAD";"#NULO#";12;"APTO";2;"DEFERIDO";-3;"#NE";-3;"#NE";-3;"#NE";"COLIGAÇÃO";13;"PT";"Partido dos Trabalhadores";-1;"#NULO#";"#NULO#";"#NULO#";280000050703;"O POVO FELIZ DE NOVO";"PT / PC do B / PROS";"N";4618;"Válido";4618;6;"2º TURNO"
"13/11/2024";"10:56:11";2018;2;"Eleição Ordinária";1;295;"ELEIÇÃO GERAL FEDERAL 2018";"07/10/2018";"F";"RO";"BR";"BRASIL";213;"COSTA MARQUES";5;1;"Presidente";280000629808;13;"FERNANDO HADDAD";"FERNANDO HADDAD";"#NULO#";12;"APTO";2;"DEFERIDO";-3;"#NE";-3;"#NE";-3;"#NE";"COLIGAÇÃO";13;"PT";"Partido dos Trabalhadores";-1;"#NULO#";"#NULO#";"#NULO#";280000050703;"O POVO FELIZ DE NOVO";"PT / PC do B / PROS";"N";2136;"Válido";2136;6;"2º TURNO"
"13/11/2024";"10:56:11";2018;2;"Eleição Ordinária";1;295;"ELEIÇÃO GERAL FEDERAL 2018";"07/10/2018";"F";"RO";"BR";"BRASIL";256;"ESPIGÃO DO OESTE";12;1;"Presidente";280000629808;13;"FERNANDO HADDAD";"FERNANDO HADDAD";"#NULO#";12;"APTO";2;"DEFERIDO";-3;"#NE";-3;"#NE";-3;"#NE";"COLIGAÇÃO";13;"PT";"Partido dos Trabalhadores";-1;"#NULO#";"#NULO#";"#NULO#";280000050703;"O POVO FELIZ DE NOVO";"PT / PC do B / PROS";"N";3650;"Válido";3650;6;"2º TURNO"
"13/11/2024";"10:56:11";2018;2;"Eleição Ordinária";1;295;"ELEIÇÃO GERAL FEDERAL 2018";"07/10/2018";"F";"RO";"BR";"BRASIL";191;"PRESIDENTE MÉDICI";3;1;"Presidente";280000629808;13;"FERNANDO HADDAD";"FERNANDO HADDAD";"#NULO#";12;"APTO";2;"DEFERIDO";-3;"#NE";-3;"#NE";-3;"#NE";"COLIGAÇÃO";13;"PT";"Partido dos Trabalhadores";-1;"#NULO#";"#NULO#";"#NULO#";280000050703;"O POVO FELIZ DE NOVO";"PT / PC do B / PROS";"N";2383;"Válido";2383;6;"2º TURNO"
"13/11/2024";"10:56:11";2018;2;"Eleição Ordinária";1;295;"ELEIÇÃO GERAL FEDERAL 2018";"07/10/2018";"F";"RO";"BR";"BRASIL";590;"THEOBROMA";27;1;"Presidente";280000629808;13;"FERNANDO HADDAD";"FERNANDO HADDAD";"#NULO#";12;"APTO";2;"DEFERIDO";-3;"#NE";-3;"#NE";-3;"#NE";"COLIGAÇÃO";13;"PT";"Partido dos Trabalhadores";-1;"#NULO#";"#NULO#";"#NULO#";280000050703;"O POVO FELIZ DE NOVO";"PT / PC do B / PROS";"N";1662;"Válido";1662;6;"2º TURNO"
"13/11/2024";"10:56:11";2018;2;"Eleição Ordinária";1;295;"ELEIÇÃO GERAL FEDERAL 2018";"07/10/2018";"F";"RO";"BR";"BRASIL";299;"ROLIM DE MOURA";29;1;"Presidente";280000629808;13;"FERNANDO HADDAD";"FERNANDO HADDAD";"#NULO#";12;"APTO";2;"DEFERIDO";-3;"#NE";-3;"#NE";-3;"#NE";"COLIGAÇÃO";13;"PT";"Partido dos Trabalhadores";-1;"#NULO#";"#NULO#";"#NULO#";280000050703;"O POVO FELIZ DE NOVO";"PT / PC do B / PROS";"N";5094;"Válido";5094;6;"2º TURNO"
"13/11/2024";"10:56:11";2018;2;"Eleição Ordinária";1;295;"ELEIÇÃO GERAL FEDERAL 2018";"07/10/2018";"F";"RO";"BR";"BRASIL";337;"ALVORADA DO OESTE";18;1;"Presidente";280000629808;13;"FERNANDO HADDAD";"FERNANDO HADDAD";"#NULO#";12;"APTO";2;"DEFERIDO";-3;"#NE";-3;"#NE";-3;"#NE";"COLIGAÇÃO";13;"PT";"Partido dos Trabalhadores";-1;"#NULO#";"#NULO#";"#NULO#";280000050703;"O POVO FELIZ DE NOVO";"PT / PC do B / PROS";"N";2324;"Válido";2324;6;"2º TURNO"
"13/11/2024";"10:56:11";2018;2;"Eleição Ordinária";1;295;"ELEIÇÃO GERAL FEDERAL 2018";"07/10/2018";"F";"RO";"BR";"BRASIL";663;"MONTE NEGRO";25;1;"Presidente";280000629808;13;"FERNANDO HADDAD";"FERNANDO HADDAD";"#NULO#";12;"APTO";2;"DEFERIDO";-3;"#NE";-3;"#NE";-3;"#NE";"COLIGAÇÃO";13;"PT";"Partido dos Trabalhadores";-1;"#NULO#";"#NULO#";"#NULO#";280000050703;"O POVO FELIZ DE NOVO";"PT / PC do B / PROS";"N";1455;"Válido";1455;6;"2º TURNO"
"13/11/2024";"10:56:11";2018;2;"Eleição Ordinária";1;295;"ELEIÇÃO GERAL FEDERAL 2018";"07/10/2018";"F";"RO";"BR";"BRASIL";744;"NOVA UNIÃO";28;1;"Presidente";280000601173;16;"VERA LUCIA PEREIRA DA SILVA SALGADO";"VERA";"#NULO#";12;"APTO";2;"DEFERIDO";-3;"#NE";-3;"#NE";-3;"#NE";"PARTIDO ISOLADO";16;"PSTU";"Partido Socialista dos Trabalhadores Unificado";-1;"#NULO#";"#NULO#";"#NULO#";280000050040;"PARTIDO ISOLADO";"PSTU";"N";0;"Válido";0;4;"NÃO ELEITO"
"13/11/2024";"10:56:11";2018;2;"Eleição Ordinária";1;295;"ELEIÇÃO GERAL FEDERAL 2018";"07/10/2018";"F";"RO";"BR";"BRASIL";701;"PARECIS";19;1;"Presidente";280000601173;16;"VERA LUCIA PEREIRA DA SILVA SALGADO";"VERA";"#NULO#";12;"APTO";2;"DEFERIDO";-3;"#NE";-3;"#NE";-3;"#NE";"PARTIDO ISOLADO";16;"PSTU";"Partido Socialista dos Trabalhadores Unificado";-1;"#NULO#";"#NULO#";"#NULO#";280000050040;"PARTIDO ISOLADO";"PSTU";"N";0;"Válido";0;4;"NÃO ELEITO"
"13/11/2024";"10:56:11";2018;2;"Eleição Ordinária";1;295;"ELEIÇÃO GERAL FEDERAL 2018";"07/10/2018";"F";"RO";"BR";"BRASIL";191;"PRESIDENTE MÉDICI";3;1;"Presidente";280000624082;54;"JOÃO VICENTE FONTELLA GOULART";"JOÃO GOULART FILHO";"#NULO#";12;"APTO";2;"DEFERIDO";-3;"#NE";-3;"#NE";-3;"#NE";"PARTIDO ISOLADO";54;"PPL";"Partido Pátria Livre";-1;"#NULO#";"#NULO#";"#NULO#";280000050638;"PARTIDO ISOLADO";"PPL";"N";0;"Válido";0;4;"NÃO ELEITO"
"13/11/2024";"10:56:11";2018;2;"Eleição Ordinária";1;295;"ELEIÇÃO GERAL FEDERAL 2018";"07/10/2018";"F";"RO";"BR";"BRASIL";639;"ALTO PARAÍSO";25;1;"Presidente";280000624082;54;"JOÃO VICENTE FONTELLA GOULART";"JOÃO GOULART FILHO";"#NULO#";12;"APTO";2;"DEFERIDO";-3;"#NE";-3;"#NE";-3;"#NE";"PARTIDO ISOLADO";54;"PPL";"Partido Pátria Livre";-1;"#NULO#";"#NULO#";"#NULO#";280000050638;"PARTIDO ISOLADO";"PPL";"N";0;"Válido";0;4;"NÃO ELEITO"
"13/11/2024";"10:56:11";2018;2;"Eleição Ordinária";1;295;"ELEIÇÃO GERAL FEDERAL 2018";"07/10/2018";"F";"RO";"BR";"BRASIL";701;"PARECIS";19;1;"Presidente";280000624082;54;"JOÃO VICENTE FONTELLA GOULART";"JOÃO GOULART FILHO";"#NULO#";12;"APTO";2;"DEFERIDO";-3;"#NE";-3;"#NE";-3;"#NE";"PARTIDO ISOLADO";54;"PPL";"Partido Pátria Livre";-1;"#NULO#";"#NULO#";"#NULO#";280000050638;"PARTIDO ISOLADO";"PPL";"N";0;"Válido";0;4;"NÃO ELEITO"
"13/11/2024";"10:56:11";2018;2;"Eleição Ordinária";1;295;"ELEIÇÃO GERAL FEDERAL 2018";"07/10/2018";"F";"RO";"BR";"BRASIL";795;"SÃO FRANCISCO DO GUAPORÉ";5;1;"Presidente";280000624085;27;"JOSE MARIA EYMAEL";"EYMAEL";"#NULO#";12;"APTO";2;"DEFERIDO";-3;"#NE";-3;"#NE";-3;"#NE";"PARTIDO ISOLADO";27;"DC";"Democracia Cristã";-1;"#NULO#";"#NULO#";"#NULO#";280000050639;"PARTIDO ISOLADO";"DC";"N";0;"Válido";0;4;"NÃO ELEITO"
"13/11/2024";"10:56:11";2018;2;"Eleição Ordinária";1;295;"ELEIÇÃO GERAL FEDERAL 2018";"07/10/2018";"F";"RO";"BR";"BRASIL";809;"CHUPINGUAIA";8;1;"Presidente";280000624082;54;"JOÃO VICENTE FONTELLA GOULART";"JOÃO GOULART FILHO";"#NULO#";12;"APTO";2;"DEFERIDO";-3;"#NE";-3;"#NE";-3;"#NE";"PARTIDO ISOLADO";54;"PPL";"Partido Pátria Livre";-1;"#NULO#";"#NULO#";"#NULO#";280000050638;"PARTIDO ISOLADO";"PPL";"N";0;"Válido";0;4;"NÃO ELEITO"
"13/11/2024";"10:56:11";2018;2;"Eleição Ordinária";1;295;"ELEIÇÃO GERAL FEDERAL 2018";"07/10/2018";"F";"RO";"BR";"BRASIL";698;"VALE DO ANARI";32;1;"Presidente";280000624082;54;"JOÃO VICENTE FONTELLA GOULART";"JOÃO GOULART FILHO";"#NULO#";12;"APTO";2;"DEFERIDO";-3;"#NE";-3;"#NE";-3;"#NE";"PARTIDO ISOLADO";54;"PPL";"Partido Pátria Livre";-1;"#NULO#";"#NULO#";"#NULO#";280000050638;"PARTIDO ISOLADO";"PPL";"N";0;"Válido";0;4;"NÃO ELEITO"
"13/11/2024";"10:56:11";2018;2;"Eleição Ordinária";1;295;"ELEIÇÃO GERAL FEDERAL 2018";"07/10/2018";"F";"RO";"BR";"BRASIL";736;"ALTO ALEGRE DOS PARECIS";19;1;"Presidente";280000624085;27;"JOSE MARIA EYMAEL";"EYMAEL";"#NULO#";12;"APTO";2;"DEFERIDO";-3;"#NE";-3;"#NE";-3;"#NE";"PARTIDO ISOLADO";27;"DC";"Democracia Cristã";-1;"#NULO#";"#NULO#";"#NULO#";280000050639;"PARTIDO ISOLADO";"DC";"N";0;"Válido";0;4;"NÃO ELEITO"
"13/11/2024";"10:56:11";2018;2;"Eleição Ordinária";1;295;"ELEIÇÃO GERAL FEDERAL 2018";"07/10/2018";"F";"RO";"BR";"BRASIL";353;"SANTA LUZIA D OESTE";19;1;"Presidente";280000624085;27;"JOSE MARIA EYMAEL";"EYMAEL";"#NULO#";12;"APTO";2;"DEFERIDO";-3;"#NE";-3;"#NE";-3;"#NE";"PARTIDO ISOLADO";27;"DC";"Democracia Cristã";-1;"#NULO#";"#NULO#";"#NULO#";280000050639;"PARTIDO ISOLADO";"DC";"N";0;"Válido";0;4;"NÃO ELEITO"
"13/11/2024";"10:56:11";2018;2;"Eleição Ordinária";1;295;"ELEIÇÃO GERAL FEDERAL 2018";"07/10/2018";"F";"RO";"BR";"BRASIL";680;"CUJUBIM";26;1;"Presidente";280000624085;27;"JOSE MARIA EYMAEL";"EYMAEL";"#NULO#";12;"APTO";2;"DEFERIDO";-3;"#NE";-3;"#NE";-3;"#NE";"PARTIDO ISOLADO";27;"DC";"Democracia Cristã";-1;"#NULO#";"#NULO#";"#NULO#";280000050639;"PARTIDO ISOLADO";"DC";"N";0;"Válido";0;4;"NÃO ELEITO"
"13/11/2024";"10:56:11";2018;2;"Eleição Ordinária";1;295;"ELEIÇÃO GERAL FEDERAL 2018";"07/10/2018";"F";"RO";"BR";"BRASIL";531;"CASTANHEIRAS";15;1;"Presidente";280000624085;27;"JOSE MARIA EYMAEL";"EYMAEL";"#NULO#";12;"APTO";2;"DEFERIDO";-3;"#NE";-3;"#NE";-3;"#NE";"PARTIDO ISOLADO";27;"DC";"Democracia Cristã";-1;"#NULO#";"#NULO#";"#NULO#";280000050639;"PARTIDO ISOLADO";"DC";"N";0;"Válido";0;4;"NÃO ELEITO"
"13/11/2024";"10:56:11";2018;2;"Eleição Ordinária";1;295;"ELEIÇÃO GERAL FEDERAL 2018";"07/10/2018";"F";"RO";"BR";"BRASIL";647;"RIO CRESPO";26;1;"Presidente";280000601173;16;"VERA LUCIA PEREIRA DA SILVA SALGADO";"VERA";"#NULO#";12;"APTO";2;"DEFERIDO";-3;"#NE";-3;"#NE";-3;"#NE";"PARTIDO ISOLADO";16;"PSTU";"Partido Socialista dos Trabalhadores Unificado";-1;"#NULO#";"#NULO#";"#NULO#";280000050040;"PARTIDO ISOLADO";"PSTU";"N";0;"Válido";0;4;"NÃO ELEITO"
"13/11/2024";"10:56:11";2018;2;"Eleição Ordinária";1;295;"ELEIÇÃO GERAL FEDERAL 2018";"07/10/2018";"F";"RO";"BR";"BRASIL";493;"ITAPUÃ DO OESTE";2;1;"Presidente";280000624082;54;"JOÃO VICENTE FONTELLA GOULART";"JOÃO GOULART FILHO";"#NULO#";12;"APTO";2;"DEFERIDO";-3;"#NE";-3;"#NE";-3;"#NE";"PARTIDO ISOLADO";54;"PPL";"Partido Pátria Livre";-1;"#NULO#";"#NULO#";"#NULO#";280000050638;"PARTIDO ISOLADO";"PPL";"N";0;"Válido";0;4;"NÃO ELEITO"
"13/11/2024";"10:56:11";2018;2;"Eleição Ordinária";1;295;"ELEIÇÃO GERAL FEDERAL 2018";"07/10/2018";"F";"RO";"BR";"BRASIL";612;"GOVERNADOR JORGE TEIXEIRA";27;1;"Presidente";280000624085;27;"JOSE MARIA EYMAEL";"EYMAEL";"#NULO#";12;"APTO";2;"DEFERIDO";-3;"#NE";-3;"#NE";-3;"#NE";"PARTIDO ISOLADO";27;"DC";"Democracia Cristã";-1;"#NULO#";"#NULO#";"#NULO#";280000050639;"PARTIDO ISOLADO";"DC";"N";0;"Válido";0;4;"NÃO ELEITO"
"13/11/2024";"10:56:11";2018;2;"Eleição Ordinária";1;295;"ELEIÇÃO GERAL FEDERAL 2018";"07/10/2018";"F";"RO";"BR";"BRASIL";728;"PRIMAVERA DE RONDÔNIA";9;1;"Presidente";280000624082;54;"JOÃO VICENTE FONTELLA GOULART";"JOÃO GOULART FILHO";"#NULO#";12;"APTO";2;"DEFERIDO";-3;"#NE";-3;"#NE";-3;"#NE";"PARTIDO ISOLADO";54;"PPL";"Partido Pátria Livre";-1;"#NULO#";"#NULO#";"#NULO#";280000050638;"PARTIDO ISOLADO";"PPL";"N";0;"Válido";0;4;"NÃO ELEITO"
"13/11/2024";"10:56:11";2018;2;"Eleição Ordinária";1;295;"ELEIÇÃO GERAL FEDERAL 2018";"07/10/2018";"F";"RO";"BR";"BRASIL";787;"PIMENTEIRAS DO OESTE";16;1;"Presidente";280000601173;16;"VERA LUCIA PEREIRA DA SILVA SALGADO";"VERA";"#NULO#";12;"APTO";2;"DEFERIDO";-3;"#NE";-3;"#NE";-3;"#NE";"PARTIDO ISOLADO";16;"PSTU";"Partido Socialista dos Trabalhadores Unificado";-1;"#NULO#";"#NULO#";"#NULO#";280000050040;"PARTIDO ISOLADO";"PSTU";"N";0;"Válido";0;4;"NÃO ELEITO"
"13/11/2024";"10:56:11";2018;2;"Eleição Ordinária";1;295;"ELEIÇÃO GERAL FEDERAL 2018";"07/10/2018";"F";"RO";"BR";"BRASIL";728;"PRIMAVERA DE RONDÔNIA";9;1;"Presidente";280000624085;27;"JOSE MARIA EYMAEL";"EYMAEL";"#NULO#";12;"APTO";2;"DEFERIDO";-3;"#NE";-3;"#NE";-3;"#NE";"PARTIDO ISOLADO";27;"DC";"Democracia Cristã";-1;"#NULO#";"#NULO#";"#NULO#";280000050639;"PARTIDO ISOLADO";"DC";"N";0;"Válido";0;4;"NÃO ELEITO"
"13/11/2024";"10:56:11";2018;2;"Eleição Ordinária";1;295;"ELEIÇÃO GERAL FEDERAL 2018";"07/10/2018";"F";"RO";"BR";"BRASIL";558;"VALE DO PARAÍSO";28;1;"Presidente";280000624082;54;"JOÃO VICENTE FONTELLA GOULART";"JOÃO GOULART FILHO";"#NULO#";12;"APTO";2;"DEFERIDO";-3;"#NE";-3;"#NE";-3;"#NE";"PARTIDO ISOLADO";54;"PPL";"Partido Pátria Livre";-1;"#NULO#";"#NULO#";"#NULO#";280000050638;"PARTIDO ISOLADO";"PPL";"N";0;"Válido";0;4;"NÃO ELEITO"
"13/11/2024";"10:56:11";2018;2;"Eleição Ordinária";1;295;"ELEIÇÃO GERAL FEDERAL 2018";"07/10/2018";"F";"RO";"BR";"BRASIL";213;"COSTA MARQUES";5;1;"Presidente";280000624085;27;"JOSE MARIA EYMAEL";"EYMAEL";"#NULO#";12;"APTO";2;"DEFERIDO";-3;"#NE";-3;"#NE";-3;"#NE";"PARTIDO ISOLADO";27;"DC";"Democracia Cristã";-1;"#NULO#";"#NULO#";"#NULO#";280000050639;"PARTIDO ISOLADO";"DC";"N";0;"Válido";0;4;"NÃO ELEITO"
"13/11/2024";"10:56:11";2018;2;"Eleição Ordinária";1;295;"ELEIÇÃO GERAL FEDERAL 2018";"07/10/2018";"F";"RO";"BR";"BRASIL";566;"URUPÁ";18;1;"Presidente";280000624082;54;"JOÃO VICENTE FONTELLA GOULART";"JOÃO GOULART FILHO";"#NULO#";12;"APTO";2;"DEFERIDO";-3;"#NE";-3;"#NE";-3;"#NE";"PARTIDO ISOLADO";54;"PPL";"Partido Pátria Livre";-1;"#NULO#";"#NULO#";"#NULO#";280000050638;"PARTIDO ISOLADO";"PPL";"N";0;"Válido";0;4;"NÃO ELEITO"
"13/11/2024";"10:56:11";2018;2;"Eleição Ordinária";1;295;"ELEIÇÃO GERAL FEDERAL 2018";"07/10/2018";"F";"RO";"BR";"BRASIL";620;"CACAULÂNDIA";26;1;"Presidente";280000624085;27;"JOSE MARIA EYMAEL";"EYMAEL";"#NULO#";12;"APTO";2;"DEFERIDO";-3;"#NE";-3;"#NE";-3;"#NE";"PARTIDO ISOLADO";27;"DC";"Democracia Cristã";-1;"#NULO#";"#NULO#";"#NULO#";280000050639;"PARTIDO ISOLADO";"DC";"N";0;"Válido";0;4;"NÃO ELEITO"
"13/11/2024";"10:56:11";2018;2;"Eleição Ordinária";1;295;"ELEIÇÃO GERAL FEDERAL 2018";"07/10/2018";"F";"RO";"BR";"BRASIL";655;"CORUMBIARA";16;1;"Presidente";280000624082;54;"JOÃO VICENTE FONTELLA GOULART";"JOÃO GOULART FILHO";"#NULO#";12;"APTO";2;"DEFERIDO";-3;"#NE";-3;"#NE";-3;"#NE";"PARTIDO ISOLADO";54;"PPL";"Partido Pátria Livre";-1;"#NULO#";"#NULO#";"#NULO#";280000050638;"PARTIDO ISOLADO";"PPL";"N";0;"Válido";0;4;"NÃO ELEITO"
"13/11/2024";"10:56:11";2018;2;"Eleição Ordinária";1;295;"ELEIÇÃO GERAL FEDERAL 2018";"07/10/2018";"F";"RO";"BR";"BRASIL";493;"ITAPUÃ DO OESTE";2;1;"Presidente";280000601173;16;"VERA LUCIA PEREIRA DA SILVA SALGADO";"VERA";"#NULO#";12;"APTO";2;"DEFERIDO";-3;"#NE";-3;"#NE";-3;"#NE";"PARTIDO ISOLADO";16;"PSTU";"Partido Socialista dos Trabalhadores Unificado";-1;"#NULO#";"#NULO#";"#NULO#";280000050040;"PARTIDO ISOLADO";"PSTU";"N";0;"Válido";0;4;"NÃO ELEITO"
"13/11/2024";"10:56:11";2018;2;"Eleição Ordinária";1;295;"ELEIÇÃO GERAL FEDERAL 2018";"07/10/2018";"F";"RO";"BR";"BRASIL";710;"SÃO FELIPE D OESTE";19;1;"Presidente";280000624082;54;"JOÃO VICENTE FONTELLA GOULART";"JOÃO GOULART FILHO";"#NULO#";12;"APTO";2;"DEFERIDO";-3;"#NE";-3;"#NE";-3;"#NE";"PARTIDO ISOLADO";54;"PPL";"Partido Pátria Livre";-1;"#NULO#";"#NULO#";"#NULO#";280000050638;"PARTIDO ISOLADO";"PPL";"N";0;"Válido";0;4;"NÃO ELEITO"
"13/11/2024";"10:56:11";2018;2;"Eleição Ordinária";1;295;"ELEIÇÃO GERAL FEDERAL 2018";"07/10/2018";"F";"RO";"BR";"BRASIL";701;"PARECIS";19;1;"Presidente";280000624085;27;"JOSE MARIA EYMAEL";"EYMAEL";"#NULO#";12;"APTO";2;"DEFERIDO";-3;"#NE";-3;"#NE";-3;"#NE";"PARTIDO ISOLADO";27;"DC";"Democracia Cristã";-1;"#NULO#";"#NULO#";"#NULO#";280000050639;"PARTIDO ISOLADO";"DC";"N";0;"Válido";0;4;"NÃO ELEITO"
"13/11/2024";"10:56:11";2018;2;"Eleição Ordinária";1;295;"ELEIÇÃO GERAL FEDERAL 2018";"07/10/2018";"F";"RO";"BR";"BRASIL";531;"CASTANHEIRAS";15;1;"Presidente";280000624082;54;"JOÃO VICENTE FONTELLA GOULART";"JOÃO GOULART FILHO";"#NULO#";12;"APTO";2;"DEFERIDO";-3;"#NE";-3;"#NE";-3;"#NE";"PARTIDO ISOLADO";54;"PPL";"Partido Pátria Livre";-1;"#NULO#";"#NULO#";"#NULO#";280000050638;"PARTIDO ISOLADO";"PPL";"N";0;"Válido";0;4;"NÃO ELEITO"
"13/11/2024";"10:56:11";2018;2;"Eleição Ordinária";1;295;"ELEIÇÃO GERAL FEDERAL 2018";"07/10/2018";"F";"RO";"BR";"BRASIL";450;"CABIXI";8;1;"Presidente";280000624085;27;"JOSE MARIA EYMAEL";"EYMAEL";"#NULO#";12;"APTO";2;"DEFERIDO";-3;"#NE";-3;"#NE";-3;"#NE";"PARTIDO ISOLADO";27;"DC";"Democracia Cristã";-1;"#NULO#";"#NULO#";"#NULO#";280000050639;"PARTIDO ISOLADO";"DC";"N";0;"Válido";0;4;"NÃO ELEITO"
"13/11/2024";"10:56:11";2018;2;"Eleição Ordinária";1;295;"ELEIÇÃO GERAL FEDERAL 2018";"07/10/2018";"F";"RO";"BR";"BRASIL";795;"SÃO FRANCISCO DO GUAPORÉ";5;1;"Presidente";280000624082;54;"JOÃO VICENTE FONTELLA GOULART";"JOÃO GOULART FILHO";"#NULO#";12;"APTO";2;"DEFERIDO";-3;"#NE";-3;"#NE";-3;"#NE";"PARTIDO ISOLADO";54;"PPL";"Partido Pátria Livre";-1;"#NULO#";"#NULO#";"#NULO#";280000050638;"PARTIDO ISOLADO";"PPL";"N";0;"Válido";0;4;"NÃO ELEITO"
"13/11/2024";"10:56:11";2018;2;"Eleição Ordinária";1;295;"ELEIÇÃO GERAL FEDERAL 2018";"07/10/2018";"F";"RO";"BR";"BRASIL";663;"MONTE NEGRO";25;1;"Presidente";280000624082;54;"JOÃO VICENTE FONTELLA GOULART";"JOÃO GOULART FILHO";"#NULO#";12;"APTO";2;"DEFERIDO";-3;"#NE";-3;"#NE";-3;"#NE";"PARTIDO ISOLADO";54;"PPL";"Partido Pátria Livre";-1;"#NULO#";"#NULO#";"#NULO#";280000050638;"PARTIDO ISOLADO";"PPL";"N";0;"Válido";0;4;"NÃO ELEITO"
"13/11/2024";"10:56:11";2018;2;"Eleição Ordinária";1;295;"ELEIÇÃO GERAL FEDERAL 2018";"07/10/2018";"F";"RO";"BR";"BRASIL";809;"CHUPINGUAIA";8;1;"Presidente";280000624085;27;"JOSE MARIA EYMAEL";"EYMAEL";"#NULO#";12;"APTO";2;"DEFERIDO";-3;"#NE";-3;"#NE";-3;"#NE";"PARTIDO ISOLADO";27;"DC";"Democracia Cristã";-1;"#NULO#";"#NULO#";"#NULO#";280000050639;"PARTIDO ISOLADO";"DC";"N";0;"Válido";0;4;"NÃO ELEITO"
"13/11/2024";"10:56:11";2018;2;"Eleição Ordinária";1;295;"ELEIÇÃO GERAL FEDERAL 2018";"07/10/2018";"F";"RO";"BR";"BRASIL";450;"CABIXI";8;1;"Presidente";280000624082;54;"JOÃO VICENTE FONTELLA GOULART";"JOÃO GOULART FILHO";"#NULO#";12;"APTO";2;"DEFERIDO";-3;"#NE";-3;"#NE";-3;"#NE";"PARTIDO ISOLADO";54;"PPL";"Partido Pátria Livre";-1;"#NULO#";"#NULO#";"#NULO#";280000050638;"PARTIDO ISOLADO";"PPL";"N";0;"Válido";0;4;"NÃO ELEITO"
"13/11/2024";"10:56:11";2018;2;"Eleição Ordinária";1;295;"ELEIÇÃO GERAL FEDERAL 2018";"07/10/2018";"F";"RO";"BR";"BRASIL";663;"MONTE NEGRO";25;1;"Presidente";280000624085;27;"JOSE MARIA EYMAEL";"EYMAEL";"#NULO#";12;"APTO";2;"DEFERIDO";-3;"#NE";-3;"#NE";-3;"#NE";"PARTIDO ISOLADO";27;"DC";"Democracia Cristã";-1;"#NULO#";"#NULO#";"#NULO#";280000050639;"PARTIDO ISOLADO";"DC";"N";0;"Válido";0;4;"NÃO ELEITO"
"13/11/2024";"10:56:11";2018;2;"Eleição Ordinária";1;295;"ELEIÇÃO GERAL FEDERAL 2018";"07/10/2018";"F";"RO";"BR";"BRASIL";604;"MINISTRO ANDREAZZA";11;1;"Presidente";280000624082;54;"JOÃO VICENTE FONTELLA GOULART";"JOÃO GOULART FILHO";"#NULO#";12;"APTO";2;"DEFERIDO";-3;"#NE";-3;"#NE";-3;"#NE";"PARTIDO ISOLADO";54;"PPL";"Partido Pátria Livre";-1;"#NULO#";"#NULO#";"#NULO#";280000050638;"PARTIDO ISOLADO";"PPL";"N";0;"Válido";0;4;"NÃO ELEITO"
"13/11/2024";"10:56:11";2018;2;"Eleição Ordinária";1;295;"ELEIÇÃO GERAL FEDERAL 2018";"07/10/2018";"F";"RO";"BR";"BRASIL";230;"COLORADO DO OESTE";8;1;"Presidente";280000624085;27;"JOSE MARIA EYMAEL";"EYMAEL";"#NULO#";12;"APTO";2;"DEFERIDO";-3;"#NE";-3;"#NE";-3;"#NE";"PARTIDO ISOLADO";27;"DC";"Democracia Cristã";-1;"#NULO#";"#NULO#";"#NULO#";280000050639;"PARTIDO ISOLADO";"DC";"N";0;"Válido";0;4;"NÃO ELEITO"
"13/11/2024";"10:56:11";2018;2;"Eleição Ordinária";1;295;"ELEIÇÃO GERAL FEDERAL 2018";"07/10/2018";"F";"RO";"BR";"BRASIL";671;"CAMPO NOVO DE RONDÔNIA";34;1;"Presidente";280000624082;54;"JOÃO VICENTE FONTELLA GOULART";"JOÃO GOULART FILHO";"#NULO#";12;"APTO";2;"DEFERIDO";-3;"#NE";-3;"#NE";-3;"#NE";"PARTIDO ISOLADO";54;"PPL";"Partido Pátria Livre";-1;"#NULO#";"#NULO#";"#NULO#";280000050638;"PARTIDO ISOLADO";"PPL";"N";0;"Válido";0;4;"NÃO ELEITO"
"13/11/2024";"10:56:11";2018;2;"Eleição Ordinária";1;295;"ELEIÇÃO GERAL FEDERAL 2018";"07/10/2018";"F";"RO";"BR";"BRASIL";558;"VALE DO PARAÍSO";28;1;"Presidente";280000601173;16;"VERA LUCIA PEREIRA DA SILVA SALGADO";"VERA";"#NULO#";12;"APTO";2;"DEFERIDO";-3;"#NE";-3;"#NE";-3;"#NE";"PARTIDO ISOLADO";16;"PSTU";"Partido Socialista dos Trabalhadores Unificado";-1;"#NULO#";"#NULO#";"#NULO#";280000050040;"PARTIDO ISOLADO";"PSTU";"N";0;"Válido";0;4;"NÃO ELEITO"
"13/11/2024";"10:56:11";2018;2;"Eleição Ordinária";1;295;"ELEIÇÃO GERAL FEDERAL 2018";"07/10/2018";"F";"RO";"BR";"BRASIL";647;"RIO CRESPO";26;1;"Presidente";280000624082;54;"JOÃO VICENTE FONTELLA GOULART";"JOÃO GOULART FILHO";"#NULO#";12;"APTO";2;"DEFERIDO";-3;"#NE";-3;"#NE";-3;"#NE";"PARTIDO ISOLADO";54;"PPL";"Partido Pátria Livre";-1;"#NULO#";"#NULO#";"#NULO#";280000050638;"PARTIDO ISOLADO";"PPL";"N";0;"Válido";0;4;"NÃO ELEITO"
"13/11/2024";"10:56:11";2018;2;"Eleição Ordinária";1;295;"ELEIÇÃO GERAL FEDERAL 2018";"07/10/2018";"F";"RO";"BR";"BRASIL";582;"SERINGUEIRAS";35;1;"Presidente";280000624082;54;"JOÃO VICENTE FONTELLA GOULART";"JOÃO GOULART FILHO";"#NULO#";12;"APTO";2;"DEFERIDO";-3;"#NE";-3;"#NE";-3;"#NE";"PARTIDO ISOLADO";54;"PPL";"Partido Pátria Livre";-1;"#NULO#";"#NULO#";"#NULO#";280000050638;"PARTIDO ISOLADO";"PPL";"N";0;"Válido";0;4;"NÃO ELEITO"
