"DT_GERACAO";"HH_GERACAO";"ANO_ELEICAO";"CD_TIPO_ELEICAO";"NM_TIPO_ELEICAO";"NR_TURNO";"CD_ELEICAO";"DS_ELEICAO";"DT_ELEICAO";"TP_ABRANGENCIA";"SG_UF";"SG_UE";"NM_UE";"CD_MUNICIPIO";"NM_MUNICIPIO";"NR_ZONA";"CD_CARGO";"DS_CARGO";"SQ_CANDIDATO";"NR_CANDIDATO";"NM_CANDIDATO";"NM_URNA_CANDIDATO";"NM_SOCIAL_CANDIDATO";"CD_SITUACAO_CANDIDATURA";"DS_SITUACAO_CANDIDATURA";"CD_DETALHE_SITUACAO_CAND";"DS_DETALHE_SITUACAO_CAND";"CD_SITUACAO_JULGAMENTO";"DS_SITUACAO_JULGAMENTO";"CD_SITUACAO_CASSACAO";"DS_SITUACAO_CASSACAO";"CD_SITUACAO_DIPLOMA";"DS_SITUACAO_DIPLOMA";"TP_AGREMIACAO";"NR_PARTIDO";"SG_PARTIDO";"NM_PARTIDO";"NR_FEDERACAO";"NM_FEDERACAO";"SG_FEDERACAO";"DS_COMPOSICAO_FEDERACAO";"SQ_COLIGACAO";"NM_COLIGACAO";"DS_COMPOSICAO_COLIGACAO";"ST_VOTO_EM_TRANSITO";"QT_VOTOS_NOMINAIS";"NM_TIPO_DESTINACAO_VOTOS";"QT_VOTOS_NOMINAIS_VALIDOS";"CD_SIT_TOT_TURNO";"DS_SIT_TOT_TURNO"
"13/11/2024";"10:56:11";2018;2;"Eleição Ordinária";1;297;"ELEIÇÕES GERAIS ESTADUAIS 2018";"07/10/2018";"E";"DF";"DF";"DISTRITO FEDERAL";97012;"BRASÍLIA";15;3;"Governador";70000624571;90;"ELIANA MARIA PASSOS PEDROSA";"ELIANA PEDROSA";"#NULO#";12;"APTO";2;"DEFERIDO";-3;"#NE";-3;"#NE";-3;"#NE";"COLIGAÇÃO";90;"PROS";"Partido Republicano da Ordem Social";-1;"#NULO#";"#NULO#";"#NULO#";70000050657;"JUNTOS DE VOCÊ";"PROS / PTB / PHS / PATRI / PMN / PTC / PMB";"N";4815;"Válido";4815;4;"NÃO ELEITO"
"13/11/2024";"10:56:11";2018;2;"Eleição Ordinária";1;297;"ELEIÇÕES GERAIS ESTADUAIS 2018";"07/10/2018";"E";"DF";"DF";"DISTRITO FEDERAL";97012;"BRASÍLIA";11;3;"Governador";70000624571;90;"ELIANA MARIA PASSOS PEDROSA";"ELIANA PEDROSA";"#NULO#";12;"APTO";2;"DEFERIDO";-3;"#NE";-3;"#NE";-3;"#NE";"COLIGAÇÃO";90;"PROS";"Partido Republicano da Ordem Social";-1;"#NULO#";"#NULO#";"#NULO#";70000050657;"JUNTOS DE VOCÊ";"PROS / PTB / PHS / PATRI / PMN / PTC / PMB";"N";1826;"Válido";1826;4;"NÃO ELEITO"
"13/11/2024";"10:56:11";2018;2;"Eleição Ordinária";1;297;"ELEIÇÕES GERAIS ESTADUAIS 2018";"07/10/2018";"E";"DF";"DF";"DISTRITO FEDERAL";97012;"BRASÍLIA";17;3;"Governador";70000624571;90;"ELIANA MARIA PASSOS PEDROSA";"ELIANA PEDROSA";"#NULO#";12;"APTO";2;"DEFERIDO";-3;"#NE";-3;"#NE";-3;"#NE";"COLIGAÇÃO";90;"PROS";"Partido Republicano da Ordem Social";-1;"#NULO#";"#NULO#";"#NULO#";70000050657;"JUNTOS DE VOCÊ";"PROS / PTB / PHS / PATRI / PMN / PTC / PMB";"N";6289;"Válido";6289;4;"NÃO ELEITO"
"13/11/2024";"10:56:11";2018;2;"Eleição Ordinária";1;297;"ELEIÇÕES GERAIS ESTADUAIS 2018";"07/10/2018";"E";"DF";"DF";"DISTRITO FEDERAL";97012;"BRASÍLIA";8;3;"Governador";70000624571;90;"ELIANA MARIA PASSOS PEDROSA";"ELIANA PEDROSA";"#NULO#";12;"APTO";2;"DEFERIDO";-3;"#NE";-3;"#NE";-3;"#NE";"COLIGAÇÃO";90;"PROS";"Partido Republicano da Ordem Social";-1;"#NULO#";"#NULO#";"#NULO#";70000050657;"JUNTOS DE VOCÊ";"PROS / PTB / PHS / PATRI / PMN / PTC / PMB";"N";5600;"Válido";5600;4;"NÃO ELEITO"
"13/11/2024";"10:56:11";2018;2;"Eleição Ordinária";1;297;"ELEIÇÕES GERAIS ESTADUAIS 2018";"07/10/2018";"E";"DF";"DF";"DISTRITO FEDERAL";97012;"BRASÍLIA";13;3;"Governador";70000624571;90;"ELIANA MARIA PASSOS PEDROSA";"ELIANA PEDROSA";"#NULO#";12;"APTO";2;"DEFERIDO";-3;"#NE";-3;"#NE";-3;"#NE";"COLIGAÇÃO";90;"PROS";"Partido Republicano da Ordem Social";-1;"#NULO#";"#NULO#";"#NULO#";70000050657;"JUNTOS DE VOCÊ";"PROS / PTB / PHS / PATRI / PMN / PTC / PMB";"N";8009;"Válido";8009;4;"NÃO ELEITO"
"13/11/2024";"10:56:11";2018;2;"Eleição Ordinária";1;297;"ELEIÇÕES GERAIS ESTADUAIS 2018";"07/10/2018";"E";"DF";"DF";"DISTRITO FEDERAL";97012;"BRASÍLIA";4;3;"Governador";70000624571;90;"ELIANA MARIA PASSOS PEDROSA";"ELIANA PEDROSA";"#NULO#";12;"APTO";2;"DEFERIDO";-3;"#NE";-3;"#NE";-3;"#NE";"COLIGAÇÃO";90;"PROS";"Partido Republicano da Ordem Social";-1;"#NULO#";"#NULO#";"#NULO#";70000050657;"JUNTOS DE VOCÊ";"PROS / PTB / PHS / PATRI / PMN / PTC / PMB";"N";6202;"Válido";6202;4;"NÃO ELEITO"
"13/11/2024";"10:56:11";2018;2;"Eleição Ordinária";1;297;"ELEIÇÕES GERAIS ESTADUAIS 2018";"07/10/2018";"E";"DF";"DF";"DISTRITO FEDERAL";97012;"BRASÍLIA";16;3;"Governador";70000624571;90;"ELIANA MARIA PASSOS PEDROSA";"ELIANA PEDROSA";"#NULO#";12;"APTO";2;"DEFERIDO";-3;"#NE";-3;"#NE";-3;"#NE";"COLIGAÇÃO";90;"PROS";"Partido Republicano da Ordem Social";-1;"#NULO#";"#NULO#";"#NULO#";70000050657;"JUNTOS DE VOCÊ";"PROS / PTB / PHS / PATRI / PMN / PTC / PMB";"N";7951;"Válido";7951;4;"NÃO ELEITO"
"13/11/2024";"10:56:11";2018;2;"Eleição Ordinária";1;297;"ELEIÇÕES GERAIS ESTADUAIS 2018";"07/10/2018";"E";"DF";"DF";"DISTRITO FEDERAL";97012;"BRASÍLIA";9;3;"Governador";70000624571;90;"ELIANA MARIA PASSOS PEDROSA";"ELIANA PEDROSA";"#NULO#";12;"APTO";2;"DEFERIDO";-3;"#NE";-3;"#NE";-3;"#NE";"COLIGAÇÃO";90;"PROS";"Partido Republicano da Ordem Social";-1;"#NULO#";"#NULO#";"#NULO#";70000050657;"JUNTOS DE VOCÊ";"PROS / PTB / PHS / PATRI / PMN / PTC / PMB";"N";5902;"Válido";5902;4;"NÃO ELEITO"
"13/11/2024";"10:56:11";2018;2;"Eleição Ordinária";1;297;"ELEIÇÕES GERAIS ESTADUAIS 2018";"07/10/2018";"E";"DF";"DF";"DISTRITO FEDERAL";97012;"BRASÍLIA";14;3;"Governador";70000624571;90;"ELIANA MARIA PASSOS PEDROSA";"ELIANA PEDROSA";"#NULO#";12;"APTO";2;"DEFERIDO";-3;"#NE";-3;"#NE";-3;"#NE";"COLIGAÇÃO";90;"PROS";"Partido Republicano da Ordem Social";-1;"#NULO#";"#NULO#";"#NULO#";70000050657;"JUNTOS DE VOCÊ";"PROS / PTB / PHS / PATRI / PMN / PTC / PMB";"N";2192;"Válido";2192;4;"NÃO ELEITO"
"13/11/2024";"10:56:11";2018;2;"Eleição Ordinária";1;297;"ELEIÇÕES GERAIS ESTADUAIS 2018";"07/10/2018";"E";"DF";"DF";"DISTRITO FEDERAL";97012;"BRASÍLIA";18;3;"Governador";70000624571;90;"ELIANA MARIA PASSOS PEDROSA";"ELIANA PEDROSA";"#NULO#";12;"APTO";2;"DEFERIDO";-3;"#NE";-3;"#NE";-3;"#NE";"COLIGAÇÃO";90;"PROS";"Partido Republicano da Ordem Social";-1;"#NULO#";"#NULO#";"#NULO#";70000050657;"JUNTOS DE VOCÊ";"PROS / PTB / PHS / PATRI / PMN / PTC / PMB";"N";6535;"Válido";6535;4;"NÃO ELEITO"
"13/11/2024";"10:56:11";2018;2;"Eleição Ordinária";1;297;"ELEIÇÕES GERAIS ESTADUAIS 2018";"07/10/2018";"E";"DF";"DF";"DISTRITO FEDERAL";97012;"BRASÍLIA";20;3;"Governador";70000624571;90;"ELIANA MARIA PASSOS PEDROSA";"ELIANA PEDROSA";"#NULO#";12;"APTO";2;"DEFERIDO";-3;"#NE";-3;"#NE";-3;"#NE";"COLIGAÇÃO";90;"PROS";"Partido Republicano da Ordem Social";-1;"#NULO#";"#NULO#";"#NULO#";70000050657;"JUNTOS DE VOCÊ";"PROS / PTB / PHS / PATRI / PMN / PTC / PMB";"N";3247;"Válido";3247;4;"NÃO ELEITO"
"13/11/2024";"10:56:11";2018;2;"Eleição Ordinária";1;297;"ELEIÇÕES GERAIS ESTADUAIS 2018";"07/10/2018";"E";"DF";"DF";"DISTRITO FEDERAL";97012;"BRASÍLIA";21;3;"Governador";70000624571;90;"ELIANA MARIA PASSOS PEDROSA";"ELIANA PEDROSA";"#NULO#";12;"APTO";2;"DEFERIDO";-3;"#NE";-3;"#NE";-3;"#NE";"COLIGAÇÃO";90;"PROS";"Partido Republicano da Ordem Social";-1;"#NULO#";"#NULO#";"#NULO#";70000050657;"JUNTOS DE VOCÊ";"PROS / PTB / PHS / PATRI / PMN / PTC / PMB";"N";6010;"Válido";6010;4;"NÃO ELEITO"
"13/11/2024";"10:56:11";2018;2;"Eleição Ordinária";1;297;"ELEIÇÕES GERAIS ESTADUAIS 2018";"07/10/2018";"E";"DF";"DF";"DISTRITO FEDERAL";97012;"BRASÍLIA";19;3;"Governador";70000624571;90;"ELIANA MARIA PASSOS PEDROSA";"ELIANA PEDROSA";"#NULO#";12;"APTO";2;"DEFERIDO";-3;"#NE";-3;"#NE";-3;"#NE";"COLIGAÇÃO";90;"PROS";"Partido Republicano da Ordem Social";-1;"#NULO#";"#NULO#";"#NULO#";70000050657;"JUNTOS DE VOCÊ";"PROS / PTB / PHS / PATRI / PMN / PTC / PMB";"N";3871;"Válido";3871;4;"NÃO ELEITO"
"13/11/2024";"10:56:11";2018;2;"Eleição Ordinária";1;297;"ELEIÇÕES GERAIS ESTADUAIS 2018";"07/10/2018";"E";"DF";"DF";"DISTRITO FEDERAL";97012;"BRASÍLIA";5;3;"Governador";70000624571;90;"ELIANA MARIA PASSOS PEDROSA";"ELIANA PEDROSA";"#NULO#";12;"APTO";2;"DEFERIDO";-3;"#NE";-3;"#NE";-3;"#NE";"COLIGAÇÃO";90;"PROS";"Partido Republicano da Ordem Social";-1;"#NULO#";"#NULO#";"#NULO#";70000050657;"JUNTOS DE VOCÊ";"PROS / PTB / PHS / PATRI / PMN / PTC / PMB";"N";7962;"Válido";7962;4;"NÃO ELEITO"
"13/11/2024";"10:56:11";2018;2;"Eleição Ordinária";1;297;"ELEIÇÕES GERAIS ESTADUAIS 2018";"07/10/2018";"E";"DF";"DF";"DISTRITO FEDERAL";97012;"BRASÍLIA";6;3;"Governador";70000624571;90;"ELIANA MARIA PASSOS PEDROSA";"ELIANA PEDROSA";"#NULO#";12;"APTO";2;"DEFERIDO";-3;"#NE";-3;"#NE";-3;"#NE";"COLIGAÇÃO";90;"PROS";"Partido Republicano da Ordem Social";-1;"#NULO#";"#NULO#";"#NULO#";70000050657;"JUNTOS DE VOCÊ";"PROS / PTB / PHS / PATRI / PMN / PTC / PMB";"N";9675;"Válido";9675;4;"NÃO ELEITO"
"13/11/2024";"10:56:11";2018;2;"Eleição Ordinária";1;297;"ELEIÇÕES GERAIS ESTADUAIS 2018";"07/10/2018";"E";"DF";"DF";"DISTRITO FEDERAL";97012;"BRASÍLIA";3;3;"Governador";70000624571;90;"ELIANA MARIA PASSOS PEDROSA";"ELIANA PEDROSA";"#NULO#";12;"APTO";2;"DEFERIDO";-3;"#NE";-3;"#NE";-3;"#NE";"COLIGAÇÃO";90;"PROS";"Partido Republicano da Ordem Social";-1;"#NULO#";"#NULO#";"#NULO#";70000050657;"JUNTOS DE VOCÊ";"PROS / PTB / PHS / PATRI / PMN / PTC / PMB";"N";3024;"Válido";3024;4;"NÃO ELEITO"
"13/11/2024";"10:56:11";2018;2;"Eleição Ordinária";1;297;"ELEIÇÕES GERAIS ESTADUAIS 2018";"07/10/2018";"E";"DF";"DF";"DISTRITO FEDERAL";97012;"BRASÍLIA";2;3;"Governador";70000624571;90;"ELIANA MARIA PASSOS PEDROSA";"ELIANA PEDROSA";"#NULO#";12;"APTO";2;"DEFERIDO";-3;"#NE";-3;"#NE";-3;"#NE";"COLIGAÇÃO";90;"PROS";"Partido Republicano da Ordem Social";-1;"#NULO#";"#NULO#";"#NULO#";70000050657;"JUNTOS DE VOCÊ";"PROS / PTB / PHS / PATRI / PMN / PTC / PMB";"N";9547;"Válido";9547;4;"NÃO ELEITO"
"13/11/2024";"10:56:11";2018;2;"Eleição Ordinária";1;297;"ELEIÇÕES GERAIS ESTADUAIS 2018";"07/10/2018";"E";"DF";"DF";"DISTRITO FEDERAL";97012;"BRASÍLIA";10;3;"Governador";70000624571;90;"ELIANA MARIA PASSOS PEDROSA";"ELIANA PEDROSA";"#NULO#";12;"APTO";2;"DEFERIDO";-3;"#NE";-3;"#NE";-3;"#NE";"COLIGAÇÃO";90;"PROS";"Partido Republicano da Ordem Social";-1;"#NULO#";"#NULO#";"#NULO#";70000050657;"JUNTOS DE VOCÊ";"PROS / PTB / PHS / PATRI / PMN / PTC / PMB";"N";5154;"Válido";5154;4;"NÃO ELEITO"
"13/11/2024";"10:56:11";2018;2;"Eleição Ordinária";1;297;"ELEIÇÕES GERAIS ESTADUAIS 2018";"07/10/2018";"E";"DF";"DF";"DISTRITO FEDERAL";97012;"BRASÍLIA";1;3;"Governador";70000624571;90;"ELIANA MARIA PASSOS PEDROSA";"ELIANA PEDROSA";"#NULO#";12;"APTO";2;"DEFERIDO";-3;"#NE";-3;"#NE";-3;"#NE";"COLIGAÇÃO";90;"PROS";"Partido Republicano da Ordem Social";-1;"#NULO#";"#NULO#";"#NULO#";70000050657;"JUNTOS DE VOCÊ";"PROS / PTB / PHS / PATRI / PMN / PTC / PMB";"N";1768;"Válido";1768;4;"NÃO ELEITO"
"13/11/2024";"10:56:11";2018;2;"Eleição Ordinária";2;298;"ELEIÇÕES GERAIS ESTADUAIS 2018";"28/10/2018";"E";"DF";"DF";"DISTRITO FEDERAL";97012;"BRASÍLIA";3;3;"Governador";70000614409;40;"RODRIGO SOBRAL ROLLEMBERG";"RODRIGO ROLLEMBERG";"#NULO#";12;"APTO";2;"DEFERIDO";-3;"#NE";-3;"#NE";-3;"#NE";"COLIGAÇÃO";40;"PSB";"Partido Socialista Brasileiro";-1;"#NULO#";"#NULO#";"#NULO#";70000050382;"BRASÍLIA DE MÃOS LIMPAS";"PSB / PV / PC do B / PDT / REDE";"N";13631;"Válido";13631;4;"NÃO ELEITO"
"13/11/2024";"10:56:11";2018;2;"Eleição Ordinária";2;298;"ELEIÇÕES GERAIS ESTADUAIS 2018";"28/10/2018";"E";"DF";"DF";"DISTRITO FEDERAL";97012;"BRASÍLIA";21;3;"Governador";70000614409;40;"RODRIGO SOBRAL ROLLEMBERG";"RODRIGO ROLLEMBERG";"#NULO#";12;"APTO";2;"DEFERIDO";-3;"#NE";-3;"#NE";-3;"#NE";"COLIGAÇÃO";40;"PSB";"Partido Socialista Brasileiro";-1;"#NULO#";"#NULO#";"#NULO#";70000050382;"BRASÍLIA DE MÃOS LIMPAS";"PSB / PV / PC do B / PDT / REDE";"N";12125;"Válido";12125;4;"NÃO ELEITO"
"13/11/2024";"10:56:11";2018;2;"Eleição Ordinária";2;298;"ELEIÇÕES GERAIS ESTADUAIS 2018";"28/10/2018";"E";"DF";"DF";"DISTRITO FEDERAL";97012;"BRASÍLIA";17;3;"Governador";70000614409;40;"RODRIGO SOBRAL ROLLEMBERG";"RODRIGO ROLLEMBERG";"#NULO#";12;"APTO";2;"DEFERIDO";-3;"#NE";-3;"#NE";-3;"#NE";"COLIGAÇÃO";40;"PSB";"Partido Socialista Brasileiro";-1;"#NULO#";"#NULO#";"#NULO#";70000050382;"BRASÍLIA DE MÃOS LIMPAS";"PSB / PV / PC do B / PDT / REDE";"N";16323;"Válido";16323;4;"NÃO ELEITO"
"13/11/2024";"10:56:11";2018;2;"Eleição Ordinária";2;298;"ELEIÇÕES GERAIS ESTADUAIS 2018";"28/10/2018";"E";"DF";"DF";"DISTRITO FEDERAL";97012;"BRASÍLIA";14;3;"Governador";70000614409;40;"RODRIGO SOBRAL ROLLEMBERG";"RODRIGO ROLLEMBERG";"#NULO#";12;"APTO";2;"DEFERIDO";-3;"#NE";-3;"#NE";-3;"#NE";"COLIGAÇÃO";40;"PSB";"Partido Socialista Brasileiro";-1;"#NULO#";"#NULO#";"#NULO#";70000050382;"BRASÍLIA DE MÃOS LIMPAS";"PSB / PV / PC do B / PDT / REDE";"N";44181;"Válido";44181;4;"NÃO ELEITO"
"13/11/2024";"10:56:11";2018;2;"Eleição Ordinária";2;298;"ELEIÇÕES GERAIS ESTADUAIS 2018";"28/10/2018";"E";"DF";"DF";"DISTRITO FEDERAL";97012;"BRASÍLIA";19;3;"Governador";70000614409;40;"RODRIGO SOBRAL ROLLEMBERG";"RODRIGO ROLLEMBERG";"#NULO#";12;"APTO";2;"DEFERIDO";-3;"#NE";-3;"#NE";-3;"#NE";"COLIGAÇÃO";40;"PSB";"Partido Socialista Brasileiro";-1;"#NULO#";"#NULO#";"#NULO#";70000050382;"BRASÍLIA DE MÃOS LIMPAS";"PSB / PV / PC do B / PDT / REDE";"N";22685;"Válido";22685;4;"NÃO ELEITO"
"13/11/2024";"10:56:11";2018;2;"Eleição Ordinária";2;298;"ELEIÇÕES GERAIS ESTADUAIS 2018";"28/10/2018";"E";"DF";"DF";"DISTRITO FEDERAL";97012;"BRASÍLIA";16;3;"Governador";70000614409;40;"RODRIGO SOBRAL ROLLEMBERG";"RODRIGO ROLLEMBERG";"#NULO#";12;"APTO";2;"DEFERIDO";-3;"#NE";-3;"#NE";-3;"#NE";"COLIGAÇÃO";40;"PSB";"Partido Socialista Brasileiro";-1;"#NULO#";"#NULO#";"#NULO#";70000050382;"BRASÍLIA DE MÃOS LIMPAS";"PSB / PV / PC do B / PDT / REDE";"N";20436;"Válido";20436;4;"NÃO ELEITO"
"13/11/2024";"10:56:11";2018;2;"Eleição Ordinária";2;298;"ELEIÇÕES GERAIS ESTADUAIS 2018";"28/10/2018";"E";"DF";"DF";"DISTRITO FEDERAL";97012;"BRASÍLIA";5;3;"Governador";70000614409;40;"RODRIGO SOBRAL ROLLEMBERG";"RODRIGO ROLLEMBERG";"#NULO#";12;"APTO";2;"DEFERIDO";-3;"#NE";-3;"#NE";-3;"#NE";"COLIGAÇÃO";40;"PSB";"Partido Socialista Brasileiro";-1;"#NULO#";"#NULO#";"#NULO#";70000050382;"BRASÍLIA DE MÃOS LIMPAS";"PSB / PV / PC do B / PDT / REDE";"N";30185;"Válido";30185;4;"NÃO ELEITO"
"13/11/2024";"10:56:11";2018;2;"Eleição Ordinária";2;298;"ELEIÇÕES GERAIS ESTADUAIS 2018";"28/10/2018";"E";"DF";"DF";"DISTRITO FEDERAL";97012;"BRASÍLIA";8;3;"Governador";70000614409;40;"RODRIGO SOBRAL ROLLEMBERG";"RODRIGO ROLLEMBERG";"#NULO#";12;"APTO";2;"DEFERIDO";-3;"#NE";-3;"#NE";-3;"#NE";"COLIGAÇÃO";40;"PSB";"Partido Socialista Brasileiro";-1;"#NULO#";"#NULO#";"#NULO#";70000050382;"BRASÍLIA DE MÃOS LIMPAS";"PSB / PV / PC do B / PDT / REDE";"N";23376;"Válido";23376;4;"NÃO ELEITO"
"13/11/2024";"10:56:11";2018;2;"Eleição Ordinária";2;298;"ELEIÇÕES GERAIS ESTADUAIS 2018";"28/10/2018";"E";"DF";"DF";"DISTRITO FEDERAL";97012;"BRASÍLIA";18;3;"Governador";70000614409;40;"RODRIGO SOBRAL ROLLEMBERG";"RODRIGO ROLLEMBERG";"#NULO#";12;"APTO";2;"DEFERIDO";-3;"#NE";-3;"#NE";-3;"#NE";"COLIGAÇÃO";40;"PSB";"Partido Socialista Brasileiro";-1;"#NULO#";"#NULO#";"#NULO#";70000050382;"BRASÍLIA DE MÃOS LIMPAS";"PSB / PV / PC do B / PDT / REDE";"N";26995;"Válido";26995;4;"NÃO ELEITO"
"13/11/2024";"10:56:11";2018;2;"Eleição Ordinária";2;298;"ELEIÇÕES GERAIS ESTADUAIS 2018";"28/10/2018";"E";"DF";"DF";"DISTRITO FEDERAL";97012;"BRASÍLIA";6;3;"Governador";70000614409;40;"RODRIGO SOBRAL ROLLEMBERG";"RODRIGO ROLLEMBERG";"#NULO#";12;"APTO";2;"DEFERIDO";-3;"#NE";-3;"#NE";-3;"#NE";"COLIGAÇÃO";40;"PSB";"Partido Socialista Brasileiro";-1;"#NULO#";"#NULO#";"#NULO#";70000050382;"BRASÍLIA DE MÃOS LIMPAS";"PSB / PV / PC do B / PDT / REDE";"N";18623;"Válido";18623;4;"NÃO ELEITO"
"13/11/2024";"10:56:11";2018;2;"Eleição Ordinária";2;298;"ELEIÇÕES GERAIS ESTADUAIS 2018";"28/10/2018";"E";"DF";"DF";"DISTRITO FEDERAL";97012;"BRASÍLIA";11;3;"Governador";70000614409;40;"RODRIGO SOBRAL ROLLEMBERG";"RODRIGO ROLLEMBERG";"#NULO#";12;"APTO";2;"DEFERIDO";-3;"#NE";-3;"#NE";-3;"#NE";"COLIGAÇÃO";40;"PSB";"Partido Socialista Brasileiro";-1;"#NULO#";"#NULO#";"#NULO#";70000050382;"BRASÍLIA DE MÃOS LIMPAS";"PSB / PV / PC do B / PDT / REDE";"N";26936;"Válido";26936;4;"NÃO ELEITO"
"13/11/2024";"10:56:11";2018;2;"Eleição Ordinária";2;298;"ELEIÇÕES GERAIS ESTADUAIS 2018";"28/10/2018";"E";"DF";"DF";"DISTRITO FEDERAL";97012;"BRASÍLIA";20;3;"Governador";70000614409;40;"RODRIGO SOBRAL ROLLEMBERG";"RODRIGO ROLLEMBERG";"#NULO#";12;"APTO";2;"DEFERIDO";-3;"#NE";-3;"#NE";-3;"#NE";"COLIGAÇÃO";40;"PSB";"Partido Socialista Brasileiro";-1;"#NULO#";"#NULO#";"#NULO#";70000050382;"BRASÍLIA DE MÃOS LIMPAS";"PSB / PV / PC do B / PDT / REDE";"N";14302;"Válido";14302;4;"NÃO ELEITO"
"13/11/2024";"10:56:11";2018;2;"Eleição Ordinária";2;298;"ELEIÇÕES GERAIS ESTADUAIS 2018";"28/10/2018";"E";"DF";"DF";"DISTRITO FEDERAL";97012;"BRASÍLIA";1;3;"Governador";70000614409;40;"RODRIGO SOBRAL ROLLEMBERG";"RODRIGO ROLLEMBERG";"#NULO#";12;"APTO";2;"DEFERIDO";-3;"#NE";-3;"#NE";-3;"#NE";"COLIGAÇÃO";40;"PSB";"Partido Socialista Brasileiro";-1;"#NULO#";"#NULO#";"#NULO#";70000050382;"BRASÍLIA DE MÃOS LIMPAS";"PSB / PV / PC do B / PDT / REDE";"N";31854;"Válido";31854;4;"NÃO ELEITO"
"13/11/2024";"10:56:11";2018;2;"Eleição Ordinária";2;298;"ELEIÇÕES GERAIS ESTADUAIS 2018";"28/10/2018";"E";"DF";"DF";"DISTRITO FEDERAL";97012;"BRASÍLIA";9;3;"Governador";70000614409;40;"RODRIGO SOBRAL ROLLEMBERG";"RODRIGO ROLLEMBERG";"#NULO#";12;"APTO";2;"DEFERIDO";-3;"#NE";-3;"#NE";-3;"#NE";"COLIGAÇÃO";40;"PSB";"Partido Socialista Brasileiro";-1;"#NULO#";"#NULO#";"#NULO#";70000050382;"BRASÍLIA DE MÃOS LIMPAS";"PSB / PV / PC do B / PDT / REDE";"N";32740;"Válido";32740;4;"NÃO ELEITO"
"13/11/2024";"10:56:11";2018;2;"Eleição Ordinária";2;298;"ELEIÇÕES GERAIS ESTADUAIS 2018";"28/10/2018";"E";"DF";"DF";"DISTRITO FEDERAL";97012;"BRASÍLIA";4;3;"Governador";70000614409;40;"RODRIGO SOBRAL ROLLEMBERG";"RODRIGO ROLLEMBERG";"#NULO#";12;"APTO";2;"DEFERIDO";-3;"#NE";-3;"#NE";-3;"#NE";"COLIGAÇÃO";40;"PSB";"Partido Socialista Brasileiro";-1;"#NULO#";"#NULO#";"#NULO#";70000050382;"BRASÍLIA DE MÃOS LIMPAS";"PSB / PV / PC do B / PDT / REDE";"N";11835;"Válido";11835;4;"NÃO ELEITO"
"13/11/2024";"10:56:11";2018;2;"Eleição Ordinária";1;297;"ELEIÇÕES GERAIS ESTADUAIS 2018";"07/10/2018";"E";"DF";"DF";"DISTRITO FEDERAL";97012;"BRASÍLIA";16;5;"Senador";70000624572;333;"EVERARDO ALVES RIBEIRO";"JUIZ EVERARDO RIBEIRO";"#NULO#";12;"APTO";2;"DEFERIDO";-3;"#NE";-3;"#NE";-3;"#NE";"COLIGAÇÃO";33;"PMN";"Partido da Mobilização Nacional";-1;"#NULO#";"#NULO#";"#NULO#";70000050657;"JUNTOS DE VOCÊ";"PROS / PTB / PHS / PATRI / PMN / PTC / PMB";"N";5541;"Válido";5541;4;"NÃO ELEITO"
"13/11/2024";"10:56:11";2018;2;"Eleição Ordinária";1;297;"ELEIÇÕES GERAIS ESTADUAIS 2018";"07/10/2018";"E";"DF";"DF";"DISTRITO FEDERAL";97012;"BRASÍLIA";2;5;"Senador";70000624572;333;"EVERARDO ALVES RIBEIRO";"JUIZ EVERARDO RIBEIRO";"#NULO#";12;"APTO";2;"DEFERIDO";-3;"#NE";-3;"#NE";-3;"#NE";"COLIGAÇÃO";33;"PMN";"Partido da Mobilização Nacional";-1;"#NULO#";"#NULO#";"#NULO#";70000050657;"JUNTOS DE VOCÊ";"PROS / PTB / PHS / PATRI / PMN / PTC / PMB";"N";7428;"Válido";7428;4;"NÃO ELEITO"
"13/11/2024";"10:56:11";2018;2;"Eleição Ordinária";1;297;"ELEIÇÕES GERAIS ESTADUAIS 2018";"07/10/2018";"E";"DF";"DF";"DISTRITO FEDERAL";97012;"BRASÍLIA";10;5;"Senador";70000624572;333;"EVERARDO ALVES RIBEIRO";"JUIZ EVERARDO RIBEIRO";"#NULO#";12;"APTO";2;"DEFERIDO";-3;"#NE";-3;"#NE";-3;"#NE";"COLIGAÇÃO";33;"PMN";"Partido da Mobilização Nacional";-1;"#NULO#";"#NULO#";"#NULO#";70000050657;"JUNTOS DE VOCÊ";"PROS / PTB / PHS / PATRI / PMN / PTC / PMB";"N";4404;"Válido";4404;4;"NÃO ELEITO"
"13/11/2024";"10:56:11";2018;2;"Eleição Ordinária";1;297;"ELEIÇÕES GERAIS ESTADUAIS 2018";"07/10/2018";"E";"DF";"DF";"DISTRITO FEDERAL";97012;"BRASÍLIA";3;5;"Senador";70000624572;333;"EVERARDO ALVES RIBEIRO";"JUIZ EVERARDO RIBEIRO";"#NULO#";12;"APTO";2;"DEFERIDO";-3;"#NE";-3;"#NE";-3;"#NE";"COLIGAÇÃO";33;"PMN";"Partido da Mobilização Nacional";-1;"#NULO#";"#NULO#";"#NULO#";70000050657;"JUNTOS DE VOCÊ";"PROS / PTB / PHS / PATRI / PMN / PTC / PMB";"N";2522;"Válido";2522;4;"NÃO ELEITO"
"13/11/2024";"10:56:11";2018;2;"Eleição Ordinária";1;297;"ELEIÇÕES GERAIS ESTADUAIS 2018";"07/10/2018";"E";"DF";"DF";"DISTRITO FEDERAL";97012;"BRASÍLIA";4;5;"Senador";70000624572;333;"EVERARDO ALVES RIBEIRO";"JUIZ EVERARDO RIBEIRO";"#NULO#";12;"APTO";2;"DEFERIDO";-3;"#NE";-3;"#NE";-3;"#NE";"COLIGAÇÃO";33;"PMN";"Partido da Mobilização Nacional";-1;"#NULO#";"#NULO#";"#NULO#";70000050657;"JUNTOS DE VOCÊ";"PROS / PTB / PHS / PATRI / PMN / PTC / PMB";"N";4573;"Válido";4573;4;"NÃO ELEITO"
"13/11/2024";"10:56:11";2018;2;"Eleição Ordinária";1;297;"ELEIÇÕES GERAIS ESTADUAIS 2018";"07/10/2018";"E";"DF";"DF";"DISTRITO FEDERAL";97012;"BRASÍLIA";18;5;"Senador";70000624572;333;"EVERARDO ALVES RIBEIRO";"JUIZ EVERARDO RIBEIRO";"#NULO#";12;"APTO";2;"DEFERIDO";-3;"#NE";-3;"#NE";-3;"#NE";"COLIGAÇÃO";33;"PMN";"Partido da Mobilização Nacional";-1;"#NULO#";"#NULO#";"#NULO#";70000050657;"JUNTOS DE VOCÊ";"PROS / PTB / PHS / PATRI / PMN / PTC / PMB";"N";3948;"Válido";3948;4;"NÃO ELEITO"
"13/11/2024";"10:56:11";2018;2;"Eleição Ordinária";1;297;"ELEIÇÕES GERAIS ESTADUAIS 2018";"07/10/2018";"E";"DF";"DF";"DISTRITO FEDERAL";97012;"BRASÍLIA";13;5;"Senador";70000624572;333;"EVERARDO ALVES RIBEIRO";"JUIZ EVERARDO RIBEIRO";"#NULO#";12;"APTO";2;"DEFERIDO";-3;"#NE";-3;"#NE";-3;"#NE";"COLIGAÇÃO";33;"PMN";"Partido da Mobilização Nacional";-1;"#NULO#";"#NULO#";"#NULO#";70000050657;"JUNTOS DE VOCÊ";"PROS / PTB / PHS / PATRI / PMN / PTC / PMB";"N";6203;"Válido";6203;4;"NÃO ELEITO"
"13/11/2024";"10:56:11";2018;2;"Eleição Ordinária";1;297;"ELEIÇÕES GERAIS ESTADUAIS 2018";"07/10/2018";"E";"DF";"DF";"DISTRITO FEDERAL";97012;"BRASÍLIA";15;5;"Senador";70000624572;333;"EVERARDO ALVES RIBEIRO";"JUIZ EVERARDO RIBEIRO";"#NULO#";12;"APTO";2;"DEFERIDO";-3;"#NE";-3;"#NE";-3;"#NE";"COLIGAÇÃO";33;"PMN";"Partido da Mobilização Nacional";-1;"#NULO#";"#NULO#";"#NULO#";70000050657;"JUNTOS DE VOCÊ";"PROS / PTB / PHS / PATRI / PMN / PTC / PMB";"N";4434;"Válido";4434;4;"NÃO ELEITO"
"13/11/2024";"10:56:11";2018;2;"Eleição Ordinária";1;297;"ELEIÇÕES GERAIS ESTADUAIS 2018";"07/10/2018";"E";"DF";"DF";"DISTRITO FEDERAL";97012;"BRASÍLIA";9;5;"Senador";70000624572;333;"EVERARDO ALVES RIBEIRO";"JUIZ EVERARDO RIBEIRO";"#NULO#";12;"APTO";2;"DEFERIDO";-3;"#NE";-3;"#NE";-3;"#NE";"COLIGAÇÃO";33;"PMN";"Partido da Mobilização Nacional";-1;"#NULO#";"#NULO#";"#NULO#";70000050657;"JUNTOS DE VOCÊ";"PROS / PTB / PHS / PATRI / PMN / PTC / PMB";"N";4392;"Válido";4392;4;"NÃO ELEITO"
"13/11/2024";"10:56:11";2018;2;"Eleição Ordinária";1;297;"ELEIÇÕES GERAIS ESTADUAIS 2018";"07/10/2018";"E";"DF";"DF";"DISTRITO FEDERAL";97012;"BRASÍLIA";14;5;"Senador";70000624572;333;"EVERARDO ALVES RIBEIRO";"JUIZ EVERARDO RIBEIRO";"#NULO#";12;"APTO";2;"DEFERIDO";-3;"#NE";-3;"#NE";-3;"#NE";"COLIGAÇÃO";33;"PMN";"Partido da Mobilização Nacional";-1;"#NULO#";"#NULO#";"#NULO#";70000050657;"JUNTOS DE VOCÊ";"PROS / PTB / PHS / PATRI / PMN / PTC / PMB";"N";1591;"Válido";1591;4;"NÃO ELEITO"
"13/11/2024";"10:56:11";2018;2;"Eleição Ordinária";1;297;"ELEIÇÕES GERAIS ESTADUAIS 2018";"07/10/2018";"E";"DF";"DF";"DISTRITO FEDERAL";97012;"BRASÍLIA";21;5;"Senador";70000624572;333;"EVERARDO ALVES RIBEIRO";"JUIZ EVERARDO RIBEIRO";"#NULO#";12;"APTO";2;"DEFERIDO";-3;"#NE";-3;"#NE";-3;"#NE";"COLIGAÇÃO";33;"PMN";"Partido da Mobilização Nacional";-1;"#NULO#";"#NULO#";"#NULO#";70000050657;"JUNTOS DE VOCÊ";"PROS / PTB / PHS / PATRI / PMN / PTC / PMB";"N";4695;"Válido";4695;4;"NÃO ELEITO"
"13/11/2024";"10:56:11";2018;2;"Eleição Ordinária";1;297;"ELEIÇÕES GERAIS ESTADUAIS 2018";"07/10/2018";"E";"DF";"DF";"DISTRITO FEDERAL";97012;"BRASÍLIA";8;5;"Senador";70000624572;333;"EVERARDO ALVES RIBEIRO";"JUIZ EVERARDO RIBEIRO";"#NULO#";12;"APTO";2;"DEFERIDO";-3;"#NE";-3;"#NE";-3;"#NE";"COLIGAÇÃO";33;"PMN";"Partido da Mobilização Nacional";-1;"#NULO#";"#NULO#";"#NULO#";70000050657;"JUNTOS DE VOCÊ";"PROS / PTB / PHS / PATRI / PMN / PTC / PMB";"N";4144;"Válido";4144;4;"NÃO ELEITO"
"13/11/2024";"10:56:11";2018;2;"Eleição Ordinária";1;297;"ELEIÇÕES GERAIS ESTADUAIS 2018";"07/10/2018";"E";"DF";"DF";"DISTRITO FEDERAL";97012;"BRASÍLIA";1;5;"Senador";70000624572;333;"EVERARDO ALVES RIBEIRO";"JUIZ EVERARDO RIBEIRO";"#NULO#";12;"APTO";2;"DEFERIDO";-3;"#NE";-3;"#NE";-3;"#NE";"COLIGAÇÃO";33;"PMN";"Partido da Mobilização Nacional";-1;"#NULO#";"#NULO#";"#NULO#";70000050657;"JUNTOS DE VOCÊ";"PROS / PTB / PHS / PATRI / PMN / PTC / PMB";"N";1454;"Válido";1454;4;"NÃO ELEITO"
"13/11/2024";"10:56:11";2018;2;"Eleição Ordinária";1;297;"ELEIÇÕES GERAIS ESTADUAIS 2018";"07/10/2018";"E";"DF";"DF";"DISTRITO FEDERAL";97012;"BRASÍLIA";20;5;"Senador";70000624572;333;"EVERARDO ALVES RIBEIRO";"JUIZ EVERARDO RIBEIRO";"#NULO#";12;"APTO";2;"DEFERIDO";-3;"#NE";-3;"#NE";-3;"#NE";"COLIGAÇÃO";33;"PMN";"Partido da Mobilização Nacional";-1;"#NULO#";"#NULO#";"#NULO#";70000050657;"JUNTOS DE VOCÊ";"PROS / PTB / PHS / PATRI / PMN / PTC / PMB";"N";2501;"Válido";2501;4;"NÃO ELEITO"
"13/11/2024";"10:56:11";2018;2;"Eleição Ordinária";1;297;"ELEIÇÕES GERAIS ESTADUAIS 2018";"07/10/2018";"E";"DF";"DF";"DISTRITO FEDERAL";97012;"BRASÍLIA";6;5;"Senador";70000624572;333;"EVERARDO ALVES RIBEIRO";"JUIZ EVERARDO RIBEIRO";"#NULO#";12;"APTO";2;"DEFERIDO";-3;"#NE";-3;"#NE";-3;"#NE";"COLIGAÇÃO";33;"PMN";"Partido da Mobilização Nacional";-1;"#NULO#";"#NULO#";"#NULO#";70000050657;"JUNTOS DE VOCÊ";"PROS / PTB / PHS / PATRI / PMN / PTC / PMB";"N";5034;"Válido";5034;4;"NÃO ELEITO"
"13/11/2024";"10:56:11";2018;2;"Eleição Ordinária";1;297;"ELEIÇÕES GERAIS ESTADUAIS 2018";"07/10/2018";"E";"DF";"DF";"DISTRITO FEDERAL";97012;"BRASÍLIA";11;5;"Senador";70000624572;333;"EVERARDO ALVES RIBEIRO";"JUIZ EVERARDO RIBEIRO";"#NULO#";12;"APTO";2;"DEFERIDO";-3;"#NE";-3;"#NE";-3;"#NE";"COLIGAÇÃO";33;"PMN";"Partido da Mobilização Nacional";-1;"#NULO#";"#NULO#";"#NULO#";70000050657;"JUNTOS DE VOCÊ";"PROS / PTB / PHS / PATRI / PMN / PTC / PMB";"N";1414;"Válido";1414;4;"NÃO ELEITO"
"13/11/2024";"10:56:11";2018;2;"Eleição Ordinária";1;297;"ELEIÇÕES GERAIS ESTADUAIS 2018";"07/10/2018";"E";"DF";"DF";"DISTRITO FEDERAL";97012;"BRASÍLIA";19;5;"Senador";70000624572;333;"EVERARDO ALVES RIBEIRO";"JUIZ EVERARDO RIBEIRO";"#NULO#";12;"APTO";2;"DEFERIDO";-3;"#NE";-3;"#NE";-3;"#NE";"COLIGAÇÃO";33;"PMN";"Partido da Mobilização Nacional";-1;"#NULO#";"#NULO#";"#NULO#";70000050657;"JUNTOS DE VOCÊ";"PROS / PTB / PHS / PATRI / PMN / PTC / PMB";"N";3898;"Válido";3898;4;"NÃO ELEITO"
"13/11/2024";"10:56:11";2018;2;"Eleição Ordinária";1;297;"ELEIÇÕES GERAIS ESTADUAIS 2018";"07/10/2018";"E";"DF";"DF";"DISTRITO FEDERAL";97012;"BRASÍLIA";17;5;"Senador";70000624572;333;"EVERARDO ALVES RIBEIRO";"JUIZ EVERARDO RIBEIRO";"#NULO#";12;"APTO";2;"DEFERIDO";-3;"#NE";-3;"#NE";-3;"#NE";"COLIGAÇÃO";33;"PMN";"Partido da Mobilização Nacional";-1;"#NULO#";"#NULO#";"#NULO#";70000050657;"JUNTOS DE VOCÊ";"PROS / PTB / PHS / PATRI / PMN / PTC / PMB";"N";4744;"Válido";4744;4;"NÃO ELEITO"
"13/11/2024";"10:56:11";2018;2;"Eleição Ordinária";1;297;"ELEIÇÕES GERAIS ESTADUAIS 2018";"07/10/2018";"E";"DF";"DF";"DISTRITO FEDERAL";97012;"BRASÍLIA";5;5;"Senador";70000624572;333;"EVERARDO ALVES RIBEIRO";"JUIZ EVERARDO RIBEIRO";"#NULO#";12;"APTO";2;"DEFERIDO";-3;"#NE";-3;"#NE";-3;"#NE";"COLIGAÇÃO";33;"PMN";"Partido da Mobilização Nacional";-1;"#NULO#";"#NULO#";"#NULO#";70000050657;"JUNTOS DE VOCÊ";"PROS / PTB / PHS / PATRI / PMN / PTC / PMB";"N";4762;"Válido";4762;4;"NÃO ELEITO"
"13/11/2024";"10:56:11";2018;2;"Eleição Ordinária";2;298;"ELEIÇÕES GERAIS ESTADUAIS 2018";"28/10/2018";"E";"DF";"DF";"DISTRITO FEDERAL";97012;"BRASÍLIA";13;3;"Governador";70000614409;40;"RODRIGO SOBRAL ROLLEMBERG";"RODRIGO ROLLEMBERG";"#NULO#";12;"APTO";2;"DEFERIDO";-3;"#NE";-3;"#NE";-3;"#NE";"COLIGAÇÃO";40;"PSB";"Partido Socialista Brasileiro";-1;"#NULO#";"#NULO#";"#NULO#";70000050382;"BRASÍLIA DE MÃOS LIMPAS";"PSB / PV / PC do B / PDT / REDE";"N";18704;"Válido";18704;4;"NÃO ELEITO"
"13/11/2024";"10:56:11";2018;2;"Eleição Ordinária";2;298;"ELEIÇÕES GERAIS ESTADUAIS 2018";"28/10/2018";"E";"DF";"DF";"DISTRITO FEDERAL";97012;"BRASÍLIA";2;3;"Governador";70000614409;40;"RODRIGO SOBRAL ROLLEMBERG";"RODRIGO ROLLEMBERG";"#NULO#";12;"APTO";2;"DEFERIDO";-3;"#NE";-3;"#NE";-3;"#NE";"COLIGAÇÃO";40;"PSB";"Partido Socialista Brasileiro";-1;"#NULO#";"#NULO#";"#NULO#";70000050382;"BRASÍLIA DE MÃOS LIMPAS";"PSB / PV / PC do B / PDT / REDE";"N";21925;"Válido";21925;4;"NÃO ELEITO"
"13/11/2024";"10:56:11";2018;2;"Eleição Ordinária";2;298;"ELEIÇÕES GERAIS ESTADUAIS 2018";"28/10/2018";"E";"DF";"DF";"DISTRITO FEDERAL";97012;"BRASÍLIA";10;3;"Governador";70000614409;40;"RODRIGO SOBRAL ROLLEMBERG";"RODRIGO ROLLEMBERG";"#NULO#";12;"APTO";2;"DEFERIDO";-3;"#NE";-3;"#NE";-3;"#NE";"COLIGAÇÃO";40;"PSB";"Partido Socialista Brasileiro";-1;"#NULO#";"#NULO#";"#NULO#";70000050382;"BRASÍLIA DE MÃOS LIMPAS";"PSB / PV / PC do B / PDT / REDE";"N";22546;"Válido";22546;4;"NÃO ELEITO"
"13/11/2024";"10:56:11";2018;2;"Eleição Ordinária";2;298;"ELEIÇÕES GERAIS ESTADUAIS 2018";"28/10/2018";"E";"DF";"DF";"DISTRITO FEDERAL";97012;"BRASÍLIA";15;3;"Governador";70000614409;40;"RODRIGO SOBRAL ROLLEMBERG";"RODRIGO ROLLEMBERG";"#NULO#";12;"APTO";2;"DEFERIDO";-3;"#NE";-3;"#NE";-3;"#NE";"COLIGAÇÃO";40;"PSB";"Partido Socialista Brasileiro";-1;"#NULO#";"#NULO#";"#NULO#";70000050382;"BRASÍLIA DE MÃOS LIMPAS";"PSB / PV / PC do B / PDT / REDE";"N";41927;"Válido";41927;4;"NÃO ELEITO"
"13/11/2024";"10:56:11";2018;2;"Eleição Ordinária";1;297;"ELEIÇÕES GERAIS ESTADUAIS 2018";"07/10/2018";"E";"DF";"DF";"DISTRITO FEDERAL";97012;"BRASÍLIA";20;5;"Senador";70000602706;501;"FRANCISCO CLAUDIO CORREA MEYER SANT ANNA";"CHICO SANT ANNA";"#NULO#";12;"APTO";2;"DEFERIDO";-3;"#NE";-3;"#NE";-3;"#NE";"COLIGAÇÃO";50;"PSOL";"Partido Socialismo e Liberdade";-1;"#NULO#";"#NULO#";"#NULO#";70000050081;"ELAS POR NÓS: SEM MEDO DE MUDAR O DF";"PSOL / PCB";"N";515;"Válido";515;4;"NÃO ELEITO"
"13/11/2024";"10:56:11";2018;2;"Eleição Ordinária";1;297;"ELEIÇÕES GERAIS ESTADUAIS 2018";"07/10/2018";"E";"DF";"DF";"DISTRITO FEDERAL";97012;"BRASÍLIA";9;5;"Senador";70000602706;501;"FRANCISCO CLAUDIO CORREA MEYER SANT ANNA";"CHICO SANT ANNA";"#NULO#";12;"APTO";2;"DEFERIDO";-3;"#NE";-3;"#NE";-3;"#NE";"COLIGAÇÃO";50;"PSOL";"Partido Socialismo e Liberdade";-1;"#NULO#";"#NULO#";"#NULO#";70000050081;"ELAS POR NÓS: SEM MEDO DE MUDAR O DF";"PSOL / PCB";"N";1209;"Válido";1209;4;"NÃO ELEITO"
"13/11/2024";"10:56:11";2018;2;"Eleição Ordinária";1;297;"ELEIÇÕES GERAIS ESTADUAIS 2018";"07/10/2018";"E";"DF";"DF";"DISTRITO FEDERAL";97012;"BRASÍLIA";11;5;"Senador";70000602706;501;"FRANCISCO CLAUDIO CORREA MEYER SANT ANNA";"CHICO SANT ANNA";"#NULO#";12;"APTO";2;"DEFERIDO";-3;"#NE";-3;"#NE";-3;"#NE";"COLIGAÇÃO";50;"PSOL";"Partido Socialismo e Liberdade";-1;"#NULO#";"#NULO#";"#NULO#";70000050081;"ELAS POR NÓS: SEM MEDO DE MUDAR O DF";"PSOL / PCB";"N";910;"Válido";910;4;"NÃO ELEITO"
"13/11/2024";"10:56:11";2018;2;"Eleição Ordinária";1;297;"ELEIÇÕES GERAIS ESTADUAIS 2018";"07/10/2018";"E";"DF";"DF";"DISTRITO FEDERAL";97012;"BRASÍLIA";17;5;"Senador";70000602706;501;"FRANCISCO CLAUDIO CORREA MEYER SANT ANNA";"CHICO SANT ANNA";"#NULO#";12;"APTO";2;"DEFERIDO";-3;"#NE";-3;"#NE";-3;"#NE";"COLIGAÇÃO";50;"PSOL";"Partido Socialismo e Liberdade";-1;"#NULO#";"#NULO#";"#NULO#";70000050081;"ELAS POR NÓS: SEM MEDO DE MUDAR O DF";"PSOL / PCB";"N";762;"Válido";762;4;"NÃO ELEITO"
"13/11/2024";"10:56:11";2018;2;"Eleição Ordinária";1;297;"ELEIÇÕES GERAIS ESTADUAIS 2018";"07/10/2018";"E";"DF";"DF";"DISTRITO FEDERAL";97012;"BRASÍLIA";2;5;"Senador";70000602706;501;"FRANCISCO CLAUDIO CORREA MEYER SANT ANNA";"CHICO SANT ANNA";"#NULO#";12;"APTO";2;"DEFERIDO";-3;"#NE";-3;"#NE";-3;"#NE";"COLIGAÇÃO";50;"PSOL";"Partido Socialismo e Liberdade";-1;"#NULO#";"#NULO#";"#NULO#";70000050081;"ELAS POR NÓS: SEM MEDO DE MUDAR O DF";"PSOL / PCB";"N";762;"Válido";762;4;"NÃO ELEITO"
"13/11/2024";"10:56:11";2018;2;"Eleição Ordinária";1;297;"ELEIÇÕES GERAIS ESTADUAIS 2018";"07/10/2018";"E";"DF";"DF";"DISTRITO FEDERAL";97012;"BRASÍLIA";8;5;"Senador";70000602706;501;"FRANCISCO CLAUDIO CORREA MEYER SANT ANNA";"CHICO SANT ANNA";"#NULO#";12;"APTO";2;"DEFERIDO";-3;"#NE";-3;"#NE";-3;"#NE";"COLIGAÇÃO";50;"PSOL";"Partido Socialismo e Liberdade";-1;"#NULO#";"#NULO#";"#NULO#";70000050081;"ELAS POR NÓS: SEM MEDO DE MUDAR O DF";"PSOL / PCB";"N";755;"Válido";755;4;"NÃO ELEITO"
"13/11/2024";"10:56:11";2018;2;"Eleição Ordinária";1;297;"ELEIÇÕES GERAIS ESTADUAIS 2018";"07/10/2018";"E";"DF";"DF";"DISTRITO FEDERAL";97012;"BRASÍLIA";10;5;"Senador";70000602706;501;"FRANCISCO CLAUDIO CORREA MEYER SANT ANNA";"CHICO SANT ANNA";"#NULO#";12;"APTO";2;"DEFERIDO";-3;"#NE";-3;"#NE";-3;"#NE";"COLIGAÇÃO";50;"PSOL";"Partido Socialismo e Liberdade";-1;"#NULO#";"#NULO#";"#NULO#";70000050081;"ELAS POR NÓS: SEM MEDO DE MUDAR O DF";"PSOL / PCB";"N";896;"Válido";896;4;"NÃO ELEITO"
"13/11/2024";"10:56:11";2018;2;"Eleição Ordinária";1;297;"ELEIÇÕES GERAIS ESTADUAIS 2018";"07/10/2018";"E";"DF";"DF";"DISTRITO FEDERAL";97012;"BRASÍLIA";15;5;"Senador";70000602706;501;"FRANCISCO CLAUDIO CORREA MEYER SANT ANNA";"CHICO SANT ANNA";"#NULO#";12;"APTO";2;"DEFERIDO";-3;"#NE";-3;"#NE";-3;"#NE";"COLIGAÇÃO";50;"PSOL";"Partido Socialismo e Liberdade";-1;"#NULO#";"#NULO#";"#NULO#";70000050081;"ELAS POR NÓS: SEM MEDO DE MUDAR O DF";"PSOL / PCB";"N";1572;"Válido";1572;4;"NÃO ELEITO"
"13/11/2024";"10:56:11";2018;2;"Eleição Ordinária";1;297;"ELEIÇÕES GERAIS ESTADUAIS 2018";"07/10/2018";"E";"DF";"DF";"DISTRITO FEDERAL";97012;"BRASÍLIA";16;5;"Senador";70000602706;501;"FRANCISCO CLAUDIO CORREA MEYER SANT ANNA";"CHICO SANT ANNA";"#NULO#";12;"APTO";2;"DEFERIDO";-3;"#NE";-3;"#NE";-3;"#NE";"COLIGAÇÃO";50;"PSOL";"Partido Socialismo e Liberdade";-1;"#NULO#";"#NULO#";"#NULO#";70000050081;"ELAS POR NÓS: SEM MEDO DE MUDAR O DF";"PSOL / PCB";"N";626;"Válido";626;4;"NÃO ELEITO"
"13/11/2024";"10:56:11";2018;2;"Eleição Ordinária";1;297;"ELEIÇÕES GERAIS ESTADUAIS 2018";"07/10/2018";"E";"DF";"DF";"DISTRITO FEDERAL";97012;"BRASÍLIA";1;5;"Senador";70000602706;501;"FRANCISCO CLAUDIO CORREA MEYER SANT ANNA";"CHICO SANT ANNA";"#NULO#";12;"APTO";2;"DEFERIDO";-3;"#NE";-3;"#NE";-3;"#NE";"COLIGAÇÃO";50;"PSOL";"Partido Socialismo e Liberdade";-1;"#NULO#";"#NULO#";"#NULO#";70000050081;"ELAS POR NÓS: SEM MEDO DE MUDAR O DF";"PSOL / PCB";"N";1237;"Válido";1237;4;"NÃO ELEITO"
"13/11/2024";"10:56:11";2018;2;"Eleição Ordinária";1;297;"ELEIÇÕES GERAIS ESTADUAIS 2018";"07/10/2018";"E";"DF";"DF";"DISTRITO FEDERAL";97012;"BRASÍLIA";19;5;"Senador";70000602706;501;"FRANCISCO CLAUDIO CORREA MEYER SANT ANNA";"CHICO SANT ANNA";"#NULO#";12;"APTO";2;"DEFERIDO";-3;"#NE";-3;"#NE";-3;"#NE";"COLIGAÇÃO";50;"PSOL";"Partido Socialismo e Liberdade";-1;"#NULO#";"#NULO#";"#NULO#";70000050081;"ELAS POR NÓS: SEM MEDO DE MUDAR O DF";"PSOL / PCB";"N";814;"Válido";814;4;"NÃO ELEITO"
"13/11/2024";"10:56:11";2018;2;"Eleição Ordinária";1;297;"ELEIÇÕES GERAIS ESTADUAIS 2018";"07/10/2018";"E";"DF";"DF";"DISTRITO FEDERAL";97012;"BRASÍLIA";13;5;"Senador";70000602706;501;"FRANCISCO CLAUDIO CORREA MEYER SANT ANNA";"CHICO SANT ANNA";"#NULO#";12;"APTO";2;"DEFERIDO";-3;"#NE";-3;"#NE";-3;"#NE";"COLIGAÇÃO";50;"PSOL";"Partido Socialismo e Liberdade";-1;"#NULO#";"#NULO#";"#NULO#";70000050081;"ELAS POR NÓS: SEM MEDO DE MUDAR O DF";"PSOL / PCB";"N";648;"Válido";648;4;"NÃO ELEITO"
"13/11/2024";"10:56:11";2018;2;"Eleição Ordinária";1;297;"ELEIÇÕES GERAIS ESTADUAIS 2018";"07/10/2018";"E";"DF";"DF";"DISTRITO FEDERAL";97012;"BRASÍLIA";18;5;"Senador";70000602706;501;"FRANCISCO CLAUDIO CORREA MEYER SANT ANNA";"CHICO SANT ANNA";"#NULO#";12;"APTO";2;"DEFERIDO";-3;"#NE";-3;"#NE";-3;"#NE";"COLIGAÇÃO";50;"PSOL";"Partido Socialismo e Liberdade";-1;"#NULO#";"#NULO#";"#NULO#";70000050081;"ELAS POR NÓS: SEM MEDO DE MUDAR O DF";"PSOL / PCB";"N";1064;"Válido";1064;4;"NÃO ELEITO"
"13/11/2024";"10:56:11";2018;2;"Eleição Ordinária";1;297;"ELEIÇÕES GERAIS ESTADUAIS 2018";"07/10/2018";"E";"DF";"DF";"DISTRITO FEDERAL";97012;"BRASÍLIA";6;5;"Senador";70000602706;501;"FRANCISCO CLAUDIO CORREA MEYER SANT ANNA";"CHICO SANT ANNA";"#NULO#";12;"APTO";2;"DEFERIDO";-3;"#NE";-3;"#NE";-3;"#NE";"COLIGAÇÃO";50;"PSOL";"Partido Socialismo e Liberdade";-1;"#NULO#";"#NULO#";"#NULO#";70000050081;"ELAS POR NÓS: SEM MEDO DE MUDAR O DF";"PSOL / PCB";"N";609;"Válido";609;4;"NÃO ELEITO"
"13/11/2024";"10:56:11";2018;2;"Eleição Ordinária";1;297;"ELEIÇÕES GERAIS ESTADUAIS 2018";"07/10/2018";"E";"DF";"DF";"DISTRITO FEDERAL";97012;"BRASÍLIA";21;5;"Senador";70000602706;501;"FRANCISCO CLAUDIO CORREA MEYER SANT ANNA";"CHICO SANT ANNA";"#NULO#";12;"APTO";2;"DEFERIDO";-3;"#NE";-3;"#NE";-3;"#NE";"COLIGAÇÃO";50;"PSOL";"Partido Socialismo e Liberdade";-1;"#NULO#";"#NULO#";"#NULO#";70000050081;"ELAS POR NÓS: SEM MEDO DE MUDAR O DF";"PSOL / PCB";"N";501;"Válido";501;4;"NÃO ELEITO"
"13/11/2024";"10:56:11";2018;2;"Eleição Ordinária";1;297;"ELEIÇÕES GERAIS ESTADUAIS 2018";"07/10/2018";"E";"DF";"DF";"DISTRITO FEDERAL";97012;"BRASÍLIA";14;5;"Senador";70000602706;501;"FRANCISCO CLAUDIO CORREA MEYER SANT ANNA";"CHICO SANT ANNA";"#NULO#";12;"APTO";2;"DEFERIDO";-3;"#NE";-3;"#NE";-3;"#NE";"COLIGAÇÃO";50;"PSOL";"Partido Socialismo e Liberdade";-1;"#NULO#";"#NULO#";"#NULO#";70000050081;"ELAS POR NÓS: SEM MEDO DE MUDAR O DF";"PSOL / PCB";"N";2143;"Válido";2143;4;"NÃO ELEITO"
"13/11/2024";"10:56:11";2018;2;"Eleição Ordinária";1;297;"ELEIÇÕES GERAIS ESTADUAIS 2018";"07/10/2018";"E";"DF";"DF";"DISTRITO FEDERAL";97012;"BRASÍLIA";5;5;"Senador";70000602706;501;"FRANCISCO CLAUDIO CORREA MEYER SANT ANNA";"CHICO SANT ANNA";"#NULO#";12;"APTO";2;"DEFERIDO";-3;"#NE";-3;"#NE";-3;"#NE";"COLIGAÇÃO";50;"PSOL";"Partido Socialismo e Liberdade";-1;"#NULO#";"#NULO#";"#NULO#";70000050081;"ELAS POR NÓS: SEM MEDO DE MUDAR O DF";"PSOL / PCB";"N";1059;"Válido";1059;4;"NÃO ELEITO"
"13/11/2024";"10:56:11";2018;2;"Eleição Ordinária";1;297;"ELEIÇÕES GERAIS ESTADUAIS 2018";"07/10/2018";"E";"DF";"DF";"DISTRITO FEDERAL";97012;"BRASÍLIA";3;5;"Senador";70000602706;501;"FRANCISCO CLAUDIO CORREA MEYER SANT ANNA";"CHICO SANT ANNA";"#NULO#";12;"APTO";2;"DEFERIDO";-3;"#NE";-3;"#NE";-3;"#NE";"COLIGAÇÃO";50;"PSOL";"Partido Socialismo e Liberdade";-1;"#NULO#";"#NULO#";"#NULO#";70000050081;"ELAS POR NÓS: SEM MEDO DE MUDAR O DF";"PSOL / PCB";"N";500;"Válido";500;4;"NÃO ELEITO"
"13/11/2024";"10:56:11";2018;2;"Eleição Ordinária";1;297;"ELEIÇÕES GERAIS ESTADUAIS 2018";"07/10/2018";"E";"DF";"DF";"DISTRITO FEDERAL";97012;"BRASÍLIA";4;5;"Senador";70000602706;501;"FRANCISCO CLAUDIO CORREA MEYER SANT ANNA";"CHICO SANT ANNA";"#NULO#";12;"APTO";2;"DEFERIDO";-3;"#NE";-3;"#NE";-3;"#NE";"COLIGAÇÃO";50;"PSOL";"Partido Socialismo e Liberdade";-1;"#NULO#";"#NULO#";"#NULO#";70000050081;"ELAS POR NÓS: SEM MEDO DE MUDAR O DF";"PSOL / PCB";"N";492;"Válido";492;4;"NÃO ELEITO"
"13/11/2024";"10:56:11";2018;2;"Eleição Ordinária";1;297;"ELEIÇÕES GERAIS ESTADUAIS 2018";"07/10/2018";"E";"DF";"DF";"DISTRITO FEDERAL";97012;"BRASÍLIA";9;3;"Governador";70000625516;25;"JOÃO ALBERTO FRAGA SILVA";"ALBERTO FRAGA";"#NULO#";12;"APTO";2;"DEFERIDO";-3;"#NE";-3;"#NE";-3;"#NE";"COLIGAÇÃO";25;"DEM";"Democratas";-1;"#NULO#";"#NULO#";"#NULO#";70000050689;"CORAGEM E RESPEITO PELO POVO";"PR / PSDB / DEM / DC";"N";4920;"Válido";4920;4;"NÃO ELEITO"
"13/11/2024";"10:56:11";2018;2;"Eleição Ordinária";1;297;"ELEIÇÕES GERAIS ESTADUAIS 2018";"07/10/2018";"E";"DF";"DF";"DISTRITO FEDERAL";97012;"BRASÍLIA";21;3;"Governador";70000625516;25;"JOÃO ALBERTO FRAGA SILVA";"ALBERTO FRAGA";"#NULO#";12;"APTO";2;"DEFERIDO";-3;"#NE";-3;"#NE";-3;"#NE";"COLIGAÇÃO";25;"DEM";"Democratas";-1;"#NULO#";"#NULO#";"#NULO#";70000050689;"CORAGEM E RESPEITO PELO POVO";"PR / PSDB / DEM / DC";"N";5632;"Válido";5632;4;"NÃO ELEITO"
"13/11/2024";"10:56:11";2018;2;"Eleição Ordinária";1;297;"ELEIÇÕES GERAIS ESTADUAIS 2018";"07/10/2018";"E";"DF";"DF";"DISTRITO FEDERAL";97012;"BRASÍLIA";1;3;"Governador";70000625516;25;"JOÃO ALBERTO FRAGA SILVA";"ALBERTO FRAGA";"#NULO#";12;"APTO";2;"DEFERIDO";-3;"#NE";-3;"#NE";-3;"#NE";"COLIGAÇÃO";25;"DEM";"Democratas";-1;"#NULO#";"#NULO#";"#NULO#";70000050689;"CORAGEM E RESPEITO PELO POVO";"PR / PSDB / DEM / DC";"N";1667;"Válido";1667;4;"NÃO ELEITO"
"13/11/2024";"10:56:11";2018;2;"Eleição Ordinária";1;297;"ELEIÇÕES GERAIS ESTADUAIS 2018";"07/10/2018";"E";"DF";"DF";"DISTRITO FEDERAL";97012;"BRASÍLIA";11;3;"Governador";70000625516;25;"JOÃO ALBERTO FRAGA SILVA";"ALBERTO FRAGA";"#NULO#";12;"APTO";2;"DEFERIDO";-3;"#NE";-3;"#NE";-3;"#NE";"COLIGAÇÃO";25;"DEM";"Democratas";-1;"#NULO#";"#NULO#";"#NULO#";70000050689;"CORAGEM E RESPEITO PELO POVO";"PR / PSDB / DEM / DC";"N";1861;"Válido";1861;4;"NÃO ELEITO"
"13/11/2024";"10:56:11";2018;2;"Eleição Ordinária";1;297;"ELEIÇÕES GERAIS ESTADUAIS 2018";"07/10/2018";"E";"DF";"DF";"DISTRITO FEDERAL";97012;"BRASÍLIA";19;3;"Governador";70000625516;25;"JOÃO ALBERTO FRAGA SILVA";"ALBERTO FRAGA";"#NULO#";12;"APTO";2;"DEFERIDO";-3;"#NE";-3;"#NE";-3;"#NE";"COLIGAÇÃO";25;"DEM";"Democratas";-1;"#NULO#";"#NULO#";"#NULO#";70000050689;"CORAGEM E RESPEITO PELO POVO";"PR / PSDB / DEM / DC";"N";5150;"Válido";5150;4;"NÃO ELEITO"
"13/11/2024";"10:56:11";2018;2;"Eleição Ordinária";1;297;"ELEIÇÕES GERAIS ESTADUAIS 2018";"07/10/2018";"E";"DF";"DF";"DISTRITO FEDERAL";97012;"BRASÍLIA";14;3;"Governador";70000625516;25;"JOÃO ALBERTO FRAGA SILVA";"ALBERTO FRAGA";"#NULO#";12;"APTO";2;"DEFERIDO";-3;"#NE";-3;"#NE";-3;"#NE";"COLIGAÇÃO";25;"DEM";"Democratas";-1;"#NULO#";"#NULO#";"#NULO#";70000050689;"CORAGEM E RESPEITO PELO POVO";"PR / PSDB / DEM / DC";"N";1798;"Válido";1798;4;"NÃO ELEITO"
"13/11/2024";"10:56:11";2018;2;"Eleição Ordinária";1;297;"ELEIÇÕES GERAIS ESTADUAIS 2018";"07/10/2018";"E";"DF";"DF";"DISTRITO FEDERAL";97012;"BRASÍLIA";17;3;"Governador";70000625516;25;"JOÃO ALBERTO FRAGA SILVA";"ALBERTO FRAGA";"#NULO#";12;"APTO";2;"DEFERIDO";-3;"#NE";-3;"#NE";-3;"#NE";"COLIGAÇÃO";25;"DEM";"Democratas";-1;"#NULO#";"#NULO#";"#NULO#";70000050689;"CORAGEM E RESPEITO PELO POVO";"PR / PSDB / DEM / DC";"N";7005;"Válido";7005;4;"NÃO ELEITO"
"13/11/2024";"10:56:11";2018;2;"Eleição Ordinária";1;297;"ELEIÇÕES GERAIS ESTADUAIS 2018";"07/10/2018";"E";"DF";"DF";"DISTRITO FEDERAL";97012;"BRASÍLIA";4;3;"Governador";70000625516;25;"JOÃO ALBERTO FRAGA SILVA";"ALBERTO FRAGA";"#NULO#";12;"APTO";2;"DEFERIDO";-3;"#NE";-3;"#NE";-3;"#NE";"COLIGAÇÃO";25;"DEM";"Democratas";-1;"#NULO#";"#NULO#";"#NULO#";70000050689;"CORAGEM E RESPEITO PELO POVO";"PR / PSDB / DEM / DC";"N";4524;"Válido";4524;4;"NÃO ELEITO"
"13/11/2024";"10:56:11";2018;2;"Eleição Ordinária";1;297;"ELEIÇÕES GERAIS ESTADUAIS 2018";"07/10/2018";"E";"DF";"DF";"DISTRITO FEDERAL";97012;"BRASÍLIA";6;3;"Governador";70000625516;25;"JOÃO ALBERTO FRAGA SILVA";"ALBERTO FRAGA";"#NULO#";12;"APTO";2;"DEFERIDO";-3;"#NE";-3;"#NE";-3;"#NE";"COLIGAÇÃO";25;"DEM";"Democratas";-1;"#NULO#";"#NULO#";"#NULO#";70000050689;"CORAGEM E RESPEITO PELO POVO";"PR / PSDB / DEM / DC";"N";5424;"Válido";5424;4;"NÃO ELEITO"
"13/11/2024";"10:56:11";2018;2;"Eleição Ordinária";1;297;"ELEIÇÕES GERAIS ESTADUAIS 2018";"07/10/2018";"E";"DF";"DF";"DISTRITO FEDERAL";97012;"BRASÍLIA";16;3;"Governador";70000625516;25;"JOÃO ALBERTO FRAGA SILVA";"ALBERTO FRAGA";"#NULO#";12;"APTO";2;"DEFERIDO";-3;"#NE";-3;"#NE";-3;"#NE";"COLIGAÇÃO";25;"DEM";"Democratas";-1;"#NULO#";"#NULO#";"#NULO#";70000050689;"CORAGEM E RESPEITO PELO POVO";"PR / PSDB / DEM / DC";"N";7460;"Válido";7460;4;"NÃO ELEITO"
"13/11/2024";"10:56:11";2018;2;"Eleição Ordinária";1;297;"ELEIÇÕES GERAIS ESTADUAIS 2018";"07/10/2018";"E";"DF";"DF";"DISTRITO FEDERAL";97012;"BRASÍLIA";8;3;"Governador";70000625516;25;"JOÃO ALBERTO FRAGA SILVA";"ALBERTO FRAGA";"#NULO#";12;"APTO";2;"DEFERIDO";-3;"#NE";-3;"#NE";-3;"#NE";"COLIGAÇÃO";25;"DEM";"Democratas";-1;"#NULO#";"#NULO#";"#NULO#";70000050689;"CORAGEM E RESPEITO PELO POVO";"PR / PSDB / DEM / DC";"N";6811;"Válido";6811;4;"NÃO ELEITO"
"13/11/2024";"10:56:11";2018;2;"Eleição Ordinária";1;297;"ELEIÇÕES GERAIS ESTADUAIS 2018";"07/10/2018";"E";"DF";"DF";"DISTRITO FEDERAL";97012;"BRASÍLIA";3;3;"Governador";70000625516;25;"JOÃO ALBERTO FRAGA SILVA";"ALBERTO FRAGA";"#NULO#";12;"APTO";2;"DEFERIDO";-3;"#NE";-3;"#NE";-3;"#NE";"COLIGAÇÃO";25;"DEM";"Democratas";-1;"#NULO#";"#NULO#";"#NULO#";70000050689;"CORAGEM E RESPEITO PELO POVO";"PR / PSDB / DEM / DC";"N";3806;"Válido";3806;4;"NÃO ELEITO"
"13/11/2024";"10:56:11";2018;2;"Eleição Ordinária";1;297;"ELEIÇÕES GERAIS ESTADUAIS 2018";"07/10/2018";"E";"DF";"DF";"DISTRITO FEDERAL";97012;"BRASÍLIA";18;3;"Governador";70000625516;25;"JOÃO ALBERTO FRAGA SILVA";"ALBERTO FRAGA";"#NULO#";12;"APTO";2;"DEFERIDO";-3;"#NE";-3;"#NE";-3;"#NE";"COLIGAÇÃO";25;"DEM";"Democratas";-1;"#NULO#";"#NULO#";"#NULO#";70000050689;"CORAGEM E RESPEITO PELO POVO";"PR / PSDB / DEM / DC";"N";4300;"Válido";4300;4;"NÃO ELEITO"
"13/11/2024";"10:56:11";2018;2;"Eleição Ordinária";1;297;"ELEIÇÕES GERAIS ESTADUAIS 2018";"07/10/2018";"E";"DF";"DF";"DISTRITO FEDERAL";97012;"BRASÍLIA";20;3;"Governador";70000625516;25;"JOÃO ALBERTO FRAGA SILVA";"ALBERTO FRAGA";"#NULO#";12;"APTO";2;"DEFERIDO";-3;"#NE";-3;"#NE";-3;"#NE";"COLIGAÇÃO";25;"DEM";"Democratas";-1;"#NULO#";"#NULO#";"#NULO#";70000050689;"CORAGEM E RESPEITO PELO POVO";"PR / PSDB / DEM / DC";"N";3555;"Válido";3555;4;"NÃO ELEITO"
"13/11/2024";"10:56:11";2018;2;"Eleição Ordinária";1;297;"ELEIÇÕES GERAIS ESTADUAIS 2018";"07/10/2018";"E";"DF";"DF";"DISTRITO FEDERAL";97012;"BRASÍLIA";2;3;"Governador";70000625516;25;"JOÃO ALBERTO FRAGA SILVA";"ALBERTO FRAGA";"#NULO#";12;"APTO";2;"DEFERIDO";-3;"#NE";-3;"#NE";-3;"#NE";"COLIGAÇÃO";25;"DEM";"Democratas";-1;"#NULO#";"#NULO#";"#NULO#";70000050689;"CORAGEM E RESPEITO PELO POVO";"PR / PSDB / DEM / DC";"N";4170;"Válido";4170;4;"NÃO ELEITO"
"13/11/2024";"10:56:11";2018;2;"Eleição Ordinária";1;297;"ELEIÇÕES GERAIS ESTADUAIS 2018";"07/10/2018";"E";"DF";"DF";"DISTRITO FEDERAL";97012;"BRASÍLIA";13;3;"Governador";70000625516;25;"JOÃO ALBERTO FRAGA SILVA";"ALBERTO FRAGA";"#NULO#";12;"APTO";2;"DEFERIDO";-3;"#NE";-3;"#NE";-3;"#NE";"COLIGAÇÃO";25;"DEM";"Democratas";-1;"#NULO#";"#NULO#";"#NULO#";70000050689;"CORAGEM E RESPEITO PELO POVO";"PR / PSDB / DEM / DC";"N";6642;"Válido";6642;4;"NÃO ELEITO"
"13/11/2024";"10:56:11";2018;2;"Eleição Ordinária";1;297;"ELEIÇÕES GERAIS ESTADUAIS 2018";"07/10/2018";"E";"DF";"DF";"DISTRITO FEDERAL";97012;"BRASÍLIA";15;3;"Governador";70000625516;25;"JOÃO ALBERTO FRAGA SILVA";"ALBERTO FRAGA";"#NULO#";12;"APTO";2;"DEFERIDO";-3;"#NE";-3;"#NE";-3;"#NE";"COLIGAÇÃO";25;"DEM";"Democratas";-1;"#NULO#";"#NULO#";"#NULO#";70000050689;"CORAGEM E RESPEITO PELO POVO";"PR / PSDB / DEM / DC";"N";4998;"Válido";4998;4;"NÃO ELEITO"
"13/11/2024";"10:56:11";2018;2;"Eleição Ordinária";1;297;"ELEIÇÕES GERAIS ESTADUAIS 2018";"07/10/2018";"E";"DF";"DF";"DISTRITO FEDERAL";97012;"BRASÍLIA";5;3;"Governador";70000625516;25;"JOÃO ALBERTO FRAGA SILVA";"ALBERTO FRAGA";"#NULO#";12;"APTO";2;"DEFERIDO";-3;"#NE";-3;"#NE";-3;"#NE";"COLIGAÇÃO";25;"DEM";"Democratas";-1;"#NULO#";"#NULO#";"#NULO#";70000050689;"CORAGEM E RESPEITO PELO POVO";"PR / PSDB / DEM / DC";"N";4015;"Válido";4015;4;"NÃO ELEITO"
"13/11/2024";"10:56:11";2018;2;"Eleição Ordinária";1;297;"ELEIÇÕES GERAIS ESTADUAIS 2018";"07/10/2018";"E";"DF";"DF";"DISTRITO FEDERAL";97012;"BRASÍLIA";10;3;"Governador";70000625516;25;"JOÃO ALBERTO FRAGA SILVA";"ALBERTO FRAGA";"#NULO#";12;"APTO";2;"DEFERIDO";-3;"#NE";-3;"#NE";-3;"#NE";"COLIGAÇÃO";25;"DEM";"Democratas";-1;"#NULO#";"#NULO#";"#NULO#";70000050689;"CORAGEM E RESPEITO PELO POVO";"PR / PSDB / DEM / DC";"N";5102;"Válido";5102;4;"NÃO ELEITO"
"13/11/2024";"10:56:11";2018;2;"Eleição Ordinária";1;297;"ELEIÇÕES GERAIS ESTADUAIS 2018";"07/10/2018";"E";"DF";"DF";"DISTRITO FEDERAL";97012;"BRASÍLIA";20;3;"Governador";70000602704;50;"MARIA FATIMA DE SOUSA";"FÁTIMA SOUSA";"#NULO#";12;"APTO";2;"DEFERIDO";-3;"#NE";-3;"#NE";-3;"#NE";"COLIGAÇÃO";50;"PSOL";"Partido Socialismo e Liberdade";-1;"#NULO#";"#NULO#";"#NULO#";70000050081;"ELAS POR NÓS: SEM MEDO DE MUDAR O DF";"PSOL / PCB";"N";2250;"Válido";2250;4;"NÃO ELEITO"
"13/11/2024";"10:56:11";2018;2;"Eleição Ordinária";1;297;"ELEIÇÕES GERAIS ESTADUAIS 2018";"07/10/2018";"E";"DF";"DF";"DISTRITO FEDERAL";97012;"BRASÍLIA";10;3;"Governador";70000602704;50;"MARIA FATIMA DE SOUSA";"FÁTIMA SOUSA";"#NULO#";12;"APTO";2;"DEFERIDO";-3;"#NE";-3;"#NE";-3;"#NE";"COLIGAÇÃO";50;"PSOL";"Partido Socialismo e Liberdade";-1;"#NULO#";"#NULO#";"#NULO#";70000050081;"ELAS POR NÓS: SEM MEDO DE MUDAR O DF";"PSOL / PCB";"N";3272;"Válido";3272;4;"NÃO ELEITO"
"13/11/2024";"10:56:11";2018;2;"Eleição Ordinária";1;297;"ELEIÇÕES GERAIS ESTADUAIS 2018";"07/10/2018";"E";"DF";"DF";"DISTRITO FEDERAL";97012;"BRASÍLIA";14;3;"Governador";70000602704;50;"MARIA FATIMA DE SOUSA";"FÁTIMA SOUSA";"#NULO#";12;"APTO";2;"DEFERIDO";-3;"#NE";-3;"#NE";-3;"#NE";"COLIGAÇÃO";50;"PSOL";"Partido Socialismo e Liberdade";-1;"#NULO#";"#NULO#";"#NULO#";70000050081;"ELAS POR NÓS: SEM MEDO DE MUDAR O DF";"PSOL / PCB";"N";6220;"Válido";6220;4;"NÃO ELEITO"
"13/11/2024";"10:56:11";2018;2;"Eleição Ordinária";1;297;"ELEIÇÕES GERAIS ESTADUAIS 2018";"07/10/2018";"E";"DF";"DF";"DISTRITO FEDERAL";97012;"BRASÍLIA";1;3;"Governador";70000602704;50;"MARIA FATIMA DE SOUSA";"FÁTIMA SOUSA";"#NULO#";12;"APTO";2;"DEFERIDO";-3;"#NE";-3;"#NE";-3;"#NE";"COLIGAÇÃO";50;"PSOL";"Partido Socialismo e Liberdade";-1;"#NULO#";"#NULO#";"#NULO#";70000050081;"ELAS POR NÓS: SEM MEDO DE MUDAR O DF";"PSOL / PCB";"N";3494;"Válido";3494;4;"NÃO ELEITO"
"13/11/2024";"10:56:11";2018;2;"Eleição Ordinária";1;297;"ELEIÇÕES GERAIS ESTADUAIS 2018";"07/10/2018";"E";"DF";"DF";"DISTRITO FEDERAL";97012;"BRASÍLIA";8;3;"Governador";70000602704;50;"MARIA FATIMA DE SOUSA";"FÁTIMA SOUSA";"#NULO#";12;"APTO";2;"DEFERIDO";-3;"#NE";-3;"#NE";-3;"#NE";"COLIGAÇÃO";50;"PSOL";"Partido Socialismo e Liberdade";-1;"#NULO#";"#NULO#";"#NULO#";70000050081;"ELAS POR NÓS: SEM MEDO DE MUDAR O DF";"PSOL / PCB";"N";3641;"Válido";3641;4;"NÃO ELEITO"
"13/11/2024";"10:56:11";2018;2;"Eleição Ordinária";1;297;"ELEIÇÕES GERAIS ESTADUAIS 2018";"07/10/2018";"E";"DF";"DF";"DISTRITO FEDERAL";97012;"BRASÍLIA";17;3;"Governador";70000602704;50;"MARIA FATIMA DE SOUSA";"FÁTIMA SOUSA";"#NULO#";12;"APTO";2;"DEFERIDO";-3;"#NE";-3;"#NE";-3;"#NE";"COLIGAÇÃO";50;"PSOL";"Partido Socialismo e Liberdade";-1;"#NULO#";"#NULO#";"#NULO#";70000050081;"ELAS POR NÓS: SEM MEDO DE MUDAR O DF";"PSOL / PCB";"N";3829;"Válido";3829;4;"NÃO ELEITO"
"13/11/2024";"10:56:11";2018;2;"Eleição Ordinária";1;297;"ELEIÇÕES GERAIS ESTADUAIS 2018";"07/10/2018";"E";"DF";"DF";"DISTRITO FEDERAL";97012;"BRASÍLIA";3;3;"Governador";70000602704;50;"MARIA FATIMA DE SOUSA";"FÁTIMA SOUSA";"#NULO#";12;"APTO";2;"DEFERIDO";-3;"#NE";-3;"#NE";-3;"#NE";"COLIGAÇÃO";50;"PSOL";"Partido Socialismo e Liberdade";-1;"#NULO#";"#NULO#";"#NULO#";70000050081;"ELAS POR NÓS: SEM MEDO DE MUDAR O DF";"PSOL / PCB";"N";2323;"Válido";2323;4;"NÃO ELEITO"
"13/11/2024";"10:56:11";2018;2;"Eleição Ordinária";1;297;"ELEIÇÕES GERAIS ESTADUAIS 2018";"07/10/2018";"E";"DF";"DF";"DISTRITO FEDERAL";97012;"BRASÍLIA";6;3;"Governador";70000602704;50;"MARIA FATIMA DE SOUSA";"FÁTIMA SOUSA";"#NULO#";12;"APTO";2;"DEFERIDO";-3;"#NE";-3;"#NE";-3;"#NE";"COLIGAÇÃO";50;"PSOL";"Partido Socialismo e Liberdade";-1;"#NULO#";"#NULO#";"#NULO#";70000050081;"ELAS POR NÓS: SEM MEDO DE MUDAR O DF";"PSOL / PCB";"N";2573;"Válido";2573;4;"NÃO ELEITO"
"13/11/2024";"10:56:11";2018;2;"Eleição Ordinária";1;297;"ELEIÇÕES GERAIS ESTADUAIS 2018";"07/10/2018";"E";"DF";"DF";"DISTRITO FEDERAL";97012;"BRASÍLIA";21;3;"Governador";70000602704;50;"MARIA FATIMA DE SOUSA";"FÁTIMA SOUSA";"#NULO#";12;"APTO";2;"DEFERIDO";-3;"#NE";-3;"#NE";-3;"#NE";"COLIGAÇÃO";50;"PSOL";"Partido Socialismo e Liberdade";-1;"#NULO#";"#NULO#";"#NULO#";70000050081;"ELAS POR NÓS: SEM MEDO DE MUDAR O DF";"PSOL / PCB";"N";2271;"Válido";2271;4;"NÃO ELEITO"
"13/11/2024";"10:56:11";2018;2;"Eleição Ordinária";1;297;"ELEIÇÕES GERAIS ESTADUAIS 2018";"07/10/2018";"E";"DF";"DF";"DISTRITO FEDERAL";97012;"BRASÍLIA";18;3;"Governador";70000602704;50;"MARIA FATIMA DE SOUSA";"FÁTIMA SOUSA";"#NULO#";12;"APTO";2;"DEFERIDO";-3;"#NE";-3;"#NE";-3;"#NE";"COLIGAÇÃO";50;"PSOL";"Partido Socialismo e Liberdade";-1;"#NULO#";"#NULO#";"#NULO#";70000050081;"ELAS POR NÓS: SEM MEDO DE MUDAR O DF";"PSOL / PCB";"N";3097;"Válido";3097;4;"NÃO ELEITO"
"13/11/2024";"10:56:11";2018;2;"Eleição Ordinária";1;297;"ELEIÇÕES GERAIS ESTADUAIS 2018";"07/10/2018";"E";"DF";"DF";"DISTRITO FEDERAL";97012;"BRASÍLIA";4;3;"Governador";70000602704;50;"MARIA FATIMA DE SOUSA";"FÁTIMA SOUSA";"#NULO#";12;"APTO";2;"DEFERIDO";-3;"#NE";-3;"#NE";-3;"#NE";"COLIGAÇÃO";50;"PSOL";"Partido Socialismo e Liberdade";-1;"#NULO#";"#NULO#";"#NULO#";70000050081;"ELAS POR NÓS: SEM MEDO DE MUDAR O DF";"PSOL / PCB";"N";2074;"Válido";2074;4;"NÃO ELEITO"
"13/11/2024";"10:56:11";2018;2;"Eleição Ordinária";1;297;"ELEIÇÕES GERAIS ESTADUAIS 2018";"07/10/2018";"E";"DF";"DF";"DISTRITO FEDERAL";97012;"BRASÍLIA";5;3;"Governador";70000602704;50;"MARIA FATIMA DE SOUSA";"FÁTIMA SOUSA";"#NULO#";12;"APTO";2;"DEFERIDO";-3;"#NE";-3;"#NE";-3;"#NE";"COLIGAÇÃO";50;"PSOL";"Partido Socialismo e Liberdade";-1;"#NULO#";"#NULO#";"#NULO#";70000050081;"ELAS POR NÓS: SEM MEDO DE MUDAR O DF";"PSOL / PCB";"N";3904;"Válido";3904;4;"NÃO ELEITO"
"13/11/2024";"10:56:11";2018;2;"Eleição Ordinária";1;297;"ELEIÇÕES GERAIS ESTADUAIS 2018";"07/10/2018";"E";"DF";"DF";"DISTRITO FEDERAL";97012;"BRASÍLIA";19;3;"Governador";70000602704;50;"MARIA FATIMA DE SOUSA";"FÁTIMA SOUSA";"#NULO#";12;"APTO";2;"DEFERIDO";-3;"#NE";-3;"#NE";-3;"#NE";"COLIGAÇÃO";50;"PSOL";"Partido Socialismo e Liberdade";-1;"#NULO#";"#NULO#";"#NULO#";70000050081;"ELAS POR NÓS: SEM MEDO DE MUDAR O DF";"PSOL / PCB";"N";3684;"Válido";3684;4;"NÃO ELEITO"
"13/11/2024";"10:56:11";2018;2;"Eleição Ordinária";1;297;"ELEIÇÕES GERAIS ESTADUAIS 2018";"07/10/2018";"E";"DF";"DF";"DISTRITO FEDERAL";97012;"BRASÍLIA";13;3;"Governador";70000602704;50;"MARIA FATIMA DE SOUSA";"FÁTIMA SOUSA";"#NULO#";12;"APTO";2;"DEFERIDO";-3;"#NE";-3;"#NE";-3;"#NE";"COLIGAÇÃO";50;"PSOL";"Partido Socialismo e Liberdade";-1;"#NULO#";"#NULO#";"#NULO#";70000050081;"ELAS POR NÓS: SEM MEDO DE MUDAR O DF";"PSOL / PCB";"N";3088;"Válido";3088;4;"NÃO ELEITO"
"13/11/2024";"10:56:11";2018;2;"Eleição Ordinária";1;297;"ELEIÇÕES GERAIS ESTADUAIS 2018";"07/10/2018";"E";"DF";"DF";"DISTRITO FEDERAL";97012;"BRASÍLIA";2;3;"Governador";70000602704;50;"MARIA FATIMA DE SOUSA";"FÁTIMA SOUSA";"#NULO#";12;"APTO";2;"DEFERIDO";-3;"#NE";-3;"#NE";-3;"#NE";"COLIGAÇÃO";50;"PSOL";"Partido Socialismo e Liberdade";-1;"#NULO#";"#NULO#";"#NULO#";70000050081;"ELAS POR NÓS: SEM MEDO DE MUDAR O DF";"PSOL / PCB";"N";2468;"Válido";2468;4;"NÃO ELEITO"
"13/11/2024";"10:56:11";2018;2;"Eleição Ordinária";1;297;"ELEIÇÕES GERAIS ESTADUAIS 2018";"07/10/2018";"E";"DF";"DF";"DISTRITO FEDERAL";97012;"BRASÍLIA";11;3;"Governador";70000602704;50;"MARIA FATIMA DE SOUSA";"FÁTIMA SOUSA";"#NULO#";12;"APTO";2;"DEFERIDO";-3;"#NE";-3;"#NE";-3;"#NE";"COLIGAÇÃO";50;"PSOL";"Partido Socialismo e Liberdade";-1;"#NULO#";"#NULO#";"#NULO#";70000050081;"ELAS POR NÓS: SEM MEDO DE MUDAR O DF";"PSOL / PCB";"N";3119;"Válido";3119;4;"NÃO ELEITO"
"13/11/2024";"10:56:11";2018;2;"Eleição Ordinária";1;297;"ELEIÇÕES GERAIS ESTADUAIS 2018";"07/10/2018";"E";"DF";"DF";"DISTRITO FEDERAL";97012;"BRASÍLIA";15;3;"Governador";70000602704;50;"MARIA FATIMA DE SOUSA";"FÁTIMA SOUSA";"#NULO#";12;"APTO";2;"DEFERIDO";-3;"#NE";-3;"#NE";-3;"#NE";"COLIGAÇÃO";50;"PSOL";"Partido Socialismo e Liberdade";-1;"#NULO#";"#NULO#";"#NULO#";70000050081;"ELAS POR NÓS: SEM MEDO DE MUDAR O DF";"PSOL / PCB";"N";6500;"Válido";6500;4;"NÃO ELEITO"
"13/11/2024";"10:56:11";2018;2;"Eleição Ordinária";1;297;"ELEIÇÕES GERAIS ESTADUAIS 2018";"07/10/2018";"E";"DF";"DF";"DISTRITO FEDERAL";97012;"BRASÍLIA";16;3;"Governador";70000602704;50;"MARIA FATIMA DE SOUSA";"FÁTIMA SOUSA";"#NULO#";12;"APTO";2;"DEFERIDO";-3;"#NE";-3;"#NE";-3;"#NE";"COLIGAÇÃO";50;"PSOL";"Partido Socialismo e Liberdade";-1;"#NULO#";"#NULO#";"#NULO#";70000050081;"ELAS POR NÓS: SEM MEDO DE MUDAR O DF";"PSOL / PCB";"N";2918;"Válido";2918;4;"NÃO ELEITO"
"13/11/2024";"10:56:11";2018;2;"Eleição Ordinária";1;297;"ELEIÇÕES GERAIS ESTADUAIS 2018";"07/10/2018";"E";"DF";"DF";"DISTRITO FEDERAL";97012;"BRASÍLIA";9;3;"Governador";70000602704;50;"MARIA FATIMA DE SOUSA";"FÁTIMA SOUSA";"#NULO#";12;"APTO";2;"DEFERIDO";-3;"#NE";-3;"#NE";-3;"#NE";"COLIGAÇÃO";50;"PSOL";"Partido Socialismo e Liberdade";-1;"#NULO#";"#NULO#";"#NULO#";70000050081;"ELAS POR NÓS: SEM MEDO DE MUDAR O DF";"PSOL / PCB";"N";4923;"Válido";4923;4;"NÃO ELEITO"
"13/11/2024";"10:56:11";2018;2;"Eleição Ordinária";1;297;"ELEIÇÕES GERAIS ESTADUAIS 2018";"07/10/2018";"E";"DF";"DF";"DISTRITO FEDERAL";97012;"BRASÍLIA";11;5;"Senador";70000602707;500;"MARIVALDO DE CASTRO PEREIRA";"MARIVALDO PEREIRA";"#NULO#";12;"APTO";2;"DEFERIDO";-3;"#NE";-3;"#NE";-3;"#NE";"COLIGAÇÃO";50;"PSOL";"Partido Socialismo e Liberdade";-1;"#NULO#";"#NULO#";"#NULO#";70000050081;"ELAS POR NÓS: SEM MEDO DE MUDAR O DF";"PSOL / PCB";"N";5073;"Válido";5073;4;"NÃO ELEITO"
"13/11/2024";"10:56:11";2018;2;"Eleição Ordinária";1;297;"ELEIÇÕES GERAIS ESTADUAIS 2018";"07/10/2018";"E";"DF";"DF";"DISTRITO FEDERAL";97012;"BRASÍLIA";18;5;"Senador";70000602707;500;"MARIVALDO DE CASTRO PEREIRA";"MARIVALDO PEREIRA";"#NULO#";12;"APTO";2;"DEFERIDO";-3;"#NE";-3;"#NE";-3;"#NE";"COLIGAÇÃO";50;"PSOL";"Partido Socialismo e Liberdade";-1;"#NULO#";"#NULO#";"#NULO#";70000050081;"ELAS POR NÓS: SEM MEDO DE MUDAR O DF";"PSOL / PCB";"N";5229;"Válido";5229;4;"NÃO ELEITO"
"13/11/2024";"10:56:11";2018;2;"Eleição Ordinária";1;297;"ELEIÇÕES GERAIS ESTADUAIS 2018";"07/10/2018";"E";"DF";"DF";"DISTRITO FEDERAL";97012;"BRASÍLIA";20;5;"Senador";70000602707;500;"MARIVALDO DE CASTRO PEREIRA";"MARIVALDO PEREIRA";"#NULO#";12;"APTO";2;"DEFERIDO";-3;"#NE";-3;"#NE";-3;"#NE";"COLIGAÇÃO";50;"PSOL";"Partido Socialismo e Liberdade";-1;"#NULO#";"#NULO#";"#NULO#";70000050081;"ELAS POR NÓS: SEM MEDO DE MUDAR O DF";"PSOL / PCB";"N";2274;"Válido";2274;4;"NÃO ELEITO"
"13/11/2024";"10:56:11";2018;2;"Eleição Ordinária";1;297;"ELEIÇÕES GERAIS ESTADUAIS 2018";"07/10/2018";"E";"DF";"DF";"DISTRITO FEDERAL";97012;"BRASÍLIA";5;5;"Senador";70000602707;500;"MARIVALDO DE CASTRO PEREIRA";"MARIVALDO PEREIRA";"#NULO#";12;"APTO";2;"DEFERIDO";-3;"#NE";-3;"#NE";-3;"#NE";"COLIGAÇÃO";50;"PSOL";"Partido Socialismo e Liberdade";-1;"#NULO#";"#NULO#";"#NULO#";70000050081;"ELAS POR NÓS: SEM MEDO DE MUDAR O DF";"PSOL / PCB";"N";4972;"Válido";4972;4;"NÃO ELEITO"
"13/11/2024";"10:56:11";2018;2;"Eleição Ordinária";1;297;"ELEIÇÕES GERAIS ESTADUAIS 2018";"07/10/2018";"E";"DF";"DF";"DISTRITO FEDERAL";97012;"BRASÍLIA";19;5;"Senador";70000602707;500;"MARIVALDO DE CASTRO PEREIRA";"MARIVALDO PEREIRA";"#NULO#";12;"APTO";2;"DEFERIDO";-3;"#NE";-3;"#NE";-3;"#NE";"COLIGAÇÃO";50;"PSOL";"Partido Socialismo e Liberdade";-1;"#NULO#";"#NULO#";"#NULO#";70000050081;"ELAS POR NÓS: SEM MEDO DE MUDAR O DF";"PSOL / PCB";"N";4031;"Válido";4031;4;"NÃO ELEITO"
"13/11/2024";"10:56:11";2018;2;"Eleição Ordinária";1;297;"ELEIÇÕES GERAIS ESTADUAIS 2018";"07/10/2018";"E";"DF";"DF";"DISTRITO FEDERAL";97012;"BRASÍLIA";10;5;"Senador";70000602707;500;"MARIVALDO DE CASTRO PEREIRA";"MARIVALDO PEREIRA";"#NULO#";12;"APTO";2;"DEFERIDO";-3;"#NE";-3;"#NE";-3;"#NE";"COLIGAÇÃO";50;"PSOL";"Partido Socialismo e Liberdade";-1;"#NULO#";"#NULO#";"#NULO#";70000050081;"ELAS POR NÓS: SEM MEDO DE MUDAR O DF";"PSOL / PCB";"N";3817;"Válido";3817;4;"NÃO ELEITO"
"13/11/2024";"10:56:11";2018;2;"Eleição Ordinária";1;297;"ELEIÇÕES GERAIS ESTADUAIS 2018";"07/10/2018";"E";"DF";"DF";"DISTRITO FEDERAL";97012;"BRASÍLIA";4;5;"Senador";70000602707;500;"MARIVALDO DE CASTRO PEREIRA";"MARIVALDO PEREIRA";"#NULO#";12;"APTO";2;"DEFERIDO";-3;"#NE";-3;"#NE";-3;"#NE";"COLIGAÇÃO";50;"PSOL";"Partido Socialismo e Liberdade";-1;"#NULO#";"#NULO#";"#NULO#";70000050081;"ELAS POR NÓS: SEM MEDO DE MUDAR O DF";"PSOL / PCB";"N";2133;"Válido";2133;4;"NÃO ELEITO"
"13/11/2024";"10:56:11";2018;2;"Eleição Ordinária";1;297;"ELEIÇÕES GERAIS ESTADUAIS 2018";"07/10/2018";"E";"DF";"DF";"DISTRITO FEDERAL";97012;"BRASÍLIA";2;5;"Senador";70000602707;500;"MARIVALDO DE CASTRO PEREIRA";"MARIVALDO PEREIRA";"#NULO#";12;"APTO";2;"DEFERIDO";-3;"#NE";-3;"#NE";-3;"#NE";"COLIGAÇÃO";50;"PSOL";"Partido Socialismo e Liberdade";-1;"#NULO#";"#NULO#";"#NULO#";70000050081;"ELAS POR NÓS: SEM MEDO DE MUDAR O DF";"PSOL / PCB";"N";4348;"Válido";4348;4;"NÃO ELEITO"
"13/11/2024";"10:56:11";2018;2;"Eleição Ordinária";1;297;"ELEIÇÕES GERAIS ESTADUAIS 2018";"07/10/2018";"E";"DF";"DF";"DISTRITO FEDERAL";97012;"BRASÍLIA";21;5;"Senador";70000602707;500;"MARIVALDO DE CASTRO PEREIRA";"MARIVALDO PEREIRA";"#NULO#";12;"APTO";2;"DEFERIDO";-3;"#NE";-3;"#NE";-3;"#NE";"COLIGAÇÃO";50;"PSOL";"Partido Socialismo e Liberdade";-1;"#NULO#";"#NULO#";"#NULO#";70000050081;"ELAS POR NÓS: SEM MEDO DE MUDAR O DF";"PSOL / PCB";"N";2053;"Válido";2053;4;"NÃO ELEITO"
"13/11/2024";"10:56:11";2018;2;"Eleição Ordinária";1;297;"ELEIÇÕES GERAIS ESTADUAIS 2018";"07/10/2018";"E";"DF";"DF";"DISTRITO FEDERAL";97012;"BRASÍLIA";17;5;"Senador";70000602707;500;"MARIVALDO DE CASTRO PEREIRA";"MARIVALDO PEREIRA";"#NULO#";12;"APTO";2;"DEFERIDO";-3;"#NE";-3;"#NE";-3;"#NE";"COLIGAÇÃO";50;"PSOL";"Partido Socialismo e Liberdade";-1;"#NULO#";"#NULO#";"#NULO#";70000050081;"ELAS POR NÓS: SEM MEDO DE MUDAR O DF";"PSOL / PCB";"N";3579;"Válido";3579;4;"NÃO ELEITO"
"13/11/2024";"10:56:11";2018;2;"Eleição Ordinária";1;297;"ELEIÇÕES GERAIS ESTADUAIS 2018";"07/10/2018";"E";"DF";"DF";"DISTRITO FEDERAL";97012;"BRASÍLIA";3;5;"Senador";70000602707;500;"MARIVALDO DE CASTRO PEREIRA";"MARIVALDO PEREIRA";"#NULO#";12;"APTO";2;"DEFERIDO";-3;"#NE";-3;"#NE";-3;"#NE";"COLIGAÇÃO";50;"PSOL";"Partido Socialismo e Liberdade";-1;"#NULO#";"#NULO#";"#NULO#";70000050081;"ELAS POR NÓS: SEM MEDO DE MUDAR O DF";"PSOL / PCB";"N";2222;"Válido";2222;4;"NÃO ELEITO"
"13/11/2024";"10:56:11";2018;2;"Eleição Ordinária";1;297;"ELEIÇÕES GERAIS ESTADUAIS 2018";"07/10/2018";"E";"DF";"DF";"DISTRITO FEDERAL";97012;"BRASÍLIA";14;5;"Senador";70000602707;500;"MARIVALDO DE CASTRO PEREIRA";"MARIVALDO PEREIRA";"#NULO#";12;"APTO";2;"DEFERIDO";-3;"#NE";-3;"#NE";-3;"#NE";"COLIGAÇÃO";50;"PSOL";"Partido Socialismo e Liberdade";-1;"#NULO#";"#NULO#";"#NULO#";70000050081;"ELAS POR NÓS: SEM MEDO DE MUDAR O DF";"PSOL / PCB";"N";11318;"Válido";11318;4;"NÃO ELEITO"
"13/11/2024";"10:56:11";2018;2;"Eleição Ordinária";1;297;"ELEIÇÕES GERAIS ESTADUAIS 2018";"07/10/2018";"E";"DF";"DF";"DISTRITO FEDERAL";97012;"BRASÍLIA";13;5;"Senador";70000602707;500;"MARIVALDO DE CASTRO PEREIRA";"MARIVALDO PEREIRA";"#NULO#";12;"APTO";2;"DEFERIDO";-3;"#NE";-3;"#NE";-3;"#NE";"COLIGAÇÃO";50;"PSOL";"Partido Socialismo e Liberdade";-1;"#NULO#";"#NULO#";"#NULO#";70000050081;"ELAS POR NÓS: SEM MEDO DE MUDAR O DF";"PSOL / PCB";"N";2804;"Válido";2804;4;"NÃO ELEITO"
"13/11/2024";"10:56:11";2018;2;"Eleição Ordinária";1;297;"ELEIÇÕES GERAIS ESTADUAIS 2018";"07/10/2018";"E";"DF";"DF";"DISTRITO FEDERAL";97012;"BRASÍLIA";16;5;"Senador";70000602707;500;"MARIVALDO DE CASTRO PEREIRA";"MARIVALDO PEREIRA";"#NULO#";12;"APTO";2;"DEFERIDO";-3;"#NE";-3;"#NE";-3;"#NE";"COLIGAÇÃO";50;"PSOL";"Partido Socialismo e Liberdade";-1;"#NULO#";"#NULO#";"#NULO#";70000050081;"ELAS POR NÓS: SEM MEDO DE MUDAR O DF";"PSOL / PCB";"N";2688;"Válido";2688;4;"NÃO ELEITO"
"13/11/2024";"10:56:11";2018;2;"Eleição Ordinária";1;297;"ELEIÇÕES GERAIS ESTADUAIS 2018";"07/10/2018";"E";"DF";"DF";"DISTRITO FEDERAL";97012;"BRASÍLIA";15;5;"Senador";70000602707;500;"MARIVALDO DE CASTRO PEREIRA";"MARIVALDO PEREIRA";"#NULO#";12;"APTO";2;"DEFERIDO";-3;"#NE";-3;"#NE";-3;"#NE";"COLIGAÇÃO";50;"PSOL";"Partido Socialismo e Liberdade";-1;"#NULO#";"#NULO#";"#NULO#";70000050081;"ELAS POR NÓS: SEM MEDO DE MUDAR O DF";"PSOL / PCB";"N";7779;"Válido";7779;4;"NÃO ELEITO"
"13/11/2024";"10:56:11";2018;2;"Eleição Ordinária";1;297;"ELEIÇÕES GERAIS ESTADUAIS 2018";"07/10/2018";"E";"DF";"DF";"DISTRITO FEDERAL";97012;"BRASÍLIA";1;5;"Senador";70000602707;500;"MARIVALDO DE CASTRO PEREIRA";"MARIVALDO PEREIRA";"#NULO#";12;"APTO";2;"DEFERIDO";-3;"#NE";-3;"#NE";-3;"#NE";"COLIGAÇÃO";50;"PSOL";"Partido Socialismo e Liberdade";-1;"#NULO#";"#NULO#";"#NULO#";70000050081;"ELAS POR NÓS: SEM MEDO DE MUDAR O DF";"PSOL / PCB";"N";6678;"Válido";6678;4;"NÃO ELEITO"
"13/11/2024";"10:56:11";2018;2;"Eleição Ordinária";1;297;"ELEIÇÕES GERAIS ESTADUAIS 2018";"07/10/2018";"E";"DF";"DF";"DISTRITO FEDERAL";97012;"BRASÍLIA";9;5;"Senador";70000602707;500;"MARIVALDO DE CASTRO PEREIRA";"MARIVALDO PEREIRA";"#NULO#";12;"APTO";2;"DEFERIDO";-3;"#NE";-3;"#NE";-3;"#NE";"COLIGAÇÃO";50;"PSOL";"Partido Socialismo e Liberdade";-1;"#NULO#";"#NULO#";"#NULO#";70000050081;"ELAS POR NÓS: SEM MEDO DE MUDAR O DF";"PSOL / PCB";"N";5974;"Válido";5974;4;"NÃO ELEITO"
"13/11/2024";"10:56:11";2018;2;"Eleição Ordinária";1;297;"ELEIÇÕES GERAIS ESTADUAIS 2018";"07/10/2018";"E";"DF";"DF";"DISTRITO FEDERAL";97012;"BRASÍLIA";8;5;"Senador";70000602707;500;"MARIVALDO DE CASTRO PEREIRA";"MARIVALDO PEREIRA";"#NULO#";12;"APTO";2;"DEFERIDO";-3;"#NE";-3;"#NE";-3;"#NE";"COLIGAÇÃO";50;"PSOL";"Partido Socialismo e Liberdade";-1;"#NULO#";"#NULO#";"#NULO#";70000050081;"ELAS POR NÓS: SEM MEDO DE MUDAR O DF";"PSOL / PCB";"N";3466;"Válido";3466;4;"NÃO ELEITO"
"13/11/2024";"10:56:11";2018;2;"Eleição Ordinária";1;297;"ELEIÇÕES GERAIS ESTADUAIS 2018";"07/10/2018";"E";"DF";"DF";"DISTRITO FEDERAL";97012;"BRASÍLIA";6;5;"Senador";70000602707;500;"MARIVALDO DE CASTRO PEREIRA";"MARIVALDO PEREIRA";"#NULO#";12;"APTO";2;"DEFERIDO";-3;"#NE";-3;"#NE";-3;"#NE";"COLIGAÇÃO";50;"PSOL";"Partido Socialismo e Liberdade";-1;"#NULO#";"#NULO#";"#NULO#";70000050081;"ELAS POR NÓS: SEM MEDO DE MUDAR O DF";"PSOL / PCB";"N";2674;"Válido";2674;4;"NÃO ELEITO"
"13/11/2024";"10:56:11";2018;2;"Eleição Ordinária";1;297;"ELEIÇÕES GERAIS ESTADUAIS 2018";"07/10/2018";"E";"DF";"DF";"DISTRITO FEDERAL";97012;"BRASÍLIA";8;5;"Senador";70000602381;300;"PAULO ROBERTO ROQUE ANTONIO KHOURI";"PAULO ROQUE ";"#NULO#";12;"APTO";2;"DEFERIDO";-3;"#NE";-3;"#NE";-3;"#NE";"PARTIDO ISOLADO";30;"NOVO";"Partido Novo";-1;"#NULO#";"#NULO#";"#NULO#";70000050065;"PARTIDO ISOLADO";"NOVO";"N";6885;"Válido";6885;4;"NÃO ELEITO"
"13/11/2024";"10:56:11";2018;2;"Eleição Ordinária";1;297;"ELEIÇÕES GERAIS ESTADUAIS 2018";"07/10/2018";"E";"DF";"DF";"DISTRITO FEDERAL";97012;"BRASÍLIA";20;5;"Senador";70000602381;300;"PAULO ROBERTO ROQUE ANTONIO KHOURI";"PAULO ROQUE ";"#NULO#";12;"APTO";2;"DEFERIDO";-3;"#NE";-3;"#NE";-3;"#NE";"PARTIDO ISOLADO";30;"NOVO";"Partido Novo";-1;"#NULO#";"#NULO#";"#NULO#";70000050065;"PARTIDO ISOLADO";"NOVO";"N";4208;"Válido";4208;4;"NÃO ELEITO"
"13/11/2024";"10:56:11";2018;2;"Eleição Ordinária";1;297;"ELEIÇÕES GERAIS ESTADUAIS 2018";"07/10/2018";"E";"DF";"DF";"DISTRITO FEDERAL";97012;"BRASÍLIA";10;5;"Senador";70000602381;300;"PAULO ROBERTO ROQUE ANTONIO KHOURI";"PAULO ROQUE ";"#NULO#";12;"APTO";2;"DEFERIDO";-3;"#NE";-3;"#NE";-3;"#NE";"PARTIDO ISOLADO";30;"NOVO";"Partido Novo";-1;"#NULO#";"#NULO#";"#NULO#";70000050065;"PARTIDO ISOLADO";"NOVO";"N";11363;"Válido";11363;4;"NÃO ELEITO"
"13/11/2024";"10:56:11";2018;2;"Eleição Ordinária";1;297;"ELEIÇÕES GERAIS ESTADUAIS 2018";"07/10/2018";"E";"DF";"DF";"DISTRITO FEDERAL";97012;"BRASÍLIA";18;5;"Senador";70000602381;300;"PAULO ROBERTO ROQUE ANTONIO KHOURI";"PAULO ROQUE ";"#NULO#";12;"APTO";2;"DEFERIDO";-3;"#NE";-3;"#NE";-3;"#NE";"PARTIDO ISOLADO";30;"NOVO";"Partido Novo";-1;"#NULO#";"#NULO#";"#NULO#";70000050065;"PARTIDO ISOLADO";"NOVO";"N";16443;"Válido";16443;4;"NÃO ELEITO"
"13/11/2024";"10:56:11";2018;2;"Eleição Ordinária";1;297;"ELEIÇÕES GERAIS ESTADUAIS 2018";"07/10/2018";"E";"DF";"DF";"DISTRITO FEDERAL";97012;"BRASÍLIA";17;5;"Senador";70000602381;300;"PAULO ROBERTO ROQUE ANTONIO KHOURI";"PAULO ROQUE ";"#NULO#";12;"APTO";2;"DEFERIDO";-3;"#NE";-3;"#NE";-3;"#NE";"PARTIDO ISOLADO";30;"NOVO";"Partido Novo";-1;"#NULO#";"#NULO#";"#NULO#";70000050065;"PARTIDO ISOLADO";"NOVO";"N";8049;"Válido";8049;4;"NÃO ELEITO"
"13/11/2024";"10:56:11";2018;2;"Eleição Ordinária";1;297;"ELEIÇÕES GERAIS ESTADUAIS 2018";"07/10/2018";"E";"DF";"DF";"DISTRITO FEDERAL";97012;"BRASÍLIA";3;5;"Senador";70000602381;300;"PAULO ROBERTO ROQUE ANTONIO KHOURI";"PAULO ROQUE ";"#NULO#";12;"APTO";2;"DEFERIDO";-3;"#NE";-3;"#NE";-3;"#NE";"PARTIDO ISOLADO";30;"NOVO";"Partido Novo";-1;"#NULO#";"#NULO#";"#NULO#";70000050065;"PARTIDO ISOLADO";"NOVO";"N";5548;"Válido";5548;4;"NÃO ELEITO"
"13/11/2024";"10:56:11";2018;2;"Eleição Ordinária";1;297;"ELEIÇÕES GERAIS ESTADUAIS 2018";"07/10/2018";"E";"DF";"DF";"DISTRITO FEDERAL";97012;"BRASÍLIA";21;5;"Senador";70000602381;300;"PAULO ROBERTO ROQUE ANTONIO KHOURI";"PAULO ROQUE ";"#NULO#";12;"APTO";2;"DEFERIDO";-3;"#NE";-3;"#NE";-3;"#NE";"PARTIDO ISOLADO";30;"NOVO";"Partido Novo";-1;"#NULO#";"#NULO#";"#NULO#";70000050065;"PARTIDO ISOLADO";"NOVO";"N";5145;"Válido";5145;4;"NÃO ELEITO"
"13/11/2024";"10:56:11";2018;2;"Eleição Ordinária";1;297;"ELEIÇÕES GERAIS ESTADUAIS 2018";"07/10/2018";"E";"DF";"DF";"DISTRITO FEDERAL";97012;"BRASÍLIA";2;5;"Senador";70000602381;300;"PAULO ROBERTO ROQUE ANTONIO KHOURI";"PAULO ROQUE ";"#NULO#";12;"APTO";2;"DEFERIDO";-3;"#NE";-3;"#NE";-3;"#NE";"PARTIDO ISOLADO";30;"NOVO";"Partido Novo";-1;"#NULO#";"#NULO#";"#NULO#";70000050065;"PARTIDO ISOLADO";"NOVO";"N";9710;"Válido";9710;4;"NÃO ELEITO"
"13/11/2024";"10:56:11";2018;2;"Eleição Ordinária";1;297;"ELEIÇÕES GERAIS ESTADUAIS 2018";"07/10/2018";"E";"DF";"DF";"DISTRITO FEDERAL";97012;"BRASÍLIA";13;5;"Senador";70000602381;300;"PAULO ROBERTO ROQUE ANTONIO KHOURI";"PAULO ROQUE ";"#NULO#";12;"APTO";2;"DEFERIDO";-3;"#NE";-3;"#NE";-3;"#NE";"PARTIDO ISOLADO";30;"NOVO";"Partido Novo";-1;"#NULO#";"#NULO#";"#NULO#";70000050065;"PARTIDO ISOLADO";"NOVO";"N";7958;"Válido";7958;4;"NÃO ELEITO"
"13/11/2024";"10:56:11";2018;2;"Eleição Ordinária";1;297;"ELEIÇÕES GERAIS ESTADUAIS 2018";"07/10/2018";"E";"DF";"DF";"DISTRITO FEDERAL";97012;"BRASÍLIA";6;5;"Senador";70000602381;300;"PAULO ROBERTO ROQUE ANTONIO KHOURI";"PAULO ROQUE ";"#NULO#";12;"APTO";2;"DEFERIDO";-3;"#NE";-3;"#NE";-3;"#NE";"PARTIDO ISOLADO";30;"NOVO";"Partido Novo";-1;"#NULO#";"#NULO#";"#NULO#";70000050065;"PARTIDO ISOLADO";"NOVO";"N";5461;"Válido";5461;4;"NÃO ELEITO"
"13/11/2024";"10:56:11";2018;2;"Eleição Ordinária";1;297;"ELEIÇÕES GERAIS ESTADUAIS 2018";"07/10/2018";"E";"DF";"DF";"DISTRITO FEDERAL";97012;"BRASÍLIA";1;5;"Senador";70000602381;300;"PAULO ROBERTO ROQUE ANTONIO KHOURI";"PAULO ROQUE ";"#NULO#";12;"APTO";2;"DEFERIDO";-3;"#NE";-3;"#NE";-3;"#NE";"PARTIDO ISOLADO";30;"NOVO";"Partido Novo";-1;"#NULO#";"#NULO#";"#NULO#";70000050065;"PARTIDO ISOLADO";"NOVO";"N";15879;"Válido";15879;4;"NÃO ELEITO"
"13/11/2024";"10:56:11";2018;2;"Eleição Ordinária";1;297;"ELEIÇÕES GERAIS ESTADUAIS 2018";"07/10/2018";"E";"DF";"DF";"DISTRITO FEDERAL";97012;"BRASÍLIA";9;5;"Senador";70000602381;300;"PAULO ROBERTO ROQUE ANTONIO KHOURI";"PAULO ROQUE ";"#NULO#";12;"APTO";2;"DEFERIDO";-3;"#NE";-3;"#NE";-3;"#NE";"PARTIDO ISOLADO";30;"NOVO";"Partido Novo";-1;"#NULO#";"#NULO#";"#NULO#";70000050065;"PARTIDO ISOLADO";"NOVO";"N";14951;"Válido";14951;4;"NÃO ELEITO"
"13/11/2024";"10:56:11";2018;2;"Eleição Ordinária";1;297;"ELEIÇÕES GERAIS ESTADUAIS 2018";"07/10/2018";"E";"DF";"DF";"DISTRITO FEDERAL";97012;"BRASÍLIA";15;5;"Senador";70000602381;300;"PAULO ROBERTO ROQUE ANTONIO KHOURI";"PAULO ROQUE ";"#NULO#";12;"APTO";2;"DEFERIDO";-3;"#NE";-3;"#NE";-3;"#NE";"PARTIDO ISOLADO";30;"NOVO";"Partido Novo";-1;"#NULO#";"#NULO#";"#NULO#";70000050065;"PARTIDO ISOLADO";"NOVO";"N";23229;"Válido";23229;4;"NÃO ELEITO"
"13/11/2024";"10:56:11";2018;2;"Eleição Ordinária";1;297;"ELEIÇÕES GERAIS ESTADUAIS 2018";"07/10/2018";"E";"DF";"DF";"DISTRITO FEDERAL";97012;"BRASÍLIA";19;5;"Senador";70000602381;300;"PAULO ROBERTO ROQUE ANTONIO KHOURI";"PAULO ROQUE ";"#NULO#";12;"APTO";2;"DEFERIDO";-3;"#NE";-3;"#NE";-3;"#NE";"PARTIDO ISOLADO";30;"NOVO";"Partido Novo";-1;"#NULO#";"#NULO#";"#NULO#";70000050065;"PARTIDO ISOLADO";"NOVO";"N";11172;"Válido";11172;4;"NÃO ELEITO"
"13/11/2024";"10:56:11";2018;2;"Eleição Ordinária";1;297;"ELEIÇÕES GERAIS ESTADUAIS 2018";"07/10/2018";"E";"DF";"DF";"DISTRITO FEDERAL";97012;"BRASÍLIA";11;5;"Senador";70000602381;300;"PAULO ROBERTO ROQUE ANTONIO KHOURI";"PAULO ROQUE ";"#NULO#";12;"APTO";2;"DEFERIDO";-3;"#NE";-3;"#NE";-3;"#NE";"PARTIDO ISOLADO";30;"NOVO";"Partido Novo";-1;"#NULO#";"#NULO#";"#NULO#";70000050065;"PARTIDO ISOLADO";"NOVO";"N";15024;"Válido";15024;4;"NÃO ELEITO"
"13/11/2024";"10:56:11";2018;2;"Eleição Ordinária";1;297;"ELEIÇÕES GERAIS ESTADUAIS 2018";"07/10/2018";"E";"DF";"DF";"DISTRITO FEDERAL";97012;"BRASÍLIA";4;5;"Senador";70000602381;300;"PAULO ROBERTO ROQUE ANTONIO KHOURI";"PAULO ROQUE ";"#NULO#";12;"APTO";2;"DEFERIDO";-3;"#NE";-3;"#NE";-3;"#NE";"PARTIDO ISOLADO";30;"NOVO";"Partido Novo";-1;"#NULO#";"#NULO#";"#NULO#";70000050065;"PARTIDO ISOLADO";"NOVO";"N";5015;"Válido";5015;4;"NÃO ELEITO"
"13/11/2024";"10:56:11";2018;2;"Eleição Ordinária";1;297;"ELEIÇÕES GERAIS ESTADUAIS 2018";"07/10/2018";"E";"DF";"DF";"DISTRITO FEDERAL";97012;"BRASÍLIA";5;5;"Senador";70000602381;300;"PAULO ROBERTO ROQUE ANTONIO KHOURI";"PAULO ROQUE ";"#NULO#";12;"APTO";2;"DEFERIDO";-3;"#NE";-3;"#NE";-3;"#NE";"PARTIDO ISOLADO";30;"NOVO";"Partido Novo";-1;"#NULO#";"#NULO#";"#NULO#";70000050065;"PARTIDO ISOLADO";"NOVO";"N";11211;"Válido";11211;4;"NÃO ELEITO"
"13/11/2024";"10:56:11";2018;2;"Eleição Ordinária";1;297;"ELEIÇÕES GERAIS ESTADUAIS 2018";"07/10/2018";"E";"DF";"DF";"DISTRITO FEDERAL";97012;"BRASÍLIA";16;5;"Senador";70000602381;300;"PAULO ROBERTO ROQUE ANTONIO KHOURI";"PAULO ROQUE ";"#NULO#";12;"APTO";2;"DEFERIDO";-3;"#NE";-3;"#NE";-3;"#NE";"PARTIDO ISOLADO";30;"NOVO";"Partido Novo";-1;"#NULO#";"#NULO#";"#NULO#";70000050065;"PARTIDO ISOLADO";"NOVO";"N";6040;"Válido";6040;4;"NÃO ELEITO"
"13/11/2024";"10:56:11";2018;2;"Eleição Ordinária";1;297;"ELEIÇÕES GERAIS ESTADUAIS 2018";"07/10/2018";"E";"DF";"DF";"DISTRITO FEDERAL";97012;"BRASÍLIA";14;5;"Senador";70000602381;300;"PAULO ROBERTO ROQUE ANTONIO KHOURI";"PAULO ROQUE ";"#NULO#";12;"APTO";2;"DEFERIDO";-3;"#NE";-3;"#NE";-3;"#NE";"PARTIDO ISOLADO";30;"NOVO";"Partido Novo";-1;"#NULO#";"#NULO#";"#NULO#";70000050065;"PARTIDO ISOLADO";"NOVO";"N";19543;"Válido";19543;4;"NÃO ELEITO"
"13/11/2024";"10:56:11";2018;2;"Eleição Ordinária";1;297;"ELEIÇÕES GERAIS ESTADUAIS 2018";"07/10/2018";"E";"DF";"DF";"DISTRITO FEDERAL";97012;"BRASÍLIA";3;3;"Governador";70000602342;30;"ALEXANDRE FREIRE GUERRA";"ALEXANDRE GUERRA";"#NULO#";12;"APTO";2;"DEFERIDO";-3;"#NE";-3;"#NE";-3;"#NE";"PARTIDO ISOLADO";30;"NOVO";"Partido Novo";-1;"#NULO#";"#NULO#";"#NULO#";70000050065;"PARTIDO ISOLADO";"NOVO";"N";1676;"Válido";1676;4;"NÃO ELEITO"
"13/11/2024";"10:56:11";2018;2;"Eleição Ordinária";1;297;"ELEIÇÕES GERAIS ESTADUAIS 2018";"07/10/2018";"E";"DF";"DF";"DISTRITO FEDERAL";97012;"BRASÍLIA";8;3;"Governador";70000602342;30;"ALEXANDRE FREIRE GUERRA";"ALEXANDRE GUERRA";"#NULO#";12;"APTO";2;"DEFERIDO";-3;"#NE";-3;"#NE";-3;"#NE";"PARTIDO ISOLADO";30;"NOVO";"Partido Novo";-1;"#NULO#";"#NULO#";"#NULO#";70000050065;"PARTIDO ISOLADO";"NOVO";"N";1936;"Válido";1936;4;"NÃO ELEITO"
"13/11/2024";"10:56:11";2018;2;"Eleição Ordinária";1;297;"ELEIÇÕES GERAIS ESTADUAIS 2018";"07/10/2018";"E";"DF";"DF";"DISTRITO FEDERAL";97012;"BRASÍLIA";21;3;"Governador";70000602342;30;"ALEXANDRE FREIRE GUERRA";"ALEXANDRE GUERRA";"#NULO#";12;"APTO";2;"DEFERIDO";-3;"#NE";-3;"#NE";-3;"#NE";"PARTIDO ISOLADO";30;"NOVO";"Partido Novo";-1;"#NULO#";"#NULO#";"#NULO#";70000050065;"PARTIDO ISOLADO";"NOVO";"N";1581;"Válido";1581;4;"NÃO ELEITO"
"13/11/2024";"10:56:11";2018;2;"Eleição Ordinária";1;297;"ELEIÇÕES GERAIS ESTADUAIS 2018";"07/10/2018";"E";"DF";"DF";"DISTRITO FEDERAL";97012;"BRASÍLIA";1;3;"Governador";70000602342;30;"ALEXANDRE FREIRE GUERRA";"ALEXANDRE GUERRA";"#NULO#";12;"APTO";2;"DEFERIDO";-3;"#NE";-3;"#NE";-3;"#NE";"PARTIDO ISOLADO";30;"NOVO";"Partido Novo";-1;"#NULO#";"#NULO#";"#NULO#";70000050065;"PARTIDO ISOLADO";"NOVO";"N";4908;"Válido";4908;4;"NÃO ELEITO"
"13/11/2024";"10:56:11";2018;2;"Eleição Ordinária";1;297;"ELEIÇÕES GERAIS ESTADUAIS 2018";"07/10/2018";"E";"DF";"DF";"DISTRITO FEDERAL";97012;"BRASÍLIA";14;3;"Governador";70000602342;30;"ALEXANDRE FREIRE GUERRA";"ALEXANDRE GUERRA";"#NULO#";12;"APTO";2;"DEFERIDO";-3;"#NE";-3;"#NE";-3;"#NE";"PARTIDO ISOLADO";30;"NOVO";"Partido Novo";-1;"#NULO#";"#NULO#";"#NULO#";70000050065;"PARTIDO ISOLADO";"NOVO";"N";6579;"Válido";6579;4;"NÃO ELEITO"
"13/11/2024";"10:56:11";2018;2;"Eleição Ordinária";1;297;"ELEIÇÕES GERAIS ESTADUAIS 2018";"07/10/2018";"E";"DF";"DF";"DISTRITO FEDERAL";97012;"BRASÍLIA";10;3;"Governador";70000602342;30;"ALEXANDRE FREIRE GUERRA";"ALEXANDRE GUERRA";"#NULO#";12;"APTO";2;"DEFERIDO";-3;"#NE";-3;"#NE";-3;"#NE";"PARTIDO ISOLADO";30;"NOVO";"Partido Novo";-1;"#NULO#";"#NULO#";"#NULO#";70000050065;"PARTIDO ISOLADO";"NOVO";"N";3455;"Válido";3455;4;"NÃO ELEITO"
"13/11/2024";"10:56:11";2018;2;"Eleição Ordinária";1;297;"ELEIÇÕES GERAIS ESTADUAIS 2018";"07/10/2018";"E";"DF";"DF";"DISTRITO FEDERAL";97012;"BRASÍLIA";13;3;"Governador";70000602342;30;"ALEXANDRE FREIRE GUERRA";"ALEXANDRE GUERRA";"#NULO#";12;"APTO";2;"DEFERIDO";-3;"#NE";-3;"#NE";-3;"#NE";"PARTIDO ISOLADO";30;"NOVO";"Partido Novo";-1;"#NULO#";"#NULO#";"#NULO#";70000050065;"PARTIDO ISOLADO";"NOVO";"N";2296;"Válido";2296;4;"NÃO ELEITO"
"13/11/2024";"10:56:11";2018;2;"Eleição Ordinária";1;297;"ELEIÇÕES GERAIS ESTADUAIS 2018";"07/10/2018";"E";"DF";"DF";"DISTRITO FEDERAL";97012;"BRASÍLIA";6;3;"Governador";70000602342;30;"ALEXANDRE FREIRE GUERRA";"ALEXANDRE GUERRA";"#NULO#";12;"APTO";2;"DEFERIDO";-3;"#NE";-3;"#NE";-3;"#NE";"PARTIDO ISOLADO";30;"NOVO";"Partido Novo";-1;"#NULO#";"#NULO#";"#NULO#";70000050065;"PARTIDO ISOLADO";"NOVO";"N";1445;"Válido";1445;4;"NÃO ELEITO"
"13/11/2024";"10:56:11";2018;2;"Eleição Ordinária";1;297;"ELEIÇÕES GERAIS ESTADUAIS 2018";"07/10/2018";"E";"DF";"DF";"DISTRITO FEDERAL";97012;"BRASÍLIA";15;3;"Governador";70000602342;30;"ALEXANDRE FREIRE GUERRA";"ALEXANDRE GUERRA";"#NULO#";12;"APTO";2;"DEFERIDO";-3;"#NE";-3;"#NE";-3;"#NE";"PARTIDO ISOLADO";30;"NOVO";"Partido Novo";-1;"#NULO#";"#NULO#";"#NULO#";70000050065;"PARTIDO ISOLADO";"NOVO";"N";8103;"Válido";8103;4;"NÃO ELEITO"
"13/11/2024";"10:56:11";2018;2;"Eleição Ordinária";1;297;"ELEIÇÕES GERAIS ESTADUAIS 2018";"07/10/2018";"E";"DF";"DF";"DISTRITO FEDERAL";97012;"BRASÍLIA";19;3;"Governador";70000602342;30;"ALEXANDRE FREIRE GUERRA";"ALEXANDRE GUERRA";"#NULO#";12;"APTO";2;"DEFERIDO";-3;"#NE";-3;"#NE";-3;"#NE";"PARTIDO ISOLADO";30;"NOVO";"Partido Novo";-1;"#NULO#";"#NULO#";"#NULO#";70000050065;"PARTIDO ISOLADO";"NOVO";"N";3361;"Válido";3361;4;"NÃO ELEITO"
"13/11/2024";"10:56:11";2018;2;"Eleição Ordinária";1;297;"ELEIÇÕES GERAIS ESTADUAIS 2018";"07/10/2018";"E";"DF";"DF";"DISTRITO FEDERAL";97012;"BRASÍLIA";5;3;"Governador";70000602342;30;"ALEXANDRE FREIRE GUERRA";"ALEXANDRE GUERRA";"#NULO#";12;"APTO";2;"DEFERIDO";-3;"#NE";-3;"#NE";-3;"#NE";"PARTIDO ISOLADO";30;"NOVO";"Partido Novo";-1;"#NULO#";"#NULO#";"#NULO#";70000050065;"PARTIDO ISOLADO";"NOVO";"N";3326;"Válido";3326;4;"NÃO ELEITO"
"13/11/2024";"10:56:11";2018;2;"Eleição Ordinária";1;297;"ELEIÇÕES GERAIS ESTADUAIS 2018";"07/10/2018";"E";"DF";"DF";"DISTRITO FEDERAL";97012;"BRASÍLIA";2;3;"Governador";70000602342;30;"ALEXANDRE FREIRE GUERRA";"ALEXANDRE GUERRA";"#NULO#";12;"APTO";2;"DEFERIDO";-3;"#NE";-3;"#NE";-3;"#NE";"PARTIDO ISOLADO";30;"NOVO";"Partido Novo";-1;"#NULO#";"#NULO#";"#NULO#";70000050065;"PARTIDO ISOLADO";"NOVO";"N";2935;"Válido";2935;4;"NÃO ELEITO"
"13/11/2024";"10:56:11";2018;2;"Eleição Ordinária";1;297;"ELEIÇÕES GERAIS ESTADUAIS 2018";"07/10/2018";"E";"DF";"DF";"DISTRITO FEDERAL";97012;"BRASÍLIA";16;3;"Governador";70000602342;30;"ALEXANDRE FREIRE GUERRA";"ALEXANDRE GUERRA";"#NULO#";12;"APTO";2;"DEFERIDO";-3;"#NE";-3;"#NE";-3;"#NE";"PARTIDO ISOLADO";30;"NOVO";"Partido Novo";-1;"#NULO#";"#NULO#";"#NULO#";70000050065;"PARTIDO ISOLADO";"NOVO";"N";1751;"Válido";1751;4;"NÃO ELEITO"
"13/11/2024";"10:56:11";2018;2;"Eleição Ordinária";1;297;"ELEIÇÕES GERAIS ESTADUAIS 2018";"07/10/2018";"E";"DF";"DF";"DISTRITO FEDERAL";97012;"BRASÍLIA";17;3;"Governador";70000602342;30;"ALEXANDRE FREIRE GUERRA";"ALEXANDRE GUERRA";"#NULO#";12;"APTO";2;"DEFERIDO";-3;"#NE";-3;"#NE";-3;"#NE";"PARTIDO ISOLADO";30;"NOVO";"Partido Novo";-1;"#NULO#";"#NULO#";"#NULO#";70000050065;"PARTIDO ISOLADO";"NOVO";"N";2356;"Válido";2356;4;"NÃO ELEITO"
"13/11/2024";"10:56:11";2018;2;"Eleição Ordinária";1;297;"ELEIÇÕES GERAIS ESTADUAIS 2018";"07/10/2018";"E";"DF";"DF";"DISTRITO FEDERAL";97012;"BRASÍLIA";20;3;"Governador";70000602342;30;"ALEXANDRE FREIRE GUERRA";"ALEXANDRE GUERRA";"#NULO#";12;"APTO";2;"DEFERIDO";-3;"#NE";-3;"#NE";-3;"#NE";"PARTIDO ISOLADO";30;"NOVO";"Partido Novo";-1;"#NULO#";"#NULO#";"#NULO#";70000050065;"PARTIDO ISOLADO";"NOVO";"N";1211;"Válido";1211;4;"NÃO ELEITO"
"13/11/2024";"10:56:11";2018;2;"Eleição Ordinária";1;297;"ELEIÇÕES GERAIS ESTADUAIS 2018";"07/10/2018";"E";"DF";"DF";"DISTRITO FEDERAL";97012;"BRASÍLIA";9;3;"Governador";70000602342;30;"ALEXANDRE FREIRE GUERRA";"ALEXANDRE GUERRA";"#NULO#";12;"APTO";2;"DEFERIDO";-3;"#NE";-3;"#NE";-3;"#NE";"PARTIDO ISOLADO";30;"NOVO";"Partido Novo";-1;"#NULO#";"#NULO#";"#NULO#";70000050065;"PARTIDO ISOLADO";"NOVO";"N";5096;"Válido";5096;4;"NÃO ELEITO"
"13/11/2024";"10:56:11";2018;2;"Eleição Ordinária";1;297;"ELEIÇÕES GERAIS ESTADUAIS 2018";"07/10/2018";"E";"DF";"DF";"DISTRITO FEDERAL";97012;"BRASÍLIA";11;3;"Governador";70000602342;30;"ALEXANDRE FREIRE GUERRA";"ALEXANDRE GUERRA";"#NULO#";12;"APTO";2;"DEFERIDO";-3;"#NE";-3;"#NE";-3;"#NE";"PARTIDO ISOLADO";30;"NOVO";"Partido Novo";-1;"#NULO#";"#NULO#";"#NULO#";70000050065;"PARTIDO ISOLADO";"NOVO";"N";4772;"Válido";4772;4;"NÃO ELEITO"
"13/11/2024";"10:56:11";2018;2;"Eleição Ordinária";1;297;"ELEIÇÕES GERAIS ESTADUAIS 2018";"07/10/2018";"E";"DF";"DF";"DISTRITO FEDERAL";97012;"BRASÍLIA";18;3;"Governador";70000602342;30;"ALEXANDRE FREIRE GUERRA";"ALEXANDRE GUERRA";"#NULO#";12;"APTO";2;"DEFERIDO";-3;"#NE";-3;"#NE";-3;"#NE";"PARTIDO ISOLADO";30;"NOVO";"Partido Novo";-1;"#NULO#";"#NULO#";"#NULO#";70000050065;"PARTIDO ISOLADO";"NOVO";"N";4923;"Válido";4923;4;"NÃO ELEITO"
"13/11/2024";"10:56:11";2018;2;"Eleição Ordinária";1;297;"ELEIÇÕES GERAIS ESTADUAIS 2018";"07/10/2018";"E";"DF";"DF";"DISTRITO FEDERAL";97012;"BRASÍLIA";4;3;"Governador";70000602342;30;"ALEXANDRE FREIRE GUERRA";"ALEXANDRE GUERRA";"#NULO#";12;"APTO";2;"DEFERIDO";-3;"#NE";-3;"#NE";-3;"#NE";"PARTIDO ISOLADO";30;"NOVO";"Partido Novo";-1;"#NULO#";"#NULO#";"#NULO#";70000050065;"PARTIDO ISOLADO";"NOVO";"N";1551;"Válido";1551;4;"NÃO ELEITO"
"13/11/2024";"10:56:11";2018;2;"Eleição Ordinária";1;297;"ELEIÇÕES GERAIS ESTADUAIS 2018";"07/10/2018";"E";"DF";"DF";"DISTRITO FEDERAL";97012;"BRASÍLIA";13;5;"Senador";70000625518;222;"AMABILE APARECIDA PACIOS DE ANDRADE";"PROFESSORA AMÁBILE";"#NULO#";12;"APTO";2;"DEFERIDO";-3;"#NE";-3;"#NE";-3;"#NE";"COLIGAÇÃO";22;"PR";"Partido da República";-1;"#NULO#";"#NULO#";"#NULO#";70000050689;"CORAGEM E RESPEITO PELO POVO";"PR / PSDB / DEM / DC";"N";2822;"Válido";2822;4;"NÃO ELEITO"
"13/11/2024";"10:56:11";2018;2;"Eleição Ordinária";1;297;"ELEIÇÕES GERAIS ESTADUAIS 2018";"07/10/2018";"E";"DF";"DF";"DISTRITO FEDERAL";97012;"BRASÍLIA";1;5;"Senador";70000625518;222;"AMABILE APARECIDA PACIOS DE ANDRADE";"PROFESSORA AMÁBILE";"#NULO#";12;"APTO";2;"DEFERIDO";-3;"#NE";-3;"#NE";-3;"#NE";"COLIGAÇÃO";22;"PR";"Partido da República";-1;"#NULO#";"#NULO#";"#NULO#";70000050689;"CORAGEM E RESPEITO PELO POVO";"PR / PSDB / DEM / DC";"N";1556;"Válido";1556;4;"NÃO ELEITO"
"13/11/2024";"10:56:11";2018;2;"Eleição Ordinária";1;297;"ELEIÇÕES GERAIS ESTADUAIS 2018";"07/10/2018";"E";"DF";"DF";"DISTRITO FEDERAL";97012;"BRASÍLIA";16;5;"Senador";70000625518;222;"AMABILE APARECIDA PACIOS DE ANDRADE";"PROFESSORA AMÁBILE";"#NULO#";12;"APTO";2;"DEFERIDO";-3;"#NE";-3;"#NE";-3;"#NE";"COLIGAÇÃO";22;"PR";"Partido da República";-1;"#NULO#";"#NULO#";"#NULO#";70000050689;"CORAGEM E RESPEITO PELO POVO";"PR / PSDB / DEM / DC";"N";2787;"Válido";2787;4;"NÃO ELEITO"
"13/11/2024";"10:56:11";2018;2;"Eleição Ordinária";1;297;"ELEIÇÕES GERAIS ESTADUAIS 2018";"07/10/2018";"E";"DF";"DF";"DISTRITO FEDERAL";97012;"BRASÍLIA";14;5;"Senador";70000625518;222;"AMABILE APARECIDA PACIOS DE ANDRADE";"PROFESSORA AMÁBILE";"#NULO#";12;"APTO";2;"DEFERIDO";-3;"#NE";-3;"#NE";-3;"#NE";"COLIGAÇÃO";22;"PR";"Partido da República";-1;"#NULO#";"#NULO#";"#NULO#";70000050689;"CORAGEM E RESPEITO PELO POVO";"PR / PSDB / DEM / DC";"N";1795;"Válido";1795;4;"NÃO ELEITO"
"13/11/2024";"10:56:11";2018;2;"Eleição Ordinária";1;297;"ELEIÇÕES GERAIS ESTADUAIS 2018";"07/10/2018";"E";"DF";"DF";"DISTRITO FEDERAL";97012;"BRASÍLIA";21;5;"Senador";70000625518;222;"AMABILE APARECIDA PACIOS DE ANDRADE";"PROFESSORA AMÁBILE";"#NULO#";12;"APTO";2;"DEFERIDO";-3;"#NE";-3;"#NE";-3;"#NE";"COLIGAÇÃO";22;"PR";"Partido da República";-1;"#NULO#";"#NULO#";"#NULO#";70000050689;"CORAGEM E RESPEITO PELO POVO";"PR / PSDB / DEM / DC";"N";2241;"Válido";2241;4;"NÃO ELEITO"
"13/11/2024";"10:56:11";2018;2;"Eleição Ordinária";1;297;"ELEIÇÕES GERAIS ESTADUAIS 2018";"07/10/2018";"E";"DF";"DF";"DISTRITO FEDERAL";97012;"BRASÍLIA";17;5;"Senador";70000625518;222;"AMABILE APARECIDA PACIOS DE ANDRADE";"PROFESSORA AMÁBILE";"#NULO#";12;"APTO";2;"DEFERIDO";-3;"#NE";-3;"#NE";-3;"#NE";"COLIGAÇÃO";22;"PR";"Partido da República";-1;"#NULO#";"#NULO#";"#NULO#";70000050689;"CORAGEM E RESPEITO PELO POVO";"PR / PSDB / DEM / DC";"N";2523;"Válido";2523;4;"NÃO ELEITO"
"13/11/2024";"10:56:11";2018;2;"Eleição Ordinária";1;297;"ELEIÇÕES GERAIS ESTADUAIS 2018";"07/10/2018";"E";"DF";"DF";"DISTRITO FEDERAL";97012;"BRASÍLIA";11;5;"Senador";70000625518;222;"AMABILE APARECIDA PACIOS DE ANDRADE";"PROFESSORA AMÁBILE";"#NULO#";12;"APTO";2;"DEFERIDO";-3;"#NE";-3;"#NE";-3;"#NE";"COLIGAÇÃO";22;"PR";"Partido da República";-1;"#NULO#";"#NULO#";"#NULO#";70000050689;"CORAGEM E RESPEITO PELO POVO";"PR / PSDB / DEM / DC";"N";1948;"Válido";1948;4;"NÃO ELEITO"
"13/11/2024";"10:56:11";2018;2;"Eleição Ordinária";1;297;"ELEIÇÕES GERAIS ESTADUAIS 2018";"07/10/2018";"E";"DF";"DF";"DISTRITO FEDERAL";97012;"BRASÍLIA";15;5;"Senador";70000625518;222;"AMABILE APARECIDA PACIOS DE ANDRADE";"PROFESSORA AMÁBILE";"#NULO#";12;"APTO";2;"DEFERIDO";-3;"#NE";-3;"#NE";-3;"#NE";"COLIGAÇÃO";22;"PR";"Partido da República";-1;"#NULO#";"#NULO#";"#NULO#";70000050689;"CORAGEM E RESPEITO PELO POVO";"PR / PSDB / DEM / DC";"N";3215;"Válido";3215;4;"NÃO ELEITO"
"13/11/2024";"10:56:11";2018;2;"Eleição Ordinária";1;297;"ELEIÇÕES GERAIS ESTADUAIS 2018";"07/10/2018";"E";"DF";"DF";"DISTRITO FEDERAL";97012;"BRASÍLIA";9;5;"Senador";70000625518;222;"AMABILE APARECIDA PACIOS DE ANDRADE";"PROFESSORA AMÁBILE";"#NULO#";12;"APTO";2;"DEFERIDO";-3;"#NE";-3;"#NE";-3;"#NE";"COLIGAÇÃO";22;"PR";"Partido da República";-1;"#NULO#";"#NULO#";"#NULO#";70000050689;"CORAGEM E RESPEITO PELO POVO";"PR / PSDB / DEM / DC";"N";3221;"Válido";3221;4;"NÃO ELEITO"
"13/11/2024";"10:56:11";2018;2;"Eleição Ordinária";1;297;"ELEIÇÕES GERAIS ESTADUAIS 2018";"07/10/2018";"E";"DF";"DF";"DISTRITO FEDERAL";97012;"BRASÍLIA";5;5;"Senador";70000625518;222;"AMABILE APARECIDA PACIOS DE ANDRADE";"PROFESSORA AMÁBILE";"#NULO#";12;"APTO";2;"DEFERIDO";-3;"#NE";-3;"#NE";-3;"#NE";"COLIGAÇÃO";22;"PR";"Partido da República";-1;"#NULO#";"#NULO#";"#NULO#";70000050689;"CORAGEM E RESPEITO PELO POVO";"PR / PSDB / DEM / DC";"N";2253;"Válido";2253;4;"NÃO ELEITO"
"13/11/2024";"10:56:11";2018;2;"Eleição Ordinária";1;297;"ELEIÇÕES GERAIS ESTADUAIS 2018";"07/10/2018";"E";"DF";"DF";"DISTRITO FEDERAL";97012;"BRASÍLIA";6;5;"Senador";70000625518;222;"AMABILE APARECIDA PACIOS DE ANDRADE";"PROFESSORA AMÁBILE";"#NULO#";12;"APTO";2;"DEFERIDO";-3;"#NE";-3;"#NE";-3;"#NE";"COLIGAÇÃO";22;"PR";"Partido da República";-1;"#NULO#";"#NULO#";"#NULO#";70000050689;"CORAGEM E RESPEITO PELO POVO";"PR / PSDB / DEM / DC";"N";2454;"Válido";2454;4;"NÃO ELEITO"
"13/11/2024";"10:56:11";2018;2;"Eleição Ordinária";1;297;"ELEIÇÕES GERAIS ESTADUAIS 2018";"07/10/2018";"E";"DF";"DF";"DISTRITO FEDERAL";97012;"BRASÍLIA";19;5;"Senador";70000625518;222;"AMABILE APARECIDA PACIOS DE ANDRADE";"PROFESSORA AMÁBILE";"#NULO#";12;"APTO";2;"DEFERIDO";-3;"#NE";-3;"#NE";-3;"#NE";"COLIGAÇÃO";22;"PR";"Partido da República";-1;"#NULO#";"#NULO#";"#NULO#";70000050689;"CORAGEM E RESPEITO PELO POVO";"PR / PSDB / DEM / DC";"N";2325;"Válido";2325;4;"NÃO ELEITO"
"13/11/2024";"10:56:11";2018;2;"Eleição Ordinária";1;297;"ELEIÇÕES GERAIS ESTADUAIS 2018";"07/10/2018";"E";"DF";"DF";"DISTRITO FEDERAL";97012;"BRASÍLIA";8;5;"Senador";70000625518;222;"AMABILE APARECIDA PACIOS DE ANDRADE";"PROFESSORA AMÁBILE";"#NULO#";12;"APTO";2;"DEFERIDO";-3;"#NE";-3;"#NE";-3;"#NE";"COLIGAÇÃO";22;"PR";"Partido da República";-1;"#NULO#";"#NULO#";"#NULO#";70000050689;"CORAGEM E RESPEITO PELO POVO";"PR / PSDB / DEM / DC";"N";2557;"Válido";2557;4;"NÃO ELEITO"
"13/11/2024";"10:56:11";2018;2;"Eleição Ordinária";1;297;"ELEIÇÕES GERAIS ESTADUAIS 2018";"07/10/2018";"E";"DF";"DF";"DISTRITO FEDERAL";97012;"BRASÍLIA";20;5;"Senador";70000625518;222;"AMABILE APARECIDA PACIOS DE ANDRADE";"PROFESSORA AMÁBILE";"#NULO#";12;"APTO";2;"DEFERIDO";-3;"#NE";-3;"#NE";-3;"#NE";"COLIGAÇÃO";22;"PR";"Partido da República";-1;"#NULO#";"#NULO#";"#NULO#";70000050689;"CORAGEM E RESPEITO PELO POVO";"PR / PSDB / DEM / DC";"N";1302;"Válido";1302;4;"NÃO ELEITO"
"13/11/2024";"10:56:11";2018;2;"Eleição Ordinária";1;297;"ELEIÇÕES GERAIS ESTADUAIS 2018";"07/10/2018";"E";"DF";"DF";"DISTRITO FEDERAL";97012;"BRASÍLIA";4;5;"Senador";70000625518;222;"AMABILE APARECIDA PACIOS DE ANDRADE";"PROFESSORA AMÁBILE";"#NULO#";12;"APTO";2;"DEFERIDO";-3;"#NE";-3;"#NE";-3;"#NE";"COLIGAÇÃO";22;"PR";"Partido da República";-1;"#NULO#";"#NULO#";"#NULO#";70000050689;"CORAGEM E RESPEITO PELO POVO";"PR / PSDB / DEM / DC";"N";1808;"Válido";1808;4;"NÃO ELEITO"
"13/11/2024";"10:56:11";2018;2;"Eleição Ordinária";1;297;"ELEIÇÕES GERAIS ESTADUAIS 2018";"07/10/2018";"E";"DF";"DF";"DISTRITO FEDERAL";97012;"BRASÍLIA";10;5;"Senador";70000625518;222;"AMABILE APARECIDA PACIOS DE ANDRADE";"PROFESSORA AMÁBILE";"#NULO#";12;"APTO";2;"DEFERIDO";-3;"#NE";-3;"#NE";-3;"#NE";"COLIGAÇÃO";22;"PR";"Partido da República";-1;"#NULO#";"#NULO#";"#NULO#";70000050689;"CORAGEM E RESPEITO PELO POVO";"PR / PSDB / DEM / DC";"N";2488;"Válido";2488;4;"NÃO ELEITO"
"13/11/2024";"10:56:11";2018;2;"Eleição Ordinária";1;297;"ELEIÇÕES GERAIS ESTADUAIS 2018";"07/10/2018";"E";"DF";"DF";"DISTRITO FEDERAL";97012;"BRASÍLIA";18;5;"Senador";70000625518;222;"AMABILE APARECIDA PACIOS DE ANDRADE";"PROFESSORA AMÁBILE";"#NULO#";12;"APTO";2;"DEFERIDO";-3;"#NE";-3;"#NE";-3;"#NE";"COLIGAÇÃO";22;"PR";"Partido da República";-1;"#NULO#";"#NULO#";"#NULO#";70000050689;"CORAGEM E RESPEITO PELO POVO";"PR / PSDB / DEM / DC";"N";2192;"Válido";2192;4;"NÃO ELEITO"
"13/11/2024";"10:56:11";2018;2;"Eleição Ordinária";1;297;"ELEIÇÕES GERAIS ESTADUAIS 2018";"07/10/2018";"E";"DF";"DF";"DISTRITO FEDERAL";97012;"BRASÍLIA";3;5;"Senador";70000625518;222;"AMABILE APARECIDA PACIOS DE ANDRADE";"PROFESSORA AMÁBILE";"#NULO#";12;"APTO";2;"DEFERIDO";-3;"#NE";-3;"#NE";-3;"#NE";"COLIGAÇÃO";22;"PR";"Partido da República";-1;"#NULO#";"#NULO#";"#NULO#";70000050689;"CORAGEM E RESPEITO PELO POVO";"PR / PSDB / DEM / DC";"N";1639;"Válido";1639;4;"NÃO ELEITO"
"13/11/2024";"10:56:11";2018;2;"Eleição Ordinária";1;297;"ELEIÇÕES GERAIS ESTADUAIS 2018";"07/10/2018";"E";"DF";"DF";"DISTRITO FEDERAL";97012;"BRASÍLIA";2;5;"Senador";70000625518;222;"AMABILE APARECIDA PACIOS DE ANDRADE";"PROFESSORA AMÁBILE";"#NULO#";12;"APTO";2;"DEFERIDO";-3;"#NE";-3;"#NE";-3;"#NE";"COLIGAÇÃO";22;"PR";"Partido da República";-1;"#NULO#";"#NULO#";"#NULO#";70000050689;"CORAGEM E RESPEITO PELO POVO";"PR / PSDB / DEM / DC";"N";1963;"Válido";1963;4;"NÃO ELEITO"
"13/11/2024";"10:56:11";2018;2;"Eleição Ordinária";1;297;"ELEIÇÕES GERAIS ESTADUAIS 2018";"07/10/2018";"E";"DF";"DF";"DISTRITO FEDERAL";97012;"BRASÍLIA";10;5;"Senador";70000605782;160;"ROBSON RAYMUNDO DA SILVA";"ROBSON";"#NULO#";12;"APTO";2;"DEFERIDO";-3;"#NE";-3;"#NE";-3;"#NE";"PARTIDO ISOLADO";16;"PSTU";"Partido Socialista dos Trabalhadores Unificado";-1;"#NULO#";"#NULO#";"#NULO#";70000050166;"PARTIDO ISOLADO";"PSTU";"N";275;"Válido";275;4;"NÃO ELEITO"
"13/11/2024";"10:56:11";2018;2;"Eleição Ordinária";1;297;"ELEIÇÕES GERAIS ESTADUAIS 2018";"07/10/2018";"E";"DF";"DF";"DISTRITO FEDERAL";97012;"BRASÍLIA";5;5;"Senador";70000605782;160;"ROBSON RAYMUNDO DA SILVA";"ROBSON";"#NULO#";12;"APTO";2;"DEFERIDO";-3;"#NE";-3;"#NE";-3;"#NE";"PARTIDO ISOLADO";16;"PSTU";"Partido Socialista dos Trabalhadores Unificado";-1;"#NULO#";"#NULO#";"#NULO#";70000050166;"PARTIDO ISOLADO";"PSTU";"N";329;"Válido";329;4;"NÃO ELEITO"
"13/11/2024";"10:56:11";2018;2;"Eleição Ordinária";1;297;"ELEIÇÕES GERAIS ESTADUAIS 2018";"07/10/2018";"E";"DF";"DF";"DISTRITO FEDERAL";97012;"BRASÍLIA";20;5;"Senador";70000605782;160;"ROBSON RAYMUNDO DA SILVA";"ROBSON";"#NULO#";12;"APTO";2;"DEFERIDO";-3;"#NE";-3;"#NE";-3;"#NE";"PARTIDO ISOLADO";16;"PSTU";"Partido Socialista dos Trabalhadores Unificado";-1;"#NULO#";"#NULO#";"#NULO#";70000050166;"PARTIDO ISOLADO";"PSTU";"N";176;"Válido";176;4;"NÃO ELEITO"
"13/11/2024";"10:56:11";2018;2;"Eleição Ordinária";1;297;"ELEIÇÕES GERAIS ESTADUAIS 2018";"07/10/2018";"E";"DF";"DF";"DISTRITO FEDERAL";97012;"BRASÍLIA";11;5;"Senador";70000605782;160;"ROBSON RAYMUNDO DA SILVA";"ROBSON";"#NULO#";12;"APTO";2;"DEFERIDO";-3;"#NE";-3;"#NE";-3;"#NE";"PARTIDO ISOLADO";16;"PSTU";"Partido Socialista dos Trabalhadores Unificado";-1;"#NULO#";"#NULO#";"#NULO#";70000050166;"PARTIDO ISOLADO";"PSTU";"N";213;"Válido";213;4;"NÃO ELEITO"
"13/11/2024";"10:56:11";2018;2;"Eleição Ordinária";1;297;"ELEIÇÕES GERAIS ESTADUAIS 2018";"07/10/2018";"E";"DF";"DF";"DISTRITO FEDERAL";97012;"BRASÍLIA";3;5;"Senador";70000605782;160;"ROBSON RAYMUNDO DA SILVA";"ROBSON";"#NULO#";12;"APTO";2;"DEFERIDO";-3;"#NE";-3;"#NE";-3;"#NE";"PARTIDO ISOLADO";16;"PSTU";"Partido Socialista dos Trabalhadores Unificado";-1;"#NULO#";"#NULO#";"#NULO#";70000050166;"PARTIDO ISOLADO";"PSTU";"N";171;"Válido";171;4;"NÃO ELEITO"
"13/11/2024";"10:56:11";2018;2;"Eleição Ordinária";1;297;"ELEIÇÕES GERAIS ESTADUAIS 2018";"07/10/2018";"E";"DF";"DF";"DISTRITO FEDERAL";97012;"BRASÍLIA";2;5;"Senador";70000605782;160;"ROBSON RAYMUNDO DA SILVA";"ROBSON";"#NULO#";12;"APTO";2;"DEFERIDO";-3;"#NE";-3;"#NE";-3;"#NE";"PARTIDO ISOLADO";16;"PSTU";"Partido Socialista dos Trabalhadores Unificado";-1;"#NULO#";"#NULO#";"#NULO#";70000050166;"PARTIDO ISOLADO";"PSTU";"N";231;"Válido";231;4;"NÃO ELEITO"
"13/11/2024";"10:56:11";2018;2;"Eleição Ordinária";1;297;"ELEIÇÕES GERAIS ESTADUAIS 2018";"07/10/2018";"E";"DF";"DF";"DISTRITO FEDERAL";97012;"BRASÍLIA";16;5;"Senador";70000605782;160;"ROBSON RAYMUNDO DA SILVA";"ROBSON";"#NULO#";12;"APTO";2;"DEFERIDO";-3;"#NE";-3;"#NE";-3;"#NE";"PARTIDO ISOLADO";16;"PSTU";"Partido Socialista dos Trabalhadores Unificado";-1;"#NULO#";"#NULO#";"#NULO#";70000050166;"PARTIDO ISOLADO";"PSTU";"N";359;"Válido";359;4;"NÃO ELEITO"
"13/11/2024";"10:56:11";2018;2;"Eleição Ordinária";1;297;"ELEIÇÕES GERAIS ESTADUAIS 2018";"07/10/2018";"E";"DF";"DF";"DISTRITO FEDERAL";97012;"BRASÍLIA";13;5;"Senador";70000605782;160;"ROBSON RAYMUNDO DA SILVA";"ROBSON";"#NULO#";12;"APTO";2;"DEFERIDO";-3;"#NE";-3;"#NE";-3;"#NE";"PARTIDO ISOLADO";16;"PSTU";"Partido Socialista dos Trabalhadores Unificado";-1;"#NULO#";"#NULO#";"#NULO#";70000050166;"PARTIDO ISOLADO";"PSTU";"N";304;"Válido";304;4;"NÃO ELEITO"
"13/11/2024";"10:56:11";2018;2;"Eleição Ordinária";1;297;"ELEIÇÕES GERAIS ESTADUAIS 2018";"07/10/2018";"E";"DF";"DF";"DISTRITO FEDERAL";97012;"BRASÍLIA";19;5;"Senador";70000605782;160;"ROBSON RAYMUNDO DA SILVA";"ROBSON";"#NULO#";12;"APTO";2;"DEFERIDO";-3;"#NE";-3;"#NE";-3;"#NE";"PARTIDO ISOLADO";16;"PSTU";"Partido Socialista dos Trabalhadores Unificado";-1;"#NULO#";"#NULO#";"#NULO#";70000050166;"PARTIDO ISOLADO";"PSTU";"N";295;"Válido";295;4;"NÃO ELEITO"
"13/11/2024";"10:56:11";2018;2;"Eleição Ordinária";1;297;"ELEIÇÕES GERAIS ESTADUAIS 2018";"07/10/2018";"E";"DF";"DF";"DISTRITO FEDERAL";97012;"BRASÍLIA";14;5;"Senador";70000605782;160;"ROBSON RAYMUNDO DA SILVA";"ROBSON";"#NULO#";12;"APTO";2;"DEFERIDO";-3;"#NE";-3;"#NE";-3;"#NE";"PARTIDO ISOLADO";16;"PSTU";"Partido Socialista dos Trabalhadores Unificado";-1;"#NULO#";"#NULO#";"#NULO#";70000050166;"PARTIDO ISOLADO";"PSTU";"N";343;"Válido";343;4;"NÃO ELEITO"
"13/11/2024";"10:56:11";2018;2;"Eleição Ordinária";1;297;"ELEIÇÕES GERAIS ESTADUAIS 2018";"07/10/2018";"E";"DF";"DF";"DISTRITO FEDERAL";97012;"BRASÍLIA";4;5;"Senador";70000605782;160;"ROBSON RAYMUNDO DA SILVA";"ROBSON";"#NULO#";12;"APTO";2;"DEFERIDO";-3;"#NE";-3;"#NE";-3;"#NE";"PARTIDO ISOLADO";16;"PSTU";"Partido Socialista dos Trabalhadores Unificado";-1;"#NULO#";"#NULO#";"#NULO#";70000050166;"PARTIDO ISOLADO";"PSTU";"N";207;"Válido";207;4;"NÃO ELEITO"
"13/11/2024";"10:56:11";2018;2;"Eleição Ordinária";1;297;"ELEIÇÕES GERAIS ESTADUAIS 2018";"07/10/2018";"E";"DF";"DF";"DISTRITO FEDERAL";97012;"BRASÍLIA";1;5;"Senador";70000605782;160;"ROBSON RAYMUNDO DA SILVA";"ROBSON";"#NULO#";12;"APTO";2;"DEFERIDO";-3;"#NE";-3;"#NE";-3;"#NE";"PARTIDO ISOLADO";16;"PSTU";"Partido Socialista dos Trabalhadores Unificado";-1;"#NULO#";"#NULO#";"#NULO#";70000050166;"PARTIDO ISOLADO";"PSTU";"N";207;"Válido";207;4;"NÃO ELEITO"
"13/11/2024";"10:56:11";2018;2;"Eleição Ordinária";1;297;"ELEIÇÕES GERAIS ESTADUAIS 2018";"07/10/2018";"E";"DF";"DF";"DISTRITO FEDERAL";97012;"BRASÍLIA";15;5;"Senador";70000605782;160;"ROBSON RAYMUNDO DA SILVA";"ROBSON";"#NULO#";12;"APTO";2;"DEFERIDO";-3;"#NE";-3;"#NE";-3;"#NE";"PARTIDO ISOLADO";16;"PSTU";"Partido Socialista dos Trabalhadores Unificado";-1;"#NULO#";"#NULO#";"#NULO#";70000050166;"PARTIDO ISOLADO";"PSTU";"N";442;"Válido";442;4;"NÃO ELEITO"
"13/11/2024";"10:56:11";2018;2;"Eleição Ordinária";1;297;"ELEIÇÕES GERAIS ESTADUAIS 2018";"07/10/2018";"E";"DF";"DF";"DISTRITO FEDERAL";97012;"BRASÍLIA";18;5;"Senador";70000605782;160;"ROBSON RAYMUNDO DA SILVA";"ROBSON";"#NULO#";12;"APTO";2;"DEFERIDO";-3;"#NE";-3;"#NE";-3;"#NE";"PARTIDO ISOLADO";16;"PSTU";"Partido Socialista dos Trabalhadores Unificado";-1;"#NULO#";"#NULO#";"#NULO#";70000050166;"PARTIDO ISOLADO";"PSTU";"N";234;"Válido";234;4;"NÃO ELEITO"
"13/11/2024";"10:56:11";2018;2;"Eleição Ordinária";1;297;"ELEIÇÕES GERAIS ESTADUAIS 2018";"07/10/2018";"E";"DF";"DF";"DISTRITO FEDERAL";97012;"BRASÍLIA";21;5;"Senador";70000605782;160;"ROBSON RAYMUNDO DA SILVA";"ROBSON";"#NULO#";12;"APTO";2;"DEFERIDO";-3;"#NE";-3;"#NE";-3;"#NE";"PARTIDO ISOLADO";16;"PSTU";"Partido Socialista dos Trabalhadores Unificado";-1;"#NULO#";"#NULO#";"#NULO#";70000050166;"PARTIDO ISOLADO";"PSTU";"N";255;"Válido";255;4;"NÃO ELEITO"
"13/11/2024";"10:56:11";2018;2;"Eleição Ordinária";1;297;"ELEIÇÕES GERAIS ESTADUAIS 2018";"07/10/2018";"E";"DF";"DF";"DISTRITO FEDERAL";97012;"BRASÍLIA";17;5;"Senador";70000605782;160;"ROBSON RAYMUNDO DA SILVA";"ROBSON";"#NULO#";12;"APTO";2;"DEFERIDO";-3;"#NE";-3;"#NE";-3;"#NE";"PARTIDO ISOLADO";16;"PSTU";"Partido Socialista dos Trabalhadores Unificado";-1;"#NULO#";"#NULO#";"#NULO#";70000050166;"PARTIDO ISOLADO";"PSTU";"N";332;"Válido";332;4;"NÃO ELEITO"
"13/11/2024";"10:56:11";2018;2;"Eleição Ordinária";1;297;"ELEIÇÕES GERAIS ESTADUAIS 2018";"07/10/2018";"E";"DF";"DF";"DISTRITO FEDERAL";97012;"BRASÍLIA";6;5;"Senador";70000605782;160;"ROBSON RAYMUNDO DA SILVA";"ROBSON";"#NULO#";12;"APTO";2;"DEFERIDO";-3;"#NE";-3;"#NE";-3;"#NE";"PARTIDO ISOLADO";16;"PSTU";"Partido Socialista dos Trabalhadores Unificado";-1;"#NULO#";"#NULO#";"#NULO#";70000050166;"PARTIDO ISOLADO";"PSTU";"N";267;"Válido";267;4;"NÃO ELEITO"
"13/11/2024";"10:56:11";2018;2;"Eleição Ordinária";1;297;"ELEIÇÕES GERAIS ESTADUAIS 2018";"07/10/2018";"E";"DF";"DF";"DISTRITO FEDERAL";97012;"BRASÍLIA";9;5;"Senador";70000605782;160;"ROBSON RAYMUNDO DA SILVA";"ROBSON";"#NULO#";12;"APTO";2;"DEFERIDO";-3;"#NE";-3;"#NE";-3;"#NE";"PARTIDO ISOLADO";16;"PSTU";"Partido Socialista dos Trabalhadores Unificado";-1;"#NULO#";"#NULO#";"#NULO#";70000050166;"PARTIDO ISOLADO";"PSTU";"N";381;"Válido";381;4;"NÃO ELEITO"
"13/11/2024";"10:56:11";2018;2;"Eleição Ordinária";1;297;"ELEIÇÕES GERAIS ESTADUAIS 2018";"07/10/2018";"E";"DF";"DF";"DISTRITO FEDERAL";97012;"BRASÍLIA";8;5;"Senador";70000605782;160;"ROBSON RAYMUNDO DA SILVA";"ROBSON";"#NULO#";12;"APTO";2;"DEFERIDO";-3;"#NE";-3;"#NE";-3;"#NE";"PARTIDO ISOLADO";16;"PSTU";"Partido Socialista dos Trabalhadores Unificado";-1;"#NULO#";"#NULO#";"#NULO#";70000050166;"PARTIDO ISOLADO";"PSTU";"N";298;"Válido";298;4;"NÃO ELEITO"
"13/11/2024";"10:56:11";2018;2;"Eleição Ordinária";1;297;"ELEIÇÕES GERAIS ESTADUAIS 2018";"07/10/2018";"E";"DF";"DF";"DISTRITO FEDERAL";97012;"BRASÍLIA";17;3;"Governador";70000605780;16;"ANTONIO RICARDO MARTINS GUILLEN";"GUILLEN";"#NULO#";12;"APTO";2;"DEFERIDO";-3;"#NE";-3;"#NE";-3;"#NE";"PARTIDO ISOLADO";16;"PSTU";"Partido Socialista dos Trabalhadores Unificado";-1;"#NULO#";"#NULO#";"#NULO#";70000050166;"PARTIDO ISOLADO";"PSTU";"N";60;"Válido";60;4;"NÃO ELEITO"
"13/11/2024";"10:56:11";2018;2;"Eleição Ordinária";1;297;"ELEIÇÕES GERAIS ESTADUAIS 2018";"07/10/2018";"E";"DF";"DF";"DISTRITO FEDERAL";97012;"BRASÍLIA";4;3;"Governador";70000605780;16;"ANTONIO RICARDO MARTINS GUILLEN";"GUILLEN";"#NULO#";12;"APTO";2;"DEFERIDO";-3;"#NE";-3;"#NE";-3;"#NE";"PARTIDO ISOLADO";16;"PSTU";"Partido Socialista dos Trabalhadores Unificado";-1;"#NULO#";"#NULO#";"#NULO#";70000050166;"PARTIDO ISOLADO";"PSTU";"N";39;"Válido";39;4;"NÃO ELEITO"
"13/11/2024";"10:56:11";2018;2;"Eleição Ordinária";1;297;"ELEIÇÕES GERAIS ESTADUAIS 2018";"07/10/2018";"E";"DF";"DF";"DISTRITO FEDERAL";97012;"BRASÍLIA";20;3;"Governador";70000605780;16;"ANTONIO RICARDO MARTINS GUILLEN";"GUILLEN";"#NULO#";12;"APTO";2;"DEFERIDO";-3;"#NE";-3;"#NE";-3;"#NE";"PARTIDO ISOLADO";16;"PSTU";"Partido Socialista dos Trabalhadores Unificado";-1;"#NULO#";"#NULO#";"#NULO#";70000050166;"PARTIDO ISOLADO";"PSTU";"N";32;"Válido";32;4;"NÃO ELEITO"
"13/11/2024";"10:56:11";2018;2;"Eleição Ordinária";1;297;"ELEIÇÕES GERAIS ESTADUAIS 2018";"07/10/2018";"E";"DF";"DF";"DISTRITO FEDERAL";97012;"BRASÍLIA";6;3;"Governador";70000605780;16;"ANTONIO RICARDO MARTINS GUILLEN";"GUILLEN";"#NULO#";12;"APTO";2;"DEFERIDO";-3;"#NE";-3;"#NE";-3;"#NE";"PARTIDO ISOLADO";16;"PSTU";"Partido Socialista dos Trabalhadores Unificado";-1;"#NULO#";"#NULO#";"#NULO#";70000050166;"PARTIDO ISOLADO";"PSTU";"N";71;"Válido";71;4;"NÃO ELEITO"
"13/11/2024";"10:56:11";2018;2;"Eleição Ordinária";1;297;"ELEIÇÕES GERAIS ESTADUAIS 2018";"07/10/2018";"E";"DF";"DF";"DISTRITO FEDERAL";97012;"BRASÍLIA";16;3;"Governador";70000605780;16;"ANTONIO RICARDO MARTINS GUILLEN";"GUILLEN";"#NULO#";12;"APTO";2;"DEFERIDO";-3;"#NE";-3;"#NE";-3;"#NE";"PARTIDO ISOLADO";16;"PSTU";"Partido Socialista dos Trabalhadores Unificado";-1;"#NULO#";"#NULO#";"#NULO#";70000050166;"PARTIDO ISOLADO";"PSTU";"N";85;"Válido";85;4;"NÃO ELEITO"
"13/11/2024";"10:56:11";2018;2;"Eleição Ordinária";1;297;"ELEIÇÕES GERAIS ESTADUAIS 2018";"07/10/2018";"E";"DF";"DF";"DISTRITO FEDERAL";97012;"BRASÍLIA";15;3;"Governador";70000605780;16;"ANTONIO RICARDO MARTINS GUILLEN";"GUILLEN";"#NULO#";12;"APTO";2;"DEFERIDO";-3;"#NE";-3;"#NE";-3;"#NE";"PARTIDO ISOLADO";16;"PSTU";"Partido Socialista dos Trabalhadores Unificado";-1;"#NULO#";"#NULO#";"#NULO#";70000050166;"PARTIDO ISOLADO";"PSTU";"N";108;"Válido";108;4;"NÃO ELEITO"
"13/11/2024";"10:56:11";2018;2;"Eleição Ordinária";1;297;"ELEIÇÕES GERAIS ESTADUAIS 2018";"07/10/2018";"E";"DF";"DF";"DISTRITO FEDERAL";97012;"BRASÍLIA";18;3;"Governador";70000605780;16;"ANTONIO RICARDO MARTINS GUILLEN";"GUILLEN";"#NULO#";12;"APTO";2;"DEFERIDO";-3;"#NE";-3;"#NE";-3;"#NE";"PARTIDO ISOLADO";16;"PSTU";"Partido Socialista dos Trabalhadores Unificado";-1;"#NULO#";"#NULO#";"#NULO#";70000050166;"PARTIDO ISOLADO";"PSTU";"N";58;"Válido";58;4;"NÃO ELEITO"
"13/11/2024";"10:56:11";2018;2;"Eleição Ordinária";1;297;"ELEIÇÕES GERAIS ESTADUAIS 2018";"07/10/2018";"E";"DF";"DF";"DISTRITO FEDERAL";97012;"BRASÍLIA";13;3;"Governador";70000605780;16;"ANTONIO RICARDO MARTINS GUILLEN";"GUILLEN";"#NULO#";12;"APTO";2;"DEFERIDO";-3;"#NE";-3;"#NE";-3;"#NE";"PARTIDO ISOLADO";16;"PSTU";"Partido Socialista dos Trabalhadores Unificado";-1;"#NULO#";"#NULO#";"#NULO#";70000050166;"PARTIDO ISOLADO";"PSTU";"N";67;"Válido";67;4;"NÃO ELEITO"
"13/11/2024";"10:56:11";2018;2;"Eleição Ordinária";1;297;"ELEIÇÕES GERAIS ESTADUAIS 2018";"07/10/2018";"E";"DF";"DF";"DISTRITO FEDERAL";97012;"BRASÍLIA";14;3;"Governador";70000605780;16;"ANTONIO RICARDO MARTINS GUILLEN";"GUILLEN";"#NULO#";12;"APTO";2;"DEFERIDO";-3;"#NE";-3;"#NE";-3;"#NE";"PARTIDO ISOLADO";16;"PSTU";"Partido Socialista dos Trabalhadores Unificado";-1;"#NULO#";"#NULO#";"#NULO#";70000050166;"PARTIDO ISOLADO";"PSTU";"N";85;"Válido";85;4;"NÃO ELEITO"
"13/11/2024";"10:56:11";2018;2;"Eleição Ordinária";1;297;"ELEIÇÕES GERAIS ESTADUAIS 2018";"07/10/2018";"E";"DF";"DF";"DISTRITO FEDERAL";97012;"BRASÍLIA";19;3;"Governador";70000605780;16;"ANTONIO RICARDO MARTINS GUILLEN";"GUILLEN";"#NULO#";12;"APTO";2;"DEFERIDO";-3;"#NE";-3;"#NE";-3;"#NE";"PARTIDO ISOLADO";16;"PSTU";"Partido Socialista dos Trabalhadores Unificado";-1;"#NULO#";"#NULO#";"#NULO#";70000050166;"PARTIDO ISOLADO";"PSTU";"N";49;"Válido";49;4;"NÃO ELEITO"
"13/11/2024";"10:56:11";2018;2;"Eleição Ordinária";1;297;"ELEIÇÕES GERAIS ESTADUAIS 2018";"07/10/2018";"E";"DF";"DF";"DISTRITO FEDERAL";97012;"BRASÍLIA";8;3;"Governador";70000605780;16;"ANTONIO RICARDO MARTINS GUILLEN";"GUILLEN";"#NULO#";12;"APTO";2;"DEFERIDO";-3;"#NE";-3;"#NE";-3;"#NE";"PARTIDO ISOLADO";16;"PSTU";"Partido Socialista dos Trabalhadores Unificado";-1;"#NULO#";"#NULO#";"#NULO#";70000050166;"PARTIDO ISOLADO";"PSTU";"N";72;"Válido";72;4;"NÃO ELEITO"
"13/11/2024";"10:56:11";2018;2;"Eleição Ordinária";1;297;"ELEIÇÕES GERAIS ESTADUAIS 2018";"07/10/2018";"E";"DF";"DF";"DISTRITO FEDERAL";97012;"BRASÍLIA";9;3;"Governador";70000605780;16;"ANTONIO RICARDO MARTINS GUILLEN";"GUILLEN";"#NULO#";12;"APTO";2;"DEFERIDO";-3;"#NE";-3;"#NE";-3;"#NE";"PARTIDO ISOLADO";16;"PSTU";"Partido Socialista dos Trabalhadores Unificado";-1;"#NULO#";"#NULO#";"#NULO#";70000050166;"PARTIDO ISOLADO";"PSTU";"N";109;"Válido";109;4;"NÃO ELEITO"
"13/11/2024";"10:56:11";2018;2;"Eleição Ordinária";1;297;"ELEIÇÕES GERAIS ESTADUAIS 2018";"07/10/2018";"E";"DF";"DF";"DISTRITO FEDERAL";97012;"BRASÍLIA";5;3;"Governador";70000605780;16;"ANTONIO RICARDO MARTINS GUILLEN";"GUILLEN";"#NULO#";12;"APTO";2;"DEFERIDO";-3;"#NE";-3;"#NE";-3;"#NE";"PARTIDO ISOLADO";16;"PSTU";"Partido Socialista dos Trabalhadores Unificado";-1;"#NULO#";"#NULO#";"#NULO#";70000050166;"PARTIDO ISOLADO";"PSTU";"N";117;"Válido";117;4;"NÃO ELEITO"
"13/11/2024";"10:56:11";2018;2;"Eleição Ordinária";1;297;"ELEIÇÕES GERAIS ESTADUAIS 2018";"07/10/2018";"E";"DF";"DF";"DISTRITO FEDERAL";97012;"BRASÍLIA";10;3;"Governador";70000605780;16;"ANTONIO RICARDO MARTINS GUILLEN";"GUILLEN";"#NULO#";12;"APTO";2;"DEFERIDO";-3;"#NE";-3;"#NE";-3;"#NE";"PARTIDO ISOLADO";16;"PSTU";"Partido Socialista dos Trabalhadores Unificado";-1;"#NULO#";"#NULO#";"#NULO#";70000050166;"PARTIDO ISOLADO";"PSTU";"N";59;"Válido";59;4;"NÃO ELEITO"
"13/11/2024";"10:56:11";2018;2;"Eleição Ordinária";1;297;"ELEIÇÕES GERAIS ESTADUAIS 2018";"07/10/2018";"E";"DF";"DF";"DISTRITO FEDERAL";97012;"BRASÍLIA";1;3;"Governador";70000605780;16;"ANTONIO RICARDO MARTINS GUILLEN";"GUILLEN";"#NULO#";12;"APTO";2;"DEFERIDO";-3;"#NE";-3;"#NE";-3;"#NE";"PARTIDO ISOLADO";16;"PSTU";"Partido Socialista dos Trabalhadores Unificado";-1;"#NULO#";"#NULO#";"#NULO#";70000050166;"PARTIDO ISOLADO";"PSTU";"N";53;"Válido";53;4;"NÃO ELEITO"
"13/11/2024";"10:56:11";2018;2;"Eleição Ordinária";1;297;"ELEIÇÕES GERAIS ESTADUAIS 2018";"07/10/2018";"E";"DF";"DF";"DISTRITO FEDERAL";97012;"BRASÍLIA";3;3;"Governador";70000605780;16;"ANTONIO RICARDO MARTINS GUILLEN";"GUILLEN";"#NULO#";12;"APTO";2;"DEFERIDO";-3;"#NE";-3;"#NE";-3;"#NE";"PARTIDO ISOLADO";16;"PSTU";"Partido Socialista dos Trabalhadores Unificado";-1;"#NULO#";"#NULO#";"#NULO#";70000050166;"PARTIDO ISOLADO";"PSTU";"N";47;"Válido";47;4;"NÃO ELEITO"
"13/11/2024";"10:56:11";2018;2;"Eleição Ordinária";1;297;"ELEIÇÕES GERAIS ESTADUAIS 2018";"07/10/2018";"E";"DF";"DF";"DISTRITO FEDERAL";97012;"BRASÍLIA";2;3;"Governador";70000605780;16;"ANTONIO RICARDO MARTINS GUILLEN";"GUILLEN";"#NULO#";12;"APTO";2;"DEFERIDO";-3;"#NE";-3;"#NE";-3;"#NE";"PARTIDO ISOLADO";16;"PSTU";"Partido Socialista dos Trabalhadores Unificado";-1;"#NULO#";"#NULO#";"#NULO#";70000050166;"PARTIDO ISOLADO";"PSTU";"N";60;"Válido";60;4;"NÃO ELEITO"
"13/11/2024";"10:56:11";2018;2;"Eleição Ordinária";1;297;"ELEIÇÕES GERAIS ESTADUAIS 2018";"07/10/2018";"E";"DF";"DF";"DISTRITO FEDERAL";97012;"BRASÍLIA";21;3;"Governador";70000605780;16;"ANTONIO RICARDO MARTINS GUILLEN";"GUILLEN";"#NULO#";12;"APTO";2;"DEFERIDO";-3;"#NE";-3;"#NE";-3;"#NE";"PARTIDO ISOLADO";16;"PSTU";"Partido Socialista dos Trabalhadores Unificado";-1;"#NULO#";"#NULO#";"#NULO#";70000050166;"PARTIDO ISOLADO";"PSTU";"N";55;"Válido";55;4;"NÃO ELEITO"
"13/11/2024";"10:56:11";2018;2;"Eleição Ordinária";1;297;"ELEIÇÕES GERAIS ESTADUAIS 2018";"07/10/2018";"E";"DF";"DF";"DISTRITO FEDERAL";97012;"BRASÍLIA";11;3;"Governador";70000605780;16;"ANTONIO RICARDO MARTINS GUILLEN";"GUILLEN";"#NULO#";12;"APTO";2;"DEFERIDO";-3;"#NE";-3;"#NE";-3;"#NE";"PARTIDO ISOLADO";16;"PSTU";"Partido Socialista dos Trabalhadores Unificado";-1;"#NULO#";"#NULO#";"#NULO#";70000050166;"PARTIDO ISOLADO";"PSTU";"N";46;"Válido";46;4;"NÃO ELEITO"
"13/11/2024";"10:56:11";2018;2;"Eleição Ordinária";1;297;"ELEIÇÕES GERAIS ESTADUAIS 2018";"07/10/2018";"E";"DF";"DF";"DISTRITO FEDERAL";97012;"BRASÍLIA";8;3;"Governador";70000610830;13;"JULIO FLAVIO GAMEIRO MIRAGAYA";"JÚLIO MIRAGAYA";"#NULO#";12;"APTO";2;"DEFERIDO";-3;"#NE";-3;"#NE";-3;"#NE";"PARTIDO ISOLADO";13;"PT";"Partido dos Trabalhadores";-1;"#NULO#";"#NULO#";"#NULO#";70000050289;"PARTIDO ISOLADO";"PT";"N";4060;"Válido";4060;4;"NÃO ELEITO"
"13/11/2024";"10:56:11";2018;2;"Eleição Ordinária";1;297;"ELEIÇÕES GERAIS ESTADUAIS 2018";"07/10/2018";"E";"DF";"DF";"DISTRITO FEDERAL";97012;"BRASÍLIA";11;3;"Governador";70000610830;13;"JULIO FLAVIO GAMEIRO MIRAGAYA";"JÚLIO MIRAGAYA";"#NULO#";12;"APTO";2;"DEFERIDO";-3;"#NE";-3;"#NE";-3;"#NE";"PARTIDO ISOLADO";13;"PT";"Partido dos Trabalhadores";-1;"#NULO#";"#NULO#";"#NULO#";70000050289;"PARTIDO ISOLADO";"PT";"N";1960;"Válido";1960;4;"NÃO ELEITO"
"13/11/2024";"10:56:11";2018;2;"Eleição Ordinária";1;297;"ELEIÇÕES GERAIS ESTADUAIS 2018";"07/10/2018";"E";"DF";"DF";"DISTRITO FEDERAL";97012;"BRASÍLIA";6;3;"Governador";70000610830;13;"JULIO FLAVIO GAMEIRO MIRAGAYA";"JÚLIO MIRAGAYA";"#NULO#";12;"APTO";2;"DEFERIDO";-3;"#NE";-3;"#NE";-3;"#NE";"PARTIDO ISOLADO";13;"PT";"Partido dos Trabalhadores";-1;"#NULO#";"#NULO#";"#NULO#";70000050289;"PARTIDO ISOLADO";"PT";"N";4027;"Válido";4027;4;"NÃO ELEITO"
"13/11/2024";"10:56:11";2018;2;"Eleição Ordinária";1;297;"ELEIÇÕES GERAIS ESTADUAIS 2018";"07/10/2018";"E";"DF";"DF";"DISTRITO FEDERAL";97012;"BRASÍLIA";18;3;"Governador";70000610830;13;"JULIO FLAVIO GAMEIRO MIRAGAYA";"JÚLIO MIRAGAYA";"#NULO#";12;"APTO";2;"DEFERIDO";-3;"#NE";-3;"#NE";-3;"#NE";"PARTIDO ISOLADO";13;"PT";"Partido dos Trabalhadores";-1;"#NULO#";"#NULO#";"#NULO#";70000050289;"PARTIDO ISOLADO";"PT";"N";3194;"Válido";3194;4;"NÃO ELEITO"
"13/11/2024";"10:56:11";2018;2;"Eleição Ordinária";1;297;"ELEIÇÕES GERAIS ESTADUAIS 2018";"07/10/2018";"E";"DF";"DF";"DISTRITO FEDERAL";97012;"BRASÍLIA";4;3;"Governador";70000610830;13;"JULIO FLAVIO GAMEIRO MIRAGAYA";"JÚLIO MIRAGAYA";"#NULO#";12;"APTO";2;"DEFERIDO";-3;"#NE";-3;"#NE";-3;"#NE";"PARTIDO ISOLADO";13;"PT";"Partido dos Trabalhadores";-1;"#NULO#";"#NULO#";"#NULO#";70000050289;"PARTIDO ISOLADO";"PT";"N";2504;"Válido";2504;4;"NÃO ELEITO"
"13/11/2024";"10:56:11";2018;2;"Eleição Ordinária";1;297;"ELEIÇÕES GERAIS ESTADUAIS 2018";"07/10/2018";"E";"DF";"DF";"DISTRITO FEDERAL";97012;"BRASÍLIA";13;3;"Governador";70000610830;13;"JULIO FLAVIO GAMEIRO MIRAGAYA";"JÚLIO MIRAGAYA";"#NULO#";12;"APTO";2;"DEFERIDO";-3;"#NE";-3;"#NE";-3;"#NE";"PARTIDO ISOLADO";13;"PT";"Partido dos Trabalhadores";-1;"#NULO#";"#NULO#";"#NULO#";70000050289;"PARTIDO ISOLADO";"PT";"N";3134;"Válido";3134;4;"NÃO ELEITO"
"13/11/2024";"10:56:11";2018;2;"Eleição Ordinária";1;297;"ELEIÇÕES GERAIS ESTADUAIS 2018";"07/10/2018";"E";"DF";"DF";"DISTRITO FEDERAL";97012;"BRASÍLIA";15;3;"Governador";70000610830;13;"JULIO FLAVIO GAMEIRO MIRAGAYA";"JÚLIO MIRAGAYA";"#NULO#";12;"APTO";2;"DEFERIDO";-3;"#NE";-3;"#NE";-3;"#NE";"PARTIDO ISOLADO";13;"PT";"Partido dos Trabalhadores";-1;"#NULO#";"#NULO#";"#NULO#";70000050289;"PARTIDO ISOLADO";"PT";"N";3914;"Válido";3914;4;"NÃO ELEITO"
"13/11/2024";"10:56:11";2018;2;"Eleição Ordinária";1;297;"ELEIÇÕES GERAIS ESTADUAIS 2018";"07/10/2018";"E";"DF";"DF";"DISTRITO FEDERAL";97012;"BRASÍLIA";20;3;"Governador";70000610830;13;"JULIO FLAVIO GAMEIRO MIRAGAYA";"JÚLIO MIRAGAYA";"#NULO#";12;"APTO";2;"DEFERIDO";-3;"#NE";-3;"#NE";-3;"#NE";"PARTIDO ISOLADO";13;"PT";"Partido dos Trabalhadores";-1;"#NULO#";"#NULO#";"#NULO#";70000050289;"PARTIDO ISOLADO";"PT";"N";2296;"Válido";2296;4;"NÃO ELEITO"
"13/11/2024";"10:56:11";2018;2;"Eleição Ordinária";1;297;"ELEIÇÕES GERAIS ESTADUAIS 2018";"07/10/2018";"E";"DF";"DF";"DISTRITO FEDERAL";97012;"BRASÍLIA";14;3;"Governador";70000610830;13;"JULIO FLAVIO GAMEIRO MIRAGAYA";"JÚLIO MIRAGAYA";"#NULO#";12;"APTO";2;"DEFERIDO";-3;"#NE";-3;"#NE";-3;"#NE";"PARTIDO ISOLADO";13;"PT";"Partido dos Trabalhadores";-1;"#NULO#";"#NULO#";"#NULO#";70000050289;"PARTIDO ISOLADO";"PT";"N";3376;"Válido";3376;4;"NÃO ELEITO"
"13/11/2024";"10:56:11";2018;2;"Eleição Ordinária";1;297;"ELEIÇÕES GERAIS ESTADUAIS 2018";"07/10/2018";"E";"DF";"DF";"DISTRITO FEDERAL";97012;"BRASÍLIA";3;3;"Governador";70000610830;13;"JULIO FLAVIO GAMEIRO MIRAGAYA";"JÚLIO MIRAGAYA";"#NULO#";12;"APTO";2;"DEFERIDO";-3;"#NE";-3;"#NE";-3;"#NE";"PARTIDO ISOLADO";13;"PT";"Partido dos Trabalhadores";-1;"#NULO#";"#NULO#";"#NULO#";70000050289;"PARTIDO ISOLADO";"PT";"N";1973;"Válido";1973;4;"NÃO ELEITO"
"13/11/2024";"10:56:11";2018;2;"Eleição Ordinária";1;297;"ELEIÇÕES GERAIS ESTADUAIS 2018";"07/10/2018";"E";"DF";"DF";"DISTRITO FEDERAL";97012;"BRASÍLIA";2;3;"Governador";70000610830;13;"JULIO FLAVIO GAMEIRO MIRAGAYA";"JÚLIO MIRAGAYA";"#NULO#";12;"APTO";2;"DEFERIDO";-3;"#NE";-3;"#NE";-3;"#NE";"PARTIDO ISOLADO";13;"PT";"Partido dos Trabalhadores";-1;"#NULO#";"#NULO#";"#NULO#";70000050289;"PARTIDO ISOLADO";"PT";"N";2986;"Válido";2986;4;"NÃO ELEITO"
"13/11/2024";"10:56:11";2018;2;"Eleição Ordinária";1;297;"ELEIÇÕES GERAIS ESTADUAIS 2018";"07/10/2018";"E";"DF";"DF";"DISTRITO FEDERAL";97012;"BRASÍLIA";17;3;"Governador";70000610830;13;"JULIO FLAVIO GAMEIRO MIRAGAYA";"JÚLIO MIRAGAYA";"#NULO#";12;"APTO";2;"DEFERIDO";-3;"#NE";-3;"#NE";-3;"#NE";"PARTIDO ISOLADO";13;"PT";"Partido dos Trabalhadores";-1;"#NULO#";"#NULO#";"#NULO#";70000050289;"PARTIDO ISOLADO";"PT";"N";4715;"Válido";4715;4;"NÃO ELEITO"
"13/11/2024";"10:56:11";2018;2;"Eleição Ordinária";1;297;"ELEIÇÕES GERAIS ESTADUAIS 2018";"07/10/2018";"E";"DF";"DF";"DISTRITO FEDERAL";97012;"BRASÍLIA";10;3;"Governador";70000610830;13;"JULIO FLAVIO GAMEIRO MIRAGAYA";"JÚLIO MIRAGAYA";"#NULO#";12;"APTO";2;"DEFERIDO";-3;"#NE";-3;"#NE";-3;"#NE";"PARTIDO ISOLADO";13;"PT";"Partido dos Trabalhadores";-1;"#NULO#";"#NULO#";"#NULO#";70000050289;"PARTIDO ISOLADO";"PT";"N";3082;"Válido";3082;4;"NÃO ELEITO"
"13/11/2024";"10:56:11";2018;2;"Eleição Ordinária";1;297;"ELEIÇÕES GERAIS ESTADUAIS 2018";"07/10/2018";"E";"DF";"DF";"DISTRITO FEDERAL";97012;"BRASÍLIA";5;3;"Governador";70000610830;13;"JULIO FLAVIO GAMEIRO MIRAGAYA";"JÚLIO MIRAGAYA";"#NULO#";12;"APTO";2;"DEFERIDO";-3;"#NE";-3;"#NE";-3;"#NE";"PARTIDO ISOLADO";13;"PT";"Partido dos Trabalhadores";-1;"#NULO#";"#NULO#";"#NULO#";70000050289;"PARTIDO ISOLADO";"PT";"N";3901;"Válido";3901;4;"NÃO ELEITO"
"13/11/2024";"10:56:11";2018;2;"Eleição Ordinária";1;297;"ELEIÇÕES GERAIS ESTADUAIS 2018";"07/10/2018";"E";"DF";"DF";"DISTRITO FEDERAL";97012;"BRASÍLIA";16;3;"Governador";70000610830;13;"JULIO FLAVIO GAMEIRO MIRAGAYA";"JÚLIO MIRAGAYA";"#NULO#";12;"APTO";2;"DEFERIDO";-3;"#NE";-3;"#NE";-3;"#NE";"PARTIDO ISOLADO";13;"PT";"Partido dos Trabalhadores";-1;"#NULO#";"#NULO#";"#NULO#";70000050289;"PARTIDO ISOLADO";"PT";"N";4057;"Válido";4057;4;"NÃO ELEITO"
"13/11/2024";"10:56:11";2018;2;"Eleição Ordinária";1;297;"ELEIÇÕES GERAIS ESTADUAIS 2018";"07/10/2018";"E";"DF";"DF";"DISTRITO FEDERAL";97012;"BRASÍLIA";9;3;"Governador";70000610830;13;"JULIO FLAVIO GAMEIRO MIRAGAYA";"JÚLIO MIRAGAYA";"#NULO#";12;"APTO";2;"DEFERIDO";-3;"#NE";-3;"#NE";-3;"#NE";"PARTIDO ISOLADO";13;"PT";"Partido dos Trabalhadores";-1;"#NULO#";"#NULO#";"#NULO#";70000050289;"PARTIDO ISOLADO";"PT";"N";3656;"Válido";3656;4;"NÃO ELEITO"
"13/11/2024";"10:56:11";2018;2;"Eleição Ordinária";1;297;"ELEIÇÕES GERAIS ESTADUAIS 2018";"07/10/2018";"E";"DF";"DF";"DISTRITO FEDERAL";97012;"BRASÍLIA";19;3;"Governador";70000610830;13;"JULIO FLAVIO GAMEIRO MIRAGAYA";"JÚLIO MIRAGAYA";"#NULO#";12;"APTO";2;"DEFERIDO";-3;"#NE";-3;"#NE";-3;"#NE";"PARTIDO ISOLADO";13;"PT";"Partido dos Trabalhadores";-1;"#NULO#";"#NULO#";"#NULO#";70000050289;"PARTIDO ISOLADO";"PT";"N";2762;"Válido";2762;4;"NÃO ELEITO"
"13/11/2024";"10:56:11";2018;2;"Eleição Ordinária";1;297;"ELEIÇÕES GERAIS ESTADUAIS 2018";"07/10/2018";"E";"DF";"DF";"DISTRITO FEDERAL";97012;"BRASÍLIA";21;3;"Governador";70000610830;13;"JULIO FLAVIO GAMEIRO MIRAGAYA";"JÚLIO MIRAGAYA";"#NULO#";12;"APTO";2;"DEFERIDO";-3;"#NE";-3;"#NE";-3;"#NE";"PARTIDO ISOLADO";13;"PT";"Partido dos Trabalhadores";-1;"#NULO#";"#NULO#";"#NULO#";70000050289;"PARTIDO ISOLADO";"PT";"N";2805;"Válido";2805;4;"NÃO ELEITO"
"13/11/2024";"10:56:11";2018;2;"Eleição Ordinária";1;297;"ELEIÇÕES GERAIS ESTADUAIS 2018";"07/10/2018";"E";"DF";"DF";"DISTRITO FEDERAL";97012;"BRASÍLIA";1;3;"Governador";70000610830;13;"JULIO FLAVIO GAMEIRO MIRAGAYA";"JÚLIO MIRAGAYA";"#NULO#";12;"APTO";2;"DEFERIDO";-3;"#NE";-3;"#NE";-3;"#NE";"PARTIDO ISOLADO";13;"PT";"Partido dos Trabalhadores";-1;"#NULO#";"#NULO#";"#NULO#";70000050289;"PARTIDO ISOLADO";"PT";"N";2190;"Válido";2190;4;"NÃO ELEITO"
"13/11/2024";"10:56:11";2018;2;"Eleição Ordinária";1;297;"ELEIÇÕES GERAIS ESTADUAIS 2018";"07/10/2018";"E";"DF";"DF";"DISTRITO FEDERAL";97012;"BRASÍLIA";1;5;"Senador";70000614987;444;"FADI FAYEZ FARAJ";"FADI FARAJ";"#NULO#";12;"APTO";2;"DEFERIDO";-3;"#NE";-3;"#NE";-3;"#NE";"COLIGAÇÃO";44;"PRP";"Partido Republicano Progressista";-1;"#NULO#";"#NULO#";"#NULO#";70000050394;"BRASÍLIA ACIMA DE TUDO";"PRP / PRTB";"N";7012;"Válido";7012;4;"NÃO ELEITO"
"13/11/2024";"10:56:11";2018;2;"Eleição Ordinária";1;297;"ELEIÇÕES GERAIS ESTADUAIS 2018";"07/10/2018";"E";"DF";"DF";"DISTRITO FEDERAL";97012;"BRASÍLIA";18;5;"Senador";70000614987;444;"FADI FAYEZ FARAJ";"FADI FARAJ";"#NULO#";12;"APTO";2;"DEFERIDO";-3;"#NE";-3;"#NE";-3;"#NE";"COLIGAÇÃO";44;"PRP";"Partido Republicano Progressista";-1;"#NULO#";"#NULO#";"#NULO#";70000050394;"BRASÍLIA ACIMA DE TUDO";"PRP / PRTB";"N";11825;"Válido";11825;4;"NÃO ELEITO"
"13/11/2024";"10:56:11";2018;2;"Eleição Ordinária";1;297;"ELEIÇÕES GERAIS ESTADUAIS 2018";"07/10/2018";"E";"DF";"DF";"DISTRITO FEDERAL";97012;"BRASÍLIA";11;5;"Senador";70000614987;444;"FADI FAYEZ FARAJ";"FADI FARAJ";"#NULO#";12;"APTO";2;"DEFERIDO";-3;"#NE";-3;"#NE";-3;"#NE";"COLIGAÇÃO";44;"PRP";"Partido Republicano Progressista";-1;"#NULO#";"#NULO#";"#NULO#";70000050394;"BRASÍLIA ACIMA DE TUDO";"PRP / PRTB";"N";8230;"Válido";8230;4;"NÃO ELEITO"
"13/11/2024";"10:56:11";2018;2;"Eleição Ordinária";1;297;"ELEIÇÕES GERAIS ESTADUAIS 2018";"07/10/2018";"E";"DF";"DF";"DISTRITO FEDERAL";97012;"BRASÍLIA";14;5;"Senador";70000614987;444;"FADI FAYEZ FARAJ";"FADI FARAJ";"#NULO#";12;"APTO";2;"DEFERIDO";-3;"#NE";-3;"#NE";-3;"#NE";"COLIGAÇÃO";44;"PRP";"Partido Republicano Progressista";-1;"#NULO#";"#NULO#";"#NULO#";70000050394;"BRASÍLIA ACIMA DE TUDO";"PRP / PRTB";"N";10029;"Válido";10029;4;"NÃO ELEITO"
"13/11/2024";"10:56:11";2018;2;"Eleição Ordinária";1;297;"ELEIÇÕES GERAIS ESTADUAIS 2018";"07/10/2018";"E";"DF";"DF";"DISTRITO FEDERAL";97012;"BRASÍLIA";8;5;"Senador";70000614987;444;"FADI FAYEZ FARAJ";"FADI FARAJ";"#NULO#";12;"APTO";2;"DEFERIDO";-3;"#NE";-3;"#NE";-3;"#NE";"COLIGAÇÃO";44;"PRP";"Partido Republicano Progressista";-1;"#NULO#";"#NULO#";"#NULO#";70000050394;"BRASÍLIA ACIMA DE TUDO";"PRP / PRTB";"N";17904;"Válido";17904;4;"NÃO ELEITO"
"13/11/2024";"10:56:11";2018;2;"Eleição Ordinária";1;297;"ELEIÇÕES GERAIS ESTADUAIS 2018";"07/10/2018";"E";"DF";"DF";"DISTRITO FEDERAL";97012;"BRASÍLIA";10;5;"Senador";70000614987;444;"FADI FAYEZ FARAJ";"FADI FARAJ";"#NULO#";12;"APTO";2;"DEFERIDO";-3;"#NE";-3;"#NE";-3;"#NE";"COLIGAÇÃO";44;"PRP";"Partido Republicano Progressista";-1;"#NULO#";"#NULO#";"#NULO#";70000050394;"BRASÍLIA ACIMA DE TUDO";"PRP / PRTB";"N";14959;"Válido";14959;4;"NÃO ELEITO"
"13/11/2024";"10:56:11";2018;2;"Eleição Ordinária";1;297;"ELEIÇÕES GERAIS ESTADUAIS 2018";"07/10/2018";"E";"DF";"DF";"DISTRITO FEDERAL";97012;"BRASÍLIA";3;5;"Senador";70000614987;444;"FADI FAYEZ FARAJ";"FADI FARAJ";"#NULO#";12;"APTO";2;"DEFERIDO";-3;"#NE";-3;"#NE";-3;"#NE";"COLIGAÇÃO";44;"PRP";"Partido Republicano Progressista";-1;"#NULO#";"#NULO#";"#NULO#";70000050394;"BRASÍLIA ACIMA DE TUDO";"PRP / PRTB";"N";9858;"Válido";9858;4;"NÃO ELEITO"
"13/11/2024";"10:56:11";2018;2;"Eleição Ordinária";1;297;"ELEIÇÕES GERAIS ESTADUAIS 2018";"07/10/2018";"E";"DF";"DF";"DISTRITO FEDERAL";97012;"BRASÍLIA";19;5;"Senador";70000614987;444;"FADI FAYEZ FARAJ";"FADI FARAJ";"#NULO#";12;"APTO";2;"DEFERIDO";-3;"#NE";-3;"#NE";-3;"#NE";"COLIGAÇÃO";44;"PRP";"Partido Republicano Progressista";-1;"#NULO#";"#NULO#";"#NULO#";70000050394;"BRASÍLIA ACIMA DE TUDO";"PRP / PRTB";"N";14093;"Válido";14093;4;"NÃO ELEITO"
"13/11/2024";"10:56:11";2018;2;"Eleição Ordinária";1;297;"ELEIÇÕES GERAIS ESTADUAIS 2018";"07/10/2018";"E";"DF";"DF";"DISTRITO FEDERAL";97012;"BRASÍLIA";20;5;"Senador";70000614987;444;"FADI FAYEZ FARAJ";"FADI FARAJ";"#NULO#";12;"APTO";2;"DEFERIDO";-3;"#NE";-3;"#NE";-3;"#NE";"COLIGAÇÃO";44;"PRP";"Partido Republicano Progressista";-1;"#NULO#";"#NULO#";"#NULO#";70000050394;"BRASÍLIA ACIMA DE TUDO";"PRP / PRTB";"N";11431;"Válido";11431;4;"NÃO ELEITO"
"13/11/2024";"10:56:11";2018;2;"Eleição Ordinária";1;297;"ELEIÇÕES GERAIS ESTADUAIS 2018";"07/10/2018";"E";"DF";"DF";"DISTRITO FEDERAL";97012;"BRASÍLIA";4;5;"Senador";70000614987;444;"FADI FAYEZ FARAJ";"FADI FARAJ";"#NULO#";12;"APTO";2;"DEFERIDO";-3;"#NE";-3;"#NE";-3;"#NE";"COLIGAÇÃO";44;"PRP";"Partido Republicano Progressista";-1;"#NULO#";"#NULO#";"#NULO#";70000050394;"BRASÍLIA ACIMA DE TUDO";"PRP / PRTB";"N";13376;"Válido";13376;4;"NÃO ELEITO"
"13/11/2024";"10:56:11";2018;2;"Eleição Ordinária";1;297;"ELEIÇÕES GERAIS ESTADUAIS 2018";"07/10/2018";"E";"DF";"DF";"DISTRITO FEDERAL";97012;"BRASÍLIA";17;5;"Senador";70000614987;444;"FADI FAYEZ FARAJ";"FADI FARAJ";"#NULO#";12;"APTO";2;"DEFERIDO";-3;"#NE";-3;"#NE";-3;"#NE";"COLIGAÇÃO";44;"PRP";"Partido Republicano Progressista";-1;"#NULO#";"#NULO#";"#NULO#";70000050394;"BRASÍLIA ACIMA DE TUDO";"PRP / PRTB";"N";18433;"Válido";18433;4;"NÃO ELEITO"
"13/11/2024";"10:56:11";2018;2;"Eleição Ordinária";1;297;"ELEIÇÕES GERAIS ESTADUAIS 2018";"07/10/2018";"E";"DF";"DF";"DISTRITO FEDERAL";97012;"BRASÍLIA";2;5;"Senador";70000614987;444;"FADI FAYEZ FARAJ";"FADI FARAJ";"#NULO#";12;"APTO";2;"DEFERIDO";-3;"#NE";-3;"#NE";-3;"#NE";"COLIGAÇÃO";44;"PRP";"Partido Republicano Progressista";-1;"#NULO#";"#NULO#";"#NULO#";70000050394;"BRASÍLIA ACIMA DE TUDO";"PRP / PRTB";"N";11361;"Válido";11361;4;"NÃO ELEITO"
"13/11/2024";"10:56:11";2018;2;"Eleição Ordinária";1;297;"ELEIÇÕES GERAIS ESTADUAIS 2018";"07/10/2018";"E";"DF";"DF";"DISTRITO FEDERAL";97012;"BRASÍLIA";9;5;"Senador";70000614987;444;"FADI FAYEZ FARAJ";"FADI FARAJ";"#NULO#";12;"APTO";2;"DEFERIDO";-3;"#NE";-3;"#NE";-3;"#NE";"COLIGAÇÃO";44;"PRP";"Partido Republicano Progressista";-1;"#NULO#";"#NULO#";"#NULO#";70000050394;"BRASÍLIA ACIMA DE TUDO";"PRP / PRTB";"N";15662;"Válido";15662;4;"NÃO ELEITO"
"13/11/2024";"10:56:11";2018;2;"Eleição Ordinária";1;297;"ELEIÇÕES GERAIS ESTADUAIS 2018";"07/10/2018";"E";"DF";"DF";"DISTRITO FEDERAL";97012;"BRASÍLIA";16;5;"Senador";70000614987;444;"FADI FAYEZ FARAJ";"FADI FARAJ";"#NULO#";12;"APTO";2;"DEFERIDO";-3;"#NE";-3;"#NE";-3;"#NE";"COLIGAÇÃO";44;"PRP";"Partido Republicano Progressista";-1;"#NULO#";"#NULO#";"#NULO#";70000050394;"BRASÍLIA ACIMA DE TUDO";"PRP / PRTB";"N";18810;"Válido";18810;4;"NÃO ELEITO"
"13/11/2024";"10:56:11";2018;2;"Eleição Ordinária";1;297;"ELEIÇÕES GERAIS ESTADUAIS 2018";"07/10/2018";"E";"DF";"DF";"DISTRITO FEDERAL";97012;"BRASÍLIA";6;5;"Senador";70000614987;444;"FADI FAYEZ FARAJ";"FADI FARAJ";"#NULO#";12;"APTO";2;"DEFERIDO";-3;"#NE";-3;"#NE";-3;"#NE";"COLIGAÇÃO";44;"PRP";"Partido Republicano Progressista";-1;"#NULO#";"#NULO#";"#NULO#";70000050394;"BRASÍLIA ACIMA DE TUDO";"PRP / PRTB";"N";14913;"Válido";14913;4;"NÃO ELEITO"
"13/11/2024";"10:56:11";2018;2;"Eleição Ordinária";1;297;"ELEIÇÕES GERAIS ESTADUAIS 2018";"07/10/2018";"E";"DF";"DF";"DISTRITO FEDERAL";97012;"BRASÍLIA";5;5;"Senador";70000614987;444;"FADI FAYEZ FARAJ";"FADI FARAJ";"#NULO#";12;"APTO";2;"DEFERIDO";-3;"#NE";-3;"#NE";-3;"#NE";"COLIGAÇÃO";44;"PRP";"Partido Republicano Progressista";-1;"#NULO#";"#NULO#";"#NULO#";70000050394;"BRASÍLIA ACIMA DE TUDO";"PRP / PRTB";"N";15749;"Válido";15749;4;"NÃO ELEITO"
"13/11/2024";"10:56:11";2018;2;"Eleição Ordinária";1;297;"ELEIÇÕES GERAIS ESTADUAIS 2018";"07/10/2018";"E";"DF";"DF";"DISTRITO FEDERAL";97012;"BRASÍLIA";13;5;"Senador";70000614987;444;"FADI FAYEZ FARAJ";"FADI FARAJ";"#NULO#";12;"APTO";2;"DEFERIDO";-3;"#NE";-3;"#NE";-3;"#NE";"COLIGAÇÃO";44;"PRP";"Partido Republicano Progressista";-1;"#NULO#";"#NULO#";"#NULO#";70000050394;"BRASÍLIA ACIMA DE TUDO";"PRP / PRTB";"N";19102;"Válido";19102;4;"NÃO ELEITO"
"13/11/2024";"10:56:11";2018;2;"Eleição Ordinária";1;297;"ELEIÇÕES GERAIS ESTADUAIS 2018";"07/10/2018";"E";"DF";"DF";"DISTRITO FEDERAL";97012;"BRASÍLIA";15;5;"Senador";70000614987;444;"FADI FAYEZ FARAJ";"FADI FARAJ";"#NULO#";12;"APTO";2;"DEFERIDO";-3;"#NE";-3;"#NE";-3;"#NE";"COLIGAÇÃO";44;"PRP";"Partido Republicano Progressista";-1;"#NULO#";"#NULO#";"#NULO#";70000050394;"BRASÍLIA ACIMA DE TUDO";"PRP / PRTB";"N";19305;"Válido";19305;4;"NÃO ELEITO"
"13/11/2024";"10:56:11";2018;2;"Eleição Ordinária";1;297;"ELEIÇÕES GERAIS ESTADUAIS 2018";"07/10/2018";"E";"DF";"DF";"DISTRITO FEDERAL";97012;"BRASÍLIA";21;5;"Senador";70000614987;444;"FADI FAYEZ FARAJ";"FADI FARAJ";"#NULO#";12;"APTO";2;"DEFERIDO";-3;"#NE";-3;"#NE";-3;"#NE";"COLIGAÇÃO";44;"PRP";"Partido Republicano Progressista";-1;"#NULO#";"#NULO#";"#NULO#";70000050394;"BRASÍLIA ACIMA DE TUDO";"PRP / PRTB";"N";16026;"Válido";16026;4;"NÃO ELEITO"
"13/11/2024";"10:56:11";2018;2;"Eleição Ordinária";1;297;"ELEIÇÕES GERAIS ESTADUAIS 2018";"07/10/2018";"E";"DF";"DF";"DISTRITO FEDERAL";97012;"BRASÍLIA";13;3;"Governador";70000614983;44;"PAULO CHAGAS";"GENERAL PAULO CHAGAS";"#NULO#";12;"APTO";2;"DEFERIDO";-3;"#NE";-3;"#NE";-3;"#NE";"COLIGAÇÃO";44;"PRP";"Partido Republicano Progressista";-1;"#NULO#";"#NULO#";"#NULO#";70000050394;"BRASÍLIA ACIMA DE TUDO";"PRP / PRTB";"N";6103;"Válido";6103;4;"NÃO ELEITO"
"13/11/2024";"10:56:11";2018;2;"Eleição Ordinária";1;297;"ELEIÇÕES GERAIS ESTADUAIS 2018";"07/10/2018";"E";"DF";"DF";"DISTRITO FEDERAL";97012;"BRASÍLIA";2;3;"Governador";70000614983;44;"PAULO CHAGAS";"GENERAL PAULO CHAGAS";"#NULO#";12;"APTO";2;"DEFERIDO";-3;"#NE";-3;"#NE";-3;"#NE";"COLIGAÇÃO";44;"PRP";"Partido Republicano Progressista";-1;"#NULO#";"#NULO#";"#NULO#";70000050394;"BRASÍLIA ACIMA DE TUDO";"PRP / PRTB";"N";4372;"Válido";4372;4;"NÃO ELEITO"
"13/11/2024";"10:56:11";2018;2;"Eleição Ordinária";1;297;"ELEIÇÕES GERAIS ESTADUAIS 2018";"07/10/2018";"E";"DF";"DF";"DISTRITO FEDERAL";97012;"BRASÍLIA";15;3;"Governador";70000614983;44;"PAULO CHAGAS";"GENERAL PAULO CHAGAS";"#NULO#";12;"APTO";2;"DEFERIDO";-3;"#NE";-3;"#NE";-3;"#NE";"COLIGAÇÃO";44;"PRP";"Partido Republicano Progressista";-1;"#NULO#";"#NULO#";"#NULO#";70000050394;"BRASÍLIA ACIMA DE TUDO";"PRP / PRTB";"N";10080;"Válido";10080;4;"NÃO ELEITO"
"13/11/2024";"10:56:11";2018;2;"Eleição Ordinária";1;297;"ELEIÇÕES GERAIS ESTADUAIS 2018";"07/10/2018";"E";"DF";"DF";"DISTRITO FEDERAL";97012;"BRASÍLIA";3;3;"Governador";70000614983;44;"PAULO CHAGAS";"GENERAL PAULO CHAGAS";"#NULO#";12;"APTO";2;"DEFERIDO";-3;"#NE";-3;"#NE";-3;"#NE";"COLIGAÇÃO";44;"PRP";"Partido Republicano Progressista";-1;"#NULO#";"#NULO#";"#NULO#";70000050394;"BRASÍLIA ACIMA DE TUDO";"PRP / PRTB";"N";3519;"Válido";3519;4;"NÃO ELEITO"
"13/11/2024";"10:56:11";2018;2;"Eleição Ordinária";1;297;"ELEIÇÕES GERAIS ESTADUAIS 2018";"07/10/2018";"E";"DF";"DF";"DISTRITO FEDERAL";97012;"BRASÍLIA";8;3;"Governador";70000614983;44;"PAULO CHAGAS";"GENERAL PAULO CHAGAS";"#NULO#";12;"APTO";2;"DEFERIDO";-3;"#NE";-3;"#NE";-3;"#NE";"COLIGAÇÃO";44;"PRP";"Partido Republicano Progressista";-1;"#NULO#";"#NULO#";"#NULO#";70000050394;"BRASÍLIA ACIMA DE TUDO";"PRP / PRTB";"N";4983;"Válido";4983;4;"NÃO ELEITO"
"13/11/2024";"10:56:11";2018;2;"Eleição Ordinária";1;297;"ELEIÇÕES GERAIS ESTADUAIS 2018";"07/10/2018";"E";"DF";"DF";"DISTRITO FEDERAL";97012;"BRASÍLIA";1;3;"Governador";70000614983;44;"PAULO CHAGAS";"GENERAL PAULO CHAGAS";"#NULO#";12;"APTO";2;"DEFERIDO";-3;"#NE";-3;"#NE";-3;"#NE";"COLIGAÇÃO";44;"PRP";"Partido Republicano Progressista";-1;"#NULO#";"#NULO#";"#NULO#";70000050394;"BRASÍLIA ACIMA DE TUDO";"PRP / PRTB";"N";6355;"Válido";6355;4;"NÃO ELEITO"
"13/11/2024";"10:56:11";2018;2;"Eleição Ordinária";1;297;"ELEIÇÕES GERAIS ESTADUAIS 2018";"07/10/2018";"E";"DF";"DF";"DISTRITO FEDERAL";97012;"BRASÍLIA";11;3;"Governador";70000614983;44;"PAULO CHAGAS";"GENERAL PAULO CHAGAS";"#NULO#";12;"APTO";2;"DEFERIDO";-3;"#NE";-3;"#NE";-3;"#NE";"COLIGAÇÃO";44;"PRP";"Partido Republicano Progressista";-1;"#NULO#";"#NULO#";"#NULO#";70000050394;"BRASÍLIA ACIMA DE TUDO";"PRP / PRTB";"N";6967;"Válido";6967;4;"NÃO ELEITO"
"13/11/2024";"10:56:11";2018;2;"Eleição Ordinária";1;297;"ELEIÇÕES GERAIS ESTADUAIS 2018";"07/10/2018";"E";"DF";"DF";"DISTRITO FEDERAL";97012;"BRASÍLIA";21;3;"Governador";70000614983;44;"PAULO CHAGAS";"GENERAL PAULO CHAGAS";"#NULO#";12;"APTO";2;"DEFERIDO";-3;"#NE";-3;"#NE";-3;"#NE";"COLIGAÇÃO";44;"PRP";"Partido Republicano Progressista";-1;"#NULO#";"#NULO#";"#NULO#";70000050394;"BRASÍLIA ACIMA DE TUDO";"PRP / PRTB";"N";4706;"Válido";4706;4;"NÃO ELEITO"
"13/11/2024";"10:56:11";2018;2;"Eleição Ordinária";1;297;"ELEIÇÕES GERAIS ESTADUAIS 2018";"07/10/2018";"E";"DF";"DF";"DISTRITO FEDERAL";97012;"BRASÍLIA";5;3;"Governador";70000614983;44;"PAULO CHAGAS";"GENERAL PAULO CHAGAS";"#NULO#";12;"APTO";2;"DEFERIDO";-3;"#NE";-3;"#NE";-3;"#NE";"COLIGAÇÃO";44;"PRP";"Partido Republicano Progressista";-1;"#NULO#";"#NULO#";"#NULO#";70000050394;"BRASÍLIA ACIMA DE TUDO";"PRP / PRTB";"N";6479;"Válido";6479;4;"NÃO ELEITO"
"13/11/2024";"10:56:11";2018;2;"Eleição Ordinária";1;297;"ELEIÇÕES GERAIS ESTADUAIS 2018";"07/10/2018";"E";"DF";"DF";"DISTRITO FEDERAL";97012;"BRASÍLIA";4;3;"Governador";70000614983;44;"PAULO CHAGAS";"GENERAL PAULO CHAGAS";"#NULO#";12;"APTO";2;"DEFERIDO";-3;"#NE";-3;"#NE";-3;"#NE";"COLIGAÇÃO";44;"PRP";"Partido Republicano Progressista";-1;"#NULO#";"#NULO#";"#NULO#";70000050394;"BRASÍLIA ACIMA DE TUDO";"PRP / PRTB";"N";4482;"Válido";4482;4;"NÃO ELEITO"
"13/11/2024";"10:56:11";2018;2;"Eleição Ordinária";1;297;"ELEIÇÕES GERAIS ESTADUAIS 2018";"07/10/2018";"E";"DF";"DF";"DISTRITO FEDERAL";97012;"BRASÍLIA";10;3;"Governador";70000614983;44;"PAULO CHAGAS";"GENERAL PAULO CHAGAS";"#NULO#";12;"APTO";2;"DEFERIDO";-3;"#NE";-3;"#NE";-3;"#NE";"COLIGAÇÃO";44;"PRP";"Partido Republicano Progressista";-1;"#NULO#";"#NULO#";"#NULO#";70000050394;"BRASÍLIA ACIMA DE TUDO";"PRP / PRTB";"N";6216;"Válido";6216;4;"NÃO ELEITO"
"13/11/2024";"10:56:11";2018;2;"Eleição Ordinária";1;297;"ELEIÇÕES GERAIS ESTADUAIS 2018";"07/10/2018";"E";"DF";"DF";"DISTRITO FEDERAL";97012;"BRASÍLIA";18;3;"Governador";70000614983;44;"PAULO CHAGAS";"GENERAL PAULO CHAGAS";"#NULO#";12;"APTO";2;"DEFERIDO";-3;"#NE";-3;"#NE";-3;"#NE";"COLIGAÇÃO";44;"PRP";"Partido Republicano Progressista";-1;"#NULO#";"#NULO#";"#NULO#";70000050394;"BRASÍLIA ACIMA DE TUDO";"PRP / PRTB";"N";5947;"Válido";5947;4;"NÃO ELEITO"
"13/11/2024";"10:56:11";2018;2;"Eleição Ordinária";1;297;"ELEIÇÕES GERAIS ESTADUAIS 2018";"07/10/2018";"E";"DF";"DF";"DISTRITO FEDERAL";97012;"BRASÍLIA";9;3;"Governador";70000614983;44;"PAULO CHAGAS";"GENERAL PAULO CHAGAS";"#NULO#";12;"APTO";2;"DEFERIDO";-3;"#NE";-3;"#NE";-3;"#NE";"COLIGAÇÃO";44;"PRP";"Partido Republicano Progressista";-1;"#NULO#";"#NULO#";"#NULO#";70000050394;"BRASÍLIA ACIMA DE TUDO";"PRP / PRTB";"N";7437;"Válido";7437;4;"NÃO ELEITO"
"13/11/2024";"10:56:11";2018;2;"Eleição Ordinária";1;297;"ELEIÇÕES GERAIS ESTADUAIS 2018";"07/10/2018";"E";"DF";"DF";"DISTRITO FEDERAL";97012;"BRASÍLIA";20;3;"Governador";70000614983;44;"PAULO CHAGAS";"GENERAL PAULO CHAGAS";"#NULO#";12;"APTO";2;"DEFERIDO";-3;"#NE";-3;"#NE";-3;"#NE";"COLIGAÇÃO";44;"PRP";"Partido Republicano Progressista";-1;"#NULO#";"#NULO#";"#NULO#";70000050394;"BRASÍLIA ACIMA DE TUDO";"PRP / PRTB";"N";3269;"Válido";3269;4;"NÃO ELEITO"
"13/11/2024";"10:56:11";2018;2;"Eleição Ordinária";1;297;"ELEIÇÕES GERAIS ESTADUAIS 2018";"07/10/2018";"E";"DF";"DF";"DISTRITO FEDERAL";97012;"BRASÍLIA";19;3;"Governador";70000614983;44;"PAULO CHAGAS";"GENERAL PAULO CHAGAS";"#NULO#";12;"APTO";2;"DEFERIDO";-3;"#NE";-3;"#NE";-3;"#NE";"COLIGAÇÃO";44;"PRP";"Partido Republicano Progressista";-1;"#NULO#";"#NULO#";"#NULO#";70000050394;"BRASÍLIA ACIMA DE TUDO";"PRP / PRTB";"N";5190;"Válido";5190;4;"NÃO ELEITO"
"13/11/2024";"10:56:11";2018;2;"Eleição Ordinária";1;297;"ELEIÇÕES GERAIS ESTADUAIS 2018";"07/10/2018";"E";"DF";"DF";"DISTRITO FEDERAL";97012;"BRASÍLIA";16;3;"Governador";70000614983;44;"PAULO CHAGAS";"GENERAL PAULO CHAGAS";"#NULO#";12;"APTO";2;"DEFERIDO";-3;"#NE";-3;"#NE";-3;"#NE";"COLIGAÇÃO";44;"PRP";"Partido Republicano Progressista";-1;"#NULO#";"#NULO#";"#NULO#";70000050394;"BRASÍLIA ACIMA DE TUDO";"PRP / PRTB";"N";4930;"Válido";4930;4;"NÃO ELEITO"
"13/11/2024";"10:56:11";2018;2;"Eleição Ordinária";1;297;"ELEIÇÕES GERAIS ESTADUAIS 2018";"07/10/2018";"E";"DF";"DF";"DISTRITO FEDERAL";97012;"BRASÍLIA";14;3;"Governador";70000614983;44;"PAULO CHAGAS";"GENERAL PAULO CHAGAS";"#NULO#";12;"APTO";2;"DEFERIDO";-3;"#NE";-3;"#NE";-3;"#NE";"COLIGAÇÃO";44;"PRP";"Partido Republicano Progressista";-1;"#NULO#";"#NULO#";"#NULO#";70000050394;"BRASÍLIA ACIMA DE TUDO";"PRP / PRTB";"N";9500;"Válido";9500;4;"NÃO ELEITO"
"13/11/2024";"10:56:11";2018;2;"Eleição Ordinária";1;297;"ELEIÇÕES GERAIS ESTADUAIS 2018";"07/10/2018";"E";"DF";"DF";"DISTRITO FEDERAL";97012;"BRASÍLIA";17;3;"Governador";70000614983;44;"PAULO CHAGAS";"GENERAL PAULO CHAGAS";"#NULO#";12;"APTO";2;"DEFERIDO";-3;"#NE";-3;"#NE";-3;"#NE";"COLIGAÇÃO";44;"PRP";"Partido Republicano Progressista";-1;"#NULO#";"#NULO#";"#NULO#";70000050394;"BRASÍLIA ACIMA DE TUDO";"PRP / PRTB";"N";6045;"Válido";6045;4;"NÃO ELEITO"
"13/11/2024";"10:56:11";2018;2;"Eleição Ordinária";1;297;"ELEIÇÕES GERAIS ESTADUAIS 2018";"07/10/2018";"E";"DF";"DF";"DISTRITO FEDERAL";97012;"BRASÍLIA";6;3;"Governador";70000614983;44;"PAULO CHAGAS";"GENERAL PAULO CHAGAS";"#NULO#";12;"APTO";2;"DEFERIDO";-3;"#NE";-3;"#NE";-3;"#NE";"COLIGAÇÃO";44;"PRP";"Partido Republicano Progressista";-1;"#NULO#";"#NULO#";"#NULO#";70000050394;"BRASÍLIA ACIMA DE TUDO";"PRP / PRTB";"N";4393;"Válido";4393;4;"NÃO ELEITO"
"13/11/2024";"10:56:11";2018;2;"Eleição Ordinária";1;297;"ELEIÇÕES GERAIS ESTADUAIS 2018";"07/10/2018";"E";"DF";"DF";"DISTRITO FEDERAL";97012;"BRASÍLIA";15;5;"Senador";70000610832;133;"MARCELO DA COSTA PINTO NEVES";"MARCELO NEVES";"#NULO#";12;"APTO";2;"DEFERIDO";-3;"#NE";-3;"#NE";-3;"#NE";"PARTIDO ISOLADO";13;"PT";"Partido dos Trabalhadores";-1;"#NULO#";"#NULO#";"#NULO#";70000050289;"PARTIDO ISOLADO";"PT";"N";4855;"Válido";4855;4;"NÃO ELEITO"
"13/11/2024";"10:56:11";2018;2;"Eleição Ordinária";1;297;"ELEIÇÕES GERAIS ESTADUAIS 2018";"07/10/2018";"E";"DF";"DF";"DISTRITO FEDERAL";97012;"BRASÍLIA";5;5;"Senador";70000610832;133;"MARCELO DA COSTA PINTO NEVES";"MARCELO NEVES";"#NULO#";12;"APTO";2;"DEFERIDO";-3;"#NE";-3;"#NE";-3;"#NE";"PARTIDO ISOLADO";13;"PT";"Partido dos Trabalhadores";-1;"#NULO#";"#NULO#";"#NULO#";70000050289;"PARTIDO ISOLADO";"PT";"N";4908;"Válido";4908;4;"NÃO ELEITO"
"13/11/2024";"10:56:11";2018;2;"Eleição Ordinária";1;297;"ELEIÇÕES GERAIS ESTADUAIS 2018";"07/10/2018";"E";"DF";"DF";"DISTRITO FEDERAL";97012;"BRASÍLIA";8;5;"Senador";70000610832;133;"MARCELO DA COSTA PINTO NEVES";"MARCELO NEVES";"#NULO#";12;"APTO";2;"DEFERIDO";-3;"#NE";-3;"#NE";-3;"#NE";"PARTIDO ISOLADO";13;"PT";"Partido dos Trabalhadores";-1;"#NULO#";"#NULO#";"#NULO#";70000050289;"PARTIDO ISOLADO";"PT";"N";4585;"Válido";4585;4;"NÃO ELEITO"
"13/11/2024";"10:56:11";2018;2;"Eleição Ordinária";1;297;"ELEIÇÕES GERAIS ESTADUAIS 2018";"07/10/2018";"E";"DF";"DF";"DISTRITO FEDERAL";97012;"BRASÍLIA";2;5;"Senador";70000610832;133;"MARCELO DA COSTA PINTO NEVES";"MARCELO NEVES";"#NULO#";12;"APTO";2;"DEFERIDO";-3;"#NE";-3;"#NE";-3;"#NE";"PARTIDO ISOLADO";13;"PT";"Partido dos Trabalhadores";-1;"#NULO#";"#NULO#";"#NULO#";70000050289;"PARTIDO ISOLADO";"PT";"N";3738;"Válido";3738;4;"NÃO ELEITO"
"13/11/2024";"10:56:11";2018;2;"Eleição Ordinária";1;297;"ELEIÇÕES GERAIS ESTADUAIS 2018";"07/10/2018";"E";"DF";"DF";"DISTRITO FEDERAL";97012;"BRASÍLIA";10;5;"Senador";70000610832;133;"MARCELO DA COSTA PINTO NEVES";"MARCELO NEVES";"#NULO#";12;"APTO";2;"DEFERIDO";-3;"#NE";-3;"#NE";-3;"#NE";"PARTIDO ISOLADO";13;"PT";"Partido dos Trabalhadores";-1;"#NULO#";"#NULO#";"#NULO#";70000050289;"PARTIDO ISOLADO";"PT";"N";3674;"Válido";3674;4;"NÃO ELEITO"
"13/11/2024";"10:56:11";2018;2;"Eleição Ordinária";1;297;"ELEIÇÕES GERAIS ESTADUAIS 2018";"07/10/2018";"E";"DF";"DF";"DISTRITO FEDERAL";97012;"BRASÍLIA";14;5;"Senador";70000610832;133;"MARCELO DA COSTA PINTO NEVES";"MARCELO NEVES";"#NULO#";12;"APTO";2;"DEFERIDO";-3;"#NE";-3;"#NE";-3;"#NE";"PARTIDO ISOLADO";13;"PT";"Partido dos Trabalhadores";-1;"#NULO#";"#NULO#";"#NULO#";70000050289;"PARTIDO ISOLADO";"PT";"N";4854;"Válido";4854;4;"NÃO ELEITO"
"13/11/2024";"10:56:11";2018;2;"Eleição Ordinária";1;297;"ELEIÇÕES GERAIS ESTADUAIS 2018";"07/10/2018";"E";"DF";"DF";"DISTRITO FEDERAL";97012;"BRASÍLIA";3;5;"Senador";70000610832;133;"MARCELO DA COSTA PINTO NEVES";"MARCELO NEVES";"#NULO#";12;"APTO";2;"DEFERIDO";-3;"#NE";-3;"#NE";-3;"#NE";"PARTIDO ISOLADO";13;"PT";"Partido dos Trabalhadores";-1;"#NULO#";"#NULO#";"#NULO#";70000050289;"PARTIDO ISOLADO";"PT";"N";2379;"Válido";2379;4;"NÃO ELEITO"
"13/11/2024";"10:56:11";2018;2;"Eleição Ordinária";1;297;"ELEIÇÕES GERAIS ESTADUAIS 2018";"07/10/2018";"E";"DF";"DF";"DISTRITO FEDERAL";97012;"BRASÍLIA";1;5;"Senador";70000610832;133;"MARCELO DA COSTA PINTO NEVES";"MARCELO NEVES";"#NULO#";12;"APTO";2;"DEFERIDO";-3;"#NE";-3;"#NE";-3;"#NE";"PARTIDO ISOLADO";13;"PT";"Partido dos Trabalhadores";-1;"#NULO#";"#NULO#";"#NULO#";70000050289;"PARTIDO ISOLADO";"PT";"N";3052;"Válido";3052;4;"NÃO ELEITO"
"13/11/2024";"10:56:11";2018;2;"Eleição Ordinária";1;297;"ELEIÇÕES GERAIS ESTADUAIS 2018";"07/10/2018";"E";"DF";"DF";"DISTRITO FEDERAL";97012;"BRASÍLIA";20;5;"Senador";70000610832;133;"MARCELO DA COSTA PINTO NEVES";"MARCELO NEVES";"#NULO#";12;"APTO";2;"DEFERIDO";-3;"#NE";-3;"#NE";-3;"#NE";"PARTIDO ISOLADO";13;"PT";"Partido dos Trabalhadores";-1;"#NULO#";"#NULO#";"#NULO#";70000050289;"PARTIDO ISOLADO";"PT";"N";2812;"Válido";2812;4;"NÃO ELEITO"
"13/11/2024";"10:56:11";2018;2;"Eleição Ordinária";1;297;"ELEIÇÕES GERAIS ESTADUAIS 2018";"07/10/2018";"E";"DF";"DF";"DISTRITO FEDERAL";97012;"BRASÍLIA";6;5;"Senador";70000610832;133;"MARCELO DA COSTA PINTO NEVES";"MARCELO NEVES";"#NULO#";12;"APTO";2;"DEFERIDO";-3;"#NE";-3;"#NE";-3;"#NE";"PARTIDO ISOLADO";13;"PT";"Partido dos Trabalhadores";-1;"#NULO#";"#NULO#";"#NULO#";70000050289;"PARTIDO ISOLADO";"PT";"N";4523;"Válido";4523;4;"NÃO ELEITO"
"13/11/2024";"10:56:11";2018;2;"Eleição Ordinária";1;297;"ELEIÇÕES GERAIS ESTADUAIS 2018";"07/10/2018";"E";"DF";"DF";"DISTRITO FEDERAL";97012;"BRASÍLIA";11;5;"Senador";70000610832;133;"MARCELO DA COSTA PINTO NEVES";"MARCELO NEVES";"#NULO#";12;"APTO";2;"DEFERIDO";-3;"#NE";-3;"#NE";-3;"#NE";"PARTIDO ISOLADO";13;"PT";"Partido dos Trabalhadores";-1;"#NULO#";"#NULO#";"#NULO#";70000050289;"PARTIDO ISOLADO";"PT";"N";2524;"Válido";2524;4;"NÃO ELEITO"
"13/11/2024";"10:56:11";2018;2;"Eleição Ordinária";1;297;"ELEIÇÕES GERAIS ESTADUAIS 2018";"07/10/2018";"E";"DF";"DF";"DISTRITO FEDERAL";97012;"BRASÍLIA";19;5;"Senador";70000610832;133;"MARCELO DA COSTA PINTO NEVES";"MARCELO NEVES";"#NULO#";12;"APTO";2;"DEFERIDO";-3;"#NE";-3;"#NE";-3;"#NE";"PARTIDO ISOLADO";13;"PT";"Partido dos Trabalhadores";-1;"#NULO#";"#NULO#";"#NULO#";70000050289;"PARTIDO ISOLADO";"PT";"N";3132;"Válido";3132;4;"NÃO ELEITO"
"13/11/2024";"10:56:11";2018;2;"Eleição Ordinária";1;297;"ELEIÇÕES GERAIS ESTADUAIS 2018";"07/10/2018";"E";"DF";"DF";"DISTRITO FEDERAL";97012;"BRASÍLIA";21;5;"Senador";70000610832;133;"MARCELO DA COSTA PINTO NEVES";"MARCELO NEVES";"#NULO#";12;"APTO";2;"DEFERIDO";-3;"#NE";-3;"#NE";-3;"#NE";"PARTIDO ISOLADO";13;"PT";"Partido dos Trabalhadores";-1;"#NULO#";"#NULO#";"#NULO#";70000050289;"PARTIDO ISOLADO";"PT";"N";3415;"Válido";3415;4;"NÃO ELEITO"
"13/11/2024";"10:56:11";2018;2;"Eleição Ordinária";1;297;"ELEIÇÕES GERAIS ESTADUAIS 2018";"07/10/2018";"E";"DF";"DF";"DISTRITO FEDERAL";97012;"BRASÍLIA";4;5;"Senador";70000610832;133;"MARCELO DA COSTA PINTO NEVES";"MARCELO NEVES";"#NULO#";12;"APTO";2;"DEFERIDO";-3;"#NE";-3;"#NE";-3;"#NE";"PARTIDO ISOLADO";13;"PT";"Partido dos Trabalhadores";-1;"#NULO#";"#NULO#";"#NULO#";70000050289;"PARTIDO ISOLADO";"PT";"N";2900;"Válido";2900;4;"NÃO ELEITO"
"13/11/2024";"10:56:11";2018;2;"Eleição Ordinária";1;297;"ELEIÇÕES GERAIS ESTADUAIS 2018";"07/10/2018";"E";"DF";"DF";"DISTRITO FEDERAL";97012;"BRASÍLIA";17;5;"Senador";70000610832;133;"MARCELO DA COSTA PINTO NEVES";"MARCELO NEVES";"#NULO#";12;"APTO";2;"DEFERIDO";-3;"#NE";-3;"#NE";-3;"#NE";"PARTIDO ISOLADO";13;"PT";"Partido dos Trabalhadores";-1;"#NULO#";"#NULO#";"#NULO#";70000050289;"PARTIDO ISOLADO";"PT";"N";5414;"Válido";5414;4;"NÃO ELEITO"
"13/11/2024";"10:56:11";2018;2;"Eleição Ordinária";1;297;"ELEIÇÕES GERAIS ESTADUAIS 2018";"07/10/2018";"E";"DF";"DF";"DISTRITO FEDERAL";97012;"BRASÍLIA";13;5;"Senador";70000610832;133;"MARCELO DA COSTA PINTO NEVES";"MARCELO NEVES";"#NULO#";12;"APTO";2;"DEFERIDO";-3;"#NE";-3;"#NE";-3;"#NE";"PARTIDO ISOLADO";13;"PT";"Partido dos Trabalhadores";-1;"#NULO#";"#NULO#";"#NULO#";70000050289;"PARTIDO ISOLADO";"PT";"N";3634;"Válido";3634;4;"NÃO ELEITO"
"13/11/2024";"10:56:11";2018;2;"Eleição Ordinária";1;297;"ELEIÇÕES GERAIS ESTADUAIS 2018";"07/10/2018";"E";"DF";"DF";"DISTRITO FEDERAL";97012;"BRASÍLIA";16;5;"Senador";70000610832;133;"MARCELO DA COSTA PINTO NEVES";"MARCELO NEVES";"#NULO#";12;"APTO";2;"DEFERIDO";-3;"#NE";-3;"#NE";-3;"#NE";"PARTIDO ISOLADO";13;"PT";"Partido dos Trabalhadores";-1;"#NULO#";"#NULO#";"#NULO#";70000050289;"PARTIDO ISOLADO";"PT";"N";4716;"Válido";4716;4;"NÃO ELEITO"
"13/11/2024";"10:56:11";2018;2;"Eleição Ordinária";1;297;"ELEIÇÕES GERAIS ESTADUAIS 2018";"07/10/2018";"E";"DF";"DF";"DISTRITO FEDERAL";97012;"BRASÍLIA";9;5;"Senador";70000610832;133;"MARCELO DA COSTA PINTO NEVES";"MARCELO NEVES";"#NULO#";12;"APTO";2;"DEFERIDO";-3;"#NE";-3;"#NE";-3;"#NE";"PARTIDO ISOLADO";13;"PT";"Partido dos Trabalhadores";-1;"#NULO#";"#NULO#";"#NULO#";70000050289;"PARTIDO ISOLADO";"PT";"N";4540;"Válido";4540;4;"NÃO ELEITO"
"13/11/2024";"10:56:11";2018;2;"Eleição Ordinária";1;297;"ELEIÇÕES GERAIS ESTADUAIS 2018";"07/10/2018";"E";"DF";"DF";"DISTRITO FEDERAL";97012;"BRASÍLIA";18;5;"Senador";70000610832;133;"MARCELO DA COSTA PINTO NEVES";"MARCELO NEVES";"#NULO#";12;"APTO";2;"DEFERIDO";-3;"#NE";-3;"#NE";-3;"#NE";"PARTIDO ISOLADO";13;"PT";"Partido dos Trabalhadores";-1;"#NULO#";"#NULO#";"#NULO#";70000050289;"PARTIDO ISOLADO";"PT";"N";4098;"Válido";4098;4;"NÃO ELEITO"
"13/11/2024";"10:56:11";2018;2;"Eleição Ordinária";1;297;"ELEIÇÕES GERAIS ESTADUAIS 2018";"07/10/2018";"E";"DF";"DF";"DISTRITO FEDERAL";97012;"BRASÍLIA";16;5;"Senador";70000615014;281;"ATILA MAIA DA ROCHA";"BRIGADEIRO ATILA MAIA";"#NULO#";12;"APTO";2;"DEFERIDO";-3;"#NE";-3;"#NE";-3;"#NE";"COLIGAÇÃO";28;"PRTB";"Partido Renovador Trabalhista Brasileiro";-1;"#NULO#";"#NULO#";"#NULO#";70000050394;"BRASÍLIA ACIMA DE TUDO";"PRP / PRTB";"N";6383;"Válido";6383;4;"NÃO ELEITO"
"13/11/2024";"10:56:11";2018;2;"Eleição Ordinária";1;297;"ELEIÇÕES GERAIS ESTADUAIS 2018";"07/10/2018";"E";"DF";"DF";"DISTRITO FEDERAL";97012;"BRASÍLIA";9;5;"Senador";70000615014;281;"ATILA MAIA DA ROCHA";"BRIGADEIRO ATILA MAIA";"#NULO#";12;"APTO";2;"DEFERIDO";-3;"#NE";-3;"#NE";-3;"#NE";"COLIGAÇÃO";28;"PRTB";"Partido Renovador Trabalhista Brasileiro";-1;"#NULO#";"#NULO#";"#NULO#";70000050394;"BRASÍLIA ACIMA DE TUDO";"PRP / PRTB";"N";9050;"Válido";9050;4;"NÃO ELEITO"
"13/11/2024";"10:56:11";2018;2;"Eleição Ordinária";1;297;"ELEIÇÕES GERAIS ESTADUAIS 2018";"07/10/2018";"E";"DF";"DF";"DISTRITO FEDERAL";97012;"BRASÍLIA";20;5;"Senador";70000615014;281;"ATILA MAIA DA ROCHA";"BRIGADEIRO ATILA MAIA";"#NULO#";12;"APTO";2;"DEFERIDO";-3;"#NE";-3;"#NE";-3;"#NE";"COLIGAÇÃO";28;"PRTB";"Partido Renovador Trabalhista Brasileiro";-1;"#NULO#";"#NULO#";"#NULO#";70000050394;"BRASÍLIA ACIMA DE TUDO";"PRP / PRTB";"N";4144;"Válido";4144;4;"NÃO ELEITO"
"13/11/2024";"10:56:11";2018;2;"Eleição Ordinária";1;297;"ELEIÇÕES GERAIS ESTADUAIS 2018";"07/10/2018";"E";"DF";"DF";"DISTRITO FEDERAL";97012;"BRASÍLIA";14;5;"Senador";70000615014;281;"ATILA MAIA DA ROCHA";"BRIGADEIRO ATILA MAIA";"#NULO#";12;"APTO";2;"DEFERIDO";-3;"#NE";-3;"#NE";-3;"#NE";"COLIGAÇÃO";28;"PRTB";"Partido Renovador Trabalhista Brasileiro";-1;"#NULO#";"#NULO#";"#NULO#";70000050394;"BRASÍLIA ACIMA DE TUDO";"PRP / PRTB";"N";9937;"Válido";9937;4;"NÃO ELEITO"
"13/11/2024";"10:56:11";2018;2;"Eleição Ordinária";1;297;"ELEIÇÕES GERAIS ESTADUAIS 2018";"07/10/2018";"E";"DF";"DF";"DISTRITO FEDERAL";97012;"BRASÍLIA";10;5;"Senador";70000615014;281;"ATILA MAIA DA ROCHA";"BRIGADEIRO ATILA MAIA";"#NULO#";12;"APTO";2;"DEFERIDO";-3;"#NE";-3;"#NE";-3;"#NE";"COLIGAÇÃO";28;"PRTB";"Partido Renovador Trabalhista Brasileiro";-1;"#NULO#";"#NULO#";"#NULO#";70000050394;"BRASÍLIA ACIMA DE TUDO";"PRP / PRTB";"N";7609;"Válido";7609;4;"NÃO ELEITO"
"13/11/2024";"10:56:11";2018;2;"Eleição Ordinária";1;297;"ELEIÇÕES GERAIS ESTADUAIS 2018";"07/10/2018";"E";"DF";"DF";"DISTRITO FEDERAL";97012;"BRASÍLIA";5;5;"Senador";70000615014;281;"ATILA MAIA DA ROCHA";"BRIGADEIRO ATILA MAIA";"#NULO#";12;"APTO";2;"DEFERIDO";-3;"#NE";-3;"#NE";-3;"#NE";"COLIGAÇÃO";28;"PRTB";"Partido Renovador Trabalhista Brasileiro";-1;"#NULO#";"#NULO#";"#NULO#";70000050394;"BRASÍLIA ACIMA DE TUDO";"PRP / PRTB";"N";8530;"Válido";8530;4;"NÃO ELEITO"
"13/11/2024";"10:56:11";2018;2;"Eleição Ordinária";1;297;"ELEIÇÕES GERAIS ESTADUAIS 2018";"07/10/2018";"E";"DF";"DF";"DISTRITO FEDERAL";97012;"BRASÍLIA";2;5;"Senador";70000615014;281;"ATILA MAIA DA ROCHA";"BRIGADEIRO ATILA MAIA";"#NULO#";12;"APTO";2;"DEFERIDO";-3;"#NE";-3;"#NE";-3;"#NE";"COLIGAÇÃO";28;"PRTB";"Partido Renovador Trabalhista Brasileiro";-1;"#NULO#";"#NULO#";"#NULO#";70000050394;"BRASÍLIA ACIMA DE TUDO";"PRP / PRTB";"N";5457;"Válido";5457;4;"NÃO ELEITO"
"13/11/2024";"10:56:11";2018;2;"Eleição Ordinária";1;297;"ELEIÇÕES GERAIS ESTADUAIS 2018";"07/10/2018";"E";"DF";"DF";"DISTRITO FEDERAL";97012;"BRASÍLIA";3;5;"Senador";70000615014;281;"ATILA MAIA DA ROCHA";"BRIGADEIRO ATILA MAIA";"#NULO#";12;"APTO";2;"DEFERIDO";-3;"#NE";-3;"#NE";-3;"#NE";"COLIGAÇÃO";28;"PRTB";"Partido Renovador Trabalhista Brasileiro";-1;"#NULO#";"#NULO#";"#NULO#";70000050394;"BRASÍLIA ACIMA DE TUDO";"PRP / PRTB";"N";4852;"Válido";4852;4;"NÃO ELEITO"
"13/11/2024";"10:56:11";2018;2;"Eleição Ordinária";1;297;"ELEIÇÕES GERAIS ESTADUAIS 2018";"07/10/2018";"E";"DF";"DF";"DISTRITO FEDERAL";97012;"BRASÍLIA";18;5;"Senador";70000615014;281;"ATILA MAIA DA ROCHA";"BRIGADEIRO ATILA MAIA";"#NULO#";12;"APTO";2;"DEFERIDO";-3;"#NE";-3;"#NE";-3;"#NE";"COLIGAÇÃO";28;"PRTB";"Partido Renovador Trabalhista Brasileiro";-1;"#NULO#";"#NULO#";"#NULO#";70000050394;"BRASÍLIA ACIMA DE TUDO";"PRP / PRTB";"N";6817;"Válido";6817;4;"NÃO ELEITO"
"13/11/2024";"10:56:11";2018;2;"Eleição Ordinária";1;297;"ELEIÇÕES GERAIS ESTADUAIS 2018";"07/10/2018";"E";"DF";"DF";"DISTRITO FEDERAL";97012;"BRASÍLIA";17;5;"Senador";70000615014;281;"ATILA MAIA DA ROCHA";"BRIGADEIRO ATILA MAIA";"#NULO#";12;"APTO";2;"DEFERIDO";-3;"#NE";-3;"#NE";-3;"#NE";"COLIGAÇÃO";28;"PRTB";"Partido Renovador Trabalhista Brasileiro";-1;"#NULO#";"#NULO#";"#NULO#";70000050394;"BRASÍLIA ACIMA DE TUDO";"PRP / PRTB";"N";7851;"Válido";7851;4;"NÃO ELEITO"
"13/11/2024";"10:56:11";2018;2;"Eleição Ordinária";1;297;"ELEIÇÕES GERAIS ESTADUAIS 2018";"07/10/2018";"E";"DF";"DF";"DISTRITO FEDERAL";97012;"BRASÍLIA";1;5;"Senador";70000615014;281;"ATILA MAIA DA ROCHA";"BRIGADEIRO ATILA MAIA";"#NULO#";12;"APTO";2;"DEFERIDO";-3;"#NE";-3;"#NE";-3;"#NE";"COLIGAÇÃO";28;"PRTB";"Partido Renovador Trabalhista Brasileiro";-1;"#NULO#";"#NULO#";"#NULO#";70000050394;"BRASÍLIA ACIMA DE TUDO";"PRP / PRTB";"N";6813;"Válido";6813;4;"NÃO ELEITO"
"13/11/2024";"10:56:11";2018;2;"Eleição Ordinária";1;297;"ELEIÇÕES GERAIS ESTADUAIS 2018";"07/10/2018";"E";"DF";"DF";"DISTRITO FEDERAL";97012;"BRASÍLIA";19;5;"Senador";70000615014;281;"ATILA MAIA DA ROCHA";"BRIGADEIRO ATILA MAIA";"#NULO#";12;"APTO";2;"DEFERIDO";-3;"#NE";-3;"#NE";-3;"#NE";"COLIGAÇÃO";28;"PRTB";"Partido Renovador Trabalhista Brasileiro";-1;"#NULO#";"#NULO#";"#NULO#";70000050394;"BRASÍLIA ACIMA DE TUDO";"PRP / PRTB";"N";7686;"Válido";7686;4;"NÃO ELEITO"
"13/11/2024";"10:56:11";2018;2;"Eleição Ordinária";1;297;"ELEIÇÕES GERAIS ESTADUAIS 2018";"07/10/2018";"E";"DF";"DF";"DISTRITO FEDERAL";97012;"BRASÍLIA";21;5;"Senador";70000615014;281;"ATILA MAIA DA ROCHA";"BRIGADEIRO ATILA MAIA";"#NULO#";12;"APTO";2;"DEFERIDO";-3;"#NE";-3;"#NE";-3;"#NE";"COLIGAÇÃO";28;"PRTB";"Partido Renovador Trabalhista Brasileiro";-1;"#NULO#";"#NULO#";"#NULO#";70000050394;"BRASÍLIA ACIMA DE TUDO";"PRP / PRTB";"N";5468;"Válido";5468;4;"NÃO ELEITO"
"13/11/2024";"10:56:11";2018;2;"Eleição Ordinária";1;297;"ELEIÇÕES GERAIS ESTADUAIS 2018";"07/10/2018";"E";"DF";"DF";"DISTRITO FEDERAL";97012;"BRASÍLIA";6;5;"Senador";70000615014;281;"ATILA MAIA DA ROCHA";"BRIGADEIRO ATILA MAIA";"#NULO#";12;"APTO";2;"DEFERIDO";-3;"#NE";-3;"#NE";-3;"#NE";"COLIGAÇÃO";28;"PRTB";"Partido Renovador Trabalhista Brasileiro";-1;"#NULO#";"#NULO#";"#NULO#";70000050394;"BRASÍLIA ACIMA DE TUDO";"PRP / PRTB";"N";5630;"Válido";5630;4;"NÃO ELEITO"
"13/11/2024";"10:56:11";2018;2;"Eleição Ordinária";1;297;"ELEIÇÕES GERAIS ESTADUAIS 2018";"07/10/2018";"E";"DF";"DF";"DISTRITO FEDERAL";97012;"BRASÍLIA";13;5;"Senador";70000615014;281;"ATILA MAIA DA ROCHA";"BRIGADEIRO ATILA MAIA";"#NULO#";12;"APTO";2;"DEFERIDO";-3;"#NE";-3;"#NE";-3;"#NE";"COLIGAÇÃO";28;"PRTB";"Partido Renovador Trabalhista Brasileiro";-1;"#NULO#";"#NULO#";"#NULO#";70000050394;"BRASÍLIA ACIMA DE TUDO";"PRP / PRTB";"N";7294;"Válido";7294;4;"NÃO ELEITO"
"13/11/2024";"10:56:11";2018;2;"Eleição Ordinária";1;297;"ELEIÇÕES GERAIS ESTADUAIS 2018";"07/10/2018";"E";"DF";"DF";"DISTRITO FEDERAL";97012;"BRASÍLIA";4;5;"Senador";70000615014;281;"ATILA MAIA DA ROCHA";"BRIGADEIRO ATILA MAIA";"#NULO#";12;"APTO";2;"DEFERIDO";-3;"#NE";-3;"#NE";-3;"#NE";"COLIGAÇÃO";28;"PRTB";"Partido Renovador Trabalhista Brasileiro";-1;"#NULO#";"#NULO#";"#NULO#";70000050394;"BRASÍLIA ACIMA DE TUDO";"PRP / PRTB";"N";5322;"Válido";5322;4;"NÃO ELEITO"
"13/11/2024";"10:56:11";2018;2;"Eleição Ordinária";1;297;"ELEIÇÕES GERAIS ESTADUAIS 2018";"07/10/2018";"E";"DF";"DF";"DISTRITO FEDERAL";97012;"BRASÍLIA";8;5;"Senador";70000615014;281;"ATILA MAIA DA ROCHA";"BRIGADEIRO ATILA MAIA";"#NULO#";12;"APTO";2;"DEFERIDO";-3;"#NE";-3;"#NE";-3;"#NE";"COLIGAÇÃO";28;"PRTB";"Partido Renovador Trabalhista Brasileiro";-1;"#NULO#";"#NULO#";"#NULO#";70000050394;"BRASÍLIA ACIMA DE TUDO";"PRP / PRTB";"N";6932;"Válido";6932;4;"NÃO ELEITO"
"13/11/2024";"10:56:11";2018;2;"Eleição Ordinária";1;297;"ELEIÇÕES GERAIS ESTADUAIS 2018";"07/10/2018";"E";"DF";"DF";"DISTRITO FEDERAL";97012;"BRASÍLIA";15;5;"Senador";70000615014;281;"ATILA MAIA DA ROCHA";"BRIGADEIRO ATILA MAIA";"#NULO#";12;"APTO";2;"DEFERIDO";-3;"#NE";-3;"#NE";-3;"#NE";"COLIGAÇÃO";28;"PRTB";"Partido Renovador Trabalhista Brasileiro";-1;"#NULO#";"#NULO#";"#NULO#";70000050394;"BRASÍLIA ACIMA DE TUDO";"PRP / PRTB";"N";12273;"Válido";12273;4;"NÃO ELEITO"
"13/11/2024";"10:56:11";2018;2;"Eleição Ordinária";1;297;"ELEIÇÕES GERAIS ESTADUAIS 2018";"07/10/2018";"E";"DF";"DF";"DISTRITO FEDERAL";97012;"BRASÍLIA";11;5;"Senador";70000615014;281;"ATILA MAIA DA ROCHA";"BRIGADEIRO ATILA MAIA";"#NULO#";12;"APTO";2;"DEFERIDO";-3;"#NE";-3;"#NE";-3;"#NE";"COLIGAÇÃO";28;"PRTB";"Partido Renovador Trabalhista Brasileiro";-1;"#NULO#";"#NULO#";"#NULO#";70000050394;"BRASÍLIA ACIMA DE TUDO";"PRP / PRTB";"N";7525;"Válido";7525;4;"NÃO ELEITO"
"13/11/2024";"10:56:11";2018;2;"Eleição Ordinária";1;297;"ELEIÇÕES GERAIS ESTADUAIS 2018";"07/10/2018";"E";"DF";"DF";"DISTRITO FEDERAL";97012;"BRASÍLIA";6;3;"Governador";70000614515;15;"IBANEIS ROCHA BARROS JUNIOR";"IBANEIS";"#NULO#";12;"APTO";2;"DEFERIDO";-3;"#NE";-3;"#NE";-3;"#NE";"COLIGAÇÃO";15;"MDB";"Movimento Democrático Brasileiro";-1;"#NULO#";"#NULO#";"#NULO#";70000050385;"PRA FAZER A DIFERENÇA";"MDB / PP / AVANTE / PSL / PPL";"N";43956;"Válido";43956;6;"2º TURNO"
"13/11/2024";"10:56:11";2018;2;"Eleição Ordinária";1;297;"ELEIÇÕES GERAIS ESTADUAIS 2018";"07/10/2018";"E";"DF";"DF";"DISTRITO FEDERAL";97012;"BRASÍLIA";2;3;"Governador";70000614515;15;"IBANEIS ROCHA BARROS JUNIOR";"IBANEIS";"#NULO#";12;"APTO";2;"DEFERIDO";-3;"#NE";-3;"#NE";-3;"#NE";"COLIGAÇÃO";15;"MDB";"Movimento Democrático Brasileiro";-1;"#NULO#";"#NULO#";"#NULO#";70000050385;"PRA FAZER A DIFERENÇA";"MDB / PP / AVANTE / PSL / PPL";"N";28623;"Válido";28623;6;"2º TURNO"
"13/11/2024";"10:56:11";2018;2;"Eleição Ordinária";1;297;"ELEIÇÕES GERAIS ESTADUAIS 2018";"07/10/2018";"E";"DF";"DF";"DISTRITO FEDERAL";97012;"BRASÍLIA";11;3;"Governador";70000614515;15;"IBANEIS ROCHA BARROS JUNIOR";"IBANEIS";"#NULO#";12;"APTO";2;"DEFERIDO";-3;"#NE";-3;"#NE";-3;"#NE";"COLIGAÇÃO";15;"MDB";"Movimento Democrático Brasileiro";-1;"#NULO#";"#NULO#";"#NULO#";70000050385;"PRA FAZER A DIFERENÇA";"MDB / PP / AVANTE / PSL / PPL";"N";16223;"Válido";16223;6;"2º TURNO"
"13/11/2024";"10:56:11";2018;2;"Eleição Ordinária";1;297;"ELEIÇÕES GERAIS ESTADUAIS 2018";"07/10/2018";"E";"DF";"DF";"DISTRITO FEDERAL";97012;"BRASÍLIA";15;3;"Governador";70000614515;15;"IBANEIS ROCHA BARROS JUNIOR";"IBANEIS";"#NULO#";12;"APTO";2;"DEFERIDO";-3;"#NE";-3;"#NE";-3;"#NE";"COLIGAÇÃO";15;"MDB";"Movimento Democrático Brasileiro";-1;"#NULO#";"#NULO#";"#NULO#";70000050385;"PRA FAZER A DIFERENÇA";"MDB / PP / AVANTE / PSL / PPL";"N";40622;"Válido";40622;6;"2º TURNO"
"13/11/2024";"10:56:11";2018;2;"Eleição Ordinária";1;297;"ELEIÇÕES GERAIS ESTADUAIS 2018";"07/10/2018";"E";"DF";"DF";"DISTRITO FEDERAL";97012;"BRASÍLIA";17;3;"Governador";70000614515;15;"IBANEIS ROCHA BARROS JUNIOR";"IBANEIS";"#NULO#";12;"APTO";2;"DEFERIDO";-3;"#NE";-3;"#NE";-3;"#NE";"COLIGAÇÃO";15;"MDB";"Movimento Democrático Brasileiro";-1;"#NULO#";"#NULO#";"#NULO#";70000050385;"PRA FAZER A DIFERENÇA";"MDB / PP / AVANTE / PSL / PPL";"N";37944;"Válido";37944;6;"2º TURNO"
"13/11/2024";"10:56:11";2018;2;"Eleição Ordinária";1;297;"ELEIÇÕES GERAIS ESTADUAIS 2018";"07/10/2018";"E";"DF";"DF";"DISTRITO FEDERAL";97012;"BRASÍLIA";16;3;"Governador";70000614515;15;"IBANEIS ROCHA BARROS JUNIOR";"IBANEIS";"#NULO#";12;"APTO";2;"DEFERIDO";-3;"#NE";-3;"#NE";-3;"#NE";"COLIGAÇÃO";15;"MDB";"Movimento Democrático Brasileiro";-1;"#NULO#";"#NULO#";"#NULO#";70000050385;"PRA FAZER A DIFERENÇA";"MDB / PP / AVANTE / PSL / PPL";"N";51189;"Válido";51189;6;"2º TURNO"
"13/11/2024";"10:56:11";2018;2;"Eleição Ordinária";1;297;"ELEIÇÕES GERAIS ESTADUAIS 2018";"07/10/2018";"E";"DF";"DF";"DISTRITO FEDERAL";97012;"BRASÍLIA";10;3;"Governador";70000614515;15;"IBANEIS ROCHA BARROS JUNIOR";"IBANEIS";"#NULO#";12;"APTO";2;"DEFERIDO";-3;"#NE";-3;"#NE";-3;"#NE";"COLIGAÇÃO";15;"MDB";"Movimento Democrático Brasileiro";-1;"#NULO#";"#NULO#";"#NULO#";70000050385;"PRA FAZER A DIFERENÇA";"MDB / PP / AVANTE / PSL / PPL";"N";36083;"Válido";36083;6;"2º TURNO"
"13/11/2024";"10:56:11";2018;2;"Eleição Ordinária";1;297;"ELEIÇÕES GERAIS ESTADUAIS 2018";"07/10/2018";"E";"DF";"DF";"DISTRITO FEDERAL";97012;"BRASÍLIA";18;3;"Governador";70000614515;15;"IBANEIS ROCHA BARROS JUNIOR";"IBANEIS";"#NULO#";12;"APTO";2;"DEFERIDO";-3;"#NE";-3;"#NE";-3;"#NE";"COLIGAÇÃO";15;"MDB";"Movimento Democrático Brasileiro";-1;"#NULO#";"#NULO#";"#NULO#";70000050385;"PRA FAZER A DIFERENÇA";"MDB / PP / AVANTE / PSL / PPL";"N";32758;"Válido";32758;6;"2º TURNO"
"13/11/2024";"10:56:11";2018;2;"Eleição Ordinária";1;297;"ELEIÇÕES GERAIS ESTADUAIS 2018";"07/10/2018";"E";"DF";"DF";"DISTRITO FEDERAL";97012;"BRASÍLIA";4;3;"Governador";70000614515;15;"IBANEIS ROCHA BARROS JUNIOR";"IBANEIS";"#NULO#";12;"APTO";2;"DEFERIDO";-3;"#NE";-3;"#NE";-3;"#NE";"COLIGAÇÃO";15;"MDB";"Movimento Democrático Brasileiro";-1;"#NULO#";"#NULO#";"#NULO#";70000050385;"PRA FAZER A DIFERENÇA";"MDB / PP / AVANTE / PSL / PPL";"N";31332;"Válido";31332;6;"2º TURNO"
"13/11/2024";"10:56:11";2018;2;"Eleição Ordinária";1;297;"ELEIÇÕES GERAIS ESTADUAIS 2018";"07/10/2018";"E";"DF";"DF";"DISTRITO FEDERAL";97012;"BRASÍLIA";13;3;"Governador";70000614515;15;"IBANEIS ROCHA BARROS JUNIOR";"IBANEIS";"#NULO#";12;"APTO";2;"DEFERIDO";-3;"#NE";-3;"#NE";-3;"#NE";"COLIGAÇÃO";15;"MDB";"Movimento Democrático Brasileiro";-1;"#NULO#";"#NULO#";"#NULO#";70000050385;"PRA FAZER A DIFERENÇA";"MDB / PP / AVANTE / PSL / PPL";"N";44202;"Válido";44202;6;"2º TURNO"
"13/11/2024";"10:56:11";2018;2;"Eleição Ordinária";1;297;"ELEIÇÕES GERAIS ESTADUAIS 2018";"07/10/2018";"E";"DF";"DF";"DISTRITO FEDERAL";97012;"BRASÍLIA";19;3;"Governador";70000614515;15;"IBANEIS ROCHA BARROS JUNIOR";"IBANEIS";"#NULO#";12;"APTO";2;"DEFERIDO";-3;"#NE";-3;"#NE";-3;"#NE";"COLIGAÇÃO";15;"MDB";"Movimento Democrático Brasileiro";-1;"#NULO#";"#NULO#";"#NULO#";70000050385;"PRA FAZER A DIFERENÇA";"MDB / PP / AVANTE / PSL / PPL";"N";32110;"Válido";32110;6;"2º TURNO"
"13/11/2024";"10:56:11";2018;2;"Eleição Ordinária";1;297;"ELEIÇÕES GERAIS ESTADUAIS 2018";"07/10/2018";"E";"DF";"DF";"DISTRITO FEDERAL";97012;"BRASÍLIA";9;3;"Governador";70000614515;15;"IBANEIS ROCHA BARROS JUNIOR";"IBANEIS";"#NULO#";12;"APTO";2;"DEFERIDO";-3;"#NE";-3;"#NE";-3;"#NE";"COLIGAÇÃO";15;"MDB";"Movimento Democrático Brasileiro";-1;"#NULO#";"#NULO#";"#NULO#";70000050385;"PRA FAZER A DIFERENÇA";"MDB / PP / AVANTE / PSL / PPL";"N";36004;"Válido";36004;6;"2º TURNO"
"13/11/2024";"10:56:11";2018;2;"Eleição Ordinária";1;297;"ELEIÇÕES GERAIS ESTADUAIS 2018";"07/10/2018";"E";"DF";"DF";"DISTRITO FEDERAL";97012;"BRASÍLIA";1;3;"Governador";70000614515;15;"IBANEIS ROCHA BARROS JUNIOR";"IBANEIS";"#NULO#";12;"APTO";2;"DEFERIDO";-3;"#NE";-3;"#NE";-3;"#NE";"COLIGAÇÃO";15;"MDB";"Movimento Democrático Brasileiro";-1;"#NULO#";"#NULO#";"#NULO#";70000050385;"PRA FAZER A DIFERENÇA";"MDB / PP / AVANTE / PSL / PPL";"N";13793;"Válido";13793;6;"2º TURNO"
"13/11/2024";"10:56:11";2018;2;"Eleição Ordinária";1;297;"ELEIÇÕES GERAIS ESTADUAIS 2018";"07/10/2018";"E";"DF";"DF";"DISTRITO FEDERAL";97012;"BRASÍLIA";21;3;"Governador";70000614515;15;"IBANEIS ROCHA BARROS JUNIOR";"IBANEIS";"#NULO#";12;"APTO";2;"DEFERIDO";-3;"#NE";-3;"#NE";-3;"#NE";"COLIGAÇÃO";15;"MDB";"Movimento Democrático Brasileiro";-1;"#NULO#";"#NULO#";"#NULO#";70000050385;"PRA FAZER A DIFERENÇA";"MDB / PP / AVANTE / PSL / PPL";"N";40120;"Válido";40120;6;"2º TURNO"
"13/11/2024";"10:56:11";2018;2;"Eleição Ordinária";1;297;"ELEIÇÕES GERAIS ESTADUAIS 2018";"07/10/2018";"E";"DF";"DF";"DISTRITO FEDERAL";97012;"BRASÍLIA";14;3;"Governador";70000614515;15;"IBANEIS ROCHA BARROS JUNIOR";"IBANEIS";"#NULO#";12;"APTO";2;"DEFERIDO";-3;"#NE";-3;"#NE";-3;"#NE";"COLIGAÇÃO";15;"MDB";"Movimento Democrático Brasileiro";-1;"#NULO#";"#NULO#";"#NULO#";70000050385;"PRA FAZER A DIFERENÇA";"MDB / PP / AVANTE / PSL / PPL";"N";17394;"Válido";17394;6;"2º TURNO"
"13/11/2024";"10:56:11";2018;2;"Eleição Ordinária";1;297;"ELEIÇÕES GERAIS ESTADUAIS 2018";"07/10/2018";"E";"DF";"DF";"DISTRITO FEDERAL";97012;"BRASÍLIA";3;3;"Governador";70000614515;15;"IBANEIS ROCHA BARROS JUNIOR";"IBANEIS";"#NULO#";12;"APTO";2;"DEFERIDO";-3;"#NE";-3;"#NE";-3;"#NE";"COLIGAÇÃO";15;"MDB";"Movimento Democrático Brasileiro";-1;"#NULO#";"#NULO#";"#NULO#";70000050385;"PRA FAZER A DIFERENÇA";"MDB / PP / AVANTE / PSL / PPL";"N";23250;"Válido";23250;6;"2º TURNO"
"13/11/2024";"10:56:11";2018;2;"Eleição Ordinária";1;297;"ELEIÇÕES GERAIS ESTADUAIS 2018";"07/10/2018";"E";"DF";"DF";"DISTRITO FEDERAL";97012;"BRASÍLIA";20;3;"Governador";70000614515;15;"IBANEIS ROCHA BARROS JUNIOR";"IBANEIS";"#NULO#";12;"APTO";2;"DEFERIDO";-3;"#NE";-3;"#NE";-3;"#NE";"COLIGAÇÃO";15;"MDB";"Movimento Democrático Brasileiro";-1;"#NULO#";"#NULO#";"#NULO#";70000050385;"PRA FAZER A DIFERENÇA";"MDB / PP / AVANTE / PSL / PPL";"N";25474;"Válido";25474;6;"2º TURNO"
"13/11/2024";"10:56:11";2018;2;"Eleição Ordinária";1;297;"ELEIÇÕES GERAIS ESTADUAIS 2018";"07/10/2018";"E";"DF";"DF";"DISTRITO FEDERAL";97012;"BRASÍLIA";5;3;"Governador";70000614515;15;"IBANEIS ROCHA BARROS JUNIOR";"IBANEIS";"#NULO#";12;"APTO";2;"DEFERIDO";-3;"#NE";-3;"#NE";-3;"#NE";"COLIGAÇÃO";15;"MDB";"Movimento Democrático Brasileiro";-1;"#NULO#";"#NULO#";"#NULO#";70000050385;"PRA FAZER A DIFERENÇA";"MDB / PP / AVANTE / PSL / PPL";"N";38855;"Válido";38855;6;"2º TURNO"
"13/11/2024";"10:56:11";2018;2;"Eleição Ordinária";1;297;"ELEIÇÕES GERAIS ESTADUAIS 2018";"07/10/2018";"E";"DF";"DF";"DISTRITO FEDERAL";97012;"BRASÍLIA";8;3;"Governador";70000614515;15;"IBANEIS ROCHA BARROS JUNIOR";"IBANEIS";"#NULO#";12;"APTO";2;"DEFERIDO";-3;"#NE";-3;"#NE";-3;"#NE";"COLIGAÇÃO";15;"MDB";"Movimento Democrático Brasileiro";-1;"#NULO#";"#NULO#";"#NULO#";70000050385;"PRA FAZER A DIFERENÇA";"MDB / PP / AVANTE / PSL / PPL";"N";44076;"Válido";44076;6;"2º TURNO"
"13/11/2024";"10:56:11";2018;2;"Eleição Ordinária";1;297;"ELEIÇÕES GERAIS ESTADUAIS 2018";"07/10/2018";"E";"DF";"DF";"DISTRITO FEDERAL";97012;"BRASÍLIA";20;3;"Governador";70000614409;40;"RODRIGO SOBRAL ROLLEMBERG";"RODRIGO ROLLEMBERG";"#NULO#";12;"APTO";2;"DEFERIDO";-3;"#NE";-3;"#NE";-3;"#NE";"COLIGAÇÃO";40;"PSB";"Partido Socialista Brasileiro";-1;"#NULO#";"#NULO#";"#NULO#";70000050382;"BRASÍLIA DE MÃOS LIMPAS";"PSB / PV / PC do B / PDT / REDE";"N";6014;"Válido";6014;6;"2º TURNO"
"13/11/2024";"10:56:11";2018;2;"Eleição Ordinária";1;297;"ELEIÇÕES GERAIS ESTADUAIS 2018";"07/10/2018";"E";"DF";"DF";"DISTRITO FEDERAL";97012;"BRASÍLIA";5;3;"Governador";70000614409;40;"RODRIGO SOBRAL ROLLEMBERG";"RODRIGO ROLLEMBERG";"#NULO#";12;"APTO";2;"DEFERIDO";-3;"#NE";-3;"#NE";-3;"#NE";"COLIGAÇÃO";40;"PSB";"Partido Socialista Brasileiro";-1;"#NULO#";"#NULO#";"#NULO#";70000050382;"BRASÍLIA DE MÃOS LIMPAS";"PSB / PV / PC do B / PDT / REDE";"N";13923;"Válido";13923;6;"2º TURNO"
"13/11/2024";"10:56:11";2018;2;"Eleição Ordinária";1;297;"ELEIÇÕES GERAIS ESTADUAIS 2018";"07/10/2018";"E";"DF";"DF";"DISTRITO FEDERAL";97012;"BRASÍLIA";10;3;"Governador";70000614409;40;"RODRIGO SOBRAL ROLLEMBERG";"RODRIGO ROLLEMBERG";"#NULO#";12;"APTO";2;"DEFERIDO";-3;"#NE";-3;"#NE";-3;"#NE";"COLIGAÇÃO";40;"PSB";"Partido Socialista Brasileiro";-1;"#NULO#";"#NULO#";"#NULO#";70000050382;"BRASÍLIA DE MÃOS LIMPAS";"PSB / PV / PC do B / PDT / REDE";"N";10016;"Válido";10016;6;"2º TURNO"
"13/11/2024";"10:56:11";2018;2;"Eleição Ordinária";1;297;"ELEIÇÕES GERAIS ESTADUAIS 2018";"07/10/2018";"E";"DF";"DF";"DISTRITO FEDERAL";97012;"BRASÍLIA";15;3;"Governador";70000614409;40;"RODRIGO SOBRAL ROLLEMBERG";"RODRIGO ROLLEMBERG";"#NULO#";12;"APTO";2;"DEFERIDO";-3;"#NE";-3;"#NE";-3;"#NE";"COLIGAÇÃO";40;"PSB";"Partido Socialista Brasileiro";-1;"#NULO#";"#NULO#";"#NULO#";70000050382;"BRASÍLIA DE MÃOS LIMPAS";"PSB / PV / PC do B / PDT / REDE";"N";19221;"Válido";19221;6;"2º TURNO"
"13/11/2024";"10:56:11";2018;2;"Eleição Ordinária";1;297;"ELEIÇÕES GERAIS ESTADUAIS 2018";"07/10/2018";"E";"DF";"DF";"DISTRITO FEDERAL";97012;"BRASÍLIA";18;3;"Governador";70000614409;40;"RODRIGO SOBRAL ROLLEMBERG";"RODRIGO ROLLEMBERG";"#NULO#";12;"APTO";2;"DEFERIDO";-3;"#NE";-3;"#NE";-3;"#NE";"COLIGAÇÃO";40;"PSB";"Partido Socialista Brasileiro";-1;"#NULO#";"#NULO#";"#NULO#";70000050382;"BRASÍLIA DE MÃOS LIMPAS";"PSB / PV / PC do B / PDT / REDE";"N";14604;"Válido";14604;6;"2º TURNO"
"13/11/2024";"10:56:11";2018;2;"Eleição Ordinária";1;297;"ELEIÇÕES GERAIS ESTADUAIS 2018";"07/10/2018";"E";"DF";"DF";"DISTRITO FEDERAL";97012;"BRASÍLIA";3;3;"Governador";70000614409;40;"RODRIGO SOBRAL ROLLEMBERG";"RODRIGO ROLLEMBERG";"#NULO#";12;"APTO";2;"DEFERIDO";-3;"#NE";-3;"#NE";-3;"#NE";"COLIGAÇÃO";40;"PSB";"Partido Socialista Brasileiro";-1;"#NULO#";"#NULO#";"#NULO#";70000050382;"BRASÍLIA DE MÃOS LIMPAS";"PSB / PV / PC do B / PDT / REDE";"N";5389;"Válido";5389;6;"2º TURNO"
"13/11/2024";"10:56:11";2018;2;"Eleição Ordinária";1;297;"ELEIÇÕES GERAIS ESTADUAIS 2018";"07/10/2018";"E";"DF";"DF";"DISTRITO FEDERAL";97012;"BRASÍLIA";19;3;"Governador";70000614409;40;"RODRIGO SOBRAL ROLLEMBERG";"RODRIGO ROLLEMBERG";"#NULO#";12;"APTO";2;"DEFERIDO";-3;"#NE";-3;"#NE";-3;"#NE";"COLIGAÇÃO";40;"PSB";"Partido Socialista Brasileiro";-1;"#NULO#";"#NULO#";"#NULO#";70000050382;"BRASÍLIA DE MÃOS LIMPAS";"PSB / PV / PC do B / PDT / REDE";"N";10077;"Válido";10077;6;"2º TURNO"
"13/11/2024";"10:56:11";2018;2;"Eleição Ordinária";1;297;"ELEIÇÕES GERAIS ESTADUAIS 2018";"07/10/2018";"E";"DF";"DF";"DISTRITO FEDERAL";97012;"BRASÍLIA";15;5;"Senador";70000610833;131;"WASNY NAKLE DE ROURE";"WASNY";"#NULO#";12;"APTO";2;"DEFERIDO";-3;"#NE";-3;"#NE";-3;"#NE";"PARTIDO ISOLADO";13;"PT";"Partido dos Trabalhadores";-1;"#NULO#";"#NULO#";"#NULO#";70000050289;"PARTIDO ISOLADO";"PT";"N";15266;"Válido";15266;4;"NÃO ELEITO"
"13/11/2024";"10:56:11";2018;2;"Eleição Ordinária";1;297;"ELEIÇÕES GERAIS ESTADUAIS 2018";"07/10/2018";"E";"DF";"DF";"DISTRITO FEDERAL";97012;"BRASÍLIA";9;5;"Senador";70000610833;131;"WASNY NAKLE DE ROURE";"WASNY";"#NULO#";12;"APTO";2;"DEFERIDO";-3;"#NE";-3;"#NE";-3;"#NE";"PARTIDO ISOLADO";13;"PT";"Partido dos Trabalhadores";-1;"#NULO#";"#NULO#";"#NULO#";70000050289;"PARTIDO ISOLADO";"PT";"N";12563;"Válido";12563;4;"NÃO ELEITO"
"13/11/2024";"10:56:11";2018;2;"Eleição Ordinária";1;297;"ELEIÇÕES GERAIS ESTADUAIS 2018";"07/10/2018";"E";"DF";"DF";"DISTRITO FEDERAL";97012;"BRASÍLIA";21;5;"Senador";70000610833;131;"WASNY NAKLE DE ROURE";"WASNY";"#NULO#";12;"APTO";2;"DEFERIDO";-3;"#NE";-3;"#NE";-3;"#NE";"PARTIDO ISOLADO";13;"PT";"Partido dos Trabalhadores";-1;"#NULO#";"#NULO#";"#NULO#";70000050289;"PARTIDO ISOLADO";"PT";"N";11898;"Válido";11898;4;"NÃO ELEITO"
"13/11/2024";"10:56:11";2018;2;"Eleição Ordinária";1;297;"ELEIÇÕES GERAIS ESTADUAIS 2018";"07/10/2018";"E";"DF";"DF";"DISTRITO FEDERAL";97012;"BRASÍLIA";16;5;"Senador";70000610833;131;"WASNY NAKLE DE ROURE";"WASNY";"#NULO#";12;"APTO";2;"DEFERIDO";-3;"#NE";-3;"#NE";-3;"#NE";"PARTIDO ISOLADO";13;"PT";"Partido dos Trabalhadores";-1;"#NULO#";"#NULO#";"#NULO#";70000050289;"PARTIDO ISOLADO";"PT";"N";15319;"Válido";15319;4;"NÃO ELEITO"
"13/11/2024";"10:56:11";2018;2;"Eleição Ordinária";1;297;"ELEIÇÕES GERAIS ESTADUAIS 2018";"07/10/2018";"E";"DF";"DF";"DISTRITO FEDERAL";97012;"BRASÍLIA";10;5;"Senador";70000610833;131;"WASNY NAKLE DE ROURE";"WASNY";"#NULO#";12;"APTO";2;"DEFERIDO";-3;"#NE";-3;"#NE";-3;"#NE";"PARTIDO ISOLADO";13;"PT";"Partido dos Trabalhadores";-1;"#NULO#";"#NULO#";"#NULO#";70000050289;"PARTIDO ISOLADO";"PT";"N";11332;"Válido";11332;4;"NÃO ELEITO"
"13/11/2024";"10:56:11";2018;2;"Eleição Ordinária";1;297;"ELEIÇÕES GERAIS ESTADUAIS 2018";"07/10/2018";"E";"DF";"DF";"DISTRITO FEDERAL";97012;"BRASÍLIA";14;5;"Senador";70000610833;131;"WASNY NAKLE DE ROURE";"WASNY";"#NULO#";12;"APTO";2;"DEFERIDO";-3;"#NE";-3;"#NE";-3;"#NE";"PARTIDO ISOLADO";13;"PT";"Partido dos Trabalhadores";-1;"#NULO#";"#NULO#";"#NULO#";70000050289;"PARTIDO ISOLADO";"PT";"N";10513;"Válido";10513;4;"NÃO ELEITO"
"13/11/2024";"10:56:11";2018;2;"Eleição Ordinária";1;297;"ELEIÇÕES GERAIS ESTADUAIS 2018";"07/10/2018";"E";"DF";"DF";"DISTRITO FEDERAL";97012;"BRASÍLIA";4;5;"Senador";70000610833;131;"WASNY NAKLE DE ROURE";"WASNY";"#NULO#";12;"APTO";2;"DEFERIDO";-3;"#NE";-3;"#NE";-3;"#NE";"PARTIDO ISOLADO";13;"PT";"Partido dos Trabalhadores";-1;"#NULO#";"#NULO#";"#NULO#";70000050289;"PARTIDO ISOLADO";"PT";"N";9159;"Válido";9159;4;"NÃO ELEITO"
"13/11/2024";"10:56:11";2018;2;"Eleição Ordinária";1;297;"ELEIÇÕES GERAIS ESTADUAIS 2018";"07/10/2018";"E";"DF";"DF";"DISTRITO FEDERAL";97012;"BRASÍLIA";11;5;"Senador";70000610833;131;"WASNY NAKLE DE ROURE";"WASNY";"#NULO#";12;"APTO";2;"DEFERIDO";-3;"#NE";-3;"#NE";-3;"#NE";"PARTIDO ISOLADO";13;"PT";"Partido dos Trabalhadores";-1;"#NULO#";"#NULO#";"#NULO#";70000050289;"PARTIDO ISOLADO";"PT";"N";6520;"Válido";6520;4;"NÃO ELEITO"
"13/11/2024";"10:56:11";2018;2;"Eleição Ordinária";1;297;"ELEIÇÕES GERAIS ESTADUAIS 2018";"07/10/2018";"E";"DF";"DF";"DISTRITO FEDERAL";97012;"BRASÍLIA";1;5;"Senador";70000610833;131;"WASNY NAKLE DE ROURE";"WASNY";"#NULO#";12;"APTO";2;"DEFERIDO";-3;"#NE";-3;"#NE";-3;"#NE";"PARTIDO ISOLADO";13;"PT";"Partido dos Trabalhadores";-1;"#NULO#";"#NULO#";"#NULO#";70000050289;"PARTIDO ISOLADO";"PT";"N";7119;"Válido";7119;4;"NÃO ELEITO"
"13/11/2024";"10:56:11";2018;2;"Eleição Ordinária";1;297;"ELEIÇÕES GERAIS ESTADUAIS 2018";"07/10/2018";"E";"DF";"DF";"DISTRITO FEDERAL";97012;"BRASÍLIA";20;5;"Senador";70000610833;131;"WASNY NAKLE DE ROURE";"WASNY";"#NULO#";12;"APTO";2;"DEFERIDO";-3;"#NE";-3;"#NE";-3;"#NE";"PARTIDO ISOLADO";13;"PT";"Partido dos Trabalhadores";-1;"#NULO#";"#NULO#";"#NULO#";70000050289;"PARTIDO ISOLADO";"PT";"N";7723;"Válido";7723;4;"NÃO ELEITO"
"13/11/2024";"10:56:11";2018;2;"Eleição Ordinária";1;297;"ELEIÇÕES GERAIS ESTADUAIS 2018";"07/10/2018";"E";"DF";"DF";"DISTRITO FEDERAL";97012;"BRASÍLIA";17;5;"Senador";70000610833;131;"WASNY NAKLE DE ROURE";"WASNY";"#NULO#";12;"APTO";2;"DEFERIDO";-3;"#NE";-3;"#NE";-3;"#NE";"PARTIDO ISOLADO";13;"PT";"Partido dos Trabalhadores";-1;"#NULO#";"#NULO#";"#NULO#";70000050289;"PARTIDO ISOLADO";"PT";"N";15353;"Válido";15353;4;"NÃO ELEITO"
"13/11/2024";"10:56:11";2018;2;"Eleição Ordinária";1;297;"ELEIÇÕES GERAIS ESTADUAIS 2018";"07/10/2018";"E";"DF";"DF";"DISTRITO FEDERAL";97012;"BRASÍLIA";3;5;"Senador";70000610833;131;"WASNY NAKLE DE ROURE";"WASNY";"#NULO#";12;"APTO";2;"DEFERIDO";-3;"#NE";-3;"#NE";-3;"#NE";"PARTIDO ISOLADO";13;"PT";"Partido dos Trabalhadores";-1;"#NULO#";"#NULO#";"#NULO#";70000050289;"PARTIDO ISOLADO";"PT";"N";7815;"Válido";7815;4;"NÃO ELEITO"
"13/11/2024";"10:56:11";2018;2;"Eleição Ordinária";1;297;"ELEIÇÕES GERAIS ESTADUAIS 2018";"07/10/2018";"E";"DF";"DF";"DISTRITO FEDERAL";97012;"BRASÍLIA";19;5;"Senador";70000610833;131;"WASNY NAKLE DE ROURE";"WASNY";"#NULO#";12;"APTO";2;"DEFERIDO";-3;"#NE";-3;"#NE";-3;"#NE";"PARTIDO ISOLADO";13;"PT";"Partido dos Trabalhadores";-1;"#NULO#";"#NULO#";"#NULO#";70000050289;"PARTIDO ISOLADO";"PT";"N";10752;"Válido";10752;4;"NÃO ELEITO"
"13/11/2024";"10:56:11";2018;2;"Eleição Ordinária";1;297;"ELEIÇÕES GERAIS ESTADUAIS 2018";"07/10/2018";"E";"DF";"DF";"DISTRITO FEDERAL";97012;"BRASÍLIA";18;5;"Senador";70000610833;131;"WASNY NAKLE DE ROURE";"WASNY";"#NULO#";12;"APTO";2;"DEFERIDO";-3;"#NE";-3;"#NE";-3;"#NE";"PARTIDO ISOLADO";13;"PT";"Partido dos Trabalhadores";-1;"#NULO#";"#NULO#";"#NULO#";70000050289;"PARTIDO ISOLADO";"PT";"N";9539;"Válido";9539;4;"NÃO ELEITO"
"13/11/2024";"10:56:11";2018;2;"Eleição Ordinária";1;297;"ELEIÇÕES GERAIS ESTADUAIS 2018";"07/10/2018";"E";"DF";"DF";"DISTRITO FEDERAL";97012;"BRASÍLIA";13;5;"Senador";70000610833;131;"WASNY NAKLE DE ROURE";"WASNY";"#NULO#";12;"APTO";2;"DEFERIDO";-3;"#NE";-3;"#NE";-3;"#NE";"PARTIDO ISOLADO";13;"PT";"Partido dos Trabalhadores";-1;"#NULO#";"#NULO#";"#NULO#";70000050289;"PARTIDO ISOLADO";"PT";"N";13180;"Válido";13180;4;"NÃO ELEITO"
"13/11/2024";"10:56:11";2018;2;"Eleição Ordinária";1;297;"ELEIÇÕES GERAIS ESTADUAIS 2018";"07/10/2018";"E";"DF";"DF";"DISTRITO FEDERAL";97012;"BRASÍLIA";5;5;"Senador";70000610833;131;"WASNY NAKLE DE ROURE";"WASNY";"#NULO#";12;"APTO";2;"DEFERIDO";-3;"#NE";-3;"#NE";-3;"#NE";"PARTIDO ISOLADO";13;"PT";"Partido dos Trabalhadores";-1;"#NULO#";"#NULO#";"#NULO#";70000050289;"PARTIDO ISOLADO";"PT";"N";14512;"Válido";14512;4;"NÃO ELEITO"
"13/11/2024";"10:56:11";2018;2;"Eleição Ordinária";1;297;"ELEIÇÕES GERAIS ESTADUAIS 2018";"07/10/2018";"E";"DF";"DF";"DISTRITO FEDERAL";97012;"BRASÍLIA";8;5;"Senador";70000610833;131;"WASNY NAKLE DE ROURE";"WASNY";"#NULO#";12;"APTO";2;"DEFERIDO";-3;"#NE";-3;"#NE";-3;"#NE";"PARTIDO ISOLADO";13;"PT";"Partido dos Trabalhadores";-1;"#NULO#";"#NULO#";"#NULO#";70000050289;"PARTIDO ISOLADO";"PT";"N";14128;"Válido";14128;4;"NÃO ELEITO"
"13/11/2024";"10:56:11";2018;2;"Eleição Ordinária";1;297;"ELEIÇÕES GERAIS ESTADUAIS 2018";"07/10/2018";"E";"DF";"DF";"DISTRITO FEDERAL";97012;"BRASÍLIA";6;5;"Senador";70000610833;131;"WASNY NAKLE DE ROURE";"WASNY";"#NULO#";12;"APTO";2;"DEFERIDO";-3;"#NE";-3;"#NE";-3;"#NE";"PARTIDO ISOLADO";13;"PT";"Partido dos Trabalhadores";-1;"#NULO#";"#NULO#";"#NULO#";70000050289;"PARTIDO ISOLADO";"PT";"N";15954;"Válido";15954;4;"NÃO ELEITO"
"13/11/2024";"10:56:11";2018;2;"Eleição Ordinária";1;297;"ELEIÇÕES GERAIS ESTADUAIS 2018";"07/10/2018";"E";"DF";"DF";"DISTRITO FEDERAL";97012;"BRASÍLIA";2;5;"Senador";70000610833;131;"WASNY NAKLE DE ROURE";"WASNY";"#NULO#";12;"APTO";2;"DEFERIDO";-3;"#NE";-3;"#NE";-3;"#NE";"PARTIDO ISOLADO";13;"PT";"Partido dos Trabalhadores";-1;"#NULO#";"#NULO#";"#NULO#";70000050289;"PARTIDO ISOLADO";"PT";"N";9413;"Válido";9413;4;"NÃO ELEITO"
"13/11/2024";"10:56:11";2018;2;"Eleição Ordinária";1;297;"ELEIÇÕES GERAIS ESTADUAIS 2018";"07/10/2018";"E";"DF";"DF";"DISTRITO FEDERAL";97012;"BRASÍLIA";16;5;"Senador";70000614410;408;"LEILA GOMES DE BARROS RÊGO";"LEILA DO VÔLEI";"#NULO#";12;"APTO";2;"DEFERIDO";-3;"#NE";-3;"#NE";-3;"#NE";"COLIGAÇÃO";40;"PSB";"Partido Socialista Brasileiro";-1;"#NULO#";"#NULO#";"#NULO#";70000050382;"BRASÍLIA DE MÃOS LIMPAS";"PSB / PV / PC do B / PDT / REDE";"N";35568;"Válido";35568;1;"ELEITO"
"13/11/2024";"10:56:11";2018;2;"Eleição Ordinária";1;297;"ELEIÇÕES GERAIS ESTADUAIS 2018";"07/10/2018";"E";"DF";"DF";"DISTRITO FEDERAL";97012;"BRASÍLIA";8;5;"Senador";70000614410;408;"LEILA GOMES DE BARROS RÊGO";"LEILA DO VÔLEI";"#NULO#";12;"APTO";2;"DEFERIDO";-3;"#NE";-3;"#NE";-3;"#NE";"COLIGAÇÃO";40;"PSB";"Partido Socialista Brasileiro";-1;"#NULO#";"#NULO#";"#NULO#";70000050382;"BRASÍLIA DE MÃOS LIMPAS";"PSB / PV / PC do B / PDT / REDE";"N";32649;"Válido";32649;1;"ELEITO"
"13/11/2024";"10:56:11";2018;2;"Eleição Ordinária";1;297;"ELEIÇÕES GERAIS ESTADUAIS 2018";"07/10/2018";"E";"DF";"DF";"DISTRITO FEDERAL";97012;"BRASÍLIA";6;5;"Senador";70000614410;408;"LEILA GOMES DE BARROS RÊGO";"LEILA DO VÔLEI";"#NULO#";12;"APTO";2;"DEFERIDO";-3;"#NE";-3;"#NE";-3;"#NE";"COLIGAÇÃO";40;"PSB";"Partido Socialista Brasileiro";-1;"#NULO#";"#NULO#";"#NULO#";70000050382;"BRASÍLIA DE MÃOS LIMPAS";"PSB / PV / PC do B / PDT / REDE";"N";33737;"Válido";33737;1;"ELEITO"
"13/11/2024";"10:56:11";2018;2;"Eleição Ordinária";1;297;"ELEIÇÕES GERAIS ESTADUAIS 2018";"07/10/2018";"E";"DF";"DF";"DISTRITO FEDERAL";97012;"BRASÍLIA";20;5;"Senador";70000614410;408;"LEILA GOMES DE BARROS RÊGO";"LEILA DO VÔLEI";"#NULO#";12;"APTO";2;"DEFERIDO";-3;"#NE";-3;"#NE";-3;"#NE";"COLIGAÇÃO";40;"PSB";"Partido Socialista Brasileiro";-1;"#NULO#";"#NULO#";"#NULO#";70000050382;"BRASÍLIA DE MÃOS LIMPAS";"PSB / PV / PC do B / PDT / REDE";"N";18764;"Válido";18764;1;"ELEITO"
"13/11/2024";"10:56:11";2018;2;"Eleição Ordinária";1;297;"ELEIÇÕES GERAIS ESTADUAIS 2018";"07/10/2018";"E";"DF";"DF";"DISTRITO FEDERAL";97012;"BRASÍLIA";2;5;"Senador";70000614410;408;"LEILA GOMES DE BARROS RÊGO";"LEILA DO VÔLEI";"#NULO#";12;"APTO";2;"DEFERIDO";-3;"#NE";-3;"#NE";-3;"#NE";"COLIGAÇÃO";40;"PSB";"Partido Socialista Brasileiro";-1;"#NULO#";"#NULO#";"#NULO#";70000050382;"BRASÍLIA DE MÃOS LIMPAS";"PSB / PV / PC do B / PDT / REDE";"N";22695;"Válido";22695;1;"ELEITO"
"13/11/2024";"10:56:11";2018;2;"Eleição Ordinária";1;297;"ELEIÇÕES GERAIS ESTADUAIS 2018";"07/10/2018";"E";"DF";"DF";"DISTRITO FEDERAL";97012;"BRASÍLIA";11;5;"Senador";70000614410;408;"LEILA GOMES DE BARROS RÊGO";"LEILA DO VÔLEI";"#NULO#";12;"APTO";2;"DEFERIDO";-3;"#NE";-3;"#NE";-3;"#NE";"COLIGAÇÃO";40;"PSB";"Partido Socialista Brasileiro";-1;"#NULO#";"#NULO#";"#NULO#";70000050382;"BRASÍLIA DE MÃOS LIMPAS";"PSB / PV / PC do B / PDT / REDE";"N";13351;"Válido";13351;1;"ELEITO"
"13/11/2024";"10:56:11";2018;2;"Eleição Ordinária";1;297;"ELEIÇÕES GERAIS ESTADUAIS 2018";"07/10/2018";"E";"DF";"DF";"DISTRITO FEDERAL";97012;"BRASÍLIA";17;5;"Senador";70000614410;408;"LEILA GOMES DE BARROS RÊGO";"LEILA DO VÔLEI";"#NULO#";12;"APTO";2;"DEFERIDO";-3;"#NE";-3;"#NE";-3;"#NE";"COLIGAÇÃO";40;"PSB";"Partido Socialista Brasileiro";-1;"#NULO#";"#NULO#";"#NULO#";70000050382;"BRASÍLIA DE MÃOS LIMPAS";"PSB / PV / PC do B / PDT / REDE";"N";23449;"Válido";23449;1;"ELEITO"
"13/11/2024";"10:56:11";2018;2;"Eleição Ordinária";1;297;"ELEIÇÕES GERAIS ESTADUAIS 2018";"07/10/2018";"E";"DF";"DF";"DISTRITO FEDERAL";97012;"BRASÍLIA";15;5;"Senador";70000614410;408;"LEILA GOMES DE BARROS RÊGO";"LEILA DO VÔLEI";"#NULO#";12;"APTO";2;"DEFERIDO";-3;"#NE";-3;"#NE";-3;"#NE";"COLIGAÇÃO";40;"PSB";"Partido Socialista Brasileiro";-1;"#NULO#";"#NULO#";"#NULO#";70000050382;"BRASÍLIA DE MÃOS LIMPAS";"PSB / PV / PC do B / PDT / REDE";"N";31323;"Válido";31323;1;"ELEITO"
"13/11/2024";"10:56:11";2018;2;"Eleição Ordinária";1;297;"ELEIÇÕES GERAIS ESTADUAIS 2018";"07/10/2018";"E";"DF";"DF";"DISTRITO FEDERAL";97012;"BRASÍLIA";3;5;"Senador";70000614410;408;"LEILA GOMES DE BARROS RÊGO";"LEILA DO VÔLEI";"#NULO#";12;"APTO";2;"DEFERIDO";-3;"#NE";-3;"#NE";-3;"#NE";"COLIGAÇÃO";40;"PSB";"Partido Socialista Brasileiro";-1;"#NULO#";"#NULO#";"#NULO#";70000050382;"BRASÍLIA DE MÃOS LIMPAS";"PSB / PV / PC do B / PDT / REDE";"N";16260;"Válido";16260;1;"ELEITO"
"13/11/2024";"10:56:11";2018;2;"Eleição Ordinária";1;297;"ELEIÇÕES GERAIS ESTADUAIS 2018";"07/10/2018";"E";"DF";"DF";"DISTRITO FEDERAL";97012;"BRASÍLIA";13;5;"Senador";70000614410;408;"LEILA GOMES DE BARROS RÊGO";"LEILA DO VÔLEI";"#NULO#";12;"APTO";2;"DEFERIDO";-3;"#NE";-3;"#NE";-3;"#NE";"COLIGAÇÃO";40;"PSB";"Partido Socialista Brasileiro";-1;"#NULO#";"#NULO#";"#NULO#";70000050382;"BRASÍLIA DE MÃOS LIMPAS";"PSB / PV / PC do B / PDT / REDE";"N";31894;"Válido";31894;1;"ELEITO"
"13/11/2024";"10:56:11";2018;2;"Eleição Ordinária";1;297;"ELEIÇÕES GERAIS ESTADUAIS 2018";"07/10/2018";"E";"DF";"DF";"DISTRITO FEDERAL";97012;"BRASÍLIA";9;5;"Senador";70000614410;408;"LEILA GOMES DE BARROS RÊGO";"LEILA DO VÔLEI";"#NULO#";12;"APTO";2;"DEFERIDO";-3;"#NE";-3;"#NE";-3;"#NE";"COLIGAÇÃO";40;"PSB";"Partido Socialista Brasileiro";-1;"#NULO#";"#NULO#";"#NULO#";70000050382;"BRASÍLIA DE MÃOS LIMPAS";"PSB / PV / PC do B / PDT / REDE";"N";26735;"Válido";26735;1;"ELEITO"
"13/11/2024";"10:56:11";2018;2;"Eleição Ordinária";1;297;"ELEIÇÕES GERAIS ESTADUAIS 2018";"07/10/2018";"E";"DF";"DF";"DISTRITO FEDERAL";97012;"BRASÍLIA";19;5;"Senador";70000614410;408;"LEILA GOMES DE BARROS RÊGO";"LEILA DO VÔLEI";"#NULO#";12;"APTO";2;"DEFERIDO";-3;"#NE";-3;"#NE";-3;"#NE";"COLIGAÇÃO";40;"PSB";"Partido Socialista Brasileiro";-1;"#NULO#";"#NULO#";"#NULO#";70000050382;"BRASÍLIA DE MÃOS LIMPAS";"PSB / PV / PC do B / PDT / REDE";"N";21978;"Válido";21978;1;"ELEITO"
"13/11/2024";"10:56:11";2018;2;"Eleição Ordinária";1;297;"ELEIÇÕES GERAIS ESTADUAIS 2018";"07/10/2018";"E";"DF";"DF";"DISTRITO FEDERAL";97012;"BRASÍLIA";5;5;"Senador";70000614410;408;"LEILA GOMES DE BARROS RÊGO";"LEILA DO VÔLEI";"#NULO#";12;"APTO";2;"DEFERIDO";-3;"#NE";-3;"#NE";-3;"#NE";"COLIGAÇÃO";40;"PSB";"Partido Socialista Brasileiro";-1;"#NULO#";"#NULO#";"#NULO#";70000050382;"BRASÍLIA DE MÃOS LIMPAS";"PSB / PV / PC do B / PDT / REDE";"N";30367;"Válido";30367;1;"ELEITO"
"13/11/2024";"10:56:11";2018;2;"Eleição Ordinária";1;297;"ELEIÇÕES GERAIS ESTADUAIS 2018";"07/10/2018";"E";"DF";"DF";"DISTRITO FEDERAL";97012;"BRASÍLIA";14;5;"Senador";70000614410;408;"LEILA GOMES DE BARROS RÊGO";"LEILA DO VÔLEI";"#NULO#";12;"APTO";2;"DEFERIDO";-3;"#NE";-3;"#NE";-3;"#NE";"COLIGAÇÃO";40;"PSB";"Partido Socialista Brasileiro";-1;"#NULO#";"#NULO#";"#NULO#";70000050382;"BRASÍLIA DE MÃOS LIMPAS";"PSB / PV / PC do B / PDT / REDE";"N";17398;"Válido";17398;1;"ELEITO"
"13/11/2024";"10:56:11";2018;2;"Eleição Ordinária";1;297;"ELEIÇÕES GERAIS ESTADUAIS 2018";"07/10/2018";"E";"DF";"DF";"DISTRITO FEDERAL";97012;"BRASÍLIA";21;5;"Senador";70000614410;408;"LEILA GOMES DE BARROS RÊGO";"LEILA DO VÔLEI";"#NULO#";12;"APTO";2;"DEFERIDO";-3;"#NE";-3;"#NE";-3;"#NE";"COLIGAÇÃO";40;"PSB";"Partido Socialista Brasileiro";-1;"#NULO#";"#NULO#";"#NULO#";70000050382;"BRASÍLIA DE MÃOS LIMPAS";"PSB / PV / PC do B / PDT / REDE";"N";25478;"Válido";25478;1;"ELEITO"
"13/11/2024";"10:56:11";2018;2;"Eleição Ordinária";1;297;"ELEIÇÕES GERAIS ESTADUAIS 2018";"07/10/2018";"E";"DF";"DF";"DISTRITO FEDERAL";97012;"BRASÍLIA";4;5;"Senador";70000614410;408;"LEILA GOMES DE BARROS RÊGO";"LEILA DO VÔLEI";"#NULO#";12;"APTO";2;"DEFERIDO";-3;"#NE";-3;"#NE";-3;"#NE";"COLIGAÇÃO";40;"PSB";"Partido Socialista Brasileiro";-1;"#NULO#";"#NULO#";"#NULO#";70000050382;"BRASÍLIA DE MÃOS LIMPAS";"PSB / PV / PC do B / PDT / REDE";"N";21328;"Válido";21328;1;"ELEITO"
"13/11/2024";"10:56:11";2018;2;"Eleição Ordinária";1;297;"ELEIÇÕES GERAIS ESTADUAIS 2018";"07/10/2018";"E";"DF";"DF";"DISTRITO FEDERAL";97012;"BRASÍLIA";18;5;"Senador";70000614410;408;"LEILA GOMES DE BARROS RÊGO";"LEILA DO VÔLEI";"#NULO#";12;"APTO";2;"DEFERIDO";-3;"#NE";-3;"#NE";-3;"#NE";"COLIGAÇÃO";40;"PSB";"Partido Socialista Brasileiro";-1;"#NULO#";"#NULO#";"#NULO#";70000050382;"BRASÍLIA DE MÃOS LIMPAS";"PSB / PV / PC do B / PDT / REDE";"N";26022;"Válido";26022;1;"ELEITO"
"13/11/2024";"10:56:11";2018;2;"Eleição Ordinária";1;297;"ELEIÇÕES GERAIS ESTADUAIS 2018";"07/10/2018";"E";"DF";"DF";"DISTRITO FEDERAL";97012;"BRASÍLIA";10;5;"Senador";70000614410;408;"LEILA GOMES DE BARROS RÊGO";"LEILA DO VÔLEI";"#NULO#";12;"APTO";2;"DEFERIDO";-3;"#NE";-3;"#NE";-3;"#NE";"COLIGAÇÃO";40;"PSB";"Partido Socialista Brasileiro";-1;"#NULO#";"#NULO#";"#NULO#";70000050382;"BRASÍLIA DE MÃOS LIMPAS";"PSB / PV / PC do B / PDT / REDE";"N";25935;"Válido";25935;1;"ELEITO"
"13/11/2024";"10:56:11";2018;2;"Eleição Ordinária";1;297;"ELEIÇÕES GERAIS ESTADUAIS 2018";"07/10/2018";"E";"DF";"DF";"DISTRITO FEDERAL";97012;"BRASÍLIA";1;5;"Senador";70000614410;408;"LEILA GOMES DE BARROS RÊGO";"LEILA DO VÔLEI";"#NULO#";12;"APTO";2;"DEFERIDO";-3;"#NE";-3;"#NE";-3;"#NE";"COLIGAÇÃO";40;"PSB";"Partido Socialista Brasileiro";-1;"#NULO#";"#NULO#";"#NULO#";70000050382;"BRASÍLIA DE MÃOS LIMPAS";"PSB / PV / PC do B / PDT / REDE";"N";12856;"Válido";12856;1;"ELEITO"
"13/11/2024";"10:56:11";2018;2;"Eleição Ordinária";1;297;"ELEIÇÕES GERAIS ESTADUAIS 2018";"07/10/2018";"E";"DF";"DF";"DISTRITO FEDERAL";97012;"BRASÍLIA";17;5;"Senador";70000625515;456;"IZALCI LUCAS FERREIRA";"IZALCI";"#NULO#";12;"APTO";2;"DEFERIDO";-3;"#NE";-3;"#NE";-3;"#NE";"COLIGAÇÃO";45;"PSDB";"Partido da Social Democracia Brasileira";-1;"#NULO#";"#NULO#";"#NULO#";70000050689;"CORAGEM E RESPEITO PELO POVO";"PR / PSDB / DEM / DC";"N";23283;"Válido";23283;1;"ELEITO"
"13/11/2024";"10:56:11";2018;2;"Eleição Ordinária";1;297;"ELEIÇÕES GERAIS ESTADUAIS 2018";"07/10/2018";"E";"DF";"DF";"DISTRITO FEDERAL";97012;"BRASÍLIA";11;5;"Senador";70000625515;456;"IZALCI LUCAS FERREIRA";"IZALCI";"#NULO#";12;"APTO";2;"DEFERIDO";-3;"#NE";-3;"#NE";-3;"#NE";"COLIGAÇÃO";45;"PSDB";"Partido da Social Democracia Brasileira";-1;"#NULO#";"#NULO#";"#NULO#";70000050689;"CORAGEM E RESPEITO PELO POVO";"PR / PSDB / DEM / DC";"N";12199;"Válido";12199;1;"ELEITO"
"13/11/2024";"10:56:11";2018;2;"Eleição Ordinária";1;297;"ELEIÇÕES GERAIS ESTADUAIS 2018";"07/10/2018";"E";"DF";"DF";"DISTRITO FEDERAL";97012;"BRASÍLIA";5;5;"Senador";70000625515;456;"IZALCI LUCAS FERREIRA";"IZALCI";"#NULO#";12;"APTO";2;"DEFERIDO";-3;"#NE";-3;"#NE";-3;"#NE";"COLIGAÇÃO";45;"PSDB";"Partido da Social Democracia Brasileira";-1;"#NULO#";"#NULO#";"#NULO#";70000050689;"CORAGEM E RESPEITO PELO POVO";"PR / PSDB / DEM / DC";"N";23413;"Válido";23413;1;"ELEITO"
"13/11/2024";"10:56:11";2018;2;"Eleição Ordinária";1;297;"ELEIÇÕES GERAIS ESTADUAIS 2018";"07/10/2018";"E";"DF";"DF";"DISTRITO FEDERAL";97012;"BRASÍLIA";4;5;"Senador";70000625515;456;"IZALCI LUCAS FERREIRA";"IZALCI";"#NULO#";12;"APTO";2;"DEFERIDO";-3;"#NE";-3;"#NE";-3;"#NE";"COLIGAÇÃO";45;"PSDB";"Partido da Social Democracia Brasileira";-1;"#NULO#";"#NULO#";"#NULO#";70000050689;"CORAGEM E RESPEITO PELO POVO";"PR / PSDB / DEM / DC";"N";17129;"Válido";17129;1;"ELEITO"
"13/11/2024";"10:56:11";2018;2;"Eleição Ordinária";1;297;"ELEIÇÕES GERAIS ESTADUAIS 2018";"07/10/2018";"E";"DF";"DF";"DISTRITO FEDERAL";97012;"BRASÍLIA";6;5;"Senador";70000625515;456;"IZALCI LUCAS FERREIRA";"IZALCI";"#NULO#";12;"APTO";2;"DEFERIDO";-3;"#NE";-3;"#NE";-3;"#NE";"COLIGAÇÃO";45;"PSDB";"Partido da Social Democracia Brasileira";-1;"#NULO#";"#NULO#";"#NULO#";70000050689;"CORAGEM E RESPEITO PELO POVO";"PR / PSDB / DEM / DC";"N";24152;"Válido";24152;1;"ELEITO"
"13/11/2024";"10:56:11";2018;2;"Eleição Ordinária";1;297;"ELEIÇÕES GERAIS ESTADUAIS 2018";"07/10/2018";"E";"DF";"DF";"DISTRITO FEDERAL";97012;"BRASÍLIA";2;5;"Senador";70000625515;456;"IZALCI LUCAS FERREIRA";"IZALCI";"#NULO#";12;"APTO";2;"DEFERIDO";-3;"#NE";-3;"#NE";-3;"#NE";"COLIGAÇÃO";45;"PSDB";"Partido da Social Democracia Brasileira";-1;"#NULO#";"#NULO#";"#NULO#";70000050689;"CORAGEM E RESPEITO PELO POVO";"PR / PSDB / DEM / DC";"N";20165;"Válido";20165;1;"ELEITO"
"13/11/2024";"10:56:11";2018;2;"Eleição Ordinária";1;297;"ELEIÇÕES GERAIS ESTADUAIS 2018";"07/10/2018";"E";"DF";"DF";"DISTRITO FEDERAL";97012;"BRASÍLIA";15;5;"Senador";70000625515;456;"IZALCI LUCAS FERREIRA";"IZALCI";"#NULO#";12;"APTO";2;"DEFERIDO";-3;"#NE";-3;"#NE";-3;"#NE";"COLIGAÇÃO";45;"PSDB";"Partido da Social Democracia Brasileira";-1;"#NULO#";"#NULO#";"#NULO#";70000050689;"CORAGEM E RESPEITO PELO POVO";"PR / PSDB / DEM / DC";"N";28357;"Válido";28357;1;"ELEITO"
"13/11/2024";"10:56:11";2018;2;"Eleição Ordinária";1;297;"ELEIÇÕES GERAIS ESTADUAIS 2018";"07/10/2018";"E";"DF";"DF";"DISTRITO FEDERAL";97012;"BRASÍLIA";8;5;"Senador";70000625515;456;"IZALCI LUCAS FERREIRA";"IZALCI";"#NULO#";12;"APTO";2;"DEFERIDO";-3;"#NE";-3;"#NE";-3;"#NE";"COLIGAÇÃO";45;"PSDB";"Partido da Social Democracia Brasileira";-1;"#NULO#";"#NULO#";"#NULO#";70000050689;"CORAGEM E RESPEITO PELO POVO";"PR / PSDB / DEM / DC";"N";24277;"Válido";24277;1;"ELEITO"
"13/11/2024";"10:56:11";2018;2;"Eleição Ordinária";1;297;"ELEIÇÕES GERAIS ESTADUAIS 2018";"07/10/2018";"E";"DF";"DF";"DISTRITO FEDERAL";97012;"BRASÍLIA";18;5;"Senador";70000625515;456;"IZALCI LUCAS FERREIRA";"IZALCI";"#NULO#";12;"APTO";2;"DEFERIDO";-3;"#NE";-3;"#NE";-3;"#NE";"COLIGAÇÃO";45;"PSDB";"Partido da Social Democracia Brasileira";-1;"#NULO#";"#NULO#";"#NULO#";70000050689;"CORAGEM E RESPEITO PELO POVO";"PR / PSDB / DEM / DC";"N";22204;"Válido";22204;1;"ELEITO"
"13/11/2024";"10:56:11";2018;2;"Eleição Ordinária";1;297;"ELEIÇÕES GERAIS ESTADUAIS 2018";"07/10/2018";"E";"DF";"DF";"DISTRITO FEDERAL";97012;"BRASÍLIA";9;5;"Senador";70000625515;456;"IZALCI LUCAS FERREIRA";"IZALCI";"#NULO#";12;"APTO";2;"DEFERIDO";-3;"#NE";-3;"#NE";-3;"#NE";"COLIGAÇÃO";45;"PSDB";"Partido da Social Democracia Brasileira";-1;"#NULO#";"#NULO#";"#NULO#";70000050689;"CORAGEM E RESPEITO PELO POVO";"PR / PSDB / DEM / DC";"N";27357;"Válido";27357;1;"ELEITO"
"13/11/2024";"10:56:11";2018;2;"Eleição Ordinária";1;297;"ELEIÇÕES GERAIS ESTADUAIS 2018";"07/10/2018";"E";"DF";"DF";"DISTRITO FEDERAL";97012;"BRASÍLIA";1;5;"Senador";70000625515;456;"IZALCI LUCAS FERREIRA";"IZALCI";"#NULO#";12;"APTO";2;"DEFERIDO";-3;"#NE";-3;"#NE";-3;"#NE";"COLIGAÇÃO";45;"PSDB";"Partido da Social Democracia Brasileira";-1;"#NULO#";"#NULO#";"#NULO#";70000050689;"CORAGEM E RESPEITO PELO POVO";"PR / PSDB / DEM / DC";"N";11340;"Válido";11340;1;"ELEITO"
"13/11/2024";"10:56:11";2018;2;"Eleição Ordinária";1;297;"ELEIÇÕES GERAIS ESTADUAIS 2018";"07/10/2018";"E";"DF";"DF";"DISTRITO FEDERAL";97012;"BRASÍLIA";20;5;"Senador";70000625515;456;"IZALCI LUCAS FERREIRA";"IZALCI";"#NULO#";12;"APTO";2;"DEFERIDO";-3;"#NE";-3;"#NE";-3;"#NE";"COLIGAÇÃO";45;"PSDB";"Partido da Social Democracia Brasileira";-1;"#NULO#";"#NULO#";"#NULO#";70000050689;"CORAGEM E RESPEITO PELO POVO";"PR / PSDB / DEM / DC";"N";14521;"Válido";14521;1;"ELEITO"
"13/11/2024";"10:56:11";2018;2;"Eleição Ordinária";1;297;"ELEIÇÕES GERAIS ESTADUAIS 2018";"07/10/2018";"E";"DF";"DF";"DISTRITO FEDERAL";97012;"BRASÍLIA";14;5;"Senador";70000625515;456;"IZALCI LUCAS FERREIRA";"IZALCI";"#NULO#";12;"APTO";2;"DEFERIDO";-3;"#NE";-3;"#NE";-3;"#NE";"COLIGAÇÃO";45;"PSDB";"Partido da Social Democracia Brasileira";-1;"#NULO#";"#NULO#";"#NULO#";70000050689;"CORAGEM E RESPEITO PELO POVO";"PR / PSDB / DEM / DC";"N";14585;"Válido";14585;1;"ELEITO"
"13/11/2024";"10:56:11";2018;2;"Eleição Ordinária";1;297;"ELEIÇÕES GERAIS ESTADUAIS 2018";"07/10/2018";"E";"DF";"DF";"DISTRITO FEDERAL";97012;"BRASÍLIA";19;5;"Senador";70000625515;456;"IZALCI LUCAS FERREIRA";"IZALCI";"#NULO#";12;"APTO";2;"DEFERIDO";-3;"#NE";-3;"#NE";-3;"#NE";"COLIGAÇÃO";45;"PSDB";"Partido da Social Democracia Brasileira";-1;"#NULO#";"#NULO#";"#NULO#";70000050689;"CORAGEM E RESPEITO PELO POVO";"PR / PSDB / DEM / DC";"N";22733;"Válido";22733;1;"ELEITO"
"13/11/2024";"10:56:11";2018;2;"Eleição Ordinária";1;297;"ELEIÇÕES GERAIS ESTADUAIS 2018";"07/10/2018";"E";"DF";"DF";"DISTRITO FEDERAL";97012;"BRASÍLIA";10;5;"Senador";70000625515;456;"IZALCI LUCAS FERREIRA";"IZALCI";"#NULO#";12;"APTO";2;"DEFERIDO";-3;"#NE";-3;"#NE";-3;"#NE";"COLIGAÇÃO";45;"PSDB";"Partido da Social Democracia Brasileira";-1;"#NULO#";"#NULO#";"#NULO#";70000050689;"CORAGEM E RESPEITO PELO POVO";"PR / PSDB / DEM / DC";"N";23963;"Válido";23963;1;"ELEITO"
"13/11/2024";"10:56:11";2018;2;"Eleição Ordinária";1;297;"ELEIÇÕES GERAIS ESTADUAIS 2018";"07/10/2018";"E";"DF";"DF";"DISTRITO FEDERAL";97012;"BRASÍLIA";3;5;"Senador";70000625515;456;"IZALCI LUCAS FERREIRA";"IZALCI";"#NULO#";12;"APTO";2;"DEFERIDO";-3;"#NE";-3;"#NE";-3;"#NE";"COLIGAÇÃO";45;"PSDB";"Partido da Social Democracia Brasileira";-1;"#NULO#";"#NULO#";"#NULO#";70000050689;"CORAGEM E RESPEITO PELO POVO";"PR / PSDB / DEM / DC";"N";15443;"Válido";15443;1;"ELEITO"
"13/11/2024";"10:56:11";2018;2;"Eleição Ordinária";1;297;"ELEIÇÕES GERAIS ESTADUAIS 2018";"07/10/2018";"E";"DF";"DF";"DISTRITO FEDERAL";97012;"BRASÍLIA";21;5;"Senador";70000625515;456;"IZALCI LUCAS FERREIRA";"IZALCI";"#NULO#";12;"APTO";2;"DEFERIDO";-3;"#NE";-3;"#NE";-3;"#NE";"COLIGAÇÃO";45;"PSDB";"Partido da Social Democracia Brasileira";-1;"#NULO#";"#NULO#";"#NULO#";70000050689;"CORAGEM E RESPEITO PELO POVO";"PR / PSDB / DEM / DC";"N";22074;"Válido";22074;1;"ELEITO"
"13/11/2024";"10:56:11";2018;2;"Eleição Ordinária";1;297;"ELEIÇÕES GERAIS ESTADUAIS 2018";"07/10/2018";"E";"DF";"DF";"DISTRITO FEDERAL";97012;"BRASÍLIA";13;5;"Senador";70000625515;456;"IZALCI LUCAS FERREIRA";"IZALCI";"#NULO#";12;"APTO";2;"DEFERIDO";-3;"#NE";-3;"#NE";-3;"#NE";"COLIGAÇÃO";45;"PSDB";"Partido da Social Democracia Brasileira";-1;"#NULO#";"#NULO#";"#NULO#";70000050689;"CORAGEM E RESPEITO PELO POVO";"PR / PSDB / DEM / DC";"N";26824;"Válido";26824;1;"ELEITO"
"13/11/2024";"10:56:11";2018;2;"Eleição Ordinária";1;297;"ELEIÇÕES GERAIS ESTADUAIS 2018";"07/10/2018";"E";"DF";"DF";"DISTRITO FEDERAL";97012;"BRASÍLIA";16;5;"Senador";70000625515;456;"IZALCI LUCAS FERREIRA";"IZALCI";"#NULO#";12;"APTO";2;"DEFERIDO";-3;"#NE";-3;"#NE";-3;"#NE";"COLIGAÇÃO";45;"PSDB";"Partido da Social Democracia Brasileira";-1;"#NULO#";"#NULO#";"#NULO#";70000050689;"CORAGEM E RESPEITO PELO POVO";"PR / PSDB / DEM / DC";"N";29716;"Válido";29716;1;"ELEITO"
"13/11/2024";"10:56:11";2018;2;"Eleição Ordinária";2;298;"ELEIÇÕES GERAIS ESTADUAIS 2018";"28/10/2018";"E";"DF";"DF";"DISTRITO FEDERAL";97012;"BRASÍLIA";19;3;"Governador";70000614515;15;"IBANEIS ROCHA BARROS JUNIOR";"IBANEIS";"#NULO#";12;"APTO";2;"DEFERIDO";-3;"#NE";-3;"#NE";-3;"#NE";"COLIGAÇÃO";15;"MDB";"Movimento Democrático Brasileiro";-1;"#NULO#";"#NULO#";"#NULO#";70000050385;"PRA FAZER A DIFERENÇA";"MDB / PP / AVANTE / PSL / PPL";"N";51009;"Válido";51009;1;"ELEITO"
"13/11/2024";"10:56:11";2018;2;"Eleição Ordinária";2;298;"ELEIÇÕES GERAIS ESTADUAIS 2018";"28/10/2018";"E";"DF";"DF";"DISTRITO FEDERAL";97012;"BRASÍLIA";13;3;"Governador";70000614515;15;"IBANEIS ROCHA BARROS JUNIOR";"IBANEIS";"#NULO#";12;"APTO";2;"DEFERIDO";-3;"#NE";-3;"#NE";-3;"#NE";"COLIGAÇÃO";15;"MDB";"Movimento Democrático Brasileiro";-1;"#NULO#";"#NULO#";"#NULO#";70000050385;"PRA FAZER A DIFERENÇA";"MDB / PP / AVANTE / PSL / PPL";"N";74220;"Válido";74220;1;"ELEITO"
"13/11/2024";"10:56:11";2018;2;"Eleição Ordinária";2;298;"ELEIÇÕES GERAIS ESTADUAIS 2018";"28/10/2018";"E";"DF";"DF";"DISTRITO FEDERAL";97012;"BRASÍLIA";2;3;"Governador";70000614515;15;"IBANEIS ROCHA BARROS JUNIOR";"IBANEIS";"#NULO#";12;"APTO";2;"DEFERIDO";-3;"#NE";-3;"#NE";-3;"#NE";"COLIGAÇÃO";15;"MDB";"Movimento Democrático Brasileiro";-1;"#NULO#";"#NULO#";"#NULO#";70000050385;"PRA FAZER A DIFERENÇA";"MDB / PP / AVANTE / PSL / PPL";"N";51911;"Válido";51911;1;"ELEITO"
"13/11/2024";"10:56:11";2018;2;"Eleição Ordinária";2;298;"ELEIÇÕES GERAIS ESTADUAIS 2018";"28/10/2018";"E";"DF";"DF";"DISTRITO FEDERAL";97012;"BRASÍLIA";6;3;"Governador";70000614515;15;"IBANEIS ROCHA BARROS JUNIOR";"IBANEIS";"#NULO#";12;"APTO";2;"DEFERIDO";-3;"#NE";-3;"#NE";-3;"#NE";"COLIGAÇÃO";15;"MDB";"Movimento Democrático Brasileiro";-1;"#NULO#";"#NULO#";"#NULO#";70000050385;"PRA FAZER A DIFERENÇA";"MDB / PP / AVANTE / PSL / PPL";"N";72270;"Válido";72270;1;"ELEITO"
"13/11/2024";"10:56:11";2018;2;"Eleição Ordinária";2;298;"ELEIÇÕES GERAIS ESTADUAIS 2018";"28/10/2018";"E";"DF";"DF";"DISTRITO FEDERAL";97012;"BRASÍLIA";4;3;"Governador";70000614515;15;"IBANEIS ROCHA BARROS JUNIOR";"IBANEIS";"#NULO#";12;"APTO";2;"DEFERIDO";-3;"#NE";-3;"#NE";-3;"#NE";"COLIGAÇÃO";15;"MDB";"Movimento Democrático Brasileiro";-1;"#NULO#";"#NULO#";"#NULO#";70000050385;"PRA FAZER A DIFERENÇA";"MDB / PP / AVANTE / PSL / PPL";"N";55276;"Válido";55276;1;"ELEITO"
"13/11/2024";"10:56:11";2018;2;"Eleição Ordinária";2;298;"ELEIÇÕES GERAIS ESTADUAIS 2018";"28/10/2018";"E";"DF";"DF";"DISTRITO FEDERAL";97012;"BRASÍLIA";18;3;"Governador";70000614515;15;"IBANEIS ROCHA BARROS JUNIOR";"IBANEIS";"#NULO#";12;"APTO";2;"DEFERIDO";-3;"#NE";-3;"#NE";-3;"#NE";"COLIGAÇÃO";15;"MDB";"Movimento Democrático Brasileiro";-1;"#NULO#";"#NULO#";"#NULO#";70000050385;"PRA FAZER A DIFERENÇA";"MDB / PP / AVANTE / PSL / PPL";"N";55368;"Válido";55368;1;"ELEITO"
"13/11/2024";"10:56:11";2018;2;"Eleição Ordinária";2;298;"ELEIÇÕES GERAIS ESTADUAIS 2018";"28/10/2018";"E";"DF";"DF";"DISTRITO FEDERAL";97012;"BRASÍLIA";14;3;"Governador";70000614515;15;"IBANEIS ROCHA BARROS JUNIOR";"IBANEIS";"#NULO#";12;"APTO";2;"DEFERIDO";-3;"#NE";-3;"#NE";-3;"#NE";"COLIGAÇÃO";15;"MDB";"Movimento Democrático Brasileiro";-1;"#NULO#";"#NULO#";"#NULO#";70000050385;"PRA FAZER A DIFERENÇA";"MDB / PP / AVANTE / PSL / PPL";"N";28091;"Válido";28091;1;"ELEITO"
"13/11/2024";"10:56:11";2018;2;"Eleição Ordinária";2;298;"ELEIÇÕES GERAIS ESTADUAIS 2018";"28/10/2018";"E";"DF";"DF";"DISTRITO FEDERAL";97012;"BRASÍLIA";17;3;"Governador";70000614515;15;"IBANEIS ROCHA BARROS JUNIOR";"IBANEIS";"#NULO#";12;"APTO";2;"DEFERIDO";-3;"#NE";-3;"#NE";-3;"#NE";"COLIGAÇÃO";15;"MDB";"Movimento Democrático Brasileiro";-1;"#NULO#";"#NULO#";"#NULO#";70000050385;"PRA FAZER A DIFERENÇA";"MDB / PP / AVANTE / PSL / PPL";"N";70361;"Válido";70361;1;"ELEITO"
"13/11/2024";"10:56:11";2018;2;"Eleição Ordinária";2;298;"ELEIÇÕES GERAIS ESTADUAIS 2018";"28/10/2018";"E";"DF";"DF";"DISTRITO FEDERAL";97012;"BRASÍLIA";10;3;"Governador";70000614515;15;"IBANEIS ROCHA BARROS JUNIOR";"IBANEIS";"#NULO#";12;"APTO";2;"DEFERIDO";-3;"#NE";-3;"#NE";-3;"#NE";"COLIGAÇÃO";15;"MDB";"Movimento Democrático Brasileiro";-1;"#NULO#";"#NULO#";"#NULO#";70000050385;"PRA FAZER A DIFERENÇA";"MDB / PP / AVANTE / PSL / PPL";"N";58236;"Válido";58236;1;"ELEITO"
"13/11/2024";"10:56:11";2018;2;"Eleição Ordinária";2;298;"ELEIÇÕES GERAIS ESTADUAIS 2018";"28/10/2018";"E";"DF";"DF";"DISTRITO FEDERAL";97012;"BRASÍLIA";5;3;"Governador";70000614515;15;"IBANEIS ROCHA BARROS JUNIOR";"IBANEIS";"#NULO#";12;"APTO";2;"DEFERIDO";-3;"#NE";-3;"#NE";-3;"#NE";"COLIGAÇÃO";15;"MDB";"Movimento Democrático Brasileiro";-1;"#NULO#";"#NULO#";"#NULO#";70000050385;"PRA FAZER A DIFERENÇA";"MDB / PP / AVANTE / PSL / PPL";"N";60944;"Válido";60944;1;"ELEITO"
"13/11/2024";"10:56:11";2018;2;"Eleição Ordinária";2;298;"ELEIÇÕES GERAIS ESTADUAIS 2018";"28/10/2018";"E";"DF";"DF";"DISTRITO FEDERAL";97012;"BRASÍLIA";9;3;"Governador";70000614515;15;"IBANEIS ROCHA BARROS JUNIOR";"IBANEIS";"#NULO#";12;"APTO";2;"DEFERIDO";-3;"#NE";-3;"#NE";-3;"#NE";"COLIGAÇÃO";15;"MDB";"Movimento Democrático Brasileiro";-1;"#NULO#";"#NULO#";"#NULO#";70000050385;"PRA FAZER A DIFERENÇA";"MDB / PP / AVANTE / PSL / PPL";"N";57016;"Válido";57016;1;"ELEITO"
"13/11/2024";"10:56:11";2018;2;"Eleição Ordinária";2;298;"ELEIÇÕES GERAIS ESTADUAIS 2018";"28/10/2018";"E";"DF";"DF";"DISTRITO FEDERAL";97012;"BRASÍLIA";15;3;"Governador";70000614515;15;"IBANEIS ROCHA BARROS JUNIOR";"IBANEIS";"#NULO#";12;"APTO";2;"DEFERIDO";-3;"#NE";-3;"#NE";-3;"#NE";"COLIGAÇÃO";15;"MDB";"Movimento Democrático Brasileiro";-1;"#NULO#";"#NULO#";"#NULO#";70000050385;"PRA FAZER A DIFERENÇA";"MDB / PP / AVANTE / PSL / PPL";"N";65417;"Válido";65417;1;"ELEITO"
"13/11/2024";"10:56:11";2018;2;"Eleição Ordinária";2;298;"ELEIÇÕES GERAIS ESTADUAIS 2018";"28/10/2018";"E";"DF";"DF";"DISTRITO FEDERAL";97012;"BRASÍLIA";8;3;"Governador";70000614515;15;"IBANEIS ROCHA BARROS JUNIOR";"IBANEIS";"#NULO#";12;"APTO";2;"DEFERIDO";-3;"#NE";-3;"#NE";-3;"#NE";"COLIGAÇÃO";15;"MDB";"Movimento Democrático Brasileiro";-1;"#NULO#";"#NULO#";"#NULO#";70000050385;"PRA FAZER A DIFERENÇA";"MDB / PP / AVANTE / PSL / PPL";"N";71201;"Válido";71201;1;"ELEITO"
"13/11/2024";"10:56:11";2018;2;"Eleição Ordinária";2;298;"ELEIÇÕES GERAIS ESTADUAIS 2018";"28/10/2018";"E";"DF";"DF";"DISTRITO FEDERAL";97012;"BRASÍLIA";1;3;"Governador";70000614515;15;"IBANEIS ROCHA BARROS JUNIOR";"IBANEIS";"#NULO#";12;"APTO";2;"DEFERIDO";-3;"#NE";-3;"#NE";-3;"#NE";"COLIGAÇÃO";15;"MDB";"Movimento Democrático Brasileiro";-1;"#NULO#";"#NULO#";"#NULO#";70000050385;"PRA FAZER A DIFERENÇA";"MDB / PP / AVANTE / PSL / PPL";"N";21607;"Válido";21607;1;"ELEITO"
"13/11/2024";"10:56:11";2018;2;"Eleição Ordinária";2;298;"ELEIÇÕES GERAIS ESTADUAIS 2018";"28/10/2018";"E";"DF";"DF";"DISTRITO FEDERAL";97012;"BRASÍLIA";3;3;"Governador";70000614515;15;"IBANEIS ROCHA BARROS JUNIOR";"IBANEIS";"#NULO#";12;"APTO";2;"DEFERIDO";-3;"#NE";-3;"#NE";-3;"#NE";"COLIGAÇÃO";15;"MDB";"Movimento Democrático Brasileiro";-1;"#NULO#";"#NULO#";"#NULO#";70000050385;"PRA FAZER A DIFERENÇA";"MDB / PP / AVANTE / PSL / PPL";"N";36872;"Válido";36872;1;"ELEITO"
"13/11/2024";"10:56:11";2018;2;"Eleição Ordinária";2;298;"ELEIÇÕES GERAIS ESTADUAIS 2018";"28/10/2018";"E";"DF";"DF";"DISTRITO FEDERAL";97012;"BRASÍLIA";11;3;"Governador";70000614515;15;"IBANEIS ROCHA BARROS JUNIOR";"IBANEIS";"#NULO#";12;"APTO";2;"DEFERIDO";-3;"#NE";-3;"#NE";-3;"#NE";"COLIGAÇÃO";15;"MDB";"Movimento Democrático Brasileiro";-1;"#NULO#";"#NULO#";"#NULO#";70000050385;"PRA FAZER A DIFERENÇA";"MDB / PP / AVANTE / PSL / PPL";"N";26180;"Válido";26180;1;"ELEITO"
"13/11/2024";"10:56:11";2018;2;"Eleição Ordinária";2;298;"ELEIÇÕES GERAIS ESTADUAIS 2018";"28/10/2018";"E";"DF";"DF";"DISTRITO FEDERAL";97012;"BRASÍLIA";20;3;"Governador";70000614515;15;"IBANEIS ROCHA BARROS JUNIOR";"IBANEIS";"#NULO#";12;"APTO";2;"DEFERIDO";-3;"#NE";-3;"#NE";-3;"#NE";"COLIGAÇÃO";15;"MDB";"Movimento Democrático Brasileiro";-1;"#NULO#";"#NULO#";"#NULO#";70000050385;"PRA FAZER A DIFERENÇA";"MDB / PP / AVANTE / PSL / PPL";"N";40036;"Válido";40036;1;"ELEITO"
"13/11/2024";"10:56:11";2018;2;"Eleição Ordinária";2;298;"ELEIÇÕES GERAIS ESTADUAIS 2018";"28/10/2018";"E";"DF";"DF";"DISTRITO FEDERAL";97012;"BRASÍLIA";16;3;"Governador";70000614515;15;"IBANEIS ROCHA BARROS JUNIOR";"IBANEIS";"#NULO#";12;"APTO";2;"DEFERIDO";-3;"#NE";-3;"#NE";-3;"#NE";"COLIGAÇÃO";15;"MDB";"Movimento Democrático Brasileiro";-1;"#NULO#";"#NULO#";"#NULO#";70000050385;"PRA FAZER A DIFERENÇA";"MDB / PP / AVANTE / PSL / PPL";"N";81180;"Válido";81180;1;"ELEITO"
"13/11/2024";"10:56:11";2018;2;"Eleição Ordinária";2;298;"ELEIÇÕES GERAIS ESTADUAIS 2018";"28/10/2018";"E";"DF";"DF";"DISTRITO FEDERAL";97012;"BRASÍLIA";21;3;"Governador";70000614515;15;"IBANEIS ROCHA BARROS JUNIOR";"IBANEIS";"#NULO#";12;"APTO";2;"DEFERIDO";-3;"#NE";-3;"#NE";-3;"#NE";"COLIGAÇÃO";15;"MDB";"Movimento Democrático Brasileiro";-1;"#NULO#";"#NULO#";"#NULO#";70000050385;"PRA FAZER A DIFERENÇA";"MDB / PP / AVANTE / PSL / PPL";"N";65379;"Válido";65379;1;"ELEITO"
"13/11/2024";"10:56:11";2018;2;"Eleição Ordinária";1;297;"ELEIÇÕES GERAIS ESTADUAIS 2018";"07/10/2018";"E";"DF";"DF";"DISTRITO FEDERAL";97012;"BRASÍLIA";21;3;"Governador";70000614409;40;"RODRIGO SOBRAL ROLLEMBERG";"RODRIGO ROLLEMBERG";"#NULO#";12;"APTO";2;"DEFERIDO";-3;"#NE";-3;"#NE";-3;"#NE";"COLIGAÇÃO";40;"PSB";"Partido Socialista Brasileiro";-1;"#NULO#";"#NULO#";"#NULO#";70000050382;"BRASÍLIA DE MÃOS LIMPAS";"PSB / PV / PC do B / PDT / REDE";"N";4395;"Válido";4395;6;"2º TURNO"
"13/11/2024";"10:56:11";2018;2;"Eleição Ordinária";1;297;"ELEIÇÕES GERAIS ESTADUAIS 2018";"07/10/2018";"E";"DF";"DF";"DISTRITO FEDERAL";97012;"BRASÍLIA";2;3;"Governador";70000614409;40;"RODRIGO SOBRAL ROLLEMBERG";"RODRIGO ROLLEMBERG";"#NULO#";12;"APTO";2;"DEFERIDO";-3;"#NE";-3;"#NE";-3;"#NE";"COLIGAÇÃO";40;"PSB";"Partido Socialista Brasileiro";-1;"#NULO#";"#NULO#";"#NULO#";70000050382;"BRASÍLIA DE MÃOS LIMPAS";"PSB / PV / PC do B / PDT / REDE";"N";11711;"Válido";11711;6;"2º TURNO"
"13/11/2024";"10:56:11";2018;2;"Eleição Ordinária";1;297;"ELEIÇÕES GERAIS ESTADUAIS 2018";"07/10/2018";"E";"DF";"DF";"DISTRITO FEDERAL";97012;"BRASÍLIA";13;3;"Governador";70000614409;40;"RODRIGO SOBRAL ROLLEMBERG";"RODRIGO ROLLEMBERG";"#NULO#";12;"APTO";2;"DEFERIDO";-3;"#NE";-3;"#NE";-3;"#NE";"COLIGAÇÃO";40;"PSB";"Partido Socialista Brasileiro";-1;"#NULO#";"#NULO#";"#NULO#";70000050382;"BRASÍLIA DE MÃOS LIMPAS";"PSB / PV / PC do B / PDT / REDE";"N";7273;"Válido";7273;6;"2º TURNO"
"13/11/2024";"10:56:11";2018;2;"Eleição Ordinária";1;297;"ELEIÇÕES GERAIS ESTADUAIS 2018";"07/10/2018";"E";"DF";"DF";"DISTRITO FEDERAL";97012;"BRASÍLIA";16;3;"Governador";70000614409;40;"RODRIGO SOBRAL ROLLEMBERG";"RODRIGO ROLLEMBERG";"#NULO#";12;"APTO";2;"DEFERIDO";-3;"#NE";-3;"#NE";-3;"#NE";"COLIGAÇÃO";40;"PSB";"Partido Socialista Brasileiro";-1;"#NULO#";"#NULO#";"#NULO#";70000050382;"BRASÍLIA DE MÃOS LIMPAS";"PSB / PV / PC do B / PDT / REDE";"N";8590;"Válido";8590;6;"2º TURNO"
"13/11/2024";"10:56:11";2018;2;"Eleição Ordinária";1;297;"ELEIÇÕES GERAIS ESTADUAIS 2018";"07/10/2018";"E";"DF";"DF";"DISTRITO FEDERAL";97012;"BRASÍLIA";6;3;"Governador";70000614409;40;"RODRIGO SOBRAL ROLLEMBERG";"RODRIGO ROLLEMBERG";"#NULO#";12;"APTO";2;"DEFERIDO";-3;"#NE";-3;"#NE";-3;"#NE";"COLIGAÇÃO";40;"PSB";"Partido Socialista Brasileiro";-1;"#NULO#";"#NULO#";"#NULO#";70000050382;"BRASÍLIA DE MÃOS LIMPAS";"PSB / PV / PC do B / PDT / REDE";"N";8249;"Válido";8249;6;"2º TURNO"
"13/11/2024";"10:56:11";2018;2;"Eleição Ordinária";1;297;"ELEIÇÕES GERAIS ESTADUAIS 2018";"07/10/2018";"E";"DF";"DF";"DISTRITO FEDERAL";97012;"BRASÍLIA";11;3;"Governador";70000614409;40;"RODRIGO SOBRAL ROLLEMBERG";"RODRIGO ROLLEMBERG";"#NULO#";12;"APTO";2;"DEFERIDO";-3;"#NE";-3;"#NE";-3;"#NE";"COLIGAÇÃO";40;"PSB";"Partido Socialista Brasileiro";-1;"#NULO#";"#NULO#";"#NULO#";70000050382;"BRASÍLIA DE MÃOS LIMPAS";"PSB / PV / PC do B / PDT / REDE";"N";13743;"Válido";13743;6;"2º TURNO"
"13/11/2024";"10:56:11";2018;2;"Eleição Ordinária";1;297;"ELEIÇÕES GERAIS ESTADUAIS 2018";"07/10/2018";"E";"DF";"DF";"DISTRITO FEDERAL";97012;"BRASÍLIA";1;3;"Governador";70000614409;40;"RODRIGO SOBRAL ROLLEMBERG";"RODRIGO ROLLEMBERG";"#NULO#";12;"APTO";2;"DEFERIDO";-3;"#NE";-3;"#NE";-3;"#NE";"COLIGAÇÃO";40;"PSB";"Partido Socialista Brasileiro";-1;"#NULO#";"#NULO#";"#NULO#";70000050382;"BRASÍLIA DE MÃOS LIMPAS";"PSB / PV / PC do B / PDT / REDE";"N";17796;"Válido";17796;6;"2º TURNO"
"13/11/2024";"10:56:11";2018;2;"Eleição Ordinária";1;297;"ELEIÇÕES GERAIS ESTADUAIS 2018";"07/10/2018";"E";"DF";"DF";"DISTRITO FEDERAL";97012;"BRASÍLIA";9;3;"Governador";70000614409;40;"RODRIGO SOBRAL ROLLEMBERG";"RODRIGO ROLLEMBERG";"#NULO#";12;"APTO";2;"DEFERIDO";-3;"#NE";-3;"#NE";-3;"#NE";"COLIGAÇÃO";40;"PSB";"Partido Socialista Brasileiro";-1;"#NULO#";"#NULO#";"#NULO#";70000050382;"BRASÍLIA DE MÃOS LIMPAS";"PSB / PV / PC do B / PDT / REDE";"N";14556;"Válido";14556;6;"2º TURNO"
"13/11/2024";"10:56:11";2018;2;"Eleição Ordinária";1;297;"ELEIÇÕES GERAIS ESTADUAIS 2018";"07/10/2018";"E";"DF";"DF";"DISTRITO FEDERAL";97012;"BRASÍLIA";14;3;"Governador";70000614409;40;"RODRIGO SOBRAL ROLLEMBERG";"RODRIGO ROLLEMBERG";"#NULO#";12;"APTO";2;"DEFERIDO";-3;"#NE";-3;"#NE";-3;"#NE";"COLIGAÇÃO";40;"PSB";"Partido Socialista Brasileiro";-1;"#NULO#";"#NULO#";"#NULO#";70000050382;"BRASÍLIA DE MÃOS LIMPAS";"PSB / PV / PC do B / PDT / REDE";"N";23844;"Válido";23844;6;"2º TURNO"
"13/11/2024";"10:56:11";2018;2;"Eleição Ordinária";1;297;"ELEIÇÕES GERAIS ESTADUAIS 2018";"07/10/2018";"E";"DF";"DF";"DISTRITO FEDERAL";97012;"BRASÍLIA";8;3;"Governador";70000614409;40;"RODRIGO SOBRAL ROLLEMBERG";"RODRIGO ROLLEMBERG";"#NULO#";12;"APTO";2;"DEFERIDO";-3;"#NE";-3;"#NE";-3;"#NE";"COLIGAÇÃO";40;"PSB";"Partido Socialista Brasileiro";-1;"#NULO#";"#NULO#";"#NULO#";70000050382;"BRASÍLIA DE MÃOS LIMPAS";"PSB / PV / PC do B / PDT / REDE";"N";10369;"Válido";10369;6;"2º TURNO"
"13/11/2024";"10:56:11";2018;2;"Eleição Ordinária";1;297;"ELEIÇÕES GERAIS ESTADUAIS 2018";"07/10/2018";"E";"DF";"DF";"DISTRITO FEDERAL";97012;"BRASÍLIA";17;3;"Governador";70000614409;40;"RODRIGO SOBRAL ROLLEMBERG";"RODRIGO ROLLEMBERG";"#NULO#";12;"APTO";2;"DEFERIDO";-3;"#NE";-3;"#NE";-3;"#NE";"COLIGAÇÃO";40;"PSB";"Partido Socialista Brasileiro";-1;"#NULO#";"#NULO#";"#NULO#";70000050382;"BRASÍLIA DE MÃOS LIMPAS";"PSB / PV / PC do B / PDT / REDE";"N";6009;"Válido";6009;6;"2º TURNO"
"13/11/2024";"10:56:11";2018;2;"Eleição Ordinária";1;297;"ELEIÇÕES GERAIS ESTADUAIS 2018";"07/10/2018";"E";"DF";"DF";"DISTRITO FEDERAL";97012;"BRASÍLIA";4;3;"Governador";70000614409;40;"RODRIGO SOBRAL ROLLEMBERG";"RODRIGO ROLLEMBERG";"#NULO#";12;"APTO";2;"DEFERIDO";-3;"#NE";-3;"#NE";-3;"#NE";"COLIGAÇÃO";40;"PSB";"Partido Socialista Brasileiro";-1;"#NULO#";"#NULO#";"#NULO#";70000050382;"BRASÍLIA DE MÃOS LIMPAS";"PSB / PV / PC do B / PDT / REDE";"N";4731;"Válido";4731;6;"2º TURNO"
"13/11/2024";"10:56:11";2018;2;"Eleição Ordinária";1;297;"ELEIÇÕES GERAIS ESTADUAIS 2018";"07/10/2018";"E";"DF";"DF";"DISTRITO FEDERAL";97012;"BRASÍLIA";10;5;"Senador";70000614413;180;"FRANCISCO LEITE DE OLIVEIRA";"CHICO LEITE";"#NULO#";12;"APTO";2;"DEFERIDO";-3;"#NE";-3;"#NE";-3;"#NE";"COLIGAÇÃO";18;"REDE";"Rede Sustentabilidade";-1;"#NULO#";"#NULO#";"#NULO#";70000050382;"BRASÍLIA DE MÃOS LIMPAS";"PSB / PV / PC do B / PDT / REDE";"N";10177;"Válido";10177;4;"NÃO ELEITO"
"13/11/2024";"10:56:11";2018;2;"Eleição Ordinária";1;297;"ELEIÇÕES GERAIS ESTADUAIS 2018";"07/10/2018";"E";"DF";"DF";"DISTRITO FEDERAL";97012;"BRASÍLIA";21;5;"Senador";70000614413;180;"FRANCISCO LEITE DE OLIVEIRA";"CHICO LEITE";"#NULO#";12;"APTO";2;"DEFERIDO";-3;"#NE";-3;"#NE";-3;"#NE";"COLIGAÇÃO";18;"REDE";"Rede Sustentabilidade";-1;"#NULO#";"#NULO#";"#NULO#";70000050382;"BRASÍLIA DE MÃOS LIMPAS";"PSB / PV / PC do B / PDT / REDE";"N";6928;"Válido";6928;4;"NÃO ELEITO"
"13/11/2024";"10:56:11";2018;2;"Eleição Ordinária";1;297;"ELEIÇÕES GERAIS ESTADUAIS 2018";"07/10/2018";"E";"DF";"DF";"DISTRITO FEDERAL";97012;"BRASÍLIA";11;5;"Senador";70000614413;180;"FRANCISCO LEITE DE OLIVEIRA";"CHICO LEITE";"#NULO#";12;"APTO";2;"DEFERIDO";-3;"#NE";-3;"#NE";-3;"#NE";"COLIGAÇÃO";18;"REDE";"Rede Sustentabilidade";-1;"#NULO#";"#NULO#";"#NULO#";70000050382;"BRASÍLIA DE MÃOS LIMPAS";"PSB / PV / PC do B / PDT / REDE";"N";10678;"Válido";10678;4;"NÃO ELEITO"
"13/11/2024";"10:56:11";2018;2;"Eleição Ordinária";1;297;"ELEIÇÕES GERAIS ESTADUAIS 2018";"07/10/2018";"E";"DF";"DF";"DISTRITO FEDERAL";97012;"BRASÍLIA";16;5;"Senador";70000614413;180;"FRANCISCO LEITE DE OLIVEIRA";"CHICO LEITE";"#NULO#";12;"APTO";2;"DEFERIDO";-3;"#NE";-3;"#NE";-3;"#NE";"COLIGAÇÃO";18;"REDE";"Rede Sustentabilidade";-1;"#NULO#";"#NULO#";"#NULO#";70000050382;"BRASÍLIA DE MÃOS LIMPAS";"PSB / PV / PC do B / PDT / REDE";"N";11924;"Válido";11924;4;"NÃO ELEITO"
"13/11/2024";"10:56:11";2018;2;"Eleição Ordinária";1;297;"ELEIÇÕES GERAIS ESTADUAIS 2018";"07/10/2018";"E";"DF";"DF";"DISTRITO FEDERAL";97012;"BRASÍLIA";20;5;"Senador";70000614413;180;"FRANCISCO LEITE DE OLIVEIRA";"CHICO LEITE";"#NULO#";12;"APTO";2;"DEFERIDO";-3;"#NE";-3;"#NE";-3;"#NE";"COLIGAÇÃO";18;"REDE";"Rede Sustentabilidade";-1;"#NULO#";"#NULO#";"#NULO#";70000050382;"BRASÍLIA DE MÃOS LIMPAS";"PSB / PV / PC do B / PDT / REDE";"N";6390;"Válido";6390;4;"NÃO ELEITO"
"13/11/2024";"10:56:11";2018;2;"Eleição Ordinária";1;297;"ELEIÇÕES GERAIS ESTADUAIS 2018";"07/10/2018";"E";"DF";"DF";"DISTRITO FEDERAL";97012;"BRASÍLIA";8;5;"Senador";70000614413;180;"FRANCISCO LEITE DE OLIVEIRA";"CHICO LEITE";"#NULO#";12;"APTO";2;"DEFERIDO";-3;"#NE";-3;"#NE";-3;"#NE";"COLIGAÇÃO";18;"REDE";"Rede Sustentabilidade";-1;"#NULO#";"#NULO#";"#NULO#";70000050382;"BRASÍLIA DE MÃOS LIMPAS";"PSB / PV / PC do B / PDT / REDE";"N";12857;"Válido";12857;4;"NÃO ELEITO"
"13/11/2024";"10:56:11";2018;2;"Eleição Ordinária";1;297;"ELEIÇÕES GERAIS ESTADUAIS 2018";"07/10/2018";"E";"DF";"DF";"DISTRITO FEDERAL";97012;"BRASÍLIA";3;5;"Senador";70000614413;180;"FRANCISCO LEITE DE OLIVEIRA";"CHICO LEITE";"#NULO#";12;"APTO";2;"DEFERIDO";-3;"#NE";-3;"#NE";-3;"#NE";"COLIGAÇÃO";18;"REDE";"Rede Sustentabilidade";-1;"#NULO#";"#NULO#";"#NULO#";70000050382;"BRASÍLIA DE MÃOS LIMPAS";"PSB / PV / PC do B / PDT / REDE";"N";6689;"Válido";6689;4;"NÃO ELEITO"
"13/11/2024";"10:56:11";2018;2;"Eleição Ordinária";1;297;"ELEIÇÕES GERAIS ESTADUAIS 2018";"07/10/2018";"E";"DF";"DF";"DISTRITO FEDERAL";97012;"BRASÍLIA";17;5;"Senador";70000614413;180;"FRANCISCO LEITE DE OLIVEIRA";"CHICO LEITE";"#NULO#";12;"APTO";2;"DEFERIDO";-3;"#NE";-3;"#NE";-3;"#NE";"COLIGAÇÃO";18;"REDE";"Rede Sustentabilidade";-1;"#NULO#";"#NULO#";"#NULO#";70000050382;"BRASÍLIA DE MÃOS LIMPAS";"PSB / PV / PC do B / PDT / REDE";"N";8805;"Válido";8805;4;"NÃO ELEITO"
"13/11/2024";"10:56:11";2018;2;"Eleição Ordinária";1;297;"ELEIÇÕES GERAIS ESTADUAIS 2018";"07/10/2018";"E";"DF";"DF";"DISTRITO FEDERAL";97012;"BRASÍLIA";1;5;"Senador";70000614413;180;"FRANCISCO LEITE DE OLIVEIRA";"CHICO LEITE";"#NULO#";12;"APTO";2;"DEFERIDO";-3;"#NE";-3;"#NE";-3;"#NE";"COLIGAÇÃO";18;"REDE";"Rede Sustentabilidade";-1;"#NULO#";"#NULO#";"#NULO#";70000050382;"BRASÍLIA DE MÃOS LIMPAS";"PSB / PV / PC do B / PDT / REDE";"N";11018;"Válido";11018;4;"NÃO ELEITO"
"13/11/2024";"10:56:11";2018;2;"Eleição Ordinária";1;297;"ELEIÇÕES GERAIS ESTADUAIS 2018";"07/10/2018";"E";"DF";"DF";"DISTRITO FEDERAL";97012;"BRASÍLIA";15;5;"Senador";70000614413;180;"FRANCISCO LEITE DE OLIVEIRA";"CHICO LEITE";"#NULO#";12;"APTO";2;"DEFERIDO";-3;"#NE";-3;"#NE";-3;"#NE";"COLIGAÇÃO";18;"REDE";"Rede Sustentabilidade";-1;"#NULO#";"#NULO#";"#NULO#";70000050382;"BRASÍLIA DE MÃOS LIMPAS";"PSB / PV / PC do B / PDT / REDE";"N";16856;"Válido";16856;4;"NÃO ELEITO"
"13/11/2024";"10:56:11";2018;2;"Eleição Ordinária";1;297;"ELEIÇÕES GERAIS ESTADUAIS 2018";"07/10/2018";"E";"DF";"DF";"DISTRITO FEDERAL";97012;"BRASÍLIA";19;5;"Senador";70000614413;180;"FRANCISCO LEITE DE OLIVEIRA";"CHICO LEITE";"#NULO#";12;"APTO";2;"DEFERIDO";-3;"#NE";-3;"#NE";-3;"#NE";"COLIGAÇÃO";18;"REDE";"Rede Sustentabilidade";-1;"#NULO#";"#NULO#";"#NULO#";70000050382;"BRASÍLIA DE MÃOS LIMPAS";"PSB / PV / PC do B / PDT / REDE";"N";10397;"Válido";10397;4;"NÃO ELEITO"
"13/11/2024";"10:56:11";2018;2;"Eleição Ordinária";1;297;"ELEIÇÕES GERAIS ESTADUAIS 2018";"07/10/2018";"E";"DF";"DF";"DISTRITO FEDERAL";97012;"BRASÍLIA";13;5;"Senador";70000614413;180;"FRANCISCO LEITE DE OLIVEIRA";"CHICO LEITE";"#NULO#";12;"APTO";2;"DEFERIDO";-3;"#NE";-3;"#NE";-3;"#NE";"COLIGAÇÃO";18;"REDE";"Rede Sustentabilidade";-1;"#NULO#";"#NULO#";"#NULO#";70000050382;"BRASÍLIA DE MÃOS LIMPAS";"PSB / PV / PC do B / PDT / REDE";"N";9205;"Válido";9205;4;"NÃO ELEITO"
"13/11/2024";"10:56:11";2018;2;"Eleição Ordinária";1;297;"ELEIÇÕES GERAIS ESTADUAIS 2018";"07/10/2018";"E";"DF";"DF";"DISTRITO FEDERAL";97012;"BRASÍLIA";14;5;"Senador";70000614413;180;"FRANCISCO LEITE DE OLIVEIRA";"CHICO LEITE";"#NULO#";12;"APTO";2;"DEFERIDO";-3;"#NE";-3;"#NE";-3;"#NE";"COLIGAÇÃO";18;"REDE";"Rede Sustentabilidade";-1;"#NULO#";"#NULO#";"#NULO#";70000050382;"BRASÍLIA DE MÃOS LIMPAS";"PSB / PV / PC do B / PDT / REDE";"N";14200;"Válido";14200;4;"NÃO ELEITO"
"13/11/2024";"10:56:11";2018;2;"Eleição Ordinária";1;297;"ELEIÇÕES GERAIS ESTADUAIS 2018";"07/10/2018";"E";"DF";"DF";"DISTRITO FEDERAL";97012;"BRASÍLIA";2;5;"Senador";70000614413;180;"FRANCISCO LEITE DE OLIVEIRA";"CHICO LEITE";"#NULO#";12;"APTO";2;"DEFERIDO";-3;"#NE";-3;"#NE";-3;"#NE";"COLIGAÇÃO";18;"REDE";"Rede Sustentabilidade";-1;"#NULO#";"#NULO#";"#NULO#";70000050382;"BRASÍLIA DE MÃOS LIMPAS";"PSB / PV / PC do B / PDT / REDE";"N";8857;"Válido";8857;4;"NÃO ELEITO"
"13/11/2024";"10:56:11";2018;2;"Eleição Ordinária";1;297;"ELEIÇÕES GERAIS ESTADUAIS 2018";"07/10/2018";"E";"DF";"DF";"DISTRITO FEDERAL";97012;"BRASÍLIA";5;5;"Senador";70000614413;180;"FRANCISCO LEITE DE OLIVEIRA";"CHICO LEITE";"#NULO#";12;"APTO";2;"DEFERIDO";-3;"#NE";-3;"#NE";-3;"#NE";"COLIGAÇÃO";18;"REDE";"Rede Sustentabilidade";-1;"#NULO#";"#NULO#";"#NULO#";70000050382;"BRASÍLIA DE MÃOS LIMPAS";"PSB / PV / PC do B / PDT / REDE";"N";11088;"Válido";11088;4;"NÃO ELEITO"
"13/11/2024";"10:56:11";2018;2;"Eleição Ordinária";1;297;"ELEIÇÕES GERAIS ESTADUAIS 2018";"07/10/2018";"E";"DF";"DF";"DISTRITO FEDERAL";97012;"BRASÍLIA";4;5;"Senador";70000614413;180;"FRANCISCO LEITE DE OLIVEIRA";"CHICO LEITE";"#NULO#";12;"APTO";2;"DEFERIDO";-3;"#NE";-3;"#NE";-3;"#NE";"COLIGAÇÃO";18;"REDE";"Rede Sustentabilidade";-1;"#NULO#";"#NULO#";"#NULO#";70000050382;"BRASÍLIA DE MÃOS LIMPAS";"PSB / PV / PC do B / PDT / REDE";"N";5916;"Válido";5916;4;"NÃO ELEITO"
"13/11/2024";"10:56:11";2018;2;"Eleição Ordinária";1;297;"ELEIÇÕES GERAIS ESTADUAIS 2018";"07/10/2018";"E";"DF";"DF";"DISTRITO FEDERAL";97012;"BRASÍLIA";18;5;"Senador";70000614413;180;"FRANCISCO LEITE DE OLIVEIRA";"CHICO LEITE";"#NULO#";12;"APTO";2;"DEFERIDO";-3;"#NE";-3;"#NE";-3;"#NE";"COLIGAÇÃO";18;"REDE";"Rede Sustentabilidade";-1;"#NULO#";"#NULO#";"#NULO#";70000050382;"BRASÍLIA DE MÃOS LIMPAS";"PSB / PV / PC do B / PDT / REDE";"N";11992;"Válido";11992;4;"NÃO ELEITO"
"13/11/2024";"10:56:11";2018;2;"Eleição Ordinária";1;297;"ELEIÇÕES GERAIS ESTADUAIS 2018";"07/10/2018";"E";"DF";"DF";"DISTRITO FEDERAL";97012;"BRASÍLIA";9;5;"Senador";70000614413;180;"FRANCISCO LEITE DE OLIVEIRA";"CHICO LEITE";"#NULO#";12;"APTO";2;"DEFERIDO";-3;"#NE";-3;"#NE";-3;"#NE";"COLIGAÇÃO";18;"REDE";"Rede Sustentabilidade";-1;"#NULO#";"#NULO#";"#NULO#";70000050382;"BRASÍLIA DE MÃOS LIMPAS";"PSB / PV / PC do B / PDT / REDE";"N";13084;"Válido";13084;4;"NÃO ELEITO"
"13/11/2024";"10:56:11";2018;2;"Eleição Ordinária";1;297;"ELEIÇÕES GERAIS ESTADUAIS 2018";"07/10/2018";"E";"DF";"DF";"DISTRITO FEDERAL";97012;"BRASÍLIA";6;5;"Senador";70000614413;180;"FRANCISCO LEITE DE OLIVEIRA";"CHICO LEITE";"#NULO#";12;"APTO";2;"DEFERIDO";-3;"#NE";-3;"#NE";-3;"#NE";"COLIGAÇÃO";18;"REDE";"Rede Sustentabilidade";-1;"#NULO#";"#NULO#";"#NULO#";70000050382;"BRASÍLIA DE MÃOS LIMPAS";"PSB / PV / PC do B / PDT / REDE";"N";8580;"Válido";8580;4;"NÃO ELEITO"
"13/11/2024";"10:56:11";2018;2;"Eleição Ordinária";1;297;"ELEIÇÕES GERAIS ESTADUAIS 2018";"07/10/2018";"E";"DF";"DF";"DISTRITO FEDERAL";97012;"BRASÍLIA";17;3;"Governador";70000613827;55;"ROGÉRIO SCHUMANN ROSSO";"ROGÉRIO ROSSO";"#NULO#";12;"APTO";2;"DEFERIDO";-3;"#NE";-3;"#NE";-3;"#NE";"COLIGAÇÃO";55;"PSD";"Partido Social Democrático";-1;"#NULO#";"#NULO#";"#NULO#";70000050368;"UNIDOS PELO DF";"PSD / PRB / PPS / SOLIDARIEDADE / PODE / PSC";"N";12603;"Válido";12603;4;"NÃO ELEITO"
"13/11/2024";"10:56:11";2018;2;"Eleição Ordinária";1;297;"ELEIÇÕES GERAIS ESTADUAIS 2018";"07/10/2018";"E";"DF";"DF";"DISTRITO FEDERAL";97012;"BRASÍLIA";20;3;"Governador";70000613827;55;"ROGÉRIO SCHUMANN ROSSO";"ROGÉRIO ROSSO";"#NULO#";12;"APTO";2;"DEFERIDO";-3;"#NE";-3;"#NE";-3;"#NE";"COLIGAÇÃO";55;"PSD";"Partido Social Democrático";-1;"#NULO#";"#NULO#";"#NULO#";70000050368;"UNIDOS PELO DF";"PSD / PRB / PPS / SOLIDARIEDADE / PODE / PSC";"N";6807;"Válido";6807;4;"NÃO ELEITO"
"13/11/2024";"10:56:11";2018;2;"Eleição Ordinária";1;297;"ELEIÇÕES GERAIS ESTADUAIS 2018";"07/10/2018";"E";"DF";"DF";"DISTRITO FEDERAL";97012;"BRASÍLIA";2;3;"Governador";70000613827;55;"ROGÉRIO SCHUMANN ROSSO";"ROGÉRIO ROSSO";"#NULO#";12;"APTO";2;"DEFERIDO";-3;"#NE";-3;"#NE";-3;"#NE";"COLIGAÇÃO";55;"PSD";"Partido Social Democrático";-1;"#NULO#";"#NULO#";"#NULO#";70000050368;"UNIDOS PELO DF";"PSD / PRB / PPS / SOLIDARIEDADE / PODE / PSC";"N";6989;"Válido";6989;4;"NÃO ELEITO"
"13/11/2024";"10:56:11";2018;2;"Eleição Ordinária";1;297;"ELEIÇÕES GERAIS ESTADUAIS 2018";"07/10/2018";"E";"DF";"DF";"DISTRITO FEDERAL";97012;"BRASÍLIA";21;3;"Governador";70000613827;55;"ROGÉRIO SCHUMANN ROSSO";"ROGÉRIO ROSSO";"#NULO#";12;"APTO";2;"DEFERIDO";-3;"#NE";-3;"#NE";-3;"#NE";"COLIGAÇÃO";55;"PSD";"Partido Social Democrático";-1;"#NULO#";"#NULO#";"#NULO#";70000050368;"UNIDOS PELO DF";"PSD / PRB / PPS / SOLIDARIEDADE / PODE / PSC";"N";9081;"Válido";9081;4;"NÃO ELEITO"
"13/11/2024";"10:56:11";2018;2;"Eleição Ordinária";1;297;"ELEIÇÕES GERAIS ESTADUAIS 2018";"07/10/2018";"E";"DF";"DF";"DISTRITO FEDERAL";97012;"BRASÍLIA";13;3;"Governador";70000613827;55;"ROGÉRIO SCHUMANN ROSSO";"ROGÉRIO ROSSO";"#NULO#";12;"APTO";2;"DEFERIDO";-3;"#NE";-3;"#NE";-3;"#NE";"COLIGAÇÃO";55;"PSD";"Partido Social Democrático";-1;"#NULO#";"#NULO#";"#NULO#";70000050368;"UNIDOS PELO DF";"PSD / PRB / PPS / SOLIDARIEDADE / PODE / PSC";"N";11713;"Válido";11713;4;"NÃO ELEITO"
"13/11/2024";"10:56:11";2018;2;"Eleição Ordinária";1;297;"ELEIÇÕES GERAIS ESTADUAIS 2018";"07/10/2018";"E";"DF";"DF";"DISTRITO FEDERAL";97012;"BRASÍLIA";6;3;"Governador";70000613827;55;"ROGÉRIO SCHUMANN ROSSO";"ROGÉRIO ROSSO";"#NULO#";12;"APTO";2;"DEFERIDO";-3;"#NE";-3;"#NE";-3;"#NE";"COLIGAÇÃO";55;"PSD";"Partido Social Democrático";-1;"#NULO#";"#NULO#";"#NULO#";70000050368;"UNIDOS PELO DF";"PSD / PRB / PPS / SOLIDARIEDADE / PODE / PSC";"N";10831;"Válido";10831;4;"NÃO ELEITO"
"13/11/2024";"10:56:11";2018;2;"Eleição Ordinária";1;297;"ELEIÇÕES GERAIS ESTADUAIS 2018";"07/10/2018";"E";"DF";"DF";"DISTRITO FEDERAL";97012;"BRASÍLIA";3;3;"Governador";70000613827;55;"ROGÉRIO SCHUMANN ROSSO";"ROGÉRIO ROSSO";"#NULO#";12;"APTO";2;"DEFERIDO";-3;"#NE";-3;"#NE";-3;"#NE";"COLIGAÇÃO";55;"PSD";"Partido Social Democrático";-1;"#NULO#";"#NULO#";"#NULO#";70000050368;"UNIDOS PELO DF";"PSD / PRB / PPS / SOLIDARIEDADE / PODE / PSC";"N";6347;"Válido";6347;4;"NÃO ELEITO"
"13/11/2024";"10:56:11";2018;2;"Eleição Ordinária";1;297;"ELEIÇÕES GERAIS ESTADUAIS 2018";"07/10/2018";"E";"DF";"DF";"DISTRITO FEDERAL";97012;"BRASÍLIA";8;3;"Governador";70000613827;55;"ROGÉRIO SCHUMANN ROSSO";"ROGÉRIO ROSSO";"#NULO#";12;"APTO";2;"DEFERIDO";-3;"#NE";-3;"#NE";-3;"#NE";"COLIGAÇÃO";55;"PSD";"Partido Social Democrático";-1;"#NULO#";"#NULO#";"#NULO#";70000050368;"UNIDOS PELO DF";"PSD / PRB / PPS / SOLIDARIEDADE / PODE / PSC";"N";12859;"Válido";12859;4;"NÃO ELEITO"
"13/11/2024";"10:56:11";2018;2;"Eleição Ordinária";1;297;"ELEIÇÕES GERAIS ESTADUAIS 2018";"07/10/2018";"E";"DF";"DF";"DISTRITO FEDERAL";97012;"BRASÍLIA";19;3;"Governador";70000613827;55;"ROGÉRIO SCHUMANN ROSSO";"ROGÉRIO ROSSO";"#NULO#";12;"APTO";2;"DEFERIDO";-3;"#NE";-3;"#NE";-3;"#NE";"COLIGAÇÃO";55;"PSD";"Partido Social Democrático";-1;"#NULO#";"#NULO#";"#NULO#";70000050368;"UNIDOS PELO DF";"PSD / PRB / PPS / SOLIDARIEDADE / PODE / PSC";"N";8993;"Válido";8993;4;"NÃO ELEITO"
"13/11/2024";"10:56:11";2018;2;"Eleição Ordinária";1;297;"ELEIÇÕES GERAIS ESTADUAIS 2018";"07/10/2018";"E";"DF";"DF";"DISTRITO FEDERAL";97012;"BRASÍLIA";9;3;"Governador";70000613827;55;"ROGÉRIO SCHUMANN ROSSO";"ROGÉRIO ROSSO";"#NULO#";12;"APTO";2;"DEFERIDO";-3;"#NE";-3;"#NE";-3;"#NE";"COLIGAÇÃO";55;"PSD";"Partido Social Democrático";-1;"#NULO#";"#NULO#";"#NULO#";70000050368;"UNIDOS PELO DF";"PSD / PRB / PPS / SOLIDARIEDADE / PODE / PSC";"N";9225;"Válido";9225;4;"NÃO ELEITO"
"13/11/2024";"10:56:11";2018;2;"Eleição Ordinária";1;297;"ELEIÇÕES GERAIS ESTADUAIS 2018";"07/10/2018";"E";"DF";"DF";"DISTRITO FEDERAL";97012;"BRASÍLIA";10;3;"Governador";70000613827;55;"ROGÉRIO SCHUMANN ROSSO";"ROGÉRIO ROSSO";"#NULO#";12;"APTO";2;"DEFERIDO";-3;"#NE";-3;"#NE";-3;"#NE";"COLIGAÇÃO";55;"PSD";"Partido Social Democrático";-1;"#NULO#";"#NULO#";"#NULO#";70000050368;"UNIDOS PELO DF";"PSD / PRB / PPS / SOLIDARIEDADE / PODE / PSC";"N";8906;"Válido";8906;4;"NÃO ELEITO"
"13/11/2024";"10:56:11";2018;2;"Eleição Ordinária";1;297;"ELEIÇÕES GERAIS ESTADUAIS 2018";"07/10/2018";"E";"DF";"DF";"DISTRITO FEDERAL";97012;"BRASÍLIA";11;3;"Governador";70000613827;55;"ROGÉRIO SCHUMANN ROSSO";"ROGÉRIO ROSSO";"#NULO#";12;"APTO";2;"DEFERIDO";-3;"#NE";-3;"#NE";-3;"#NE";"COLIGAÇÃO";55;"PSD";"Partido Social Democrático";-1;"#NULO#";"#NULO#";"#NULO#";70000050368;"UNIDOS PELO DF";"PSD / PRB / PPS / SOLIDARIEDADE / PODE / PSC";"N";4938;"Válido";4938;4;"NÃO ELEITO"
"13/11/2024";"10:56:11";2018;2;"Eleição Ordinária";1;297;"ELEIÇÕES GERAIS ESTADUAIS 2018";"07/10/2018";"E";"DF";"DF";"DISTRITO FEDERAL";97012;"BRASÍLIA";4;3;"Governador";70000613827;55;"ROGÉRIO SCHUMANN ROSSO";"ROGÉRIO ROSSO";"#NULO#";12;"APTO";2;"DEFERIDO";-3;"#NE";-3;"#NE";-3;"#NE";"COLIGAÇÃO";55;"PSD";"Partido Social Democrático";-1;"#NULO#";"#NULO#";"#NULO#";70000050368;"UNIDOS PELO DF";"PSD / PRB / PPS / SOLIDARIEDADE / PODE / PSC";"N";8768;"Válido";8768;4;"NÃO ELEITO"
"13/11/2024";"10:56:11";2018;2;"Eleição Ordinária";1;297;"ELEIÇÕES GERAIS ESTADUAIS 2018";"07/10/2018";"E";"DF";"DF";"DISTRITO FEDERAL";97012;"BRASÍLIA";14;3;"Governador";70000613827;55;"ROGÉRIO SCHUMANN ROSSO";"ROGÉRIO ROSSO";"#NULO#";12;"APTO";2;"DEFERIDO";-3;"#NE";-3;"#NE";-3;"#NE";"COLIGAÇÃO";55;"PSD";"Partido Social Democrático";-1;"#NULO#";"#NULO#";"#NULO#";70000050368;"UNIDOS PELO DF";"PSD / PRB / PPS / SOLIDARIEDADE / PODE / PSC";"N";4747;"Válido";4747;4;"NÃO ELEITO"
"13/11/2024";"10:56:11";2018;2;"Eleição Ordinária";1;297;"ELEIÇÕES GERAIS ESTADUAIS 2018";"07/10/2018";"E";"DF";"DF";"DISTRITO FEDERAL";97012;"BRASÍLIA";5;3;"Governador";70000613827;55;"ROGÉRIO SCHUMANN ROSSO";"ROGÉRIO ROSSO";"#NULO#";12;"APTO";2;"DEFERIDO";-3;"#NE";-3;"#NE";-3;"#NE";"COLIGAÇÃO";55;"PSD";"Partido Social Democrático";-1;"#NULO#";"#NULO#";"#NULO#";70000050368;"UNIDOS PELO DF";"PSD / PRB / PPS / SOLIDARIEDADE / PODE / PSC";"N";9175;"Válido";9175;4;"NÃO ELEITO"
"13/11/2024";"10:56:11";2018;2;"Eleição Ordinária";1;297;"ELEIÇÕES GERAIS ESTADUAIS 2018";"07/10/2018";"E";"DF";"DF";"DISTRITO FEDERAL";97012;"BRASÍLIA";15;3;"Governador";70000613827;55;"ROGÉRIO SCHUMANN ROSSO";"ROGÉRIO ROSSO";"#NULO#";12;"APTO";2;"DEFERIDO";-3;"#NE";-3;"#NE";-3;"#NE";"COLIGAÇÃO";55;"PSD";"Partido Social Democrático";-1;"#NULO#";"#NULO#";"#NULO#";70000050368;"UNIDOS PELO DF";"PSD / PRB / PPS / SOLIDARIEDADE / PODE / PSC";"N";13157;"Válido";13157;4;"NÃO ELEITO"
"13/11/2024";"10:56:11";2018;2;"Eleição Ordinária";1;297;"ELEIÇÕES GERAIS ESTADUAIS 2018";"07/10/2018";"E";"DF";"DF";"DISTRITO FEDERAL";97012;"BRASÍLIA";1;3;"Governador";70000613827;55;"ROGÉRIO SCHUMANN ROSSO";"ROGÉRIO ROSSO";"#NULO#";12;"APTO";2;"DEFERIDO";-3;"#NE";-3;"#NE";-3;"#NE";"COLIGAÇÃO";55;"PSD";"Partido Social Democrático";-1;"#NULO#";"#NULO#";"#NULO#";70000050368;"UNIDOS PELO DF";"PSD / PRB / PPS / SOLIDARIEDADE / PODE / PSC";"N";3721;"Válido";3721;4;"NÃO ELEITO"
"13/11/2024";"10:56:11";2018;2;"Eleição Ordinária";1;297;"ELEIÇÕES GERAIS ESTADUAIS 2018";"07/10/2018";"E";"DF";"DF";"DISTRITO FEDERAL";97012;"BRASÍLIA";18;3;"Governador";70000613827;55;"ROGÉRIO SCHUMANN ROSSO";"ROGÉRIO ROSSO";"#NULO#";12;"APTO";2;"DEFERIDO";-3;"#NE";-3;"#NE";-3;"#NE";"COLIGAÇÃO";55;"PSD";"Partido Social Democrático";-1;"#NULO#";"#NULO#";"#NULO#";70000050368;"UNIDOS PELO DF";"PSD / PRB / PPS / SOLIDARIEDADE / PODE / PSC";"N";8699;"Válido";8699;4;"NÃO ELEITO"
"13/11/2024";"10:56:11";2018;2;"Eleição Ordinária";1;297;"ELEIÇÕES GERAIS ESTADUAIS 2018";"07/10/2018";"E";"DF";"DF";"DISTRITO FEDERAL";97012;"BRASÍLIA";16;3;"Governador";70000613827;55;"ROGÉRIO SCHUMANN ROSSO";"ROGÉRIO ROSSO";"#NULO#";12;"APTO";2;"DEFERIDO";-3;"#NE";-3;"#NE";-3;"#NE";"COLIGAÇÃO";55;"PSD";"Partido Social Democrático";-1;"#NULO#";"#NULO#";"#NULO#";70000050368;"UNIDOS PELO DF";"PSD / PRB / PPS / SOLIDARIEDADE / PODE / PSC";"N";12226;"Válido";12226;4;"NÃO ELEITO"
"13/11/2024";"10:56:11";2018;2;"Eleição Ordinária";1;297;"ELEIÇÕES GERAIS ESTADUAIS 2018";"07/10/2018";"E";"DF";"DF";"DISTRITO FEDERAL";97012;"BRASÍLIA";16;5;"Senador";70000613826;777;"FERNANDO DE CASTRO MARQUES";"FERNANDO MARQUES";"#NULO#";12;"APTO";2;"DEFERIDO";-3;"#NE";-3;"#NE";-3;"#NE";"COLIGAÇÃO";77;"SOLIDARIEDADE";"Solidariedade";-1;"#NULO#";"#NULO#";"#NULO#";70000050368;"UNIDOS PELO DF";"PSD / PRB / PPS / SOLIDARIEDADE / PODE / PSC";"N";9583;"Válido";9583;4;"NÃO ELEITO"
"13/11/2024";"10:56:11";2018;2;"Eleição Ordinária";1;297;"ELEIÇÕES GERAIS ESTADUAIS 2018";"07/10/2018";"E";"DF";"DF";"DISTRITO FEDERAL";97012;"BRASÍLIA";6;5;"Senador";70000613826;777;"FERNANDO DE CASTRO MARQUES";"FERNANDO MARQUES";"#NULO#";12;"APTO";2;"DEFERIDO";-3;"#NE";-3;"#NE";-3;"#NE";"COLIGAÇÃO";77;"SOLIDARIEDADE";"Solidariedade";-1;"#NULO#";"#NULO#";"#NULO#";70000050368;"UNIDOS PELO DF";"PSD / PRB / PPS / SOLIDARIEDADE / PODE / PSC";"N";8090;"Válido";8090;4;"NÃO ELEITO"
"13/11/2024";"10:56:11";2018;2;"Eleição Ordinária";1;297;"ELEIÇÕES GERAIS ESTADUAIS 2018";"07/10/2018";"E";"DF";"DF";"DISTRITO FEDERAL";97012;"BRASÍLIA";8;5;"Senador";70000613826;777;"FERNANDO DE CASTRO MARQUES";"FERNANDO MARQUES";"#NULO#";12;"APTO";2;"DEFERIDO";-3;"#NE";-3;"#NE";-3;"#NE";"COLIGAÇÃO";77;"SOLIDARIEDADE";"Solidariedade";-1;"#NULO#";"#NULO#";"#NULO#";70000050368;"UNIDOS PELO DF";"PSD / PRB / PPS / SOLIDARIEDADE / PODE / PSC";"N";10444;"Válido";10444;4;"NÃO ELEITO"
"13/11/2024";"10:56:11";2018;2;"Eleição Ordinária";1;297;"ELEIÇÕES GERAIS ESTADUAIS 2018";"07/10/2018";"E";"DF";"DF";"DISTRITO FEDERAL";97012;"BRASÍLIA";18;5;"Senador";70000613826;777;"FERNANDO DE CASTRO MARQUES";"FERNANDO MARQUES";"#NULO#";12;"APTO";2;"DEFERIDO";-3;"#NE";-3;"#NE";-3;"#NE";"COLIGAÇÃO";77;"SOLIDARIEDADE";"Solidariedade";-1;"#NULO#";"#NULO#";"#NULO#";70000050368;"UNIDOS PELO DF";"PSD / PRB / PPS / SOLIDARIEDADE / PODE / PSC";"N";5902;"Válido";5902;4;"NÃO ELEITO"
"13/11/2024";"10:56:11";2018;2;"Eleição Ordinária";1;297;"ELEIÇÕES GERAIS ESTADUAIS 2018";"07/10/2018";"E";"DF";"DF";"DISTRITO FEDERAL";97012;"BRASÍLIA";15;5;"Senador";70000613826;777;"FERNANDO DE CASTRO MARQUES";"FERNANDO MARQUES";"#NULO#";12;"APTO";2;"DEFERIDO";-3;"#NE";-3;"#NE";-3;"#NE";"COLIGAÇÃO";77;"SOLIDARIEDADE";"Solidariedade";-1;"#NULO#";"#NULO#";"#NULO#";70000050368;"UNIDOS PELO DF";"PSD / PRB / PPS / SOLIDARIEDADE / PODE / PSC";"N";6896;"Válido";6896;4;"NÃO ELEITO"
"13/11/2024";"10:56:11";2018;2;"Eleição Ordinária";1;297;"ELEIÇÕES GERAIS ESTADUAIS 2018";"07/10/2018";"E";"DF";"DF";"DISTRITO FEDERAL";97012;"BRASÍLIA";3;5;"Senador";70000613826;777;"FERNANDO DE CASTRO MARQUES";"FERNANDO MARQUES";"#NULO#";12;"APTO";2;"DEFERIDO";-3;"#NE";-3;"#NE";-3;"#NE";"COLIGAÇÃO";77;"SOLIDARIEDADE";"Solidariedade";-1;"#NULO#";"#NULO#";"#NULO#";70000050368;"UNIDOS PELO DF";"PSD / PRB / PPS / SOLIDARIEDADE / PODE / PSC";"N";4008;"Válido";4008;4;"NÃO ELEITO"
"13/11/2024";"10:56:11";2018;2;"Eleição Ordinária";1;297;"ELEIÇÕES GERAIS ESTADUAIS 2018";"07/10/2018";"E";"DF";"DF";"DISTRITO FEDERAL";97012;"BRASÍLIA";9;5;"Senador";70000613826;777;"FERNANDO DE CASTRO MARQUES";"FERNANDO MARQUES";"#NULO#";12;"APTO";2;"DEFERIDO";-3;"#NE";-3;"#NE";-3;"#NE";"COLIGAÇÃO";77;"SOLIDARIEDADE";"Solidariedade";-1;"#NULO#";"#NULO#";"#NULO#";70000050368;"UNIDOS PELO DF";"PSD / PRB / PPS / SOLIDARIEDADE / PODE / PSC";"N";6849;"Válido";6849;4;"NÃO ELEITO"
"13/11/2024";"10:56:11";2018;2;"Eleição Ordinária";1;297;"ELEIÇÕES GERAIS ESTADUAIS 2018";"07/10/2018";"E";"DF";"DF";"DISTRITO FEDERAL";97012;"BRASÍLIA";20;5;"Senador";70000613826;777;"FERNANDO DE CASTRO MARQUES";"FERNANDO MARQUES";"#NULO#";12;"APTO";2;"DEFERIDO";-3;"#NE";-3;"#NE";-3;"#NE";"COLIGAÇÃO";77;"SOLIDARIEDADE";"Solidariedade";-1;"#NULO#";"#NULO#";"#NULO#";70000050368;"UNIDOS PELO DF";"PSD / PRB / PPS / SOLIDARIEDADE / PODE / PSC";"N";5761;"Válido";5761;4;"NÃO ELEITO"
"13/11/2024";"10:56:11";2018;2;"Eleição Ordinária";1;297;"ELEIÇÕES GERAIS ESTADUAIS 2018";"07/10/2018";"E";"DF";"DF";"DISTRITO FEDERAL";97012;"BRASÍLIA";19;5;"Senador";70000613826;777;"FERNANDO DE CASTRO MARQUES";"FERNANDO MARQUES";"#NULO#";12;"APTO";2;"DEFERIDO";-3;"#NE";-3;"#NE";-3;"#NE";"COLIGAÇÃO";77;"SOLIDARIEDADE";"Solidariedade";-1;"#NULO#";"#NULO#";"#NULO#";70000050368;"UNIDOS PELO DF";"PSD / PRB / PPS / SOLIDARIEDADE / PODE / PSC";"N";5672;"Válido";5672;4;"NÃO ELEITO"
"13/11/2024";"10:56:11";2018;2;"Eleição Ordinária";1;297;"ELEIÇÕES GERAIS ESTADUAIS 2018";"07/10/2018";"E";"DF";"DF";"DISTRITO FEDERAL";97012;"BRASÍLIA";14;5;"Senador";70000613826;777;"FERNANDO DE CASTRO MARQUES";"FERNANDO MARQUES";"#NULO#";12;"APTO";2;"DEFERIDO";-3;"#NE";-3;"#NE";-3;"#NE";"COLIGAÇÃO";77;"SOLIDARIEDADE";"Solidariedade";-1;"#NULO#";"#NULO#";"#NULO#";70000050368;"UNIDOS PELO DF";"PSD / PRB / PPS / SOLIDARIEDADE / PODE / PSC";"N";2366;"Válido";2366;4;"NÃO ELEITO"
"13/11/2024";"10:56:11";2018;2;"Eleição Ordinária";1;297;"ELEIÇÕES GERAIS ESTADUAIS 2018";"07/10/2018";"E";"DF";"DF";"DISTRITO FEDERAL";97012;"BRASÍLIA";17;5;"Senador";70000613826;777;"FERNANDO DE CASTRO MARQUES";"FERNANDO MARQUES";"#NULO#";12;"APTO";2;"DEFERIDO";-3;"#NE";-3;"#NE";-3;"#NE";"COLIGAÇÃO";77;"SOLIDARIEDADE";"Solidariedade";-1;"#NULO#";"#NULO#";"#NULO#";70000050368;"UNIDOS PELO DF";"PSD / PRB / PPS / SOLIDARIEDADE / PODE / PSC";"N";9412;"Válido";9412;4;"NÃO ELEITO"
"13/11/2024";"10:56:11";2018;2;"Eleição Ordinária";1;297;"ELEIÇÕES GERAIS ESTADUAIS 2018";"07/10/2018";"E";"DF";"DF";"DISTRITO FEDERAL";97012;"BRASÍLIA";2;5;"Senador";70000613826;777;"FERNANDO DE CASTRO MARQUES";"FERNANDO MARQUES";"#NULO#";12;"APTO";2;"DEFERIDO";-3;"#NE";-3;"#NE";-3;"#NE";"COLIGAÇÃO";77;"SOLIDARIEDADE";"Solidariedade";-1;"#NULO#";"#NULO#";"#NULO#";70000050368;"UNIDOS PELO DF";"PSD / PRB / PPS / SOLIDARIEDADE / PODE / PSC";"N";6669;"Válido";6669;4;"NÃO ELEITO"
"13/11/2024";"10:56:11";2018;2;"Eleição Ordinária";1;297;"ELEIÇÕES GERAIS ESTADUAIS 2018";"07/10/2018";"E";"DF";"DF";"DISTRITO FEDERAL";97012;"BRASÍLIA";11;5;"Senador";70000613826;777;"FERNANDO DE CASTRO MARQUES";"FERNANDO MARQUES";"#NULO#";12;"APTO";2;"DEFERIDO";-3;"#NE";-3;"#NE";-3;"#NE";"COLIGAÇÃO";77;"SOLIDARIEDADE";"Solidariedade";-1;"#NULO#";"#NULO#";"#NULO#";70000050368;"UNIDOS PELO DF";"PSD / PRB / PPS / SOLIDARIEDADE / PODE / PSC";"N";2316;"Válido";2316;4;"NÃO ELEITO"
"13/11/2024";"10:56:11";2018;2;"Eleição Ordinária";1;297;"ELEIÇÕES GERAIS ESTADUAIS 2018";"07/10/2018";"E";"DF";"DF";"DISTRITO FEDERAL";97012;"BRASÍLIA";13;5;"Senador";70000613826;777;"FERNANDO DE CASTRO MARQUES";"FERNANDO MARQUES";"#NULO#";12;"APTO";2;"DEFERIDO";-3;"#NE";-3;"#NE";-3;"#NE";"COLIGAÇÃO";77;"SOLIDARIEDADE";"Solidariedade";-1;"#NULO#";"#NULO#";"#NULO#";70000050368;"UNIDOS PELO DF";"PSD / PRB / PPS / SOLIDARIEDADE / PODE / PSC";"N";8966;"Válido";8966;4;"NÃO ELEITO"
"13/11/2024";"10:56:11";2018;2;"Eleição Ordinária";1;297;"ELEIÇÕES GERAIS ESTADUAIS 2018";"07/10/2018";"E";"DF";"DF";"DISTRITO FEDERAL";97012;"BRASÍLIA";10;5;"Senador";70000613826;777;"FERNANDO DE CASTRO MARQUES";"FERNANDO MARQUES";"#NULO#";12;"APTO";2;"DEFERIDO";-3;"#NE";-3;"#NE";-3;"#NE";"COLIGAÇÃO";77;"SOLIDARIEDADE";"Solidariedade";-1;"#NULO#";"#NULO#";"#NULO#";70000050368;"UNIDOS PELO DF";"PSD / PRB / PPS / SOLIDARIEDADE / PODE / PSC";"N";6616;"Válido";6616;4;"NÃO ELEITO"
"13/11/2024";"10:56:11";2018;2;"Eleição Ordinária";1;297;"ELEIÇÕES GERAIS ESTADUAIS 2018";"07/10/2018";"E";"DF";"DF";"DISTRITO FEDERAL";97012;"BRASÍLIA";1;5;"Senador";70000613826;777;"FERNANDO DE CASTRO MARQUES";"FERNANDO MARQUES";"#NULO#";12;"APTO";2;"DEFERIDO";-3;"#NE";-3;"#NE";-3;"#NE";"COLIGAÇÃO";77;"SOLIDARIEDADE";"Solidariedade";-1;"#NULO#";"#NULO#";"#NULO#";70000050368;"UNIDOS PELO DF";"PSD / PRB / PPS / SOLIDARIEDADE / PODE / PSC";"N";2038;"Válido";2038;4;"NÃO ELEITO"
"13/11/2024";"10:56:11";2018;2;"Eleição Ordinária";1;297;"ELEIÇÕES GERAIS ESTADUAIS 2018";"07/10/2018";"E";"DF";"DF";"DISTRITO FEDERAL";97012;"BRASÍLIA";4;5;"Senador";70000613826;777;"FERNANDO DE CASTRO MARQUES";"FERNANDO MARQUES";"#NULO#";12;"APTO";2;"DEFERIDO";-3;"#NE";-3;"#NE";-3;"#NE";"COLIGAÇÃO";77;"SOLIDARIEDADE";"Solidariedade";-1;"#NULO#";"#NULO#";"#NULO#";70000050368;"UNIDOS PELO DF";"PSD / PRB / PPS / SOLIDARIEDADE / PODE / PSC";"N";8267;"Válido";8267;4;"NÃO ELEITO"
"13/11/2024";"10:56:11";2018;2;"Eleição Ordinária";1;297;"ELEIÇÕES GERAIS ESTADUAIS 2018";"07/10/2018";"E";"DF";"DF";"DISTRITO FEDERAL";97012;"BRASÍLIA";21;5;"Senador";70000613826;777;"FERNANDO DE CASTRO MARQUES";"FERNANDO MARQUES";"#NULO#";12;"APTO";2;"DEFERIDO";-3;"#NE";-3;"#NE";-3;"#NE";"COLIGAÇÃO";77;"SOLIDARIEDADE";"Solidariedade";-1;"#NULO#";"#NULO#";"#NULO#";70000050368;"UNIDOS PELO DF";"PSD / PRB / PPS / SOLIDARIEDADE / PODE / PSC";"N";7464;"Válido";7464;4;"NÃO ELEITO"
"13/11/2024";"10:56:11";2018;2;"Eleição Ordinária";1;297;"ELEIÇÕES GERAIS ESTADUAIS 2018";"07/10/2018";"E";"DF";"DF";"DISTRITO FEDERAL";97012;"BRASÍLIA";5;5;"Senador";70000613826;777;"FERNANDO DE CASTRO MARQUES";"FERNANDO MARQUES";"#NULO#";12;"APTO";2;"DEFERIDO";-3;"#NE";-3;"#NE";-3;"#NE";"COLIGAÇÃO";77;"SOLIDARIEDADE";"Solidariedade";-1;"#NULO#";"#NULO#";"#NULO#";70000050368;"UNIDOS PELO DF";"PSD / PRB / PPS / SOLIDARIEDADE / PODE / PSC";"N";7585;"Válido";7585;4;"NÃO ELEITO"
"13/11/2024";"10:56:11";2018;2;"Eleição Ordinária";1;297;"ELEIÇÕES GERAIS ESTADUAIS 2018";"07/10/2018";"E";"DF";"DF";"DISTRITO FEDERAL";97012;"BRASÍLIA";2;5;"Senador";70000613822;233;"CRISTOVAM RICARDO CAVALCANTI BUARQUE";"CRISTOVAM BUARQUE";"#NULO#";12;"APTO";2;"DEFERIDO";-3;"#NE";-3;"#NE";-3;"#NE";"COLIGAÇÃO";23;"PPS";"Partido Popular Socialista";-1;"#NULO#";"#NULO#";"#NULO#";70000050368;"UNIDOS PELO DF";"PSD / PRB / PPS / SOLIDARIEDADE / PODE / PSC";"N";17526;"Válido";17526;4;"NÃO ELEITO"
"13/11/2024";"10:56:11";2018;2;"Eleição Ordinária";1;297;"ELEIÇÕES GERAIS ESTADUAIS 2018";"07/10/2018";"E";"DF";"DF";"DISTRITO FEDERAL";97012;"BRASÍLIA";8;5;"Senador";70000613822;233;"CRISTOVAM RICARDO CAVALCANTI BUARQUE";"CRISTOVAM BUARQUE";"#NULO#";12;"APTO";2;"DEFERIDO";-3;"#NE";-3;"#NE";-3;"#NE";"COLIGAÇÃO";23;"PPS";"Partido Popular Socialista";-1;"#NULO#";"#NULO#";"#NULO#";70000050368;"UNIDOS PELO DF";"PSD / PRB / PPS / SOLIDARIEDADE / PODE / PSC";"N";18146;"Válido";18146;4;"NÃO ELEITO"
"13/11/2024";"10:56:11";2018;2;"Eleição Ordinária";1;297;"ELEIÇÕES GERAIS ESTADUAIS 2018";"07/10/2018";"E";"DF";"DF";"DISTRITO FEDERAL";97012;"BRASÍLIA";4;5;"Senador";70000613822;233;"CRISTOVAM RICARDO CAVALCANTI BUARQUE";"CRISTOVAM BUARQUE";"#NULO#";12;"APTO";2;"DEFERIDO";-3;"#NE";-3;"#NE";-3;"#NE";"COLIGAÇÃO";23;"PPS";"Partido Popular Socialista";-1;"#NULO#";"#NULO#";"#NULO#";70000050368;"UNIDOS PELO DF";"PSD / PRB / PPS / SOLIDARIEDADE / PODE / PSC";"N";13685;"Válido";13685;4;"NÃO ELEITO"
"13/11/2024";"10:56:11";2018;2;"Eleição Ordinária";1;297;"ELEIÇÕES GERAIS ESTADUAIS 2018";"07/10/2018";"E";"DF";"DF";"DISTRITO FEDERAL";97012;"BRASÍLIA";16;5;"Senador";70000613822;233;"CRISTOVAM RICARDO CAVALCANTI BUARQUE";"CRISTOVAM BUARQUE";"#NULO#";12;"APTO";2;"DEFERIDO";-3;"#NE";-3;"#NE";-3;"#NE";"COLIGAÇÃO";23;"PPS";"Partido Popular Socialista";-1;"#NULO#";"#NULO#";"#NULO#";70000050368;"UNIDOS PELO DF";"PSD / PRB / PPS / SOLIDARIEDADE / PODE / PSC";"N";21338;"Válido";21338;4;"NÃO ELEITO"
"13/11/2024";"10:56:11";2018;2;"Eleição Ordinária";1;297;"ELEIÇÕES GERAIS ESTADUAIS 2018";"07/10/2018";"E";"DF";"DF";"DISTRITO FEDERAL";97012;"BRASÍLIA";5;5;"Senador";70000613822;233;"CRISTOVAM RICARDO CAVALCANTI BUARQUE";"CRISTOVAM BUARQUE";"#NULO#";12;"APTO";2;"DEFERIDO";-3;"#NE";-3;"#NE";-3;"#NE";"COLIGAÇÃO";23;"PPS";"Partido Popular Socialista";-1;"#NULO#";"#NULO#";"#NULO#";70000050368;"UNIDOS PELO DF";"PSD / PRB / PPS / SOLIDARIEDADE / PODE / PSC";"N";19405;"Válido";19405;4;"NÃO ELEITO"
"13/11/2024";"10:56:11";2018;2;"Eleição Ordinária";1;297;"ELEIÇÕES GERAIS ESTADUAIS 2018";"07/10/2018";"E";"DF";"DF";"DISTRITO FEDERAL";97012;"BRASÍLIA";21;5;"Senador";70000613822;233;"CRISTOVAM RICARDO CAVALCANTI BUARQUE";"CRISTOVAM BUARQUE";"#NULO#";12;"APTO";2;"DEFERIDO";-3;"#NE";-3;"#NE";-3;"#NE";"COLIGAÇÃO";23;"PPS";"Partido Popular Socialista";-1;"#NULO#";"#NULO#";"#NULO#";70000050368;"UNIDOS PELO DF";"PSD / PRB / PPS / SOLIDARIEDADE / PODE / PSC";"N";14489;"Válido";14489;4;"NÃO ELEITO"
"13/11/2024";"10:56:11";2018;2;"Eleição Ordinária";1;297;"ELEIÇÕES GERAIS ESTADUAIS 2018";"07/10/2018";"E";"DF";"DF";"DISTRITO FEDERAL";97012;"BRASÍLIA";3;5;"Senador";70000613822;233;"CRISTOVAM RICARDO CAVALCANTI BUARQUE";"CRISTOVAM BUARQUE";"#NULO#";12;"APTO";2;"DEFERIDO";-3;"#NE";-3;"#NE";-3;"#NE";"COLIGAÇÃO";23;"PPS";"Partido Popular Socialista";-1;"#NULO#";"#NULO#";"#NULO#";70000050368;"UNIDOS PELO DF";"PSD / PRB / PPS / SOLIDARIEDADE / PODE / PSC";"N";8676;"Válido";8676;4;"NÃO ELEITO"
"13/11/2024";"10:56:11";2018;2;"Eleição Ordinária";1;297;"ELEIÇÕES GERAIS ESTADUAIS 2018";"07/10/2018";"E";"DF";"DF";"DISTRITO FEDERAL";97012;"BRASÍLIA";20;5;"Senador";70000613822;233;"CRISTOVAM RICARDO CAVALCANTI BUARQUE";"CRISTOVAM BUARQUE";"#NULO#";12;"APTO";2;"DEFERIDO";-3;"#NE";-3;"#NE";-3;"#NE";"COLIGAÇÃO";23;"PPS";"Partido Popular Socialista";-1;"#NULO#";"#NULO#";"#NULO#";70000050368;"UNIDOS PELO DF";"PSD / PRB / PPS / SOLIDARIEDADE / PODE / PSC";"N";9881;"Válido";9881;4;"NÃO ELEITO"
"13/11/2024";"10:56:11";2018;2;"Eleição Ordinária";1;297;"ELEIÇÕES GERAIS ESTADUAIS 2018";"07/10/2018";"E";"DF";"DF";"DISTRITO FEDERAL";97012;"BRASÍLIA";10;5;"Senador";70000613822;233;"CRISTOVAM RICARDO CAVALCANTI BUARQUE";"CRISTOVAM BUARQUE";"#NULO#";12;"APTO";2;"DEFERIDO";-3;"#NE";-3;"#NE";-3;"#NE";"COLIGAÇÃO";23;"PPS";"Partido Popular Socialista";-1;"#NULO#";"#NULO#";"#NULO#";70000050368;"UNIDOS PELO DF";"PSD / PRB / PPS / SOLIDARIEDADE / PODE / PSC";"N";14262;"Válido";14262;4;"NÃO ELEITO"
"13/11/2024";"10:56:11";2018;2;"Eleição Ordinária";1;297;"ELEIÇÕES GERAIS ESTADUAIS 2018";"07/10/2018";"E";"DF";"DF";"DISTRITO FEDERAL";97012;"BRASÍLIA";13;5;"Senador";70000613822;233;"CRISTOVAM RICARDO CAVALCANTI BUARQUE";"CRISTOVAM BUARQUE";"#NULO#";12;"APTO";2;"DEFERIDO";-3;"#NE";-3;"#NE";-3;"#NE";"COLIGAÇÃO";23;"PPS";"Partido Popular Socialista";-1;"#NULO#";"#NULO#";"#NULO#";70000050368;"UNIDOS PELO DF";"PSD / PRB / PPS / SOLIDARIEDADE / PODE / PSC";"N";16368;"Válido";16368;4;"NÃO ELEITO"
"13/11/2024";"10:56:11";2018;2;"Eleição Ordinária";1;297;"ELEIÇÕES GERAIS ESTADUAIS 2018";"07/10/2018";"E";"DF";"DF";"DISTRITO FEDERAL";97012;"BRASÍLIA";18;5;"Senador";70000613822;233;"CRISTOVAM RICARDO CAVALCANTI BUARQUE";"CRISTOVAM BUARQUE";"#NULO#";12;"APTO";2;"DEFERIDO";-3;"#NE";-3;"#NE";-3;"#NE";"COLIGAÇÃO";23;"PPS";"Partido Popular Socialista";-1;"#NULO#";"#NULO#";"#NULO#";70000050368;"UNIDOS PELO DF";"PSD / PRB / PPS / SOLIDARIEDADE / PODE / PSC";"N";22245;"Válido";22245;4;"NÃO ELEITO"
"13/11/2024";"10:56:11";2018;2;"Eleição Ordinária";1;297;"ELEIÇÕES GERAIS ESTADUAIS 2018";"07/10/2018";"E";"DF";"DF";"DISTRITO FEDERAL";97012;"BRASÍLIA";15;5;"Senador";70000613822;233;"CRISTOVAM RICARDO CAVALCANTI BUARQUE";"CRISTOVAM BUARQUE";"#NULO#";12;"APTO";2;"DEFERIDO";-3;"#NE";-3;"#NE";-3;"#NE";"COLIGAÇÃO";23;"PPS";"Partido Popular Socialista";-1;"#NULO#";"#NULO#";"#NULO#";70000050368;"UNIDOS PELO DF";"PSD / PRB / PPS / SOLIDARIEDADE / PODE / PSC";"N";23565;"Válido";23565;4;"NÃO ELEITO"
"13/11/2024";"10:56:11";2018;2;"Eleição Ordinária";1;297;"ELEIÇÕES GERAIS ESTADUAIS 2018";"07/10/2018";"E";"DF";"DF";"DISTRITO FEDERAL";97012;"BRASÍLIA";17;5;"Senador";70000613822;233;"CRISTOVAM RICARDO CAVALCANTI BUARQUE";"CRISTOVAM BUARQUE";"#NULO#";12;"APTO";2;"DEFERIDO";-3;"#NE";-3;"#NE";-3;"#NE";"COLIGAÇÃO";23;"PPS";"Partido Popular Socialista";-1;"#NULO#";"#NULO#";"#NULO#";70000050368;"UNIDOS PELO DF";"PSD / PRB / PPS / SOLIDARIEDADE / PODE / PSC";"N";16195;"Válido";16195;4;"NÃO ELEITO"
"13/11/2024";"10:56:11";2018;2;"Eleição Ordinária";1;297;"ELEIÇÕES GERAIS ESTADUAIS 2018";"07/10/2018";"E";"DF";"DF";"DISTRITO FEDERAL";97012;"BRASÍLIA";1;5;"Senador";70000613822;233;"CRISTOVAM RICARDO CAVALCANTI BUARQUE";"CRISTOVAM BUARQUE";"#NULO#";12;"APTO";2;"DEFERIDO";-3;"#NE";-3;"#NE";-3;"#NE";"COLIGAÇÃO";23;"PPS";"Partido Popular Socialista";-1;"#NULO#";"#NULO#";"#NULO#";70000050368;"UNIDOS PELO DF";"PSD / PRB / PPS / SOLIDARIEDADE / PODE / PSC";"N";15092;"Válido";15092;4;"NÃO ELEITO"
"13/11/2024";"10:56:11";2018;2;"Eleição Ordinária";1;297;"ELEIÇÕES GERAIS ESTADUAIS 2018";"07/10/2018";"E";"DF";"DF";"DISTRITO FEDERAL";97012;"BRASÍLIA";9;5;"Senador";70000613822;233;"CRISTOVAM RICARDO CAVALCANTI BUARQUE";"CRISTOVAM BUARQUE";"#NULO#";12;"APTO";2;"DEFERIDO";-3;"#NE";-3;"#NE";-3;"#NE";"COLIGAÇÃO";23;"PPS";"Partido Popular Socialista";-1;"#NULO#";"#NULO#";"#NULO#";70000050368;"UNIDOS PELO DF";"PSD / PRB / PPS / SOLIDARIEDADE / PODE / PSC";"N";16631;"Válido";16631;4;"NÃO ELEITO"
"13/11/2024";"10:56:11";2018;2;"Eleição Ordinária";1;297;"ELEIÇÕES GERAIS ESTADUAIS 2018";"07/10/2018";"E";"DF";"DF";"DISTRITO FEDERAL";97012;"BRASÍLIA";11;5;"Senador";70000613822;233;"CRISTOVAM RICARDO CAVALCANTI BUARQUE";"CRISTOVAM BUARQUE";"#NULO#";12;"APTO";2;"DEFERIDO";-3;"#NE";-3;"#NE";-3;"#NE";"COLIGAÇÃO";23;"PPS";"Partido Popular Socialista";-1;"#NULO#";"#NULO#";"#NULO#";70000050368;"UNIDOS PELO DF";"PSD / PRB / PPS / SOLIDARIEDADE / PODE / PSC";"N";14132;"Válido";14132;4;"NÃO ELEITO"
"13/11/2024";"10:56:11";2018;2;"Eleição Ordinária";1;297;"ELEIÇÕES GERAIS ESTADUAIS 2018";"07/10/2018";"E";"DF";"DF";"DISTRITO FEDERAL";97012;"BRASÍLIA";19;5;"Senador";70000613822;233;"CRISTOVAM RICARDO CAVALCANTI BUARQUE";"CRISTOVAM BUARQUE";"#NULO#";12;"APTO";2;"DEFERIDO";-3;"#NE";-3;"#NE";-3;"#NE";"COLIGAÇÃO";23;"PPS";"Partido Popular Socialista";-1;"#NULO#";"#NULO#";"#NULO#";70000050368;"UNIDOS PELO DF";"PSD / PRB / PPS / SOLIDARIEDADE / PODE / PSC";"N";13429;"Válido";13429;4;"NÃO ELEITO"
"13/11/2024";"10:56:11";2018;2;"Eleição Ordinária";1;297;"ELEIÇÕES GERAIS ESTADUAIS 2018";"07/10/2018";"E";"DF";"DF";"DISTRITO FEDERAL";97012;"BRASÍLIA";14;5;"Senador";70000613822;233;"CRISTOVAM RICARDO CAVALCANTI BUARQUE";"CRISTOVAM BUARQUE";"#NULO#";12;"APTO";2;"DEFERIDO";-3;"#NE";-3;"#NE";-3;"#NE";"COLIGAÇÃO";23;"PPS";"Partido Popular Socialista";-1;"#NULO#";"#NULO#";"#NULO#";70000050368;"UNIDOS PELO DF";"PSD / PRB / PPS / SOLIDARIEDADE / PODE / PSC";"N";20111;"Válido";20111;4;"NÃO ELEITO"
"13/11/2024";"10:56:11";2018;2;"Eleição Ordinária";1;297;"ELEIÇÕES GERAIS ESTADUAIS 2018";"07/10/2018";"E";"DF";"DF";"DISTRITO FEDERAL";97012;"BRASÍLIA";6;5;"Senador";70000613822;233;"CRISTOVAM RICARDO CAVALCANTI BUARQUE";"CRISTOVAM BUARQUE";"#NULO#";12;"APTO";2;"DEFERIDO";-3;"#NE";-3;"#NE";-3;"#NE";"COLIGAÇÃO";23;"PPS";"Partido Popular Socialista";-1;"#NULO#";"#NULO#";"#NULO#";70000050368;"UNIDOS PELO DF";"PSD / PRB / PPS / SOLIDARIEDADE / PODE / PSC";"N";22602;"Válido";22602;4;"NÃO ELEITO"
"13/11/2024";"10:56:11";2018;2;"Eleição Ordinária";1;295;"ELEIÇÃO GERAL FEDERAL 2018";"07/10/2018";"F";"DF";"BR";"BRASIL";97012;"BRASÍLIA";9;1;"Presidente";280000618462;19;"ALVARO FERNANDES DIAS";"ALVARO DIAS";"#NULO#";12;"APTO";2;"DEFERIDO";-3;"#NE";-3;"#NE";-3;"#NE";"COLIGAÇÃO";19;"PODE";"Podemos";-1;"#NULO#";"#NULO#";"#NULO#";280000050478;"MUDANÇA DE VERDADE";"PODE / PRP / PSC / PTC";"N";816;"Válido";816;4;"NÃO ELEITO"
"13/11/2024";"10:56:11";2018;2;"Eleição Ordinária";1;295;"ELEIÇÃO GERAL FEDERAL 2018";"07/10/2018";"F";"DF";"BR";"BRASIL";97012;"BRASÍLIA";2;1;"Presidente";280000618462;19;"ALVARO FERNANDES DIAS";"ALVARO DIAS";"#NULO#";12;"APTO";2;"DEFERIDO";-3;"#NE";-3;"#NE";-3;"#NE";"COLIGAÇÃO";19;"PODE";"Podemos";-1;"#NULO#";"#NULO#";"#NULO#";280000050478;"MUDANÇA DE VERDADE";"PODE / PRP / PSC / PTC";"N";570;"Válido";570;4;"NÃO ELEITO"
"13/11/2024";"10:56:11";2018;2;"Eleição Ordinária";1;295;"ELEIÇÃO GERAL FEDERAL 2018";"07/10/2018";"F";"DF";"BR";"BRASIL";97012;"BRASÍLIA";20;1;"Presidente";280000618462;19;"ALVARO FERNANDES DIAS";"ALVARO DIAS";"#NULO#";12;"APTO";2;"DEFERIDO";-3;"#NE";-3;"#NE";-3;"#NE";"COLIGAÇÃO";19;"PODE";"Podemos";-1;"#NULO#";"#NULO#";"#NULO#";280000050478;"MUDANÇA DE VERDADE";"PODE / PRP / PSC / PTC";"N";329;"Válido";329;4;"NÃO ELEITO"
"13/11/2024";"10:56:11";2018;2;"Eleição Ordinária";1;295;"ELEIÇÃO GERAL FEDERAL 2018";"07/10/2018";"F";"DF";"BR";"BRASIL";97012;"BRASÍLIA";1;1;"Presidente";280000618462;19;"ALVARO FERNANDES DIAS";"ALVARO DIAS";"#NULO#";12;"APTO";2;"DEFERIDO";-3;"#NE";-3;"#NE";-3;"#NE";"COLIGAÇÃO";19;"PODE";"Podemos";-1;"#NULO#";"#NULO#";"#NULO#";280000050478;"MUDANÇA DE VERDADE";"PODE / PRP / PSC / PTC";"N";583;"Válido";583;4;"NÃO ELEITO"
"13/11/2024";"10:56:11";2018;2;"Eleição Ordinária";1;295;"ELEIÇÃO GERAL FEDERAL 2018";"07/10/2018";"F";"DF";"BR";"BRASIL";97012;"BRASÍLIA";10;1;"Presidente";280000618462;19;"ALVARO FERNANDES DIAS";"ALVARO DIAS";"#NULO#";12;"APTO";2;"DEFERIDO";-3;"#NE";-3;"#NE";-3;"#NE";"COLIGAÇÃO";19;"PODE";"Podemos";-1;"#NULO#";"#NULO#";"#NULO#";280000050478;"MUDANÇA DE VERDADE";"PODE / PRP / PSC / PTC";"N";580;"Válido";580;4;"NÃO ELEITO"
"13/11/2024";"10:56:11";2018;2;"Eleição Ordinária";1;295;"ELEIÇÃO GERAL FEDERAL 2018";"07/10/2018";"F";"DF";"BR";"BRASIL";97012;"BRASÍLIA";17;1;"Presidente";280000618462;19;"ALVARO FERNANDES DIAS";"ALVARO DIAS";"#NULO#";12;"APTO";2;"DEFERIDO";-3;"#NE";-3;"#NE";-3;"#NE";"COLIGAÇÃO";19;"PODE";"Podemos";-1;"#NULO#";"#NULO#";"#NULO#";280000050478;"MUDANÇA DE VERDADE";"PODE / PRP / PSC / PTC";"N";574;"Válido";574;4;"NÃO ELEITO"
"13/11/2024";"10:56:11";2018;2;"Eleição Ordinária";1;295;"ELEIÇÃO GERAL FEDERAL 2018";"07/10/2018";"F";"DF";"BR";"BRASIL";97012;"BRASÍLIA";5;1;"Presidente";280000618462;19;"ALVARO FERNANDES DIAS";"ALVARO DIAS";"#NULO#";12;"APTO";2;"DEFERIDO";-3;"#NE";-3;"#NE";-3;"#NE";"COLIGAÇÃO";19;"PODE";"Podemos";-1;"#NULO#";"#NULO#";"#NULO#";280000050478;"MUDANÇA DE VERDADE";"PODE / PRP / PSC / PTC";"N";718;"Válido";718;4;"NÃO ELEITO"
"13/11/2024";"10:56:11";2018;2;"Eleição Ordinária";1;295;"ELEIÇÃO GERAL FEDERAL 2018";"07/10/2018";"F";"DF";"BR";"BRASIL";97012;"BRASÍLIA";14;1;"Presidente";280000618462;19;"ALVARO FERNANDES DIAS";"ALVARO DIAS";"#NULO#";12;"APTO";2;"DEFERIDO";-3;"#NE";-3;"#NE";-3;"#NE";"COLIGAÇÃO";19;"PODE";"Podemos";-1;"#NULO#";"#NULO#";"#NULO#";280000050478;"MUDANÇA DE VERDADE";"PODE / PRP / PSC / PTC";"N";723;"Válido";723;4;"NÃO ELEITO"
"13/11/2024";"10:56:11";2018;2;"Eleição Ordinária";1;295;"ELEIÇÃO GERAL FEDERAL 2018";"07/10/2018";"F";"DF";"BR";"BRASIL";97012;"BRASÍLIA";11;1;"Presidente";280000618462;19;"ALVARO FERNANDES DIAS";"ALVARO DIAS";"#NULO#";12;"APTO";2;"DEFERIDO";-3;"#NE";-3;"#NE";-3;"#NE";"COLIGAÇÃO";19;"PODE";"Podemos";-1;"#NULO#";"#NULO#";"#NULO#";280000050478;"MUDANÇA DE VERDADE";"PODE / PRP / PSC / PTC";"N";454;"Válido";454;4;"NÃO ELEITO"
"13/11/2024";"10:56:11";2018;2;"Eleição Ordinária";1;295;"ELEIÇÃO GERAL FEDERAL 2018";"07/10/2018";"F";"DF";"BR";"BRASIL";97012;"BRASÍLIA";15;1;"Presidente";280000618462;19;"ALVARO FERNANDES DIAS";"ALVARO DIAS";"#NULO#";12;"APTO";2;"DEFERIDO";-3;"#NE";-3;"#NE";-3;"#NE";"COLIGAÇÃO";19;"PODE";"Podemos";-1;"#NULO#";"#NULO#";"#NULO#";280000050478;"MUDANÇA DE VERDADE";"PODE / PRP / PSC / PTC";"N";949;"Válido";949;4;"NÃO ELEITO"
"13/11/2024";"10:56:11";2018;2;"Eleição Ordinária";1;295;"ELEIÇÃO GERAL FEDERAL 2018";"07/10/2018";"F";"DF";"BR";"BRASIL";97012;"BRASÍLIA";18;1;"Presidente";280000618462;19;"ALVARO FERNANDES DIAS";"ALVARO DIAS";"#NULO#";12;"APTO";2;"DEFERIDO";-3;"#NE";-3;"#NE";-3;"#NE";"COLIGAÇÃO";19;"PODE";"Podemos";-1;"#NULO#";"#NULO#";"#NULO#";280000050478;"MUDANÇA DE VERDADE";"PODE / PRP / PSC / PTC";"N";643;"Válido";643;4;"NÃO ELEITO"
"13/11/2024";"10:56:11";2018;2;"Eleição Ordinária";1;295;"ELEIÇÃO GERAL FEDERAL 2018";"07/10/2018";"F";"DF";"BR";"BRASIL";97012;"BRASÍLIA";8;1;"Presidente";280000618462;19;"ALVARO FERNANDES DIAS";"ALVARO DIAS";"#NULO#";12;"APTO";2;"DEFERIDO";-3;"#NE";-3;"#NE";-3;"#NE";"COLIGAÇÃO";19;"PODE";"Podemos";-1;"#NULO#";"#NULO#";"#NULO#";280000050478;"MUDANÇA DE VERDADE";"PODE / PRP / PSC / PTC";"N";615;"Válido";615;4;"NÃO ELEITO"
"13/11/2024";"10:56:11";2018;2;"Eleição Ordinária";1;295;"ELEIÇÃO GERAL FEDERAL 2018";"07/10/2018";"F";"DF";"BR";"BRASIL";97012;"BRASÍLIA";4;1;"Presidente";280000618462;19;"ALVARO FERNANDES DIAS";"ALVARO DIAS";"#NULO#";12;"APTO";2;"DEFERIDO";-3;"#NE";-3;"#NE";-3;"#NE";"COLIGAÇÃO";19;"PODE";"Podemos";-1;"#NULO#";"#NULO#";"#NULO#";280000050478;"MUDANÇA DE VERDADE";"PODE / PRP / PSC / PTC";"N";412;"Válido";412;4;"NÃO ELEITO"
"13/11/2024";"10:56:11";2018;2;"Eleição Ordinária";1;295;"ELEIÇÃO GERAL FEDERAL 2018";"07/10/2018";"F";"DF";"BR";"BRASIL";97012;"BRASÍLIA";16;1;"Presidente";280000618462;19;"ALVARO FERNANDES DIAS";"ALVARO DIAS";"#NULO#";12;"APTO";2;"DEFERIDO";-3;"#NE";-3;"#NE";-3;"#NE";"COLIGAÇÃO";19;"PODE";"Podemos";-1;"#NULO#";"#NULO#";"#NULO#";280000050478;"MUDANÇA DE VERDADE";"PODE / PRP / PSC / PTC";"N";556;"Válido";556;4;"NÃO ELEITO"
"13/11/2024";"10:56:11";2018;2;"Eleição Ordinária";1;295;"ELEIÇÃO GERAL FEDERAL 2018";"07/10/2018";"F";"DF";"BR";"BRASIL";97012;"BRASÍLIA";19;1;"Presidente";280000618462;19;"ALVARO FERNANDES DIAS";"ALVARO DIAS";"#NULO#";12;"APTO";2;"DEFERIDO";-3;"#NE";-3;"#NE";-3;"#NE";"COLIGAÇÃO";19;"PODE";"Podemos";-1;"#NULO#";"#NULO#";"#NULO#";280000050478;"MUDANÇA DE VERDADE";"PODE / PRP / PSC / PTC";"N";549;"Válido";549;4;"NÃO ELEITO"
"13/11/2024";"10:56:11";2018;2;"Eleição Ordinária";1;295;"ELEIÇÃO GERAL FEDERAL 2018";"07/10/2018";"F";"DF";"BR";"BRASIL";97012;"BRASÍLIA";13;1;"Presidente";280000618462;19;"ALVARO FERNANDES DIAS";"ALVARO DIAS";"#NULO#";12;"APTO";2;"DEFERIDO";-3;"#NE";-3;"#NE";-3;"#NE";"COLIGAÇÃO";19;"PODE";"Podemos";-1;"#NULO#";"#NULO#";"#NULO#";280000050478;"MUDANÇA DE VERDADE";"PODE / PRP / PSC / PTC";"N";605;"Válido";605;4;"NÃO ELEITO"
"13/11/2024";"10:56:11";2018;2;"Eleição Ordinária";1;295;"ELEIÇÃO GERAL FEDERAL 2018";"07/10/2018";"F";"DF";"BR";"BRASIL";97012;"BRASÍLIA";6;1;"Presidente";280000618462;19;"ALVARO FERNANDES DIAS";"ALVARO DIAS";"#NULO#";12;"APTO";2;"DEFERIDO";-3;"#NE";-3;"#NE";-3;"#NE";"COLIGAÇÃO";19;"PODE";"Podemos";-1;"#NULO#";"#NULO#";"#NULO#";280000050478;"MUDANÇA DE VERDADE";"PODE / PRP / PSC / PTC";"N";592;"Válido";592;4;"NÃO ELEITO"
"13/11/2024";"10:56:11";2018;2;"Eleição Ordinária";1;295;"ELEIÇÃO GERAL FEDERAL 2018";"07/10/2018";"F";"DF";"BR";"BRASIL";97012;"BRASÍLIA";21;1;"Presidente";280000618462;19;"ALVARO FERNANDES DIAS";"ALVARO DIAS";"#NULO#";12;"APTO";2;"DEFERIDO";-3;"#NE";-3;"#NE";-3;"#NE";"COLIGAÇÃO";19;"PODE";"Podemos";-1;"#NULO#";"#NULO#";"#NULO#";280000050478;"MUDANÇA DE VERDADE";"PODE / PRP / PSC / PTC";"N";432;"Válido";432;4;"NÃO ELEITO"
"13/11/2024";"10:56:11";2018;2;"Eleição Ordinária";1;295;"ELEIÇÃO GERAL FEDERAL 2018";"07/10/2018";"F";"DF";"BR";"BRASIL";97012;"BRASÍLIA";3;1;"Presidente";280000618462;19;"ALVARO FERNANDES DIAS";"ALVARO DIAS";"#NULO#";12;"APTO";2;"DEFERIDO";-3;"#NE";-3;"#NE";-3;"#NE";"COLIGAÇÃO";19;"PODE";"Podemos";-1;"#NULO#";"#NULO#";"#NULO#";280000050478;"MUDANÇA DE VERDADE";"PODE / PRP / PSC / PTC";"N";438;"Válido";438;4;"NÃO ELEITO"
"13/11/2024";"10:56:11";2018;2;"Eleição Ordinária";2;296;"ELEIÇÃO GERAL FEDERAL 2018";"28/10/2018";"F";"DF";"BR";"BRASIL";97012;"BRASÍLIA";15;1;"Presidente";280000629808;13;"FERNANDO HADDAD";"FERNANDO HADDAD";"#NULO#";12;"APTO";2;"DEFERIDO";-3;"#NE";-3;"#NE";-3;"#NE";"COLIGAÇÃO";13;"PT";"Partido dos Trabalhadores";-1;"#NULO#";"#NULO#";"#NULO#";280000050703;"O POVO FELIZ DE NOVO";"PT / PC do B / PROS";"N";31559;"Válido";31559;4;"NÃO ELEITO"
"13/11/2024";"10:56:11";2018;2;"Eleição Ordinária";2;296;"ELEIÇÃO GERAL FEDERAL 2018";"28/10/2018";"F";"DF";"BR";"BRASIL";97012;"BRASÍLIA";11;1;"Presidente";280000629808;13;"FERNANDO HADDAD";"FERNANDO HADDAD";"#NULO#";12;"APTO";2;"DEFERIDO";-3;"#NE";-3;"#NE";-3;"#NE";"COLIGAÇÃO";13;"PT";"Partido dos Trabalhadores";-1;"#NULO#";"#NULO#";"#NULO#";280000050703;"O POVO FELIZ DE NOVO";"PT / PC do B / PROS";"N";16635;"Válido";16635;4;"NÃO ELEITO"
"13/11/2024";"10:56:11";2018;2;"Eleição Ordinária";2;296;"ELEIÇÃO GERAL FEDERAL 2018";"28/10/2018";"F";"DF";"BR";"BRASIL";97012;"BRASÍLIA";14;1;"Presidente";280000629808;13;"FERNANDO HADDAD";"FERNANDO HADDAD";"#NULO#";12;"APTO";2;"DEFERIDO";-3;"#NE";-3;"#NE";-3;"#NE";"COLIGAÇÃO";13;"PT";"Partido dos Trabalhadores";-1;"#NULO#";"#NULO#";"#NULO#";280000050703;"O POVO FELIZ DE NOVO";"PT / PC do B / PROS";"N";28778;"Válido";28778;4;"NÃO ELEITO"
"13/11/2024";"10:56:11";2018;2;"Eleição Ordinária";2;296;"ELEIÇÃO GERAL FEDERAL 2018";"28/10/2018";"F";"DF";"BR";"BRASIL";97012;"BRASÍLIA";6;1;"Presidente";280000629808;13;"FERNANDO HADDAD";"FERNANDO HADDAD";"#NULO#";12;"APTO";2;"DEFERIDO";-3;"#NE";-3;"#NE";-3;"#NE";"COLIGAÇÃO";13;"PT";"Partido dos Trabalhadores";-1;"#NULO#";"#NULO#";"#NULO#";280000050703;"O POVO FELIZ DE NOVO";"PT / PC do B / PROS";"N";29761;"Válido";29761;4;"NÃO ELEITO"
"13/11/2024";"10:56:11";2018;2;"Eleição Ordinária";2;296;"ELEIÇÃO GERAL FEDERAL 2018";"28/10/2018";"F";"DF";"BR";"BRASIL";97012;"BRASÍLIA";18;1;"Presidente";280000629808;13;"FERNANDO HADDAD";"FERNANDO HADDAD";"#NULO#";12;"APTO";2;"DEFERIDO";-3;"#NE";-3;"#NE";-3;"#NE";"COLIGAÇÃO";13;"PT";"Partido dos Trabalhadores";-1;"#NULO#";"#NULO#";"#NULO#";280000050703;"O POVO FELIZ DE NOVO";"PT / PC do B / PROS";"N";27571;"Válido";27571;4;"NÃO ELEITO"
"13/11/2024";"10:56:11";2018;2;"Eleição Ordinária";2;296;"ELEIÇÃO GERAL FEDERAL 2018";"28/10/2018";"F";"DF";"BR";"BRASIL";97012;"BRASÍLIA";9;1;"Presidente";280000629808;13;"FERNANDO HADDAD";"FERNANDO HADDAD";"#NULO#";12;"APTO";2;"DEFERIDO";-3;"#NE";-3;"#NE";-3;"#NE";"COLIGAÇÃO";13;"PT";"Partido dos Trabalhadores";-1;"#NULO#";"#NULO#";"#NULO#";280000050703;"O POVO FELIZ DE NOVO";"PT / PC do B / PROS";"N";28357;"Válido";28357;4;"NÃO ELEITO"
"13/11/2024";"10:56:11";2018;2;"Eleição Ordinária";2;296;"ELEIÇÃO GERAL FEDERAL 2018";"28/10/2018";"F";"DF";"BR";"BRASIL";97012;"BRASÍLIA";13;1;"Presidente";280000629808;13;"FERNANDO HADDAD";"FERNANDO HADDAD";"#NULO#";12;"APTO";2;"DEFERIDO";-3;"#NE";-3;"#NE";-3;"#NE";"COLIGAÇÃO";13;"PT";"Partido dos Trabalhadores";-1;"#NULO#";"#NULO#";"#NULO#";280000050703;"O POVO FELIZ DE NOVO";"PT / PC do B / PROS";"N";24258;"Válido";24258;4;"NÃO ELEITO"
"13/11/2024";"10:56:11";2018;2;"Eleição Ordinária";2;296;"ELEIÇÃO GERAL FEDERAL 2018";"28/10/2018";"F";"DF";"BR";"BRASIL";97012;"BRASÍLIA";16;1;"Presidente";280000629808;13;"FERNANDO HADDAD";"FERNANDO HADDAD";"#NULO#";12;"APTO";2;"DEFERIDO";-3;"#NE";-3;"#NE";-3;"#NE";"COLIGAÇÃO";13;"PT";"Partido dos Trabalhadores";-1;"#NULO#";"#NULO#";"#NULO#";280000050703;"O POVO FELIZ DE NOVO";"PT / PC do B / PROS";"N";30361;"Válido";30361;4;"NÃO ELEITO"
"13/11/2024";"10:56:11";2018;2;"Eleição Ordinária";2;296;"ELEIÇÃO GERAL FEDERAL 2018";"28/10/2018";"F";"DF";"BR";"BRASIL";97012;"BRASÍLIA";17;1;"Presidente";280000629808;13;"FERNANDO HADDAD";"FERNANDO HADDAD";"#NULO#";12;"APTO";2;"DEFERIDO";-3;"#NE";-3;"#NE";-3;"#NE";"COLIGAÇÃO";13;"PT";"Partido dos Trabalhadores";-1;"#NULO#";"#NULO#";"#NULO#";280000050703;"O POVO FELIZ DE NOVO";"PT / PC do B / PROS";"N";27585;"Válido";27585;4;"NÃO ELEITO"
"13/11/2024";"10:56:11";2018;2;"Eleição Ordinária";2;296;"ELEIÇÃO GERAL FEDERAL 2018";"28/10/2018";"F";"DF";"BR";"BRASIL";97012;"BRASÍLIA";10;1;"Presidente";280000629808;13;"FERNANDO HADDAD";"FERNANDO HADDAD";"#NULO#";12;"APTO";2;"DEFERIDO";-3;"#NE";-3;"#NE";-3;"#NE";"COLIGAÇÃO";13;"PT";"Partido dos Trabalhadores";-1;"#NULO#";"#NULO#";"#NULO#";280000050703;"O POVO FELIZ DE NOVO";"PT / PC do B / PROS";"N";22499;"Válido";22499;4;"NÃO ELEITO"
"13/11/2024";"10:56:11";2018;2;"Eleição Ordinária";2;296;"ELEIÇÃO GERAL FEDERAL 2018";"28/10/2018";"F";"DF";"BR";"BRASIL";97012;"BRASÍLIA";8;1;"Presidente";280000629808;13;"FERNANDO HADDAD";"FERNANDO HADDAD";"#NULO#";12;"APTO";2;"DEFERIDO";-3;"#NE";-3;"#NE";-3;"#NE";"COLIGAÇÃO";13;"PT";"Partido dos Trabalhadores";-1;"#NULO#";"#NULO#";"#NULO#";280000050703;"O POVO FELIZ DE NOVO";"PT / PC do B / PROS";"N";30155;"Válido";30155;4;"NÃO ELEITO"
"13/11/2024";"10:56:11";2018;2;"Eleição Ordinária";2;296;"ELEIÇÃO GERAL FEDERAL 2018";"28/10/2018";"F";"DF";"BR";"BRASIL";97012;"BRASÍLIA";3;1;"Presidente";280000629808;13;"FERNANDO HADDAD";"FERNANDO HADDAD";"#NULO#";12;"APTO";2;"DEFERIDO";-3;"#NE";-3;"#NE";-3;"#NE";"COLIGAÇÃO";13;"PT";"Partido dos Trabalhadores";-1;"#NULO#";"#NULO#";"#NULO#";280000050703;"O POVO FELIZ DE NOVO";"PT / PC do B / PROS";"N";14268;"Válido";14268;4;"NÃO ELEITO"
"13/11/2024";"10:56:11";2018;2;"Eleição Ordinária";2;296;"ELEIÇÃO GERAL FEDERAL 2018";"28/10/2018";"F";"DF";"BR";"BRASIL";97012;"BRASÍLIA";21;1;"Presidente";280000629808;13;"FERNANDO HADDAD";"FERNANDO HADDAD";"#NULO#";12;"APTO";2;"DEFERIDO";-3;"#NE";-3;"#NE";-3;"#NE";"COLIGAÇÃO";13;"PT";"Partido dos Trabalhadores";-1;"#NULO#";"#NULO#";"#NULO#";280000050703;"O POVO FELIZ DE NOVO";"PT / PC do B / PROS";"N";21823;"Válido";21823;4;"NÃO ELEITO"
"13/11/2024";"10:56:11";2018;2;"Eleição Ordinária";2;296;"ELEIÇÃO GERAL FEDERAL 2018";"28/10/2018";"F";"DF";"BR";"BRASIL";97012;"BRASÍLIA";19;1;"Presidente";280000629808;13;"FERNANDO HADDAD";"FERNANDO HADDAD";"#NULO#";12;"APTO";2;"DEFERIDO";-3;"#NE";-3;"#NE";-3;"#NE";"COLIGAÇÃO";13;"PT";"Partido dos Trabalhadores";-1;"#NULO#";"#NULO#";"#NULO#";280000050703;"O POVO FELIZ DE NOVO";"PT / PC do B / PROS";"N";20615;"Válido";20615;4;"NÃO ELEITO"
"13/11/2024";"10:56:11";2018;2;"Eleição Ordinária";2;296;"ELEIÇÃO GERAL FEDERAL 2018";"28/10/2018";"F";"DF";"BR";"BRASIL";97012;"BRASÍLIA";20;1;"Presidente";280000629808;13;"FERNANDO HADDAD";"FERNANDO HADDAD";"#NULO#";12;"APTO";2;"DEFERIDO";-3;"#NE";-3;"#NE";-3;"#NE";"COLIGAÇÃO";13;"PT";"Partido dos Trabalhadores";-1;"#NULO#";"#NULO#";"#NULO#";280000050703;"O POVO FELIZ DE NOVO";"PT / PC do B / PROS";"N";16398;"Válido";16398;4;"NÃO ELEITO"
"13/11/2024";"10:56:11";2018;2;"Eleição Ordinária";2;296;"ELEIÇÃO GERAL FEDERAL 2018";"28/10/2018";"F";"DF";"BR";"BRASIL";97012;"BRASÍLIA";4;1;"Presidente";280000629808;13;"FERNANDO HADDAD";"FERNANDO HADDAD";"#NULO#";12;"APTO";2;"DEFERIDO";-3;"#NE";-3;"#NE";-3;"#NE";"COLIGAÇÃO";13;"PT";"Partido dos Trabalhadores";-1;"#NULO#";"#NULO#";"#NULO#";280000050703;"O POVO FELIZ DE NOVO";"PT / PC do B / PROS";"N";19394;"Válido";19394;4;"NÃO ELEITO"
"13/11/2024";"10:56:11";2018;2;"Eleição Ordinária";2;296;"ELEIÇÃO GERAL FEDERAL 2018";"28/10/2018";"F";"DF";"BR";"BRASIL";97012;"BRASÍLIA";5;1;"Presidente";280000629808;13;"FERNANDO HADDAD";"FERNANDO HADDAD";"#NULO#";12;"APTO";2;"DEFERIDO";-3;"#NE";-3;"#NE";-3;"#NE";"COLIGAÇÃO";13;"PT";"Partido dos Trabalhadores";-1;"#NULO#";"#NULO#";"#NULO#";280000050703;"O POVO FELIZ DE NOVO";"PT / PC do B / PROS";"N";28355;"Válido";28355;4;"NÃO ELEITO"
"13/11/2024";"10:56:11";2018;2;"Eleição Ordinária";2;296;"ELEIÇÃO GERAL FEDERAL 2018";"28/10/2018";"F";"DF";"BR";"BRASIL";97012;"BRASÍLIA";1;1;"Presidente";280000629808;13;"FERNANDO HADDAD";"FERNANDO HADDAD";"#NULO#";12;"APTO";2;"DEFERIDO";-3;"#NE";-3;"#NE";-3;"#NE";"COLIGAÇÃO";13;"PT";"Partido dos Trabalhadores";-1;"#NULO#";"#NULO#";"#NULO#";280000050703;"O POVO FELIZ DE NOVO";"PT / PC do B / PROS";"N";20239;"Válido";20239;4;"NÃO ELEITO"
"13/11/2024";"10:56:11";2018;2;"Eleição Ordinária";2;296;"ELEIÇÃO GERAL FEDERAL 2018";"28/10/2018";"F";"DF";"BR";"BRASIL";97012;"BRASÍLIA";2;1;"Presidente";280000629808;13;"FERNANDO HADDAD";"FERNANDO HADDAD";"#NULO#";12;"APTO";2;"DEFERIDO";-3;"#NE";-3;"#NE";-3;"#NE";"COLIGAÇÃO";13;"PT";"Partido dos Trabalhadores";-1;"#NULO#";"#NULO#";"#NULO#";280000050703;"O POVO FELIZ DE NOVO";"PT / PC do B / PROS";"N";24729;"Válido";24729;4;"NÃO ELEITO"
"13/11/2024";"10:56:11";2018;2;"Eleição Ordinária";1;295;"ELEIÇÃO GERAL FEDERAL 2018";"07/10/2018";"F";"DF";"BR";"BRASIL";97012;"BRASÍLIA";9;1;"Presidente";280000601016;50;"GUILHERME CASTRO BOULOS";"GUILHERME BOULOS";"#NULO#";12;"APTO";2;"DEFERIDO";-3;"#NE";-3;"#NE";-3;"#NE";"COLIGAÇÃO";50;"PSOL";"Partido Socialismo e Liberdade";-1;"#NULO#";"#NULO#";"#NULO#";280000050035;"VAMOS SEM MEDO DE MUDAR O BRASIL";"PSOL / PCB";"N";768;"Válido";768;4;"NÃO ELEITO"
"13/11/2024";"10:56:11";2018;2;"Eleição Ordinária";1;295;"ELEIÇÃO GERAL FEDERAL 2018";"07/10/2018";"F";"DF";"BR";"BRASIL";97012;"BRASÍLIA";1;1;"Presidente";280000601016;50;"GUILHERME CASTRO BOULOS";"GUILHERME BOULOS";"#NULO#";12;"APTO";2;"DEFERIDO";-3;"#NE";-3;"#NE";-3;"#NE";"COLIGAÇÃO";50;"PSOL";"Partido Socialismo e Liberdade";-1;"#NULO#";"#NULO#";"#NULO#";280000050035;"VAMOS SEM MEDO DE MUDAR O BRASIL";"PSOL / PCB";"N";601;"Válido";601;4;"NÃO ELEITO"
"13/11/2024";"10:56:11";2018;2;"Eleição Ordinária";1;295;"ELEIÇÃO GERAL FEDERAL 2018";"07/10/2018";"F";"DF";"BR";"BRASIL";97012;"BRASÍLIA";19;1;"Presidente";280000601016;50;"GUILHERME CASTRO BOULOS";"GUILHERME BOULOS";"#NULO#";12;"APTO";2;"DEFERIDO";-3;"#NE";-3;"#NE";-3;"#NE";"COLIGAÇÃO";50;"PSOL";"Partido Socialismo e Liberdade";-1;"#NULO#";"#NULO#";"#NULO#";280000050035;"VAMOS SEM MEDO DE MUDAR O BRASIL";"PSOL / PCB";"N";499;"Válido";499;4;"NÃO ELEITO"
"13/11/2024";"10:56:11";2018;2;"Eleição Ordinária";1;295;"ELEIÇÃO GERAL FEDERAL 2018";"07/10/2018";"F";"DF";"BR";"BRASIL";97012;"BRASÍLIA";11;1;"Presidente";280000601016;50;"GUILHERME CASTRO BOULOS";"GUILHERME BOULOS";"#NULO#";12;"APTO";2;"DEFERIDO";-3;"#NE";-3;"#NE";-3;"#NE";"COLIGAÇÃO";50;"PSOL";"Partido Socialismo e Liberdade";-1;"#NULO#";"#NULO#";"#NULO#";280000050035;"VAMOS SEM MEDO DE MUDAR O BRASIL";"PSOL / PCB";"N";421;"Válido";421;4;"NÃO ELEITO"
"13/11/2024";"10:56:11";2018;2;"Eleição Ordinária";1;295;"ELEIÇÃO GERAL FEDERAL 2018";"07/10/2018";"F";"DF";"BR";"BRASIL";97012;"BRASÍLIA";3;1;"Presidente";280000601016;50;"GUILHERME CASTRO BOULOS";"GUILHERME BOULOS";"#NULO#";12;"APTO";2;"DEFERIDO";-3;"#NE";-3;"#NE";-3;"#NE";"COLIGAÇÃO";50;"PSOL";"Partido Socialismo e Liberdade";-1;"#NULO#";"#NULO#";"#NULO#";280000050035;"VAMOS SEM MEDO DE MUDAR O BRASIL";"PSOL / PCB";"N";395;"Válido";395;4;"NÃO ELEITO"
"13/11/2024";"10:56:11";2018;2;"Eleição Ordinária";1;295;"ELEIÇÃO GERAL FEDERAL 2018";"07/10/2018";"F";"DF";"BR";"BRASIL";97012;"BRASÍLIA";21;1;"Presidente";280000601016;50;"GUILHERME CASTRO BOULOS";"GUILHERME BOULOS";"#NULO#";12;"APTO";2;"DEFERIDO";-3;"#NE";-3;"#NE";-3;"#NE";"COLIGAÇÃO";50;"PSOL";"Partido Socialismo e Liberdade";-1;"#NULO#";"#NULO#";"#NULO#";280000050035;"VAMOS SEM MEDO DE MUDAR O BRASIL";"PSOL / PCB";"N";721;"Válido";721;4;"NÃO ELEITO"
"13/11/2024";"10:56:11";2018;2;"Eleição Ordinária";1;295;"ELEIÇÃO GERAL FEDERAL 2018";"07/10/2018";"F";"DF";"BR";"BRASIL";97012;"BRASÍLIA";14;1;"Presidente";280000601016;50;"GUILHERME CASTRO BOULOS";"GUILHERME BOULOS";"#NULO#";12;"APTO";2;"DEFERIDO";-3;"#NE";-3;"#NE";-3;"#NE";"COLIGAÇÃO";50;"PSOL";"Partido Socialismo e Liberdade";-1;"#NULO#";"#NULO#";"#NULO#";280000050035;"VAMOS SEM MEDO DE MUDAR O BRASIL";"PSOL / PCB";"N";940;"Válido";940;4;"NÃO ELEITO"
"13/11/2024";"10:56:11";2018;2;"Eleição Ordinária";1;295;"ELEIÇÃO GERAL FEDERAL 2018";"07/10/2018";"F";"DF";"BR";"BRASIL";97012;"BRASÍLIA";16;1;"Presidente";280000601016;50;"GUILHERME CASTRO BOULOS";"GUILHERME BOULOS";"#NULO#";12;"APTO";2;"DEFERIDO";-3;"#NE";-3;"#NE";-3;"#NE";"COLIGAÇÃO";50;"PSOL";"Partido Socialismo e Liberdade";-1;"#NULO#";"#NULO#";"#NULO#";280000050035;"VAMOS SEM MEDO DE MUDAR O BRASIL";"PSOL / PCB";"N";927;"Válido";927;4;"NÃO ELEITO"
"13/11/2024";"10:56:11";2018;2;"Eleição Ordinária";1;295;"ELEIÇÃO GERAL FEDERAL 2018";"07/10/2018";"F";"DF";"BR";"BRASIL";97012;"BRASÍLIA";17;1;"Presidente";280000601016;50;"GUILHERME CASTRO BOULOS";"GUILHERME BOULOS";"#NULO#";12;"APTO";2;"DEFERIDO";-3;"#NE";-3;"#NE";-3;"#NE";"COLIGAÇÃO";50;"PSOL";"Partido Socialismo e Liberdade";-1;"#NULO#";"#NULO#";"#NULO#";280000050035;"VAMOS SEM MEDO DE MUDAR O BRASIL";"PSOL / PCB";"N";727;"Válido";727;4;"NÃO ELEITO"
"13/11/2024";"10:56:11";2018;2;"Eleição Ordinária";1;295;"ELEIÇÃO GERAL FEDERAL 2018";"07/10/2018";"F";"DF";"BR";"BRASIL";97012;"BRASÍLIA";8;1;"Presidente";280000601016;50;"GUILHERME CASTRO BOULOS";"GUILHERME BOULOS";"#NULO#";12;"APTO";2;"DEFERIDO";-3;"#NE";-3;"#NE";-3;"#NE";"COLIGAÇÃO";50;"PSOL";"Partido Socialismo e Liberdade";-1;"#NULO#";"#NULO#";"#NULO#";280000050035;"VAMOS SEM MEDO DE MUDAR O BRASIL";"PSOL / PCB";"N";879;"Válido";879;4;"NÃO ELEITO"
"13/11/2024";"10:56:11";2018;2;"Eleição Ordinária";1;295;"ELEIÇÃO GERAL FEDERAL 2018";"07/10/2018";"F";"DF";"BR";"BRASIL";97012;"BRASÍLIA";13;1;"Presidente";280000601016;50;"GUILHERME CASTRO BOULOS";"GUILHERME BOULOS";"#NULO#";12;"APTO";2;"DEFERIDO";-3;"#NE";-3;"#NE";-3;"#NE";"COLIGAÇÃO";50;"PSOL";"Partido Socialismo e Liberdade";-1;"#NULO#";"#NULO#";"#NULO#";280000050035;"VAMOS SEM MEDO DE MUDAR O BRASIL";"PSOL / PCB";"N";876;"Válido";876;4;"NÃO ELEITO"
"13/11/2024";"10:56:11";2018;2;"Eleição Ordinária";1;295;"ELEIÇÃO GERAL FEDERAL 2018";"07/10/2018";"F";"DF";"BR";"BRASIL";97012;"BRASÍLIA";5;1;"Presidente";280000601016;50;"GUILHERME CASTRO BOULOS";"GUILHERME BOULOS";"#NULO#";12;"APTO";2;"DEFERIDO";-3;"#NE";-3;"#NE";-3;"#NE";"COLIGAÇÃO";50;"PSOL";"Partido Socialismo e Liberdade";-1;"#NULO#";"#NULO#";"#NULO#";280000050035;"VAMOS SEM MEDO DE MUDAR O BRASIL";"PSOL / PCB";"N";797;"Válido";797;4;"NÃO ELEITO"
"13/11/2024";"10:56:11";2018;2;"Eleição Ordinária";1;295;"ELEIÇÃO GERAL FEDERAL 2018";"07/10/2018";"F";"DF";"BR";"BRASIL";97012;"BRASÍLIA";10;1;"Presidente";280000601016;50;"GUILHERME CASTRO BOULOS";"GUILHERME BOULOS";"#NULO#";12;"APTO";2;"DEFERIDO";-3;"#NE";-3;"#NE";-3;"#NE";"COLIGAÇÃO";50;"PSOL";"Partido Socialismo e Liberdade";-1;"#NULO#";"#NULO#";"#NULO#";280000050035;"VAMOS SEM MEDO DE MUDAR O BRASIL";"PSOL / PCB";"N";606;"Válido";606;4;"NÃO ELEITO"
"13/11/2024";"10:56:11";2018;2;"Eleição Ordinária";1;295;"ELEIÇÃO GERAL FEDERAL 2018";"07/10/2018";"F";"DF";"BR";"BRASIL";97012;"BRASÍLIA";6;1;"Presidente";280000601016;50;"GUILHERME CASTRO BOULOS";"GUILHERME BOULOS";"#NULO#";12;"APTO";2;"DEFERIDO";-3;"#NE";-3;"#NE";-3;"#NE";"COLIGAÇÃO";50;"PSOL";"Partido Socialismo e Liberdade";-1;"#NULO#";"#NULO#";"#NULO#";280000050035;"VAMOS SEM MEDO DE MUDAR O BRASIL";"PSOL / PCB";"N";925;"Válido";925;4;"NÃO ELEITO"
"13/11/2024";"10:56:11";2018;2;"Eleição Ordinária";1;295;"ELEIÇÃO GERAL FEDERAL 2018";"07/10/2018";"F";"DF";"BR";"BRASIL";97012;"BRASÍLIA";2;1;"Presidente";280000601016;50;"GUILHERME CASTRO BOULOS";"GUILHERME BOULOS";"#NULO#";12;"APTO";2;"DEFERIDO";-3;"#NE";-3;"#NE";-3;"#NE";"COLIGAÇÃO";50;"PSOL";"Partido Socialismo e Liberdade";-1;"#NULO#";"#NULO#";"#NULO#";280000050035;"VAMOS SEM MEDO DE MUDAR O BRASIL";"PSOL / PCB";"N";676;"Válido";676;4;"NÃO ELEITO"
"13/11/2024";"10:56:11";2018;2;"Eleição Ordinária";1;295;"ELEIÇÃO GERAL FEDERAL 2018";"07/10/2018";"F";"DF";"BR";"BRASIL";97012;"BRASÍLIA";4;1;"Presidente";280000601016;50;"GUILHERME CASTRO BOULOS";"GUILHERME BOULOS";"#NULO#";12;"APTO";2;"DEFERIDO";-3;"#NE";-3;"#NE";-3;"#NE";"COLIGAÇÃO";50;"PSOL";"Partido Socialismo e Liberdade";-1;"#NULO#";"#NULO#";"#NULO#";280000050035;"VAMOS SEM MEDO DE MUDAR O BRASIL";"PSOL / PCB";"N";561;"Válido";561;4;"NÃO ELEITO"
"13/11/2024";"10:56:11";2018;2;"Eleição Ordinária";1;295;"ELEIÇÃO GERAL FEDERAL 2018";"07/10/2018";"F";"DF";"BR";"BRASIL";97012;"BRASÍLIA";18;1;"Presidente";280000601016;50;"GUILHERME CASTRO BOULOS";"GUILHERME BOULOS";"#NULO#";12;"APTO";2;"DEFERIDO";-3;"#NE";-3;"#NE";-3;"#NE";"COLIGAÇÃO";50;"PSOL";"Partido Socialismo e Liberdade";-1;"#NULO#";"#NULO#";"#NULO#";280000050035;"VAMOS SEM MEDO DE MUDAR O BRASIL";"PSOL / PCB";"N";600;"Válido";600;4;"NÃO ELEITO"
"13/11/2024";"10:56:11";2018;2;"Eleição Ordinária";1;295;"ELEIÇÃO GERAL FEDERAL 2018";"07/10/2018";"F";"DF";"BR";"BRASIL";97012;"BRASÍLIA";20;1;"Presidente";280000601016;50;"GUILHERME CASTRO BOULOS";"GUILHERME BOULOS";"#NULO#";12;"APTO";2;"DEFERIDO";-3;"#NE";-3;"#NE";-3;"#NE";"COLIGAÇÃO";50;"PSOL";"Partido Socialismo e Liberdade";-1;"#NULO#";"#NULO#";"#NULO#";280000050035;"VAMOS SEM MEDO DE MUDAR O BRASIL";"PSOL / PCB";"N";530;"Válido";530;4;"NÃO ELEITO"
"13/11/2024";"10:56:11";2018;2;"Eleição Ordinária";1;295;"ELEIÇÃO GERAL FEDERAL 2018";"07/10/2018";"F";"DF";"BR";"BRASIL";97012;"BRASÍLIA";15;1;"Presidente";280000601016;50;"GUILHERME CASTRO BOULOS";"GUILHERME BOULOS";"#NULO#";12;"APTO";2;"DEFERIDO";-3;"#NE";-3;"#NE";-3;"#NE";"COLIGAÇÃO";50;"PSOL";"Partido Socialismo e Liberdade";-1;"#NULO#";"#NULO#";"#NULO#";280000050035;"VAMOS SEM MEDO DE MUDAR O BRASIL";"PSOL / PCB";"N";728;"Válido";728;4;"NÃO ELEITO"
"13/11/2024";"10:56:11";2018;2;"Eleição Ordinária";1;295;"ELEIÇÃO GERAL FEDERAL 2018";"07/10/2018";"F";"DF";"BR";"BRASIL";97012;"BRASÍLIA";17;1;"Presidente";280000605589;12;"CIRO FERREIRA GOMES";"CIRO GOMES";"#NULO#";12;"APTO";2;"DEFERIDO";-3;"#NE";-3;"#NE";-3;"#NE";"COLIGAÇÃO";12;"PDT";"Partido Democrático Trabalhista";-1;"#NULO#";"#NULO#";"#NULO#";280000050163;"BRASIL SOBERANO";"PDT / AVANTE";"N";14035;"Válido";14035;4;"NÃO ELEITO"
"13/11/2024";"10:56:11";2018;2;"Eleição Ordinária";1;295;"ELEIÇÃO GERAL FEDERAL 2018";"07/10/2018";"F";"DF";"BR";"BRASIL";97012;"BRASÍLIA";3;1;"Presidente";280000605589;12;"CIRO FERREIRA GOMES";"CIRO GOMES";"#NULO#";12;"APTO";2;"DEFERIDO";-3;"#NE";-3;"#NE";-3;"#NE";"COLIGAÇÃO";12;"PDT";"Partido Democrático Trabalhista";-1;"#NULO#";"#NULO#";"#NULO#";280000050163;"BRASIL SOBERANO";"PDT / AVANTE";"N";8776;"Válido";8776;4;"NÃO ELEITO"
"13/11/2024";"10:56:11";2018;2;"Eleição Ordinária";1;295;"ELEIÇÃO GERAL FEDERAL 2018";"07/10/2018";"F";"DF";"BR";"BRASIL";97012;"BRASÍLIA";8;1;"Presidente";280000605589;12;"CIRO FERREIRA GOMES";"CIRO GOMES";"#NULO#";12;"APTO";2;"DEFERIDO";-3;"#NE";-3;"#NE";-3;"#NE";"COLIGAÇÃO";12;"PDT";"Partido Democrático Trabalhista";-1;"#NULO#";"#NULO#";"#NULO#";280000050163;"BRASIL SOBERANO";"PDT / AVANTE";"N";15419;"Válido";15419;4;"NÃO ELEITO"
"13/11/2024";"10:56:11";2018;2;"Eleição Ordinária";1;295;"ELEIÇÃO GERAL FEDERAL 2018";"07/10/2018";"F";"DF";"BR";"BRASIL";97012;"BRASÍLIA";20;1;"Presidente";280000605589;12;"CIRO FERREIRA GOMES";"CIRO GOMES";"#NULO#";12;"APTO";2;"DEFERIDO";-3;"#NE";-3;"#NE";-3;"#NE";"COLIGAÇÃO";12;"PDT";"Partido Democrático Trabalhista";-1;"#NULO#";"#NULO#";"#NULO#";280000050163;"BRASIL SOBERANO";"PDT / AVANTE";"N";8804;"Válido";8804;4;"NÃO ELEITO"
"13/11/2024";"10:56:11";2018;2;"Eleição Ordinária";1;295;"ELEIÇÃO GERAL FEDERAL 2018";"07/10/2018";"F";"DF";"BR";"BRASIL";97012;"BRASÍLIA";21;1;"Presidente";280000605589;12;"CIRO FERREIRA GOMES";"CIRO GOMES";"#NULO#";12;"APTO";2;"DEFERIDO";-3;"#NE";-3;"#NE";-3;"#NE";"COLIGAÇÃO";12;"PDT";"Partido Democrático Trabalhista";-1;"#NULO#";"#NULO#";"#NULO#";280000050163;"BRASIL SOBERANO";"PDT / AVANTE";"N";11267;"Válido";11267;4;"NÃO ELEITO"
"13/11/2024";"10:56:11";2018;2;"Eleição Ordinária";1;295;"ELEIÇÃO GERAL FEDERAL 2018";"07/10/2018";"F";"DF";"BR";"BRASIL";97012;"BRASÍLIA";18;1;"Presidente";280000605589;12;"CIRO FERREIRA GOMES";"CIRO GOMES";"#NULO#";12;"APTO";2;"DEFERIDO";-3;"#NE";-3;"#NE";-3;"#NE";"COLIGAÇÃO";12;"PDT";"Partido Democrático Trabalhista";-1;"#NULO#";"#NULO#";"#NULO#";280000050163;"BRASIL SOBERANO";"PDT / AVANTE";"N";14779;"Válido";14779;4;"NÃO ELEITO"
"13/11/2024";"10:56:11";2018;2;"Eleição Ordinária";1;295;"ELEIÇÃO GERAL FEDERAL 2018";"07/10/2018";"F";"DF";"BR";"BRASIL";97012;"BRASÍLIA";19;1;"Presidente";280000605589;12;"CIRO FERREIRA GOMES";"CIRO GOMES";"#NULO#";12;"APTO";2;"DEFERIDO";-3;"#NE";-3;"#NE";-3;"#NE";"COLIGAÇÃO";12;"PDT";"Partido Democrático Trabalhista";-1;"#NULO#";"#NULO#";"#NULO#";280000050163;"BRASIL SOBERANO";"PDT / AVANTE";"N";13134;"Válido";13134;4;"NÃO ELEITO"
"13/11/2024";"10:56:11";2018;2;"Eleição Ordinária";1;295;"ELEIÇÃO GERAL FEDERAL 2018";"07/10/2018";"F";"DF";"BR";"BRASIL";97012;"BRASÍLIA";15;1;"Presidente";280000605589;12;"CIRO FERREIRA GOMES";"CIRO GOMES";"#NULO#";12;"APTO";2;"DEFERIDO";-3;"#NE";-3;"#NE";-3;"#NE";"COLIGAÇÃO";12;"PDT";"Partido Democrático Trabalhista";-1;"#NULO#";"#NULO#";"#NULO#";280000050163;"BRASIL SOBERANO";"PDT / AVANTE";"N";22739;"Válido";22739;4;"NÃO ELEITO"
"13/11/2024";"10:56:11";2018;2;"Eleição Ordinária";1;295;"ELEIÇÃO GERAL FEDERAL 2018";"07/10/2018";"F";"DF";"BR";"BRASIL";97012;"BRASÍLIA";14;1;"Presidente";280000605589;12;"CIRO FERREIRA GOMES";"CIRO GOMES";"#NULO#";12;"APTO";2;"DEFERIDO";-3;"#NE";-3;"#NE";-3;"#NE";"COLIGAÇÃO";12;"PDT";"Partido Democrático Trabalhista";-1;"#NULO#";"#NULO#";"#NULO#";280000050163;"BRASIL SOBERANO";"PDT / AVANTE";"N";19579;"Válido";19579;4;"NÃO ELEITO"
"13/11/2024";"10:56:11";2018;2;"Eleição Ordinária";1;295;"ELEIÇÃO GERAL FEDERAL 2018";"07/10/2018";"F";"DF";"BR";"BRASIL";97012;"BRASÍLIA";4;1;"Presidente";280000605589;12;"CIRO FERREIRA GOMES";"CIRO GOMES";"#NULO#";12;"APTO";2;"DEFERIDO";-3;"#NE";-3;"#NE";-3;"#NE";"COLIGAÇÃO";12;"PDT";"Partido Democrático Trabalhista";-1;"#NULO#";"#NULO#";"#NULO#";280000050163;"BRASIL SOBERANO";"PDT / AVANTE";"N";10155;"Válido";10155;4;"NÃO ELEITO"
"13/11/2024";"10:56:11";2018;2;"Eleição Ordinária";1;295;"ELEIÇÃO GERAL FEDERAL 2018";"07/10/2018";"F";"DF";"BR";"BRASIL";97012;"BRASÍLIA";1;1;"Presidente";280000605589;12;"CIRO FERREIRA GOMES";"CIRO GOMES";"#NULO#";12;"APTO";2;"DEFERIDO";-3;"#NE";-3;"#NE";-3;"#NE";"COLIGAÇÃO";12;"PDT";"Partido Democrático Trabalhista";-1;"#NULO#";"#NULO#";"#NULO#";280000050163;"BRASIL SOBERANO";"PDT / AVANTE";"N";14209;"Válido";14209;4;"NÃO ELEITO"
"13/11/2024";"10:56:11";2018;2;"Eleição Ordinária";1;295;"ELEIÇÃO GERAL FEDERAL 2018";"07/10/2018";"F";"DF";"BR";"BRASIL";97012;"BRASÍLIA";2;1;"Presidente";280000605589;12;"CIRO FERREIRA GOMES";"CIRO GOMES";"#NULO#";12;"APTO";2;"DEFERIDO";-3;"#NE";-3;"#NE";-3;"#NE";"COLIGAÇÃO";12;"PDT";"Partido Democrático Trabalhista";-1;"#NULO#";"#NULO#";"#NULO#";280000050163;"BRASIL SOBERANO";"PDT / AVANTE";"N";12686;"Válido";12686;4;"NÃO ELEITO"
"13/11/2024";"10:56:11";2018;2;"Eleição Ordinária";1;295;"ELEIÇÃO GERAL FEDERAL 2018";"07/10/2018";"F";"DF";"BR";"BRASIL";97012;"BRASÍLIA";6;1;"Presidente";280000605589;12;"CIRO FERREIRA GOMES";"CIRO GOMES";"#NULO#";12;"APTO";2;"DEFERIDO";-3;"#NE";-3;"#NE";-3;"#NE";"COLIGAÇÃO";12;"PDT";"Partido Democrático Trabalhista";-1;"#NULO#";"#NULO#";"#NULO#";280000050163;"BRASIL SOBERANO";"PDT / AVANTE";"N";13625;"Válido";13625;4;"NÃO ELEITO"
"13/11/2024";"10:56:11";2018;2;"Eleição Ordinária";1;295;"ELEIÇÃO GERAL FEDERAL 2018";"07/10/2018";"F";"DF";"BR";"BRASIL";97012;"BRASÍLIA";13;1;"Presidente";280000605589;12;"CIRO FERREIRA GOMES";"CIRO GOMES";"#NULO#";12;"APTO";2;"DEFERIDO";-3;"#NE";-3;"#NE";-3;"#NE";"COLIGAÇÃO";12;"PDT";"Partido Democrático Trabalhista";-1;"#NULO#";"#NULO#";"#NULO#";280000050163;"BRASIL SOBERANO";"PDT / AVANTE";"N";13552;"Válido";13552;4;"NÃO ELEITO"
"13/11/2024";"10:56:11";2018;2;"Eleição Ordinária";1;295;"ELEIÇÃO GERAL FEDERAL 2018";"07/10/2018";"F";"DF";"BR";"BRASIL";97012;"BRASÍLIA";16;1;"Presidente";280000605589;12;"CIRO FERREIRA GOMES";"CIRO GOMES";"#NULO#";12;"APTO";2;"DEFERIDO";-3;"#NE";-3;"#NE";-3;"#NE";"COLIGAÇÃO";12;"PDT";"Partido Democrático Trabalhista";-1;"#NULO#";"#NULO#";"#NULO#";280000050163;"BRASIL SOBERANO";"PDT / AVANTE";"N";15126;"Válido";15126;4;"NÃO ELEITO"
"13/11/2024";"10:56:11";2018;2;"Eleição Ordinária";1;295;"ELEIÇÃO GERAL FEDERAL 2018";"07/10/2018";"F";"DF";"BR";"BRASIL";97012;"BRASÍLIA";10;1;"Presidente";280000622281;15;"HENRIQUE DE CAMPOS MEIRELLES";"HENRIQUE MEIRELLES";"#NULO#";12;"APTO";2;"DEFERIDO";-3;"#NE";-3;"#NE";-3;"#NE";"COLIGAÇÃO";15;"MDB";"Movimento Democrático Brasileiro";-1;"#NULO#";"#NULO#";"#NULO#";280000050592;"ESSA É A SOLUÇÃO";"MDB / PHS";"N";1353;"Válido";1353;4;"NÃO ELEITO"
"13/11/2024";"10:56:11";2018;2;"Eleição Ordinária";1;295;"ELEIÇÃO GERAL FEDERAL 2018";"07/10/2018";"F";"DF";"BR";"BRASIL";97012;"BRASÍLIA";4;1;"Presidente";280000622281;15;"HENRIQUE DE CAMPOS MEIRELLES";"HENRIQUE MEIRELLES";"#NULO#";12;"APTO";2;"DEFERIDO";-3;"#NE";-3;"#NE";-3;"#NE";"COLIGAÇÃO";15;"MDB";"Movimento Democrático Brasileiro";-1;"#NULO#";"#NULO#";"#NULO#";280000050592;"ESSA É A SOLUÇÃO";"MDB / PHS";"N";1409;"Válido";1409;4;"NÃO ELEITO"
"13/11/2024";"10:56:11";2018;2;"Eleição Ordinária";1;295;"ELEIÇÃO GERAL FEDERAL 2018";"07/10/2018";"F";"DF";"BR";"BRASIL";97012;"BRASÍLIA";14;1;"Presidente";280000622281;15;"HENRIQUE DE CAMPOS MEIRELLES";"HENRIQUE MEIRELLES";"#NULO#";12;"APTO";2;"DEFERIDO";-3;"#NE";-3;"#NE";-3;"#NE";"COLIGAÇÃO";15;"MDB";"Movimento Democrático Brasileiro";-1;"#NULO#";"#NULO#";"#NULO#";280000050592;"ESSA É A SOLUÇÃO";"MDB / PHS";"N";813;"Válido";813;4;"NÃO ELEITO"
"13/11/2024";"10:56:11";2018;2;"Eleição Ordinária";1;295;"ELEIÇÃO GERAL FEDERAL 2018";"07/10/2018";"F";"DF";"BR";"BRASIL";97012;"BRASÍLIA";13;1;"Presidente";280000622281;15;"HENRIQUE DE CAMPOS MEIRELLES";"HENRIQUE MEIRELLES";"#NULO#";12;"APTO";2;"DEFERIDO";-3;"#NE";-3;"#NE";-3;"#NE";"COLIGAÇÃO";15;"MDB";"Movimento Democrático Brasileiro";-1;"#NULO#";"#NULO#";"#NULO#";280000050592;"ESSA É A SOLUÇÃO";"MDB / PHS";"N";1931;"Válido";1931;4;"NÃO ELEITO"
"13/11/2024";"10:56:11";2018;2;"Eleição Ordinária";1;295;"ELEIÇÃO GERAL FEDERAL 2018";"07/10/2018";"F";"DF";"BR";"BRASIL";97012;"BRASÍLIA";17;1;"Presidente";280000622281;15;"HENRIQUE DE CAMPOS MEIRELLES";"HENRIQUE MEIRELLES";"#NULO#";12;"APTO";2;"DEFERIDO";-3;"#NE";-3;"#NE";-3;"#NE";"COLIGAÇÃO";15;"MDB";"Movimento Democrático Brasileiro";-1;"#NULO#";"#NULO#";"#NULO#";280000050592;"ESSA É A SOLUÇÃO";"MDB / PHS";"N";1653;"Válido";1653;4;"NÃO ELEITO"
"13/11/2024";"10:56:11";2018;2;"Eleição Ordinária";1;295;"ELEIÇÃO GERAL FEDERAL 2018";"07/10/2018";"F";"DF";"BR";"BRASIL";97012;"BRASÍLIA";20;1;"Presidente";280000622281;15;"HENRIQUE DE CAMPOS MEIRELLES";"HENRIQUE MEIRELLES";"#NULO#";12;"APTO";2;"DEFERIDO";-3;"#NE";-3;"#NE";-3;"#NE";"COLIGAÇÃO";15;"MDB";"Movimento Democrático Brasileiro";-1;"#NULO#";"#NULO#";"#NULO#";280000050592;"ESSA É A SOLUÇÃO";"MDB / PHS";"N";988;"Válido";988;4;"NÃO ELEITO"
"13/11/2024";"10:56:11";2018;2;"Eleição Ordinária";1;295;"ELEIÇÃO GERAL FEDERAL 2018";"07/10/2018";"F";"DF";"BR";"BRASIL";97012;"BRASÍLIA";5;1;"Presidente";280000622281;15;"HENRIQUE DE CAMPOS MEIRELLES";"HENRIQUE MEIRELLES";"#NULO#";12;"APTO";2;"DEFERIDO";-3;"#NE";-3;"#NE";-3;"#NE";"COLIGAÇÃO";15;"MDB";"Movimento Democrático Brasileiro";-1;"#NULO#";"#NULO#";"#NULO#";280000050592;"ESSA É A SOLUÇÃO";"MDB / PHS";"N";1663;"Válido";1663;4;"NÃO ELEITO"
"13/11/2024";"10:56:11";2018;2;"Eleição Ordinária";1;295;"ELEIÇÃO GERAL FEDERAL 2018";"07/10/2018";"F";"DF";"BR";"BRASIL";97012;"BRASÍLIA";18;1;"Presidente";280000622281;15;"HENRIQUE DE CAMPOS MEIRELLES";"HENRIQUE MEIRELLES";"#NULO#";12;"APTO";2;"DEFERIDO";-3;"#NE";-3;"#NE";-3;"#NE";"COLIGAÇÃO";15;"MDB";"Movimento Democrático Brasileiro";-1;"#NULO#";"#NULO#";"#NULO#";280000050592;"ESSA É A SOLUÇÃO";"MDB / PHS";"N";1436;"Válido";1436;4;"NÃO ELEITO"
"13/11/2024";"10:56:11";2018;2;"Eleição Ordinária";1;295;"ELEIÇÃO GERAL FEDERAL 2018";"07/10/2018";"F";"DF";"BR";"BRASIL";97012;"BRASÍLIA";2;1;"Presidente";280000622281;15;"HENRIQUE DE CAMPOS MEIRELLES";"HENRIQUE MEIRELLES";"#NULO#";12;"APTO";2;"DEFERIDO";-3;"#NE";-3;"#NE";-3;"#NE";"COLIGAÇÃO";15;"MDB";"Movimento Democrático Brasileiro";-1;"#NULO#";"#NULO#";"#NULO#";280000050592;"ESSA É A SOLUÇÃO";"MDB / PHS";"N";1445;"Válido";1445;4;"NÃO ELEITO"
"13/11/2024";"10:56:11";2018;2;"Eleição Ordinária";1;295;"ELEIÇÃO GERAL FEDERAL 2018";"07/10/2018";"F";"DF";"BR";"BRASIL";97012;"BRASÍLIA";19;1;"Presidente";280000622281;15;"HENRIQUE DE CAMPOS MEIRELLES";"HENRIQUE MEIRELLES";"#NULO#";12;"APTO";2;"DEFERIDO";-3;"#NE";-3;"#NE";-3;"#NE";"COLIGAÇÃO";15;"MDB";"Movimento Democrático Brasileiro";-1;"#NULO#";"#NULO#";"#NULO#";280000050592;"ESSA É A SOLUÇÃO";"MDB / PHS";"N";1102;"Válido";1102;4;"NÃO ELEITO"
"13/11/2024";"10:56:11";2018;2;"Eleição Ordinária";1;295;"ELEIÇÃO GERAL FEDERAL 2018";"07/10/2018";"F";"DF";"BR";"BRASIL";97012;"BRASÍLIA";21;1;"Presidente";280000622281;15;"HENRIQUE DE CAMPOS MEIRELLES";"HENRIQUE MEIRELLES";"#NULO#";12;"APTO";2;"DEFERIDO";-3;"#NE";-3;"#NE";-3;"#NE";"COLIGAÇÃO";15;"MDB";"Movimento Democrático Brasileiro";-1;"#NULO#";"#NULO#";"#NULO#";280000050592;"ESSA É A SOLUÇÃO";"MDB / PHS";"N";1646;"Válido";1646;4;"NÃO ELEITO"
"13/11/2024";"10:56:11";2018;2;"Eleição Ordinária";1;295;"ELEIÇÃO GERAL FEDERAL 2018";"07/10/2018";"F";"DF";"BR";"BRASIL";97012;"BRASÍLIA";16;1;"Presidente";280000622281;15;"HENRIQUE DE CAMPOS MEIRELLES";"HENRIQUE MEIRELLES";"#NULO#";12;"APTO";2;"DEFERIDO";-3;"#NE";-3;"#NE";-3;"#NE";"COLIGAÇÃO";15;"MDB";"Movimento Democrático Brasileiro";-1;"#NULO#";"#NULO#";"#NULO#";280000050592;"ESSA É A SOLUÇÃO";"MDB / PHS";"N";2358;"Válido";2358;4;"NÃO ELEITO"
"13/11/2024";"10:56:11";2018;2;"Eleição Ordinária";1;295;"ELEIÇÃO GERAL FEDERAL 2018";"07/10/2018";"F";"DF";"BR";"BRASIL";97012;"BRASÍLIA";6;1;"Presidente";280000622281;15;"HENRIQUE DE CAMPOS MEIRELLES";"HENRIQUE MEIRELLES";"#NULO#";12;"APTO";2;"DEFERIDO";-3;"#NE";-3;"#NE";-3;"#NE";"COLIGAÇÃO";15;"MDB";"Movimento Democrático Brasileiro";-1;"#NULO#";"#NULO#";"#NULO#";280000050592;"ESSA É A SOLUÇÃO";"MDB / PHS";"N";2009;"Válido";2009;4;"NÃO ELEITO"
"13/11/2024";"10:56:11";2018;2;"Eleição Ordinária";1;295;"ELEIÇÃO GERAL FEDERAL 2018";"07/10/2018";"F";"DF";"BR";"BRASIL";97012;"BRASÍLIA";9;1;"Presidente";280000622281;15;"HENRIQUE DE CAMPOS MEIRELLES";"HENRIQUE MEIRELLES";"#NULO#";12;"APTO";2;"DEFERIDO";-3;"#NE";-3;"#NE";-3;"#NE";"COLIGAÇÃO";15;"MDB";"Movimento Democrático Brasileiro";-1;"#NULO#";"#NULO#";"#NULO#";280000050592;"ESSA É A SOLUÇÃO";"MDB / PHS";"N";1511;"Válido";1511;4;"NÃO ELEITO"
"13/11/2024";"10:56:11";2018;2;"Eleição Ordinária";1;295;"ELEIÇÃO GERAL FEDERAL 2018";"07/10/2018";"F";"DF";"BR";"BRASIL";97012;"BRASÍLIA";15;1;"Presidente";280000622281;15;"HENRIQUE DE CAMPOS MEIRELLES";"HENRIQUE MEIRELLES";"#NULO#";12;"APTO";2;"DEFERIDO";-3;"#NE";-3;"#NE";-3;"#NE";"COLIGAÇÃO";15;"MDB";"Movimento Democrático Brasileiro";-1;"#NULO#";"#NULO#";"#NULO#";280000050592;"ESSA É A SOLUÇÃO";"MDB / PHS";"N";1450;"Válido";1450;4;"NÃO ELEITO"
"13/11/2024";"10:56:11";2018;2;"Eleição Ordinária";1;295;"ELEIÇÃO GERAL FEDERAL 2018";"07/10/2018";"F";"DF";"BR";"BRASIL";97012;"BRASÍLIA";1;1;"Presidente";280000622281;15;"HENRIQUE DE CAMPOS MEIRELLES";"HENRIQUE MEIRELLES";"#NULO#";12;"APTO";2;"DEFERIDO";-3;"#NE";-3;"#NE";-3;"#NE";"COLIGAÇÃO";15;"MDB";"Movimento Democrático Brasileiro";-1;"#NULO#";"#NULO#";"#NULO#";280000050592;"ESSA É A SOLUÇÃO";"MDB / PHS";"N";627;"Válido";627;4;"NÃO ELEITO"
"13/11/2024";"10:56:11";2018;2;"Eleição Ordinária";1;295;"ELEIÇÃO GERAL FEDERAL 2018";"07/10/2018";"F";"DF";"BR";"BRASIL";97012;"BRASÍLIA";11;1;"Presidente";280000622281;15;"HENRIQUE DE CAMPOS MEIRELLES";"HENRIQUE MEIRELLES";"#NULO#";12;"APTO";2;"DEFERIDO";-3;"#NE";-3;"#NE";-3;"#NE";"COLIGAÇÃO";15;"MDB";"Movimento Democrático Brasileiro";-1;"#NULO#";"#NULO#";"#NULO#";280000050592;"ESSA É A SOLUÇÃO";"MDB / PHS";"N";664;"Válido";664;4;"NÃO ELEITO"
"13/11/2024";"10:56:11";2018;2;"Eleição Ordinária";1;295;"ELEIÇÃO GERAL FEDERAL 2018";"07/10/2018";"F";"DF";"BR";"BRASIL";97012;"BRASÍLIA";3;1;"Presidente";280000622281;15;"HENRIQUE DE CAMPOS MEIRELLES";"HENRIQUE MEIRELLES";"#NULO#";12;"APTO";2;"DEFERIDO";-3;"#NE";-3;"#NE";-3;"#NE";"COLIGAÇÃO";15;"MDB";"Movimento Democrático Brasileiro";-1;"#NULO#";"#NULO#";"#NULO#";280000050592;"ESSA É A SOLUÇÃO";"MDB / PHS";"N";886;"Válido";886;4;"NÃO ELEITO"
"13/11/2024";"10:56:11";2018;2;"Eleição Ordinária";1;295;"ELEIÇÃO GERAL FEDERAL 2018";"07/10/2018";"F";"DF";"BR";"BRASIL";97012;"BRASÍLIA";8;1;"Presidente";280000622281;15;"HENRIQUE DE CAMPOS MEIRELLES";"HENRIQUE MEIRELLES";"#NULO#";12;"APTO";2;"DEFERIDO";-3;"#NE";-3;"#NE";-3;"#NE";"COLIGAÇÃO";15;"MDB";"Movimento Democrático Brasileiro";-1;"#NULO#";"#NULO#";"#NULO#";280000050592;"ESSA É A SOLUÇÃO";"MDB / PHS";"N";1995;"Válido";1995;4;"NÃO ELEITO"
"13/11/2024";"10:56:11";2018;2;"Eleição Ordinária";1;295;"ELEIÇÃO GERAL FEDERAL 2018";"07/10/2018";"F";"DF";"BR";"BRASIL";97012;"BRASÍLIA";10;1;"Presidente";280000605589;12;"CIRO FERREIRA GOMES";"CIRO GOMES";"#NULO#";12;"APTO";2;"DEFERIDO";-3;"#NE";-3;"#NE";-3;"#NE";"COLIGAÇÃO";12;"PDT";"Partido Democrático Trabalhista";-1;"#NULO#";"#NULO#";"#NULO#";280000050163;"BRASIL SOBERANO";"PDT / AVANTE";"N";13085;"Válido";13085;4;"NÃO ELEITO"
"13/11/2024";"10:56:11";2018;2;"Eleição Ordinária";1;295;"ELEIÇÃO GERAL FEDERAL 2018";"07/10/2018";"F";"DF";"BR";"BRASIL";97012;"BRASÍLIA";9;1;"Presidente";280000605589;12;"CIRO FERREIRA GOMES";"CIRO GOMES";"#NULO#";12;"APTO";2;"DEFERIDO";-3;"#NE";-3;"#NE";-3;"#NE";"COLIGAÇÃO";12;"PDT";"Partido Democrático Trabalhista";-1;"#NULO#";"#NULO#";"#NULO#";280000050163;"BRASIL SOBERANO";"PDT / AVANTE";"N";17410;"Válido";17410;4;"NÃO ELEITO"
"13/11/2024";"10:56:11";2018;2;"Eleição Ordinária";1;295;"ELEIÇÃO GERAL FEDERAL 2018";"07/10/2018";"F";"DF";"BR";"BRASIL";97012;"BRASÍLIA";11;1;"Presidente";280000605589;12;"CIRO FERREIRA GOMES";"CIRO GOMES";"#NULO#";12;"APTO";2;"DEFERIDO";-3;"#NE";-3;"#NE";-3;"#NE";"COLIGAÇÃO";12;"PDT";"Partido Democrático Trabalhista";-1;"#NULO#";"#NULO#";"#NULO#";280000050163;"BRASIL SOBERANO";"PDT / AVANTE";"N";12200;"Válido";12200;4;"NÃO ELEITO"
"13/11/2024";"10:56:11";2018;2;"Eleição Ordinária";1;295;"ELEIÇÃO GERAL FEDERAL 2018";"07/10/2018";"F";"DF";"BR";"BRASIL";97012;"BRASÍLIA";5;1;"Presidente";280000605589;12;"CIRO FERREIRA GOMES";"CIRO GOMES";"#NULO#";12;"APTO";2;"DEFERIDO";-3;"#NE";-3;"#NE";-3;"#NE";"COLIGAÇÃO";12;"PDT";"Partido Democrático Trabalhista";-1;"#NULO#";"#NULO#";"#NULO#";280000050163;"BRASIL SOBERANO";"PDT / AVANTE";"N";15692;"Válido";15692;4;"NÃO ELEITO"
"13/11/2024";"10:56:11";2018;2;"Eleição Ordinária";1;295;"ELEIÇÃO GERAL FEDERAL 2018";"07/10/2018";"F";"DF";"BR";"BRASIL";97012;"BRASÍLIA";13;1;"Presidente";280000622171;18;"MARIA OSMARINA MARINA DA SILVA VAZ DE LIMA";"MARINA SILVA";"#NULO#";12;"APTO";2;"DEFERIDO";-3;"#NE";-3;"#NE";-3;"#NE";"COLIGAÇÃO";18;"REDE";"Rede Sustentabilidade";-1;"#NULO#";"#NULO#";"#NULO#";280000050589;"UNIDOS PARA TRANSFORMAR O BRASIL";"REDE / PV";"N";1958;"Válido";1958;4;"NÃO ELEITO"
"13/11/2024";"10:56:11";2018;2;"Eleição Ordinária";1;295;"ELEIÇÃO GERAL FEDERAL 2018";"07/10/2018";"F";"DF";"BR";"BRASIL";97012;"BRASÍLIA";4;1;"Presidente";280000622171;18;"MARIA OSMARINA MARINA DA SILVA VAZ DE LIMA";"MARINA SILVA";"#NULO#";12;"APTO";2;"DEFERIDO";-3;"#NE";-3;"#NE";-3;"#NE";"COLIGAÇÃO";18;"REDE";"Rede Sustentabilidade";-1;"#NULO#";"#NULO#";"#NULO#";280000050589;"UNIDOS PARA TRANSFORMAR O BRASIL";"REDE / PV";"N";1501;"Válido";1501;4;"NÃO ELEITO"
"13/11/2024";"10:56:11";2018;2;"Eleição Ordinária";1;295;"ELEIÇÃO GERAL FEDERAL 2018";"07/10/2018";"F";"DF";"BR";"BRASIL";97012;"BRASÍLIA";6;1;"Presidente";280000622171;18;"MARIA OSMARINA MARINA DA SILVA VAZ DE LIMA";"MARINA SILVA";"#NULO#";12;"APTO";2;"DEFERIDO";-3;"#NE";-3;"#NE";-3;"#NE";"COLIGAÇÃO";18;"REDE";"Rede Sustentabilidade";-1;"#NULO#";"#NULO#";"#NULO#";280000050589;"UNIDOS PARA TRANSFORMAR O BRASIL";"REDE / PV";"N";1680;"Válido";1680;4;"NÃO ELEITO"
"13/11/2024";"10:56:11";2018;2;"Eleição Ordinária";1;295;"ELEIÇÃO GERAL FEDERAL 2018";"07/10/2018";"F";"DF";"BR";"BRASIL";97012;"BRASÍLIA";11;1;"Presidente";280000622171;18;"MARIA OSMARINA MARINA DA SILVA VAZ DE LIMA";"MARINA SILVA";"#NULO#";12;"APTO";2;"DEFERIDO";-3;"#NE";-3;"#NE";-3;"#NE";"COLIGAÇÃO";18;"REDE";"Rede Sustentabilidade";-1;"#NULO#";"#NULO#";"#NULO#";280000050589;"UNIDOS PARA TRANSFORMAR O BRASIL";"REDE / PV";"N";1231;"Válido";1231;4;"NÃO ELEITO"
"13/11/2024";"10:56:11";2018;2;"Eleição Ordinária";1;295;"ELEIÇÃO GERAL FEDERAL 2018";"07/10/2018";"F";"DF";"BR";"BRASIL";97012;"BRASÍLIA";2;1;"Presidente";280000622171;18;"MARIA OSMARINA MARINA DA SILVA VAZ DE LIMA";"MARINA SILVA";"#NULO#";12;"APTO";2;"DEFERIDO";-3;"#NE";-3;"#NE";-3;"#NE";"COLIGAÇÃO";18;"REDE";"Rede Sustentabilidade";-1;"#NULO#";"#NULO#";"#NULO#";280000050589;"UNIDOS PARA TRANSFORMAR O BRASIL";"REDE / PV";"N";1763;"Válido";1763;4;"NÃO ELEITO"
"13/11/2024";"10:56:11";2018;2;"Eleição Ordinária";1;295;"ELEIÇÃO GERAL FEDERAL 2018";"07/10/2018";"F";"DF";"BR";"BRASIL";97012;"BRASÍLIA";18;1;"Presidente";280000622171;18;"MARIA OSMARINA MARINA DA SILVA VAZ DE LIMA";"MARINA SILVA";"#NULO#";12;"APTO";2;"DEFERIDO";-3;"#NE";-3;"#NE";-3;"#NE";"COLIGAÇÃO";18;"REDE";"Rede Sustentabilidade";-1;"#NULO#";"#NULO#";"#NULO#";280000050589;"UNIDOS PARA TRANSFORMAR O BRASIL";"REDE / PV";"N";1816;"Válido";1816;4;"NÃO ELEITO"
"13/11/2024";"10:56:11";2018;2;"Eleição Ordinária";1;295;"ELEIÇÃO GERAL FEDERAL 2018";"07/10/2018";"F";"DF";"BR";"BRASIL";97012;"BRASÍLIA";8;1;"Presidente";280000622171;18;"MARIA OSMARINA MARINA DA SILVA VAZ DE LIMA";"MARINA SILVA";"#NULO#";12;"APTO";2;"DEFERIDO";-3;"#NE";-3;"#NE";-3;"#NE";"COLIGAÇÃO";18;"REDE";"Rede Sustentabilidade";-1;"#NULO#";"#NULO#";"#NULO#";280000050589;"UNIDOS PARA TRANSFORMAR O BRASIL";"REDE / PV";"N";2003;"Válido";2003;4;"NÃO ELEITO"
"13/11/2024";"10:56:11";2018;2;"Eleição Ordinária";1;295;"ELEIÇÃO GERAL FEDERAL 2018";"07/10/2018";"F";"DF";"BR";"BRASIL";97012;"BRASÍLIA";19;1;"Presidente";280000622171;18;"MARIA OSMARINA MARINA DA SILVA VAZ DE LIMA";"MARINA SILVA";"#NULO#";12;"APTO";2;"DEFERIDO";-3;"#NE";-3;"#NE";-3;"#NE";"COLIGAÇÃO";18;"REDE";"Rede Sustentabilidade";-1;"#NULO#";"#NULO#";"#NULO#";280000050589;"UNIDOS PARA TRANSFORMAR O BRASIL";"REDE / PV";"N";1284;"Válido";1284;4;"NÃO ELEITO"
"13/11/2024";"10:56:11";2018;2;"Eleição Ordinária";1;295;"ELEIÇÃO GERAL FEDERAL 2018";"07/10/2018";"F";"DF";"BR";"BRASIL";97012;"BRASÍLIA";17;1;"Presidente";280000622171;18;"MARIA OSMARINA MARINA DA SILVA VAZ DE LIMA";"MARINA SILVA";"#NULO#";12;"APTO";2;"DEFERIDO";-3;"#NE";-3;"#NE";-3;"#NE";"COLIGAÇÃO";18;"REDE";"Rede Sustentabilidade";-1;"#NULO#";"#NULO#";"#NULO#";280000050589;"UNIDOS PARA TRANSFORMAR O BRASIL";"REDE / PV";"N";1813;"Válido";1813;4;"NÃO ELEITO"
"13/11/2024";"10:56:11";2018;2;"Eleição Ordinária";1;295;"ELEIÇÃO GERAL FEDERAL 2018";"07/10/2018";"F";"DF";"BR";"BRASIL";97012;"BRASÍLIA";21;1;"Presidente";280000622171;18;"MARIA OSMARINA MARINA DA SILVA VAZ DE LIMA";"MARINA SILVA";"#NULO#";12;"APTO";2;"DEFERIDO";-3;"#NE";-3;"#NE";-3;"#NE";"COLIGAÇÃO";18;"REDE";"Rede Sustentabilidade";-1;"#NULO#";"#NULO#";"#NULO#";280000050589;"UNIDOS PARA TRANSFORMAR O BRASIL";"REDE / PV";"N";1793;"Válido";1793;4;"NÃO ELEITO"
"13/11/2024";"10:56:11";2018;2;"Eleição Ordinária";1;295;"ELEIÇÃO GERAL FEDERAL 2018";"07/10/2018";"F";"DF";"BR";"BRASIL";97012;"BRASÍLIA";3;1;"Presidente";280000622171;18;"MARIA OSMARINA MARINA DA SILVA VAZ DE LIMA";"MARINA SILVA";"#NULO#";12;"APTO";2;"DEFERIDO";-3;"#NE";-3;"#NE";-3;"#NE";"COLIGAÇÃO";18;"REDE";"Rede Sustentabilidade";-1;"#NULO#";"#NULO#";"#NULO#";280000050589;"UNIDOS PARA TRANSFORMAR O BRASIL";"REDE / PV";"N";966;"Válido";966;4;"NÃO ELEITO"
"13/11/2024";"10:56:11";2018;2;"Eleição Ordinária";1;295;"ELEIÇÃO GERAL FEDERAL 2018";"07/10/2018";"F";"DF";"BR";"BRASIL";97012;"BRASÍLIA";1;1;"Presidente";280000622171;18;"MARIA OSMARINA MARINA DA SILVA VAZ DE LIMA";"MARINA SILVA";"#NULO#";12;"APTO";2;"DEFERIDO";-3;"#NE";-3;"#NE";-3;"#NE";"COLIGAÇÃO";18;"REDE";"Rede Sustentabilidade";-1;"#NULO#";"#NULO#";"#NULO#";280000050589;"UNIDOS PARA TRANSFORMAR O BRASIL";"REDE / PV";"N";1377;"Válido";1377;4;"NÃO ELEITO"
"13/11/2024";"10:56:11";2018;2;"Eleição Ordinária";1;295;"ELEIÇÃO GERAL FEDERAL 2018";"07/10/2018";"F";"DF";"BR";"BRASIL";97012;"BRASÍLIA";5;1;"Presidente";280000622171;18;"MARIA OSMARINA MARINA DA SILVA VAZ DE LIMA";"MARINA SILVA";"#NULO#";12;"APTO";2;"DEFERIDO";-3;"#NE";-3;"#NE";-3;"#NE";"COLIGAÇÃO";18;"REDE";"Rede Sustentabilidade";-1;"#NULO#";"#NULO#";"#NULO#";280000050589;"UNIDOS PARA TRANSFORMAR O BRASIL";"REDE / PV";"N";1903;"Válido";1903;4;"NÃO ELEITO"
"13/11/2024";"10:56:11";2018;2;"Eleição Ordinária";1;295;"ELEIÇÃO GERAL FEDERAL 2018";"07/10/2018";"F";"DF";"BR";"BRASIL";97012;"BRASÍLIA";9;1;"Presidente";280000622171;18;"MARIA OSMARINA MARINA DA SILVA VAZ DE LIMA";"MARINA SILVA";"#NULO#";12;"APTO";2;"DEFERIDO";-3;"#NE";-3;"#NE";-3;"#NE";"COLIGAÇÃO";18;"REDE";"Rede Sustentabilidade";-1;"#NULO#";"#NULO#";"#NULO#";280000050589;"UNIDOS PARA TRANSFORMAR O BRASIL";"REDE / PV";"N";1964;"Válido";1964;4;"NÃO ELEITO"
"13/11/2024";"10:56:11";2018;2;"Eleição Ordinária";1;295;"ELEIÇÃO GERAL FEDERAL 2018";"07/10/2018";"F";"DF";"BR";"BRASIL";97012;"BRASÍLIA";10;1;"Presidente";280000622171;18;"MARIA OSMARINA MARINA DA SILVA VAZ DE LIMA";"MARINA SILVA";"#NULO#";12;"APTO";2;"DEFERIDO";-3;"#NE";-3;"#NE";-3;"#NE";"COLIGAÇÃO";18;"REDE";"Rede Sustentabilidade";-1;"#NULO#";"#NULO#";"#NULO#";280000050589;"UNIDOS PARA TRANSFORMAR O BRASIL";"REDE / PV";"N";1588;"Válido";1588;4;"NÃO ELEITO"
"13/11/2024";"10:56:11";2018;2;"Eleição Ordinária";1;295;"ELEIÇÃO GERAL FEDERAL 2018";"07/10/2018";"F";"DF";"BR";"BRASIL";97012;"BRASÍLIA";16;1;"Presidente";280000622171;18;"MARIA OSMARINA MARINA DA SILVA VAZ DE LIMA";"MARINA SILVA";"#NULO#";12;"APTO";2;"DEFERIDO";-3;"#NE";-3;"#NE";-3;"#NE";"COLIGAÇÃO";18;"REDE";"Rede Sustentabilidade";-1;"#NULO#";"#NULO#";"#NULO#";280000050589;"UNIDOS PARA TRANSFORMAR O BRASIL";"REDE / PV";"N";2204;"Válido";2204;4;"NÃO ELEITO"
"13/11/2024";"10:56:11";2018;2;"Eleição Ordinária";1;295;"ELEIÇÃO GERAL FEDERAL 2018";"07/10/2018";"F";"DF";"BR";"BRASIL";97012;"BRASÍLIA";15;1;"Presidente";280000622171;18;"MARIA OSMARINA MARINA DA SILVA VAZ DE LIMA";"MARINA SILVA";"#NULO#";12;"APTO";2;"DEFERIDO";-3;"#NE";-3;"#NE";-3;"#NE";"COLIGAÇÃO";18;"REDE";"Rede Sustentabilidade";-1;"#NULO#";"#NULO#";"#NULO#";280000050589;"UNIDOS PARA TRANSFORMAR O BRASIL";"REDE / PV";"N";2203;"Válido";2203;4;"NÃO ELEITO"
"13/11/2024";"10:56:11";2018;2;"Eleição Ordinária";1;295;"ELEIÇÃO GERAL FEDERAL 2018";"07/10/2018";"F";"DF";"BR";"BRASIL";97012;"BRASÍLIA";14;1;"Presidente";280000622171;18;"MARIA OSMARINA MARINA DA SILVA VAZ DE LIMA";"MARINA SILVA";"#NULO#";12;"APTO";2;"DEFERIDO";-3;"#NE";-3;"#NE";-3;"#NE";"COLIGAÇÃO";18;"REDE";"Rede Sustentabilidade";-1;"#NULO#";"#NULO#";"#NULO#";280000050589;"UNIDOS PARA TRANSFORMAR O BRASIL";"REDE / PV";"N";1988;"Válido";1988;4;"NÃO ELEITO"
"13/11/2024";"10:56:11";2018;2;"Eleição Ordinária";1;295;"ELEIÇÃO GERAL FEDERAL 2018";"07/10/2018";"F";"DF";"BR";"BRASIL";97012;"BRASÍLIA";20;1;"Presidente";280000622171;18;"MARIA OSMARINA MARINA DA SILVA VAZ DE LIMA";"MARINA SILVA";"#NULO#";12;"APTO";2;"DEFERIDO";-3;"#NE";-3;"#NE";-3;"#NE";"COLIGAÇÃO";18;"REDE";"Rede Sustentabilidade";-1;"#NULO#";"#NULO#";"#NULO#";280000050589;"UNIDOS PARA TRANSFORMAR O BRASIL";"REDE / PV";"N";1080;"Válido";1080;4;"NÃO ELEITO"
"13/11/2024";"10:56:11";2018;2;"Eleição Ordinária";1;295;"ELEIÇÃO GERAL FEDERAL 2018";"07/10/2018";"F";"DF";"BR";"BRASIL";97012;"BRASÍLIA";3;1;"Presidente";280000607640;30;"JOÃO DIONISIO FILGUEIRA BARRETO AMOEDO";"JOÃO AMOÊDO";"#NULO#";12;"APTO";2;"DEFERIDO";-3;"#NE";-3;"#NE";-3;"#NE";"PARTIDO ISOLADO";30;"NOVO";"Partido Novo";-1;"#NULO#";"#NULO#";"#NULO#";280000050199;"PARTIDO ISOLADO";"NOVO";"N";1337;"Válido";1337;4;"NÃO ELEITO"
"13/11/2024";"10:56:11";2018;2;"Eleição Ordinária";1;295;"ELEIÇÃO GERAL FEDERAL 2018";"07/10/2018";"F";"DF";"BR";"BRASIL";97012;"BRASÍLIA";20;1;"Presidente";280000607640;30;"JOÃO DIONISIO FILGUEIRA BARRETO AMOEDO";"JOÃO AMOÊDO";"#NULO#";12;"APTO";2;"DEFERIDO";-3;"#NE";-3;"#NE";-3;"#NE";"PARTIDO ISOLADO";30;"NOVO";"Partido Novo";-1;"#NULO#";"#NULO#";"#NULO#";280000050199;"PARTIDO ISOLADO";"NOVO";"N";1012;"Válido";1012;4;"NÃO ELEITO"
"13/11/2024";"10:56:11";2018;2;"Eleição Ordinária";1;295;"ELEIÇÃO GERAL FEDERAL 2018";"07/10/2018";"F";"DF";"BR";"BRASIL";97012;"BRASÍLIA";21;1;"Presidente";280000607640;30;"JOÃO DIONISIO FILGUEIRA BARRETO AMOEDO";"JOÃO AMOÊDO";"#NULO#";12;"APTO";2;"DEFERIDO";-3;"#NE";-3;"#NE";-3;"#NE";"PARTIDO ISOLADO";30;"NOVO";"Partido Novo";-1;"#NULO#";"#NULO#";"#NULO#";280000050199;"PARTIDO ISOLADO";"NOVO";"N";1149;"Válido";1149;4;"NÃO ELEITO"
"13/11/2024";"10:56:11";2018;2;"Eleição Ordinária";1;295;"ELEIÇÃO GERAL FEDERAL 2018";"07/10/2018";"F";"DF";"BR";"BRASIL";97012;"BRASÍLIA";5;1;"Presidente";280000607640;30;"JOÃO DIONISIO FILGUEIRA BARRETO AMOEDO";"JOÃO AMOÊDO";"#NULO#";12;"APTO";2;"DEFERIDO";-3;"#NE";-3;"#NE";-3;"#NE";"PARTIDO ISOLADO";30;"NOVO";"Partido Novo";-1;"#NULO#";"#NULO#";"#NULO#";280000050199;"PARTIDO ISOLADO";"NOVO";"N";2673;"Válido";2673;4;"NÃO ELEITO"
"13/11/2024";"10:56:11";2018;2;"Eleição Ordinária";1;295;"ELEIÇÃO GERAL FEDERAL 2018";"07/10/2018";"F";"DF";"BR";"BRASIL";97012;"BRASÍLIA";18;1;"Presidente";280000607640;30;"JOÃO DIONISIO FILGUEIRA BARRETO AMOEDO";"JOÃO AMOÊDO";"#NULO#";12;"APTO";2;"DEFERIDO";-3;"#NE";-3;"#NE";-3;"#NE";"PARTIDO ISOLADO";30;"NOVO";"Partido Novo";-1;"#NULO#";"#NULO#";"#NULO#";280000050199;"PARTIDO ISOLADO";"NOVO";"N";3093;"Válido";3093;4;"NÃO ELEITO"
"13/11/2024";"10:56:11";2018;2;"Eleição Ordinária";1;295;"ELEIÇÃO GERAL FEDERAL 2018";"07/10/2018";"F";"DF";"BR";"BRASIL";97012;"BRASÍLIA";1;1;"Presidente";280000607640;30;"JOÃO DIONISIO FILGUEIRA BARRETO AMOEDO";"JOÃO AMOÊDO";"#NULO#";12;"APTO";2;"DEFERIDO";-3;"#NE";-3;"#NE";-3;"#NE";"PARTIDO ISOLADO";30;"NOVO";"Partido Novo";-1;"#NULO#";"#NULO#";"#NULO#";280000050199;"PARTIDO ISOLADO";"NOVO";"N";3242;"Válido";3242;4;"NÃO ELEITO"
"13/11/2024";"10:56:11";2018;2;"Eleição Ordinária";1;295;"ELEIÇÃO GERAL FEDERAL 2018";"07/10/2018";"F";"DF";"BR";"BRASIL";97012;"BRASÍLIA";10;1;"Presidente";280000607640;30;"JOÃO DIONISIO FILGUEIRA BARRETO AMOEDO";"JOÃO AMOÊDO";"#NULO#";12;"APTO";2;"DEFERIDO";-3;"#NE";-3;"#NE";-3;"#NE";"PARTIDO ISOLADO";30;"NOVO";"Partido Novo";-1;"#NULO#";"#NULO#";"#NULO#";280000050199;"PARTIDO ISOLADO";"NOVO";"N";2444;"Válido";2444;4;"NÃO ELEITO"
"13/11/2024";"10:56:11";2018;2;"Eleição Ordinária";1;295;"ELEIÇÃO GERAL FEDERAL 2018";"07/10/2018";"F";"DF";"BR";"BRASIL";97012;"BRASÍLIA";6;1;"Presidente";280000607640;30;"JOÃO DIONISIO FILGUEIRA BARRETO AMOEDO";"JOÃO AMOÊDO";"#NULO#";12;"APTO";2;"DEFERIDO";-3;"#NE";-3;"#NE";-3;"#NE";"PARTIDO ISOLADO";30;"NOVO";"Partido Novo";-1;"#NULO#";"#NULO#";"#NULO#";280000050199;"PARTIDO ISOLADO";"NOVO";"N";1356;"Válido";1356;4;"NÃO ELEITO"
"13/11/2024";"10:56:11";2018;2;"Eleição Ordinária";1;295;"ELEIÇÃO GERAL FEDERAL 2018";"07/10/2018";"F";"DF";"BR";"BRASIL";97012;"BRASÍLIA";14;1;"Presidente";280000607640;30;"JOÃO DIONISIO FILGUEIRA BARRETO AMOEDO";"JOÃO AMOÊDO";"#NULO#";12;"APTO";2;"DEFERIDO";-3;"#NE";-3;"#NE";-3;"#NE";"PARTIDO ISOLADO";30;"NOVO";"Partido Novo";-1;"#NULO#";"#NULO#";"#NULO#";280000050199;"PARTIDO ISOLADO";"NOVO";"N";4248;"Válido";4248;4;"NÃO ELEITO"
"13/11/2024";"10:56:11";2018;2;"Eleição Ordinária";1;295;"ELEIÇÃO GERAL FEDERAL 2018";"07/10/2018";"F";"DF";"BR";"BRASIL";97012;"BRASÍLIA";16;1;"Presidente";280000607640;30;"JOÃO DIONISIO FILGUEIRA BARRETO AMOEDO";"JOÃO AMOÊDO";"#NULO#";12;"APTO";2;"DEFERIDO";-3;"#NE";-3;"#NE";-3;"#NE";"PARTIDO ISOLADO";30;"NOVO";"Partido Novo";-1;"#NULO#";"#NULO#";"#NULO#";280000050199;"PARTIDO ISOLADO";"NOVO";"N";1503;"Válido";1503;4;"NÃO ELEITO"
"13/11/2024";"10:56:11";2018;2;"Eleição Ordinária";1;295;"ELEIÇÃO GERAL FEDERAL 2018";"07/10/2018";"F";"DF";"BR";"BRASIL";97012;"BRASÍLIA";2;1;"Presidente";280000607640;30;"JOÃO DIONISIO FILGUEIRA BARRETO AMOEDO";"JOÃO AMOÊDO";"#NULO#";12;"APTO";2;"DEFERIDO";-3;"#NE";-3;"#NE";-3;"#NE";"PARTIDO ISOLADO";30;"NOVO";"Partido Novo";-1;"#NULO#";"#NULO#";"#NULO#";280000050199;"PARTIDO ISOLADO";"NOVO";"N";1978;"Válido";1978;4;"NÃO ELEITO"
"13/11/2024";"10:56:11";2018;2;"Eleição Ordinária";1;295;"ELEIÇÃO GERAL FEDERAL 2018";"07/10/2018";"F";"DF";"BR";"BRASIL";97012;"BRASÍLIA";19;1;"Presidente";280000607640;30;"JOÃO DIONISIO FILGUEIRA BARRETO AMOEDO";"JOÃO AMOÊDO";"#NULO#";12;"APTO";2;"DEFERIDO";-3;"#NE";-3;"#NE";-3;"#NE";"PARTIDO ISOLADO";30;"NOVO";"Partido Novo";-1;"#NULO#";"#NULO#";"#NULO#";280000050199;"PARTIDO ISOLADO";"NOVO";"N";2560;"Válido";2560;4;"NÃO ELEITO"
"13/11/2024";"10:56:11";2018;2;"Eleição Ordinária";1;295;"ELEIÇÃO GERAL FEDERAL 2018";"07/10/2018";"F";"DF";"BR";"BRASIL";97012;"BRASÍLIA";13;1;"Presidente";280000607640;30;"JOÃO DIONISIO FILGUEIRA BARRETO AMOEDO";"JOÃO AMOÊDO";"#NULO#";12;"APTO";2;"DEFERIDO";-3;"#NE";-3;"#NE";-3;"#NE";"PARTIDO ISOLADO";30;"NOVO";"Partido Novo";-1;"#NULO#";"#NULO#";"#NULO#";280000050199;"PARTIDO ISOLADO";"NOVO";"N";1688;"Válido";1688;4;"NÃO ELEITO"
"13/11/2024";"10:56:11";2018;2;"Eleição Ordinária";1;295;"ELEIÇÃO GERAL FEDERAL 2018";"07/10/2018";"F";"DF";"BR";"BRASIL";97012;"BRASÍLIA";11;1;"Presidente";280000607640;30;"JOÃO DIONISIO FILGUEIRA BARRETO AMOEDO";"JOÃO AMOÊDO";"#NULO#";12;"APTO";2;"DEFERIDO";-3;"#NE";-3;"#NE";-3;"#NE";"PARTIDO ISOLADO";30;"NOVO";"Partido Novo";-1;"#NULO#";"#NULO#";"#NULO#";280000050199;"PARTIDO ISOLADO";"NOVO";"N";3104;"Válido";3104;4;"NÃO ELEITO"
"13/11/2024";"10:56:11";2018;2;"Eleição Ordinária";1;295;"ELEIÇÃO GERAL FEDERAL 2018";"07/10/2018";"F";"DF";"BR";"BRASIL";97012;"BRASÍLIA";15;1;"Presidente";280000607640;30;"JOÃO DIONISIO FILGUEIRA BARRETO AMOEDO";"JOÃO AMOÊDO";"#NULO#";12;"APTO";2;"DEFERIDO";-3;"#NE";-3;"#NE";-3;"#NE";"PARTIDO ISOLADO";30;"NOVO";"Partido Novo";-1;"#NULO#";"#NULO#";"#NULO#";280000050199;"PARTIDO ISOLADO";"NOVO";"N";5422;"Válido";5422;4;"NÃO ELEITO"
"13/11/2024";"10:56:11";2018;2;"Eleição Ordinária";1;295;"ELEIÇÃO GERAL FEDERAL 2018";"07/10/2018";"F";"DF";"BR";"BRASIL";97012;"BRASÍLIA";17;1;"Presidente";280000607640;30;"JOÃO DIONISIO FILGUEIRA BARRETO AMOEDO";"JOÃO AMOÊDO";"#NULO#";12;"APTO";2;"DEFERIDO";-3;"#NE";-3;"#NE";-3;"#NE";"PARTIDO ISOLADO";30;"NOVO";"Partido Novo";-1;"#NULO#";"#NULO#";"#NULO#";280000050199;"PARTIDO ISOLADO";"NOVO";"N";1910;"Válido";1910;4;"NÃO ELEITO"
"13/11/2024";"10:56:11";2018;2;"Eleição Ordinária";1;295;"ELEIÇÃO GERAL FEDERAL 2018";"07/10/2018";"F";"DF";"BR";"BRASIL";97012;"BRASÍLIA";9;1;"Presidente";280000607640;30;"JOÃO DIONISIO FILGUEIRA BARRETO AMOEDO";"JOÃO AMOÊDO";"#NULO#";12;"APTO";2;"DEFERIDO";-3;"#NE";-3;"#NE";-3;"#NE";"PARTIDO ISOLADO";30;"NOVO";"Partido Novo";-1;"#NULO#";"#NULO#";"#NULO#";280000050199;"PARTIDO ISOLADO";"NOVO";"N";3599;"Válido";3599;4;"NÃO ELEITO"
"13/11/2024";"10:56:11";2018;2;"Eleição Ordinária";1;295;"ELEIÇÃO GERAL FEDERAL 2018";"07/10/2018";"F";"DF";"BR";"BRASIL";97012;"BRASÍLIA";4;1;"Presidente";280000607640;30;"JOÃO DIONISIO FILGUEIRA BARRETO AMOEDO";"JOÃO AMOÊDO";"#NULO#";12;"APTO";2;"DEFERIDO";-3;"#NE";-3;"#NE";-3;"#NE";"PARTIDO ISOLADO";30;"NOVO";"Partido Novo";-1;"#NULO#";"#NULO#";"#NULO#";280000050199;"PARTIDO ISOLADO";"NOVO";"N";1009;"Válido";1009;4;"NÃO ELEITO"
"13/11/2024";"10:56:11";2018;2;"Eleição Ordinária";1;295;"ELEIÇÃO GERAL FEDERAL 2018";"07/10/2018";"F";"DF";"BR";"BRASIL";97012;"BRASÍLIA";8;1;"Presidente";280000607640;30;"JOÃO DIONISIO FILGUEIRA BARRETO AMOEDO";"JOÃO AMOÊDO";"#NULO#";12;"APTO";2;"DEFERIDO";-3;"#NE";-3;"#NE";-3;"#NE";"PARTIDO ISOLADO";30;"NOVO";"Partido Novo";-1;"#NULO#";"#NULO#";"#NULO#";280000050199;"PARTIDO ISOLADO";"NOVO";"N";1552;"Válido";1552;4;"NÃO ELEITO"
"13/11/2024";"10:56:11";2018;2;"Eleição Ordinária";1;295;"ELEIÇÃO GERAL FEDERAL 2018";"07/10/2018";"F";"DF";"BR";"BRASIL";97012;"BRASÍLIA";13;1;"Presidente";280000624085;27;"JOSE MARIA EYMAEL";"EYMAEL";"#NULO#";12;"APTO";2;"DEFERIDO";-3;"#NE";-3;"#NE";-3;"#NE";"PARTIDO ISOLADO";27;"DC";"Democracia Cristã";-1;"#NULO#";"#NULO#";"#NULO#";280000050639;"PARTIDO ISOLADO";"DC";"N";55;"Válido";55;4;"NÃO ELEITO"
"13/11/2024";"10:56:11";2018;2;"Eleição Ordinária";1;295;"ELEIÇÃO GERAL FEDERAL 2018";"07/10/2018";"F";"DF";"BR";"BRASIL";97012;"BRASÍLIA";3;1;"Presidente";280000624085;27;"JOSE MARIA EYMAEL";"EYMAEL";"#NULO#";12;"APTO";2;"DEFERIDO";-3;"#NE";-3;"#NE";-3;"#NE";"PARTIDO ISOLADO";27;"DC";"Democracia Cristã";-1;"#NULO#";"#NULO#";"#NULO#";280000050639;"PARTIDO ISOLADO";"DC";"N";42;"Válido";42;4;"NÃO ELEITO"
"13/11/2024";"10:56:11";2018;2;"Eleição Ordinária";1;295;"ELEIÇÃO GERAL FEDERAL 2018";"07/10/2018";"F";"DF";"BR";"BRASIL";97012;"BRASÍLIA";10;1;"Presidente";280000624085;27;"JOSE MARIA EYMAEL";"EYMAEL";"#NULO#";12;"APTO";2;"DEFERIDO";-3;"#NE";-3;"#NE";-3;"#NE";"PARTIDO ISOLADO";27;"DC";"Democracia Cristã";-1;"#NULO#";"#NULO#";"#NULO#";280000050639;"PARTIDO ISOLADO";"DC";"N";33;"Válido";33;4;"NÃO ELEITO"
"13/11/2024";"10:56:11";2018;2;"Eleição Ordinária";1;295;"ELEIÇÃO GERAL FEDERAL 2018";"07/10/2018";"F";"DF";"BR";"BRASIL";97012;"BRASÍLIA";11;1;"Presidente";280000624085;27;"JOSE MARIA EYMAEL";"EYMAEL";"#NULO#";12;"APTO";2;"DEFERIDO";-3;"#NE";-3;"#NE";-3;"#NE";"PARTIDO ISOLADO";27;"DC";"Democracia Cristã";-1;"#NULO#";"#NULO#";"#NULO#";280000050639;"PARTIDO ISOLADO";"DC";"N";36;"Válido";36;4;"NÃO ELEITO"
"13/11/2024";"10:56:11";2018;2;"Eleição Ordinária";1;295;"ELEIÇÃO GERAL FEDERAL 2018";"07/10/2018";"F";"DF";"BR";"BRASIL";97012;"BRASÍLIA";9;1;"Presidente";280000624085;27;"JOSE MARIA EYMAEL";"EYMAEL";"#NULO#";12;"APTO";2;"DEFERIDO";-3;"#NE";-3;"#NE";-3;"#NE";"PARTIDO ISOLADO";27;"DC";"Democracia Cristã";-1;"#NULO#";"#NULO#";"#NULO#";280000050639;"PARTIDO ISOLADO";"DC";"N";51;"Válido";51;4;"NÃO ELEITO"
"13/11/2024";"10:56:11";2018;2;"Eleição Ordinária";1;295;"ELEIÇÃO GERAL FEDERAL 2018";"07/10/2018";"F";"DF";"BR";"BRASIL";97012;"BRASÍLIA";1;1;"Presidente";280000624085;27;"JOSE MARIA EYMAEL";"EYMAEL";"#NULO#";12;"APTO";2;"DEFERIDO";-3;"#NE";-3;"#NE";-3;"#NE";"PARTIDO ISOLADO";27;"DC";"Democracia Cristã";-1;"#NULO#";"#NULO#";"#NULO#";280000050639;"PARTIDO ISOLADO";"DC";"N";17;"Válido";17;4;"NÃO ELEITO"
"13/11/2024";"10:56:11";2018;2;"Eleição Ordinária";1;295;"ELEIÇÃO GERAL FEDERAL 2018";"07/10/2018";"F";"DF";"BR";"BRASIL";97012;"BRASÍLIA";17;1;"Presidente";280000624085;27;"JOSE MARIA EYMAEL";"EYMAEL";"#NULO#";12;"APTO";2;"DEFERIDO";-3;"#NE";-3;"#NE";-3;"#NE";"PARTIDO ISOLADO";27;"DC";"Democracia Cristã";-1;"#NULO#";"#NULO#";"#NULO#";280000050639;"PARTIDO ISOLADO";"DC";"N";65;"Válido";65;4;"NÃO ELEITO"
"13/11/2024";"10:56:11";2018;2;"Eleição Ordinária";1;295;"ELEIÇÃO GERAL FEDERAL 2018";"07/10/2018";"F";"DF";"BR";"BRASIL";97012;"BRASÍLIA";5;1;"Presidente";280000624085;27;"JOSE MARIA EYMAEL";"EYMAEL";"#NULO#";12;"APTO";2;"DEFERIDO";-3;"#NE";-3;"#NE";-3;"#NE";"PARTIDO ISOLADO";27;"DC";"Democracia Cristã";-1;"#NULO#";"#NULO#";"#NULO#";280000050639;"PARTIDO ISOLADO";"DC";"N";50;"Válido";50;4;"NÃO ELEITO"
"13/11/2024";"10:56:11";2018;2;"Eleição Ordinária";1;295;"ELEIÇÃO GERAL FEDERAL 2018";"07/10/2018";"F";"DF";"BR";"BRASIL";97012;"BRASÍLIA";19;1;"Presidente";280000624085;27;"JOSE MARIA EYMAEL";"EYMAEL";"#NULO#";12;"APTO";2;"DEFERIDO";-3;"#NE";-3;"#NE";-3;"#NE";"PARTIDO ISOLADO";27;"DC";"Democracia Cristã";-1;"#NULO#";"#NULO#";"#NULO#";280000050639;"PARTIDO ISOLADO";"DC";"N";43;"Válido";43;4;"NÃO ELEITO"
"13/11/2024";"10:56:11";2018;2;"Eleição Ordinária";1;295;"ELEIÇÃO GERAL FEDERAL 2018";"07/10/2018";"F";"DF";"BR";"BRASIL";97012;"BRASÍLIA";15;1;"Presidente";280000624085;27;"JOSE MARIA EYMAEL";"EYMAEL";"#NULO#";12;"APTO";2;"DEFERIDO";-3;"#NE";-3;"#NE";-3;"#NE";"PARTIDO ISOLADO";27;"DC";"Democracia Cristã";-1;"#NULO#";"#NULO#";"#NULO#";280000050639;"PARTIDO ISOLADO";"DC";"N";46;"Válido";46;4;"NÃO ELEITO"
"13/11/2024";"10:56:11";2018;2;"Eleição Ordinária";1;295;"ELEIÇÃO GERAL FEDERAL 2018";"07/10/2018";"F";"DF";"BR";"BRASIL";97012;"BRASÍLIA";8;1;"Presidente";280000624085;27;"JOSE MARIA EYMAEL";"EYMAEL";"#NULO#";12;"APTO";2;"DEFERIDO";-3;"#NE";-3;"#NE";-3;"#NE";"PARTIDO ISOLADO";27;"DC";"Democracia Cristã";-1;"#NULO#";"#NULO#";"#NULO#";280000050639;"PARTIDO ISOLADO";"DC";"N";62;"Válido";62;4;"NÃO ELEITO"
"13/11/2024";"10:56:11";2018;2;"Eleição Ordinária";1;295;"ELEIÇÃO GERAL FEDERAL 2018";"07/10/2018";"F";"DF";"BR";"BRASIL";97012;"BRASÍLIA";18;1;"Presidente";280000624085;27;"JOSE MARIA EYMAEL";"EYMAEL";"#NULO#";12;"APTO";2;"DEFERIDO";-3;"#NE";-3;"#NE";-3;"#NE";"PARTIDO ISOLADO";27;"DC";"Democracia Cristã";-1;"#NULO#";"#NULO#";"#NULO#";280000050639;"PARTIDO ISOLADO";"DC";"N";32;"Válido";32;4;"NÃO ELEITO"
"13/11/2024";"10:56:11";2018;2;"Eleição Ordinária";1;295;"ELEIÇÃO GERAL FEDERAL 2018";"07/10/2018";"F";"DF";"BR";"BRASIL";97012;"BRASÍLIA";14;1;"Presidente";280000624085;27;"JOSE MARIA EYMAEL";"EYMAEL";"#NULO#";12;"APTO";2;"DEFERIDO";-3;"#NE";-3;"#NE";-3;"#NE";"PARTIDO ISOLADO";27;"DC";"Democracia Cristã";-1;"#NULO#";"#NULO#";"#NULO#";280000050639;"PARTIDO ISOLADO";"DC";"N";23;"Válido";23;4;"NÃO ELEITO"
"13/11/2024";"10:56:11";2018;2;"Eleição Ordinária";1;295;"ELEIÇÃO GERAL FEDERAL 2018";"07/10/2018";"F";"DF";"BR";"BRASIL";97012;"BRASÍLIA";20;1;"Presidente";280000624085;27;"JOSE MARIA EYMAEL";"EYMAEL";"#NULO#";12;"APTO";2;"DEFERIDO";-3;"#NE";-3;"#NE";-3;"#NE";"PARTIDO ISOLADO";27;"DC";"Democracia Cristã";-1;"#NULO#";"#NULO#";"#NULO#";280000050639;"PARTIDO ISOLADO";"DC";"N";39;"Válido";39;4;"NÃO ELEITO"
"13/11/2024";"10:56:11";2018;2;"Eleição Ordinária";1;295;"ELEIÇÃO GERAL FEDERAL 2018";"07/10/2018";"F";"DF";"BR";"BRASIL";97012;"BRASÍLIA";4;1;"Presidente";280000624085;27;"JOSE MARIA EYMAEL";"EYMAEL";"#NULO#";12;"APTO";2;"DEFERIDO";-3;"#NE";-3;"#NE";-3;"#NE";"PARTIDO ISOLADO";27;"DC";"Democracia Cristã";-1;"#NULO#";"#NULO#";"#NULO#";280000050639;"PARTIDO ISOLADO";"DC";"N";39;"Válido";39;4;"NÃO ELEITO"
"13/11/2024";"10:56:11";2018;2;"Eleição Ordinária";1;295;"ELEIÇÃO GERAL FEDERAL 2018";"07/10/2018";"F";"DF";"BR";"BRASIL";97012;"BRASÍLIA";16;1;"Presidente";280000624085;27;"JOSE MARIA EYMAEL";"EYMAEL";"#NULO#";12;"APTO";2;"DEFERIDO";-3;"#NE";-3;"#NE";-3;"#NE";"PARTIDO ISOLADO";27;"DC";"Democracia Cristã";-1;"#NULO#";"#NULO#";"#NULO#";280000050639;"PARTIDO ISOLADO";"DC";"N";48;"Válido";48;4;"NÃO ELEITO"
"13/11/2024";"10:56:11";2018;2;"Eleição Ordinária";1;295;"ELEIÇÃO GERAL FEDERAL 2018";"07/10/2018";"F";"DF";"BR";"BRASIL";97012;"BRASÍLIA";6;1;"Presidente";280000624085;27;"JOSE MARIA EYMAEL";"EYMAEL";"#NULO#";12;"APTO";2;"DEFERIDO";-3;"#NE";-3;"#NE";-3;"#NE";"PARTIDO ISOLADO";27;"DC";"Democracia Cristã";-1;"#NULO#";"#NULO#";"#NULO#";280000050639;"PARTIDO ISOLADO";"DC";"N";57;"Válido";57;4;"NÃO ELEITO"
"13/11/2024";"10:56:11";2018;2;"Eleição Ordinária";1;295;"ELEIÇÃO GERAL FEDERAL 2018";"07/10/2018";"F";"DF";"BR";"BRASIL";97012;"BRASÍLIA";2;1;"Presidente";280000624085;27;"JOSE MARIA EYMAEL";"EYMAEL";"#NULO#";12;"APTO";2;"DEFERIDO";-3;"#NE";-3;"#NE";-3;"#NE";"PARTIDO ISOLADO";27;"DC";"Democracia Cristã";-1;"#NULO#";"#NULO#";"#NULO#";280000050639;"PARTIDO ISOLADO";"DC";"N";39;"Válido";39;4;"NÃO ELEITO"
"13/11/2024";"10:56:11";2018;2;"Eleição Ordinária";1;295;"ELEIÇÃO GERAL FEDERAL 2018";"07/10/2018";"F";"DF";"BR";"BRASIL";97012;"BRASÍLIA";21;1;"Presidente";280000624085;27;"JOSE MARIA EYMAEL";"EYMAEL";"#NULO#";12;"APTO";2;"DEFERIDO";-3;"#NE";-3;"#NE";-3;"#NE";"PARTIDO ISOLADO";27;"DC";"Democracia Cristã";-1;"#NULO#";"#NULO#";"#NULO#";280000050639;"PARTIDO ISOLADO";"DC";"N";45;"Válido";45;4;"NÃO ELEITO"
"13/11/2024";"10:56:11";2018;2;"Eleição Ordinária";1;295;"ELEIÇÃO GERAL FEDERAL 2018";"07/10/2018";"F";"DF";"BR";"BRASIL";97012;"BRASÍLIA";19;1;"Presidente";280000602477;45;"GERALDO JOSÉ RODRIGUES ALCKMIN FILHO";"GERALDO ALCKMIN";"#NULO#";12;"APTO";2;"DEFERIDO";-3;"#NE";-3;"#NE";-3;"#NE";"COLIGAÇÃO";45;"PSDB";"Partido da Social Democracia Brasileira";-1;"#NULO#";"#NULO#";"#NULO#";280000050070;"PARA UNIR O BRASIL";"PSDB / PTB / PP / PR / DEM / SOLIDARIEDADE / PPS / PRB / PSD";"N";1957;"Válido";1957;4;"NÃO ELEITO"
"13/11/2024";"10:56:11";2018;2;"Eleição Ordinária";1;295;"ELEIÇÃO GERAL FEDERAL 2018";"07/10/2018";"F";"DF";"BR";"BRASIL";97012;"BRASÍLIA";14;1;"Presidente";280000602477;45;"GERALDO JOSÉ RODRIGUES ALCKMIN FILHO";"GERALDO ALCKMIN";"#NULO#";12;"APTO";2;"DEFERIDO";-3;"#NE";-3;"#NE";-3;"#NE";"COLIGAÇÃO";45;"PSDB";"Partido da Social Democracia Brasileira";-1;"#NULO#";"#NULO#";"#NULO#";280000050070;"PARA UNIR O BRASIL";"PSDB / PTB / PP / PR / DEM / SOLIDARIEDADE / PPS / PRB / PSD";"N";2450;"Válido";2450;4;"NÃO ELEITO"
"13/11/2024";"10:56:11";2018;2;"Eleição Ordinária";1;295;"ELEIÇÃO GERAL FEDERAL 2018";"07/10/2018";"F";"DF";"BR";"BRASIL";97012;"BRASÍLIA";3;1;"Presidente";280000602477;45;"GERALDO JOSÉ RODRIGUES ALCKMIN FILHO";"GERALDO ALCKMIN";"#NULO#";12;"APTO";2;"DEFERIDO";-3;"#NE";-3;"#NE";-3;"#NE";"COLIGAÇÃO";45;"PSDB";"Partido da Social Democracia Brasileira";-1;"#NULO#";"#NULO#";"#NULO#";280000050070;"PARA UNIR O BRASIL";"PSDB / PTB / PP / PR / DEM / SOLIDARIEDADE / PPS / PRB / PSD";"N";1487;"Válido";1487;4;"NÃO ELEITO"
"13/11/2024";"10:56:11";2018;2;"Eleição Ordinária";1;295;"ELEIÇÃO GERAL FEDERAL 2018";"07/10/2018";"F";"DF";"BR";"BRASIL";97012;"BRASÍLIA";20;1;"Presidente";280000602477;45;"GERALDO JOSÉ RODRIGUES ALCKMIN FILHO";"GERALDO ALCKMIN";"#NULO#";12;"APTO";2;"DEFERIDO";-3;"#NE";-3;"#NE";-3;"#NE";"COLIGAÇÃO";45;"PSDB";"Partido da Social Democracia Brasileira";-1;"#NULO#";"#NULO#";"#NULO#";280000050070;"PARA UNIR O BRASIL";"PSDB / PTB / PP / PR / DEM / SOLIDARIEDADE / PPS / PRB / PSD";"N";1573;"Válido";1573;4;"NÃO ELEITO"
"13/11/2024";"10:56:11";2018;2;"Eleição Ordinária";1;295;"ELEIÇÃO GERAL FEDERAL 2018";"07/10/2018";"F";"DF";"BR";"BRASIL";97012;"BRASÍLIA";1;1;"Presidente";280000602477;45;"GERALDO JOSÉ RODRIGUES ALCKMIN FILHO";"GERALDO ALCKMIN";"#NULO#";12;"APTO";2;"DEFERIDO";-3;"#NE";-3;"#NE";-3;"#NE";"COLIGAÇÃO";45;"PSDB";"Partido da Social Democracia Brasileira";-1;"#NULO#";"#NULO#";"#NULO#";280000050070;"PARA UNIR O BRASIL";"PSDB / PTB / PP / PR / DEM / SOLIDARIEDADE / PPS / PRB / PSD";"N";2117;"Válido";2117;4;"NÃO ELEITO"
"13/11/2024";"10:56:11";2018;2;"Eleição Ordinária";1;295;"ELEIÇÃO GERAL FEDERAL 2018";"07/10/2018";"F";"DF";"BR";"BRASIL";97012;"BRASÍLIA";6;1;"Presidente";280000602477;45;"GERALDO JOSÉ RODRIGUES ALCKMIN FILHO";"GERALDO ALCKMIN";"#NULO#";12;"APTO";2;"DEFERIDO";-3;"#NE";-3;"#NE";-3;"#NE";"COLIGAÇÃO";45;"PSDB";"Partido da Social Democracia Brasileira";-1;"#NULO#";"#NULO#";"#NULO#";280000050070;"PARA UNIR O BRASIL";"PSDB / PTB / PP / PR / DEM / SOLIDARIEDADE / PPS / PRB / PSD";"N";3744;"Válido";3744;4;"NÃO ELEITO"
"13/11/2024";"10:56:11";2018;2;"Eleição Ordinária";1;295;"ELEIÇÃO GERAL FEDERAL 2018";"07/10/2018";"F";"DF";"BR";"BRASIL";97012;"BRASÍLIA";13;1;"Presidente";280000602477;45;"GERALDO JOSÉ RODRIGUES ALCKMIN FILHO";"GERALDO ALCKMIN";"#NULO#";12;"APTO";2;"DEFERIDO";-3;"#NE";-3;"#NE";-3;"#NE";"COLIGAÇÃO";45;"PSDB";"Partido da Social Democracia Brasileira";-1;"#NULO#";"#NULO#";"#NULO#";280000050070;"PARA UNIR O BRASIL";"PSDB / PTB / PP / PR / DEM / SOLIDARIEDADE / PPS / PRB / PSD";"N";3758;"Válido";3758;4;"NÃO ELEITO"
"13/11/2024";"10:56:11";2018;2;"Eleição Ordinária";1;295;"ELEIÇÃO GERAL FEDERAL 2018";"07/10/2018";"F";"DF";"BR";"BRASIL";97012;"BRASÍLIA";8;1;"Presidente";280000602477;45;"GERALDO JOSÉ RODRIGUES ALCKMIN FILHO";"GERALDO ALCKMIN";"#NULO#";12;"APTO";2;"DEFERIDO";-3;"#NE";-3;"#NE";-3;"#NE";"COLIGAÇÃO";45;"PSDB";"Partido da Social Democracia Brasileira";-1;"#NULO#";"#NULO#";"#NULO#";280000050070;"PARA UNIR O BRASIL";"PSDB / PTB / PP / PR / DEM / SOLIDARIEDADE / PPS / PRB / PSD";"N";3454;"Válido";3454;4;"NÃO ELEITO"
"13/11/2024";"10:56:11";2018;2;"Eleição Ordinária";1;295;"ELEIÇÃO GERAL FEDERAL 2018";"07/10/2018";"F";"DF";"BR";"BRASIL";97012;"BRASÍLIA";16;1;"Presidente";280000602477;45;"GERALDO JOSÉ RODRIGUES ALCKMIN FILHO";"GERALDO ALCKMIN";"#NULO#";12;"APTO";2;"DEFERIDO";-3;"#NE";-3;"#NE";-3;"#NE";"COLIGAÇÃO";45;"PSDB";"Partido da Social Democracia Brasileira";-1;"#NULO#";"#NULO#";"#NULO#";280000050070;"PARA UNIR O BRASIL";"PSDB / PTB / PP / PR / DEM / SOLIDARIEDADE / PPS / PRB / PSD";"N";4295;"Válido";4295;4;"NÃO ELEITO"
"13/11/2024";"10:56:11";2018;2;"Eleição Ordinária";1;295;"ELEIÇÃO GERAL FEDERAL 2018";"07/10/2018";"F";"DF";"BR";"BRASIL";97012;"BRASÍLIA";15;1;"Presidente";280000602477;45;"GERALDO JOSÉ RODRIGUES ALCKMIN FILHO";"GERALDO ALCKMIN";"#NULO#";12;"APTO";2;"DEFERIDO";-3;"#NE";-3;"#NE";-3;"#NE";"COLIGAÇÃO";45;"PSDB";"Partido da Social Democracia Brasileira";-1;"#NULO#";"#NULO#";"#NULO#";280000050070;"PARA UNIR O BRASIL";"PSDB / PTB / PP / PR / DEM / SOLIDARIEDADE / PPS / PRB / PSD";"N";2851;"Válido";2851;4;"NÃO ELEITO"
"13/11/2024";"10:56:11";2018;2;"Eleição Ordinária";1;295;"ELEIÇÃO GERAL FEDERAL 2018";"07/10/2018";"F";"DF";"BR";"BRASIL";97012;"BRASÍLIA";9;1;"Presidente";280000602477;45;"GERALDO JOSÉ RODRIGUES ALCKMIN FILHO";"GERALDO ALCKMIN";"#NULO#";12;"APTO";2;"DEFERIDO";-3;"#NE";-3;"#NE";-3;"#NE";"COLIGAÇÃO";45;"PSDB";"Partido da Social Democracia Brasileira";-1;"#NULO#";"#NULO#";"#NULO#";280000050070;"PARA UNIR O BRASIL";"PSDB / PTB / PP / PR / DEM / SOLIDARIEDADE / PPS / PRB / PSD";"N";3135;"Válido";3135;4;"NÃO ELEITO"
"13/11/2024";"10:56:11";2018;2;"Eleição Ordinária";1;295;"ELEIÇÃO GERAL FEDERAL 2018";"07/10/2018";"F";"DF";"BR";"BRASIL";97012;"BRASÍLIA";5;1;"Presidente";280000602477;45;"GERALDO JOSÉ RODRIGUES ALCKMIN FILHO";"GERALDO ALCKMIN";"#NULO#";12;"APTO";2;"DEFERIDO";-3;"#NE";-3;"#NE";-3;"#NE";"COLIGAÇÃO";45;"PSDB";"Partido da Social Democracia Brasileira";-1;"#NULO#";"#NULO#";"#NULO#";280000050070;"PARA UNIR O BRASIL";"PSDB / PTB / PP / PR / DEM / SOLIDARIEDADE / PPS / PRB / PSD";"N";3013;"Válido";3013;4;"NÃO ELEITO"
"13/11/2024";"10:56:11";2018;2;"Eleição Ordinária";1;295;"ELEIÇÃO GERAL FEDERAL 2018";"07/10/2018";"F";"DF";"BR";"BRASIL";97012;"BRASÍLIA";21;1;"Presidente";280000602477;45;"GERALDO JOSÉ RODRIGUES ALCKMIN FILHO";"GERALDO ALCKMIN";"#NULO#";12;"APTO";2;"DEFERIDO";-3;"#NE";-3;"#NE";-3;"#NE";"COLIGAÇÃO";45;"PSDB";"Partido da Social Democracia Brasileira";-1;"#NULO#";"#NULO#";"#NULO#";280000050070;"PARA UNIR O BRASIL";"PSDB / PTB / PP / PR / DEM / SOLIDARIEDADE / PPS / PRB / PSD";"N";3208;"Válido";3208;4;"NÃO ELEITO"
"13/11/2024";"10:56:11";2018;2;"Eleição Ordinária";1;295;"ELEIÇÃO GERAL FEDERAL 2018";"07/10/2018";"F";"DF";"BR";"BRASIL";97012;"BRASÍLIA";2;1;"Presidente";280000602477;45;"GERALDO JOSÉ RODRIGUES ALCKMIN FILHO";"GERALDO ALCKMIN";"#NULO#";12;"APTO";2;"DEFERIDO";-3;"#NE";-3;"#NE";-3;"#NE";"COLIGAÇÃO";45;"PSDB";"Partido da Social Democracia Brasileira";-1;"#NULO#";"#NULO#";"#NULO#";280000050070;"PARA UNIR O BRASIL";"PSDB / PTB / PP / PR / DEM / SOLIDARIEDADE / PPS / PRB / PSD";"N";3525;"Válido";3525;4;"NÃO ELEITO"
"13/11/2024";"10:56:11";2018;2;"Eleição Ordinária";1;295;"ELEIÇÃO GERAL FEDERAL 2018";"07/10/2018";"F";"DF";"BR";"BRASIL";97012;"BRASÍLIA";18;1;"Presidente";280000602477;45;"GERALDO JOSÉ RODRIGUES ALCKMIN FILHO";"GERALDO ALCKMIN";"#NULO#";12;"APTO";2;"DEFERIDO";-3;"#NE";-3;"#NE";-3;"#NE";"COLIGAÇÃO";45;"PSDB";"Partido da Social Democracia Brasileira";-1;"#NULO#";"#NULO#";"#NULO#";280000050070;"PARA UNIR O BRASIL";"PSDB / PTB / PP / PR / DEM / SOLIDARIEDADE / PPS / PRB / PSD";"N";3576;"Válido";3576;4;"NÃO ELEITO"
"13/11/2024";"10:56:11";2018;2;"Eleição Ordinária";1;295;"ELEIÇÃO GERAL FEDERAL 2018";"07/10/2018";"F";"DF";"BR";"BRASIL";97012;"BRASÍLIA";11;1;"Presidente";280000602477;45;"GERALDO JOSÉ RODRIGUES ALCKMIN FILHO";"GERALDO ALCKMIN";"#NULO#";12;"APTO";2;"DEFERIDO";-3;"#NE";-3;"#NE";-3;"#NE";"COLIGAÇÃO";45;"PSDB";"Partido da Social Democracia Brasileira";-1;"#NULO#";"#NULO#";"#NULO#";280000050070;"PARA UNIR O BRASIL";"PSDB / PTB / PP / PR / DEM / SOLIDARIEDADE / PPS / PRB / PSD";"N";1691;"Válido";1691;4;"NÃO ELEITO"
"13/11/2024";"10:56:11";2018;2;"Eleição Ordinária";1;295;"ELEIÇÃO GERAL FEDERAL 2018";"07/10/2018";"F";"DF";"BR";"BRASIL";97012;"BRASÍLIA";4;1;"Presidente";280000602477;45;"GERALDO JOSÉ RODRIGUES ALCKMIN FILHO";"GERALDO ALCKMIN";"#NULO#";12;"APTO";2;"DEFERIDO";-3;"#NE";-3;"#NE";-3;"#NE";"COLIGAÇÃO";45;"PSDB";"Partido da Social Democracia Brasileira";-1;"#NULO#";"#NULO#";"#NULO#";280000050070;"PARA UNIR O BRASIL";"PSDB / PTB / PP / PR / DEM / SOLIDARIEDADE / PPS / PRB / PSD";"N";2543;"Válido";2543;4;"NÃO ELEITO"
"13/11/2024";"10:56:11";2018;2;"Eleição Ordinária";1;295;"ELEIÇÃO GERAL FEDERAL 2018";"07/10/2018";"F";"DF";"BR";"BRASIL";97012;"BRASÍLIA";17;1;"Presidente";280000602477;45;"GERALDO JOSÉ RODRIGUES ALCKMIN FILHO";"GERALDO ALCKMIN";"#NULO#";12;"APTO";2;"DEFERIDO";-3;"#NE";-3;"#NE";-3;"#NE";"COLIGAÇÃO";45;"PSDB";"Partido da Social Democracia Brasileira";-1;"#NULO#";"#NULO#";"#NULO#";280000050070;"PARA UNIR O BRASIL";"PSDB / PTB / PP / PR / DEM / SOLIDARIEDADE / PPS / PRB / PSD";"N";2605;"Válido";2605;4;"NÃO ELEITO"
"13/11/2024";"10:56:11";2018;2;"Eleição Ordinária";1;295;"ELEIÇÃO GERAL FEDERAL 2018";"07/10/2018";"F";"DF";"BR";"BRASIL";97012;"BRASÍLIA";10;1;"Presidente";280000602477;45;"GERALDO JOSÉ RODRIGUES ALCKMIN FILHO";"GERALDO ALCKMIN";"#NULO#";12;"APTO";2;"DEFERIDO";-3;"#NE";-3;"#NE";-3;"#NE";"COLIGAÇÃO";45;"PSDB";"Partido da Social Democracia Brasileira";-1;"#NULO#";"#NULO#";"#NULO#";280000050070;"PARA UNIR O BRASIL";"PSDB / PTB / PP / PR / DEM / SOLIDARIEDADE / PPS / PRB / PSD";"N";2658;"Válido";2658;4;"NÃO ELEITO"
"13/11/2024";"10:56:11";2018;2;"Eleição Ordinária";1;295;"ELEIÇÃO GERAL FEDERAL 2018";"07/10/2018";"F";"DF";"BR";"BRASIL";97012;"BRASÍLIA";10;1;"Presidente";280000601173;16;"VERA LUCIA PEREIRA DA SILVA SALGADO";"VERA";"#NULO#";12;"APTO";2;"DEFERIDO";-3;"#NE";-3;"#NE";-3;"#NE";"PARTIDO ISOLADO";16;"PSTU";"Partido Socialista dos Trabalhadores Unificado";-1;"#NULO#";"#NULO#";"#NULO#";280000050040;"PARTIDO ISOLADO";"PSTU";"N";35;"Válido";35;4;"NÃO ELEITO"
"13/11/2024";"10:56:11";2018;2;"Eleição Ordinária";1;295;"ELEIÇÃO GERAL FEDERAL 2018";"07/10/2018";"F";"DF";"BR";"BRASIL";97012;"BRASÍLIA";5;1;"Presidente";280000601173;16;"VERA LUCIA PEREIRA DA SILVA SALGADO";"VERA";"#NULO#";12;"APTO";2;"DEFERIDO";-3;"#NE";-3;"#NE";-3;"#NE";"PARTIDO ISOLADO";16;"PSTU";"Partido Socialista dos Trabalhadores Unificado";-1;"#NULO#";"#NULO#";"#NULO#";280000050040;"PARTIDO ISOLADO";"PSTU";"N";56;"Válido";56;4;"NÃO ELEITO"
"13/11/2024";"10:56:11";2018;2;"Eleição Ordinária";1;295;"ELEIÇÃO GERAL FEDERAL 2018";"07/10/2018";"F";"DF";"BR";"BRASIL";97012;"BRASÍLIA";13;1;"Presidente";280000601173;16;"VERA LUCIA PEREIRA DA SILVA SALGADO";"VERA";"#NULO#";12;"APTO";2;"DEFERIDO";-3;"#NE";-3;"#NE";-3;"#NE";"PARTIDO ISOLADO";16;"PSTU";"Partido Socialista dos Trabalhadores Unificado";-1;"#NULO#";"#NULO#";"#NULO#";280000050040;"PARTIDO ISOLADO";"PSTU";"N";57;"Válido";57;4;"NÃO ELEITO"
"13/11/2024";"10:56:11";2018;2;"Eleição Ordinária";1;295;"ELEIÇÃO GERAL FEDERAL 2018";"07/10/2018";"F";"DF";"BR";"BRASIL";97012;"BRASÍLIA";16;1;"Presidente";280000601173;16;"VERA LUCIA PEREIRA DA SILVA SALGADO";"VERA";"#NULO#";12;"APTO";2;"DEFERIDO";-3;"#NE";-3;"#NE";-3;"#NE";"PARTIDO ISOLADO";16;"PSTU";"Partido Socialista dos Trabalhadores Unificado";-1;"#NULO#";"#NULO#";"#NULO#";280000050040;"PARTIDO ISOLADO";"PSTU";"N";75;"Válido";75;4;"NÃO ELEITO"
"13/11/2024";"10:56:11";2018;2;"Eleição Ordinária";1;295;"ELEIÇÃO GERAL FEDERAL 2018";"07/10/2018";"F";"DF";"BR";"BRASIL";97012;"BRASÍLIA";8;1;"Presidente";280000601173;16;"VERA LUCIA PEREIRA DA SILVA SALGADO";"VERA";"#NULO#";12;"APTO";2;"DEFERIDO";-3;"#NE";-3;"#NE";-3;"#NE";"PARTIDO ISOLADO";16;"PSTU";"Partido Socialista dos Trabalhadores Unificado";-1;"#NULO#";"#NULO#";"#NULO#";280000050040;"PARTIDO ISOLADO";"PSTU";"N";60;"Válido";60;4;"NÃO ELEITO"
"13/11/2024";"10:56:11";2018;2;"Eleição Ordinária";1;295;"ELEIÇÃO GERAL FEDERAL 2018";"07/10/2018";"F";"DF";"BR";"BRASIL";97012;"BRASÍLIA";15;1;"Presidente";280000601173;16;"VERA LUCIA PEREIRA DA SILVA SALGADO";"VERA";"#NULO#";12;"APTO";2;"DEFERIDO";-3;"#NE";-3;"#NE";-3;"#NE";"PARTIDO ISOLADO";16;"PSTU";"Partido Socialista dos Trabalhadores Unificado";-1;"#NULO#";"#NULO#";"#NULO#";280000050040;"PARTIDO ISOLADO";"PSTU";"N";56;"Válido";56;4;"NÃO ELEITO"
"13/11/2024";"10:56:11";2018;2;"Eleição Ordinária";1;295;"ELEIÇÃO GERAL FEDERAL 2018";"07/10/2018";"F";"DF";"BR";"BRASIL";97012;"BRASÍLIA";20;1;"Presidente";280000601173;16;"VERA LUCIA PEREIRA DA SILVA SALGADO";"VERA";"#NULO#";12;"APTO";2;"DEFERIDO";-3;"#NE";-3;"#NE";-3;"#NE";"PARTIDO ISOLADO";16;"PSTU";"Partido Socialista dos Trabalhadores Unificado";-1;"#NULO#";"#NULO#";"#NULO#";280000050040;"PARTIDO ISOLADO";"PSTU";"N";37;"Válido";37;4;"NÃO ELEITO"
"13/11/2024";"10:56:11";2018;2;"Eleição Ordinária";1;295;"ELEIÇÃO GERAL FEDERAL 2018";"07/10/2018";"F";"DF";"BR";"BRASIL";97012;"BRASÍLIA";18;1;"Presidente";280000601173;16;"VERA LUCIA PEREIRA DA SILVA SALGADO";"VERA";"#NULO#";12;"APTO";2;"DEFERIDO";-3;"#NE";-3;"#NE";-3;"#NE";"PARTIDO ISOLADO";16;"PSTU";"Partido Socialista dos Trabalhadores Unificado";-1;"#NULO#";"#NULO#";"#NULO#";280000050040;"PARTIDO ISOLADO";"PSTU";"N";33;"Válido";33;4;"NÃO ELEITO"
"13/11/2024";"10:56:11";2018;2;"Eleição Ordinária";1;295;"ELEIÇÃO GERAL FEDERAL 2018";"07/10/2018";"F";"DF";"BR";"BRASIL";97012;"BRASÍLIA";9;1;"Presidente";280000601173;16;"VERA LUCIA PEREIRA DA SILVA SALGADO";"VERA";"#NULO#";12;"APTO";2;"DEFERIDO";-3;"#NE";-3;"#NE";-3;"#NE";"PARTIDO ISOLADO";16;"PSTU";"Partido Socialista dos Trabalhadores Unificado";-1;"#NULO#";"#NULO#";"#NULO#";280000050040;"PARTIDO ISOLADO";"PSTU";"N";55;"Válido";55;4;"NÃO ELEITO"
"13/11/2024";"10:56:11";2018;2;"Eleição Ordinária";1;295;"ELEIÇÃO GERAL FEDERAL 2018";"07/10/2018";"F";"DF";"BR";"BRASIL";97012;"BRASÍLIA";17;1;"Presidente";280000601173;16;"VERA LUCIA PEREIRA DA SILVA SALGADO";"VERA";"#NULO#";12;"APTO";2;"DEFERIDO";-3;"#NE";-3;"#NE";-3;"#NE";"PARTIDO ISOLADO";16;"PSTU";"Partido Socialista dos Trabalhadores Unificado";-1;"#NULO#";"#NULO#";"#NULO#";280000050040;"PARTIDO ISOLADO";"PSTU";"N";79;"Válido";79;4;"NÃO ELEITO"
"13/11/2024";"10:56:11";2018;2;"Eleição Ordinária";1;295;"ELEIÇÃO GERAL FEDERAL 2018";"07/10/2018";"F";"DF";"BR";"BRASIL";97012;"BRASÍLIA";6;1;"Presidente";280000601173;16;"VERA LUCIA PEREIRA DA SILVA SALGADO";"VERA";"#NULO#";12;"APTO";2;"DEFERIDO";-3;"#NE";-3;"#NE";-3;"#NE";"PARTIDO ISOLADO";16;"PSTU";"Partido Socialista dos Trabalhadores Unificado";-1;"#NULO#";"#NULO#";"#NULO#";280000050040;"PARTIDO ISOLADO";"PSTU";"N";63;"Válido";63;4;"NÃO ELEITO"
"13/11/2024";"10:56:11";2018;2;"Eleição Ordinária";1;295;"ELEIÇÃO GERAL FEDERAL 2018";"07/10/2018";"F";"DF";"BR";"BRASIL";97012;"BRASÍLIA";21;1;"Presidente";280000601173;16;"VERA LUCIA PEREIRA DA SILVA SALGADO";"VERA";"#NULO#";12;"APTO";2;"DEFERIDO";-3;"#NE";-3;"#NE";-3;"#NE";"PARTIDO ISOLADO";16;"PSTU";"Partido Socialista dos Trabalhadores Unificado";-1;"#NULO#";"#NULO#";"#NULO#";280000050040;"PARTIDO ISOLADO";"PSTU";"N";49;"Válido";49;4;"NÃO ELEITO"
"13/11/2024";"10:56:11";2018;2;"Eleição Ordinária";1;295;"ELEIÇÃO GERAL FEDERAL 2018";"07/10/2018";"F";"DF";"BR";"BRASIL";97012;"BRASÍLIA";18;1;"Presidente";280000614517;17;"JAIR MESSIAS BOLSONARO";"JAIR BOLSONARO";"#NULO#";12;"APTO";2;"DEFERIDO";-3;"#NE";-3;"#NE";-3;"#NE";"COLIGAÇÃO";17;"PSL";"Partido Social Liberal";-1;"#NULO#";"#NULO#";"#NULO#";280000050386;"BRASIL ACIMA DE TUDO, DEUS ACIMA DE TODOS";"PSL / PRTB";"N";49256;"Válido";49256;6;"2º TURNO"
"13/11/2024";"10:56:11";2018;2;"Eleição Ordinária";1;295;"ELEIÇÃO GERAL FEDERAL 2018";"07/10/2018";"F";"DF";"BR";"BRASIL";97012;"BRASÍLIA";19;1;"Presidente";280000614517;17;"JAIR MESSIAS BOLSONARO";"JAIR BOLSONARO";"#NULO#";12;"APTO";2;"DEFERIDO";-3;"#NE";-3;"#NE";-3;"#NE";"COLIGAÇÃO";17;"PSL";"Partido Social Liberal";-1;"#NULO#";"#NULO#";"#NULO#";280000050386;"BRASIL ACIMA DE TUDO, DEUS ACIMA DE TODOS";"PSL / PRTB";"N";49460;"Válido";49460;6;"2º TURNO"
"13/11/2024";"10:56:11";2018;2;"Eleição Ordinária";1;295;"ELEIÇÃO GERAL FEDERAL 2018";"07/10/2018";"F";"DF";"BR";"BRASIL";97012;"BRASÍLIA";16;1;"Presidente";280000614517;17;"JAIR MESSIAS BOLSONARO";"JAIR BOLSONARO";"#NULO#";12;"APTO";2;"DEFERIDO";-3;"#NE";-3;"#NE";-3;"#NE";"COLIGAÇÃO";17;"PSL";"Partido Social Liberal";-1;"#NULO#";"#NULO#";"#NULO#";280000050386;"BRASIL ACIMA DE TUDO, DEUS ACIMA DE TODOS";"PSL / PRTB";"N";63229;"Válido";63229;6;"2º TURNO"
"13/11/2024";"10:56:11";2018;2;"Eleição Ordinária";1;295;"ELEIÇÃO GERAL FEDERAL 2018";"07/10/2018";"F";"DF";"BR";"BRASIL";97012;"BRASÍLIA";5;1;"Presidente";280000614517;17;"JAIR MESSIAS BOLSONARO";"JAIR BOLSONARO";"#NULO#";12;"APTO";2;"DEFERIDO";-3;"#NE";-3;"#NE";-3;"#NE";"COLIGAÇÃO";17;"PSL";"Partido Social Liberal";-1;"#NULO#";"#NULO#";"#NULO#";280000050386;"BRASIL ACIMA DE TUDO, DEUS ACIMA DE TODOS";"PSL / PRTB";"N";56985;"Válido";56985;6;"2º TURNO"
"13/11/2024";"10:56:11";2018;2;"Eleição Ordinária";1;295;"ELEIÇÃO GERAL FEDERAL 2018";"07/10/2018";"F";"DF";"BR";"BRASIL";97012;"BRASÍLIA";13;1;"Presidente";280000614517;17;"JAIR MESSIAS BOLSONARO";"JAIR BOLSONARO";"#NULO#";12;"APTO";2;"DEFERIDO";-3;"#NE";-3;"#NE";-3;"#NE";"COLIGAÇÃO";17;"PSL";"Partido Social Liberal";-1;"#NULO#";"#NULO#";"#NULO#";280000050386;"BRASIL ACIMA DE TUDO, DEUS ACIMA DE TODOS";"PSL / PRTB";"N";61312;"Válido";61312;6;"2º TURNO"
"13/11/2024";"10:56:11";2018;2;"Eleição Ordinária";1;295;"ELEIÇÃO GERAL FEDERAL 2018";"07/10/2018";"F";"DF";"BR";"BRASIL";97012;"BRASÍLIA";10;1;"Presidente";280000614517;17;"JAIR MESSIAS BOLSONARO";"JAIR BOLSONARO";"#NULO#";12;"APTO";2;"DEFERIDO";-3;"#NE";-3;"#NE";-3;"#NE";"COLIGAÇÃO";17;"PSL";"Partido Social Liberal";-1;"#NULO#";"#NULO#";"#NULO#";280000050386;"BRASIL ACIMA DE TUDO, DEUS ACIMA DE TODOS";"PSL / PRTB";"N";53361;"Válido";53361;6;"2º TURNO"
"13/11/2024";"10:56:11";2018;2;"Eleição Ordinária";1;295;"ELEIÇÃO GERAL FEDERAL 2018";"07/10/2018";"F";"DF";"BR";"BRASIL";97012;"BRASÍLIA";21;1;"Presidente";280000614517;17;"JAIR MESSIAS BOLSONARO";"JAIR BOLSONARO";"#NULO#";12;"APTO";2;"DEFERIDO";-3;"#NE";-3;"#NE";-3;"#NE";"COLIGAÇÃO";17;"PSL";"Partido Social Liberal";-1;"#NULO#";"#NULO#";"#NULO#";280000050386;"BRASIL ACIMA DE TUDO, DEUS ACIMA DE TODOS";"PSL / PRTB";"N";49395;"Válido";49395;6;"2º TURNO"
"13/11/2024";"10:56:11";2018;2;"Eleição Ordinária";1;295;"ELEIÇÃO GERAL FEDERAL 2018";"07/10/2018";"F";"DF";"BR";"BRASIL";97012;"BRASÍLIA";11;1;"Presidente";280000601173;16;"VERA LUCIA PEREIRA DA SILVA SALGADO";"VERA";"#NULO#";12;"APTO";2;"DEFERIDO";-3;"#NE";-3;"#NE";-3;"#NE";"PARTIDO ISOLADO";16;"PSTU";"Partido Socialista dos Trabalhadores Unificado";-1;"#NULO#";"#NULO#";"#NULO#";280000050040;"PARTIDO ISOLADO";"PSTU";"N";30;"Válido";30;4;"NÃO ELEITO"
"13/11/2024";"10:56:11";2018;2;"Eleição Ordinária";1;295;"ELEIÇÃO GERAL FEDERAL 2018";"07/10/2018";"F";"DF";"BR";"BRASIL";97012;"BRASÍLIA";3;1;"Presidente";280000601173;16;"VERA LUCIA PEREIRA DA SILVA SALGADO";"VERA";"#NULO#";12;"APTO";2;"DEFERIDO";-3;"#NE";-3;"#NE";-3;"#NE";"PARTIDO ISOLADO";16;"PSTU";"Partido Socialista dos Trabalhadores Unificado";-1;"#NULO#";"#NULO#";"#NULO#";280000050040;"PARTIDO ISOLADO";"PSTU";"N";39;"Válido";39;4;"NÃO ELEITO"
"13/11/2024";"10:56:11";2018;2;"Eleição Ordinária";1;295;"ELEIÇÃO GERAL FEDERAL 2018";"07/10/2018";"F";"DF";"BR";"BRASIL";97012;"BRASÍLIA";19;1;"Presidente";280000601173;16;"VERA LUCIA PEREIRA DA SILVA SALGADO";"VERA";"#NULO#";12;"APTO";2;"DEFERIDO";-3;"#NE";-3;"#NE";-3;"#NE";"PARTIDO ISOLADO";16;"PSTU";"Partido Socialista dos Trabalhadores Unificado";-1;"#NULO#";"#NULO#";"#NULO#";280000050040;"PARTIDO ISOLADO";"PSTU";"N";36;"Válido";36;4;"NÃO ELEITO"
"13/11/2024";"10:56:11";2018;2;"Eleição Ordinária";1;295;"ELEIÇÃO GERAL FEDERAL 2018";"07/10/2018";"F";"DF";"BR";"BRASIL";97012;"BRASÍLIA";14;1;"Presidente";280000601173;16;"VERA LUCIA PEREIRA DA SILVA SALGADO";"VERA";"#NULO#";12;"APTO";2;"DEFERIDO";-3;"#NE";-3;"#NE";-3;"#NE";"PARTIDO ISOLADO";16;"PSTU";"Partido Socialista dos Trabalhadores Unificado";-1;"#NULO#";"#NULO#";"#NULO#";280000050040;"PARTIDO ISOLADO";"PSTU";"N";49;"Válido";49;4;"NÃO ELEITO"
"13/11/2024";"10:56:11";2018;2;"Eleição Ordinária";1;295;"ELEIÇÃO GERAL FEDERAL 2018";"07/10/2018";"F";"DF";"BR";"BRASIL";97012;"BRASÍLIA";2;1;"Presidente";280000601173;16;"VERA LUCIA PEREIRA DA SILVA SALGADO";"VERA";"#NULO#";12;"APTO";2;"DEFERIDO";-3;"#NE";-3;"#NE";-3;"#NE";"PARTIDO ISOLADO";16;"PSTU";"Partido Socialista dos Trabalhadores Unificado";-1;"#NULO#";"#NULO#";"#NULO#";280000050040;"PARTIDO ISOLADO";"PSTU";"N";39;"Válido";39;4;"NÃO ELEITO"
"13/11/2024";"10:56:11";2018;2;"Eleição Ordinária";1;295;"ELEIÇÃO GERAL FEDERAL 2018";"07/10/2018";"F";"DF";"BR";"BRASIL";97012;"BRASÍLIA";4;1;"Presidente";280000601173;16;"VERA LUCIA PEREIRA DA SILVA SALGADO";"VERA";"#NULO#";12;"APTO";2;"DEFERIDO";-3;"#NE";-3;"#NE";-3;"#NE";"PARTIDO ISOLADO";16;"PSTU";"Partido Socialista dos Trabalhadores Unificado";-1;"#NULO#";"#NULO#";"#NULO#";280000050040;"PARTIDO ISOLADO";"PSTU";"N";38;"Válido";38;4;"NÃO ELEITO"
"13/11/2024";"10:56:11";2018;2;"Eleição Ordinária";1;295;"ELEIÇÃO GERAL FEDERAL 2018";"07/10/2018";"F";"DF";"BR";"BRASIL";97012;"BRASÍLIA";1;1;"Presidente";280000601173;16;"VERA LUCIA PEREIRA DA SILVA SALGADO";"VERA";"#NULO#";12;"APTO";2;"DEFERIDO";-3;"#NE";-3;"#NE";-3;"#NE";"PARTIDO ISOLADO";16;"PSTU";"Partido Socialista dos Trabalhadores Unificado";-1;"#NULO#";"#NULO#";"#NULO#";280000050040;"PARTIDO ISOLADO";"PSTU";"N";22;"Válido";22;4;"NÃO ELEITO"
"13/11/2024";"10:56:11";2018;2;"Eleição Ordinária";1;295;"ELEIÇÃO GERAL FEDERAL 2018";"07/10/2018";"F";"DF";"BR";"BRASIL";97012;"BRASÍLIA";4;1;"Presidente";280000614517;17;"JAIR MESSIAS BOLSONARO";"JAIR BOLSONARO";"#NULO#";12;"APTO";2;"DEFERIDO";-3;"#NE";-3;"#NE";-3;"#NE";"COLIGAÇÃO";17;"PSL";"Partido Social Liberal";-1;"#NULO#";"#NULO#";"#NULO#";280000050386;"BRASIL ACIMA DE TUDO, DEUS ACIMA DE TODOS";"PSL / PRTB";"N";42895;"Válido";42895;6;"2º TURNO"
"13/11/2024";"10:56:11";2018;2;"Eleição Ordinária";1;295;"ELEIÇÃO GERAL FEDERAL 2018";"07/10/2018";"F";"DF";"BR";"BRASIL";97012;"BRASÍLIA";3;1;"Presidente";280000614517;17;"JAIR MESSIAS BOLSONARO";"JAIR BOLSONARO";"#NULO#";12;"APTO";2;"DEFERIDO";-3;"#NE";-3;"#NE";-3;"#NE";"COLIGAÇÃO";17;"PSL";"Partido Social Liberal";-1;"#NULO#";"#NULO#";"#NULO#";280000050386;"BRASIL ACIMA DE TUDO, DEUS ACIMA DE TODOS";"PSL / PRTB";"N";33608;"Válido";33608;6;"2º TURNO"
"13/11/2024";"10:56:11";2018;2;"Eleição Ordinária";1;295;"ELEIÇÃO GERAL FEDERAL 2018";"07/10/2018";"F";"DF";"BR";"BRASIL";97012;"BRASÍLIA";6;1;"Presidente";280000614517;17;"JAIR MESSIAS BOLSONARO";"JAIR BOLSONARO";"#NULO#";12;"APTO";2;"DEFERIDO";-3;"#NE";-3;"#NE";-3;"#NE";"COLIGAÇÃO";17;"PSL";"Partido Social Liberal";-1;"#NULO#";"#NULO#";"#NULO#";280000050386;"BRASIL ACIMA DE TUDO, DEUS ACIMA DE TODOS";"PSL / PRTB";"N";55130;"Válido";55130;6;"2º TURNO"
"13/11/2024";"10:56:11";2018;2;"Eleição Ordinária";1;295;"ELEIÇÃO GERAL FEDERAL 2018";"07/10/2018";"F";"DF";"BR";"BRASIL";97012;"BRASÍLIA";20;1;"Presidente";280000614517;17;"JAIR MESSIAS BOLSONARO";"JAIR BOLSONARO";"#NULO#";12;"APTO";2;"DEFERIDO";-3;"#NE";-3;"#NE";-3;"#NE";"COLIGAÇÃO";17;"PSL";"Partido Social Liberal";-1;"#NULO#";"#NULO#";"#NULO#";280000050386;"BRASIL ACIMA DE TUDO, DEUS ACIMA DE TODOS";"PSL / PRTB";"N";35003;"Válido";35003;6;"2º TURNO"
"13/11/2024";"10:56:11";2018;2;"Eleição Ordinária";1;295;"ELEIÇÃO GERAL FEDERAL 2018";"07/10/2018";"F";"DF";"BR";"BRASIL";97012;"BRASÍLIA";2;1;"Presidente";280000614517;17;"JAIR MESSIAS BOLSONARO";"JAIR BOLSONARO";"#NULO#";12;"APTO";2;"DEFERIDO";-3;"#NE";-3;"#NE";-3;"#NE";"COLIGAÇÃO";17;"PSL";"Partido Social Liberal";-1;"#NULO#";"#NULO#";"#NULO#";280000050386;"BRASIL ACIMA DE TUDO, DEUS ACIMA DE TODOS";"PSL / PRTB";"N";42633;"Válido";42633;6;"2º TURNO"
"13/11/2024";"10:56:11";2018;2;"Eleição Ordinária";1;295;"ELEIÇÃO GERAL FEDERAL 2018";"07/10/2018";"F";"DF";"BR";"BRASIL";97012;"BRASÍLIA";9;1;"Presidente";280000614517;17;"JAIR MESSIAS BOLSONARO";"JAIR BOLSONARO";"#NULO#";12;"APTO";2;"DEFERIDO";-3;"#NE";-3;"#NE";-3;"#NE";"COLIGAÇÃO";17;"PSL";"Partido Social Liberal";-1;"#NULO#";"#NULO#";"#NULO#";280000050386;"BRASIL ACIMA DE TUDO, DEUS ACIMA DE TODOS";"PSL / PRTB";"N";55669;"Válido";55669;6;"2º TURNO"
"13/11/2024";"10:56:11";2018;2;"Eleição Ordinária";1;295;"ELEIÇÃO GERAL FEDERAL 2018";"07/10/2018";"F";"DF";"BR";"BRASIL";97012;"BRASÍLIA";14;1;"Presidente";280000614517;17;"JAIR MESSIAS BOLSONARO";"JAIR BOLSONARO";"#NULO#";12;"APTO";2;"DEFERIDO";-3;"#NE";-3;"#NE";-3;"#NE";"COLIGAÇÃO";17;"PSL";"Partido Social Liberal";-1;"#NULO#";"#NULO#";"#NULO#";280000050386;"BRASIL ACIMA DE TUDO, DEUS ACIMA DE TODOS";"PSL / PRTB";"N";38805;"Válido";38805;6;"2º TURNO"
"13/11/2024";"10:56:11";2018;2;"Eleição Ordinária";1;295;"ELEIÇÃO GERAL FEDERAL 2018";"07/10/2018";"F";"DF";"BR";"BRASIL";97012;"BRASÍLIA";11;1;"Presidente";280000614517;17;"JAIR MESSIAS BOLSONARO";"JAIR BOLSONARO";"#NULO#";12;"APTO";2;"DEFERIDO";-3;"#NE";-3;"#NE";-3;"#NE";"COLIGAÇÃO";17;"PSL";"Partido Social Liberal";-1;"#NULO#";"#NULO#";"#NULO#";280000050386;"BRASIL ACIMA DE TUDO, DEUS ACIMA DE TODOS";"PSL / PRTB";"N";32725;"Válido";32725;6;"2º TURNO"
"13/11/2024";"10:56:11";2018;2;"Eleição Ordinária";1;295;"ELEIÇÃO GERAL FEDERAL 2018";"07/10/2018";"F";"DF";"BR";"BRASIL";97012;"BRASÍLIA";8;1;"Presidente";280000614517;17;"JAIR MESSIAS BOLSONARO";"JAIR BOLSONARO";"#NULO#";12;"APTO";2;"DEFERIDO";-3;"#NE";-3;"#NE";-3;"#NE";"COLIGAÇÃO";17;"PSL";"Partido Social Liberal";-1;"#NULO#";"#NULO#";"#NULO#";280000050386;"BRASIL ACIMA DE TUDO, DEUS ACIMA DE TODOS";"PSL / PRTB";"N";58556;"Válido";58556;6;"2º TURNO"
"13/11/2024";"10:56:11";2018;2;"Eleição Ordinária";1;295;"ELEIÇÃO GERAL FEDERAL 2018";"07/10/2018";"F";"DF";"BR";"BRASIL";97012;"BRASÍLIA";15;1;"Presidente";280000614517;17;"JAIR MESSIAS BOLSONARO";"JAIR BOLSONARO";"#NULO#";12;"APTO";2;"DEFERIDO";-3;"#NE";-3;"#NE";-3;"#NE";"COLIGAÇÃO";17;"PSL";"Partido Social Liberal";-1;"#NULO#";"#NULO#";"#NULO#";280000050386;"BRASIL ACIMA DE TUDO, DEUS ACIMA DE TODOS";"PSL / PRTB";"N";69738;"Válido";69738;6;"2º TURNO"
"13/11/2024";"10:56:11";2018;2;"Eleição Ordinária";1;295;"ELEIÇÃO GERAL FEDERAL 2018";"07/10/2018";"F";"DF";"BR";"BRASIL";97012;"BRASÍLIA";1;1;"Presidente";280000614517;17;"JAIR MESSIAS BOLSONARO";"JAIR BOLSONARO";"#NULO#";12;"APTO";2;"DEFERIDO";-3;"#NE";-3;"#NE";-3;"#NE";"COLIGAÇÃO";17;"PSL";"Partido Social Liberal";-1;"#NULO#";"#NULO#";"#NULO#";280000050386;"BRASIL ACIMA DE TUDO, DEUS ACIMA DE TODOS";"PSL / PRTB";"N";33226;"Válido";33226;6;"2º TURNO"
"13/11/2024";"10:56:11";2018;2;"Eleição Ordinária";1;295;"ELEIÇÃO GERAL FEDERAL 2018";"07/10/2018";"F";"DF";"BR";"BRASIL";97012;"BRASÍLIA";17;1;"Presidente";280000614517;17;"JAIR MESSIAS BOLSONARO";"JAIR BOLSONARO";"#NULO#";12;"APTO";2;"DEFERIDO";-3;"#NE";-3;"#NE";-3;"#NE";"COLIGAÇÃO";17;"PSL";"Partido Social Liberal";-1;"#NULO#";"#NULO#";"#NULO#";280000050386;"BRASIL ACIMA DE TUDO, DEUS ACIMA DE TODOS";"PSL / PRTB";"N";55508;"Válido";55508;6;"2º TURNO"
"13/11/2024";"10:56:11";2018;2;"Eleição Ordinária";2;296;"ELEIÇÃO GERAL FEDERAL 2018";"28/10/2018";"F";"DF";"BR";"BRASIL";97012;"BRASÍLIA";17;1;"Presidente";280000614517;17;"JAIR MESSIAS BOLSONARO";"JAIR BOLSONARO";"#NULO#";12;"APTO";2;"DEFERIDO";-3;"#NE";-3;"#NE";-3;"#NE";"COLIGAÇÃO";17;"PSL";"Partido Social Liberal";-1;"#NULO#";"#NULO#";"#NULO#";280000050386;"BRASIL ACIMA DE TUDO, DEUS ACIMA DE TODOS";"PSL / PRTB";"N";63468;"Válido";63468;1;"ELEITO"
"13/11/2024";"10:56:11";2018;2;"Eleição Ordinária";2;296;"ELEIÇÃO GERAL FEDERAL 2018";"28/10/2018";"F";"DF";"BR";"BRASIL";97012;"BRASÍLIA";2;1;"Presidente";280000614517;17;"JAIR MESSIAS BOLSONARO";"JAIR BOLSONARO";"#NULO#";12;"APTO";2;"DEFERIDO";-3;"#NE";-3;"#NE";-3;"#NE";"COLIGAÇÃO";17;"PSL";"Partido Social Liberal";-1;"#NULO#";"#NULO#";"#NULO#";280000050386;"BRASIL ACIMA DE TUDO, DEUS ACIMA DE TODOS";"PSL / PRTB";"N";50237;"Válido";50237;1;"ELEITO"
"13/11/2024";"10:56:11";2018;2;"Eleição Ordinária";2;296;"ELEIÇÃO GERAL FEDERAL 2018";"28/10/2018";"F";"DF";"BR";"BRASIL";97012;"BRASÍLIA";5;1;"Presidente";280000614517;17;"JAIR MESSIAS BOLSONARO";"JAIR BOLSONARO";"#NULO#";12;"APTO";2;"DEFERIDO";-3;"#NE";-3;"#NE";-3;"#NE";"COLIGAÇÃO";17;"PSL";"Partido Social Liberal";-1;"#NULO#";"#NULO#";"#NULO#";280000050386;"BRASIL ACIMA DE TUDO, DEUS ACIMA DE TODOS";"PSL / PRTB";"N";65122;"Válido";65122;1;"ELEITO"
"13/11/2024";"10:56:11";2018;2;"Eleição Ordinária";2;296;"ELEIÇÃO GERAL FEDERAL 2018";"28/10/2018";"F";"DF";"BR";"BRASIL";97012;"BRASÍLIA";13;1;"Presidente";280000614517;17;"JAIR MESSIAS BOLSONARO";"JAIR BOLSONARO";"#NULO#";12;"APTO";2;"DEFERIDO";-3;"#NE";-3;"#NE";-3;"#NE";"COLIGAÇÃO";17;"PSL";"Partido Social Liberal";-1;"#NULO#";"#NULO#";"#NULO#";280000050386;"BRASIL ACIMA DE TUDO, DEUS ACIMA DE TODOS";"PSL / PRTB";"N";71451;"Válido";71451;1;"ELEITO"
"13/11/2024";"10:56:11";2018;2;"Eleição Ordinária";2;296;"ELEIÇÃO GERAL FEDERAL 2018";"28/10/2018";"F";"DF";"BR";"BRASIL";97012;"BRASÍLIA";21;1;"Presidente";280000614517;17;"JAIR MESSIAS BOLSONARO";"JAIR BOLSONARO";"#NULO#";12;"APTO";2;"DEFERIDO";-3;"#NE";-3;"#NE";-3;"#NE";"COLIGAÇÃO";17;"PSL";"Partido Social Liberal";-1;"#NULO#";"#NULO#";"#NULO#";280000050386;"BRASIL ACIMA DE TUDO, DEUS ACIMA DE TODOS";"PSL / PRTB";"N";57955;"Válido";57955;1;"ELEITO"
"13/11/2024";"10:56:11";2018;2;"Eleição Ordinária";2;296;"ELEIÇÃO GERAL FEDERAL 2018";"28/10/2018";"F";"DF";"BR";"BRASIL";97012;"BRASÍLIA";16;1;"Presidente";280000614517;17;"JAIR MESSIAS BOLSONARO";"JAIR BOLSONARO";"#NULO#";12;"APTO";2;"DEFERIDO";-3;"#NE";-3;"#NE";-3;"#NE";"COLIGAÇÃO";17;"PSL";"Partido Social Liberal";-1;"#NULO#";"#NULO#";"#NULO#";280000050386;"BRASIL ACIMA DE TUDO, DEUS ACIMA DE TODOS";"PSL / PRTB";"N";73789;"Válido";73789;1;"ELEITO"
"13/11/2024";"10:56:11";2018;2;"Eleição Ordinária";2;296;"ELEIÇÃO GERAL FEDERAL 2018";"28/10/2018";"F";"DF";"BR";"BRASIL";97012;"BRASÍLIA";14;1;"Presidente";280000614517;17;"JAIR MESSIAS BOLSONARO";"JAIR BOLSONARO";"#NULO#";12;"APTO";2;"DEFERIDO";-3;"#NE";-3;"#NE";-3;"#NE";"COLIGAÇÃO";17;"PSL";"Partido Social Liberal";-1;"#NULO#";"#NULO#";"#NULO#";280000050386;"BRASIL ACIMA DE TUDO, DEUS ACIMA DE TODOS";"PSL / PRTB";"N";45284;"Válido";45284;1;"ELEITO"
"13/11/2024";"10:56:11";2018;2;"Eleição Ordinária";2;296;"ELEIÇÃO GERAL FEDERAL 2018";"28/10/2018";"F";"DF";"BR";"BRASIL";97012;"BRASÍLIA";1;1;"Presidente";280000614517;17;"JAIR MESSIAS BOLSONARO";"JAIR BOLSONARO";"#NULO#";12;"APTO";2;"DEFERIDO";-3;"#NE";-3;"#NE";-3;"#NE";"COLIGAÇÃO";17;"PSL";"Partido Social Liberal";-1;"#NULO#";"#NULO#";"#NULO#";280000050386;"BRASIL ACIMA DE TUDO, DEUS ACIMA DE TODOS";"PSL / PRTB";"N";38328;"Válido";38328;1;"ELEITO"
"13/11/2024";"10:56:11";2018;2;"Eleição Ordinária";2;296;"ELEIÇÃO GERAL FEDERAL 2018";"28/10/2018";"F";"DF";"BR";"BRASIL";97012;"BRASÍLIA";18;1;"Presidente";280000614517;17;"JAIR MESSIAS BOLSONARO";"JAIR BOLSONARO";"#NULO#";12;"APTO";2;"DEFERIDO";-3;"#NE";-3;"#NE";-3;"#NE";"COLIGAÇÃO";17;"PSL";"Partido Social Liberal";-1;"#NULO#";"#NULO#";"#NULO#";280000050386;"BRASIL ACIMA DE TUDO, DEUS ACIMA DE TODOS";"PSL / PRTB";"N";56607;"Válido";56607;1;"ELEITO"
"13/11/2024";"10:56:11";2018;2;"Eleição Ordinária";2;296;"ELEIÇÃO GERAL FEDERAL 2018";"28/10/2018";"F";"DF";"BR";"BRASIL";97012;"BRASÍLIA";10;1;"Presidente";280000614517;17;"JAIR MESSIAS BOLSONARO";"JAIR BOLSONARO";"#NULO#";12;"APTO";2;"DEFERIDO";-3;"#NE";-3;"#NE";-3;"#NE";"COLIGAÇÃO";17;"PSL";"Partido Social Liberal";-1;"#NULO#";"#NULO#";"#NULO#";280000050386;"BRASIL ACIMA DE TUDO, DEUS ACIMA DE TODOS";"PSL / PRTB";"N";60985;"Válido";60985;1;"ELEITO"
"13/11/2024";"10:56:11";2018;2;"Eleição Ordinária";2;296;"ELEIÇÃO GERAL FEDERAL 2018";"28/10/2018";"F";"DF";"BR";"BRASIL";97012;"BRASÍLIA";20;1;"Presidente";280000614517;17;"JAIR MESSIAS BOLSONARO";"JAIR BOLSONARO";"#NULO#";12;"APTO";2;"DEFERIDO";-3;"#NE";-3;"#NE";-3;"#NE";"COLIGAÇÃO";17;"PSL";"Partido Social Liberal";-1;"#NULO#";"#NULO#";"#NULO#";280000050386;"BRASIL ACIMA DE TUDO, DEUS ACIMA DE TODOS";"PSL / PRTB";"N";39900;"Válido";39900;1;"ELEITO"
"13/11/2024";"10:56:11";2018;2;"Eleição Ordinária";2;296;"ELEIÇÃO GERAL FEDERAL 2018";"28/10/2018";"F";"DF";"BR";"BRASIL";97012;"BRASÍLIA";9;1;"Presidente";280000614517;17;"JAIR MESSIAS BOLSONARO";"JAIR BOLSONARO";"#NULO#";12;"APTO";2;"DEFERIDO";-3;"#NE";-3;"#NE";-3;"#NE";"COLIGAÇÃO";17;"PSL";"Partido Social Liberal";-1;"#NULO#";"#NULO#";"#NULO#";280000050386;"BRASIL ACIMA DE TUDO, DEUS ACIMA DE TODOS";"PSL / PRTB";"N";64315;"Válido";64315;1;"ELEITO"
"13/11/2024";"10:56:11";2018;2;"Eleição Ordinária";2;296;"ELEIÇÃO GERAL FEDERAL 2018";"28/10/2018";"F";"DF";"BR";"BRASIL";97012;"BRASÍLIA";11;1;"Presidente";280000614517;17;"JAIR MESSIAS BOLSONARO";"JAIR BOLSONARO";"#NULO#";12;"APTO";2;"DEFERIDO";-3;"#NE";-3;"#NE";-3;"#NE";"COLIGAÇÃO";17;"PSL";"Partido Social Liberal";-1;"#NULO#";"#NULO#";"#NULO#";280000050386;"BRASIL ACIMA DE TUDO, DEUS ACIMA DE TODOS";"PSL / PRTB";"N";37749;"Válido";37749;1;"ELEITO"
"13/11/2024";"10:56:11";2018;2;"Eleição Ordinária";2;296;"ELEIÇÃO GERAL FEDERAL 2018";"28/10/2018";"F";"DF";"BR";"BRASIL";97012;"BRASÍLIA";6;1;"Presidente";280000614517;17;"JAIR MESSIAS BOLSONARO";"JAIR BOLSONARO";"#NULO#";12;"APTO";2;"DEFERIDO";-3;"#NE";-3;"#NE";-3;"#NE";"COLIGAÇÃO";17;"PSL";"Partido Social Liberal";-1;"#NULO#";"#NULO#";"#NULO#";280000050386;"BRASIL ACIMA DE TUDO, DEUS ACIMA DE TODOS";"PSL / PRTB";"N";63606;"Válido";63606;1;"ELEITO"
"13/11/2024";"10:56:11";2018;2;"Eleição Ordinária";2;296;"ELEIÇÃO GERAL FEDERAL 2018";"28/10/2018";"F";"DF";"BR";"BRASIL";97012;"BRASÍLIA";3;1;"Presidente";280000614517;17;"JAIR MESSIAS BOLSONARO";"JAIR BOLSONARO";"#NULO#";12;"APTO";2;"DEFERIDO";-3;"#NE";-3;"#NE";-3;"#NE";"COLIGAÇÃO";17;"PSL";"Partido Social Liberal";-1;"#NULO#";"#NULO#";"#NULO#";280000050386;"BRASIL ACIMA DE TUDO, DEUS ACIMA DE TODOS";"PSL / PRTB";"N";38253;"Válido";38253;1;"ELEITO"
"13/11/2024";"10:56:11";2018;2;"Eleição Ordinária";2;296;"ELEIÇÃO GERAL FEDERAL 2018";"28/10/2018";"F";"DF";"BR";"BRASIL";97012;"BRASÍLIA";4;1;"Presidente";280000614517;17;"JAIR MESSIAS BOLSONARO";"JAIR BOLSONARO";"#NULO#";12;"APTO";2;"DEFERIDO";-3;"#NE";-3;"#NE";-3;"#NE";"COLIGAÇÃO";17;"PSL";"Partido Social Liberal";-1;"#NULO#";"#NULO#";"#NULO#";280000050386;"BRASIL ACIMA DE TUDO, DEUS ACIMA DE TODOS";"PSL / PRTB";"N";49964;"Válido";49964;1;"ELEITO"
"13/11/2024";"10:56:11";2018;2;"Eleição Ordinária";2;296;"ELEIÇÃO GERAL FEDERAL 2018";"28/10/2018";"F";"DF";"BR";"BRASIL";97012;"BRASÍLIA";8;1;"Presidente";280000614517;17;"JAIR MESSIAS BOLSONARO";"JAIR BOLSONARO";"#NULO#";12;"APTO";2;"DEFERIDO";-3;"#NE";-3;"#NE";-3;"#NE";"COLIGAÇÃO";17;"PSL";"Partido Social Liberal";-1;"#NULO#";"#NULO#";"#NULO#";280000050386;"BRASIL ACIMA DE TUDO, DEUS ACIMA DE TODOS";"PSL / PRTB";"N";67795;"Válido";67795;1;"ELEITO"
"13/11/2024";"10:56:11";2018;2;"Eleição Ordinária";2;296;"ELEIÇÃO GERAL FEDERAL 2018";"28/10/2018";"F";"DF";"BR";"BRASIL";97012;"BRASÍLIA";19;1;"Presidente";280000614517;17;"JAIR MESSIAS BOLSONARO";"JAIR BOLSONARO";"#NULO#";12;"APTO";2;"DEFERIDO";-3;"#NE";-3;"#NE";-3;"#NE";"COLIGAÇÃO";17;"PSL";"Partido Social Liberal";-1;"#NULO#";"#NULO#";"#NULO#";280000050386;"BRASIL ACIMA DE TUDO, DEUS ACIMA DE TODOS";"PSL / PRTB";"N";55809;"Válido";55809;1;"ELEITO"
"13/11/2024";"10:56:11";2018;2;"Eleição Ordinária";2;296;"ELEIÇÃO GERAL FEDERAL 2018";"28/10/2018";"F";"DF";"BR";"BRASIL";97012;"BRASÍLIA";15;1;"Presidente";280000614517;17;"JAIR MESSIAS BOLSONARO";"JAIR BOLSONARO";"#NULO#";12;"APTO";2;"DEFERIDO";-3;"#NE";-3;"#NE";-3;"#NE";"COLIGAÇÃO";17;"PSL";"Partido Social Liberal";-1;"#NULO#";"#NULO#";"#NULO#";280000050386;"BRASIL ACIMA DE TUDO, DEUS ACIMA DE TODOS";"PSL / PRTB";"N";79794;"Válido";79794;1;"ELEITO"
"13/11/2024";"10:56:11";2018;2;"Eleição Ordinária";1;295;"ELEIÇÃO GERAL FEDERAL 2018";"07/10/2018";"F";"DF";"BR";"BRASIL";97012;"BRASÍLIA";19;1;"Presidente";280000602500;51;"BENEVENUTO DACIOLO FONSECA DOS SANTOS";"CABO DACIOLO";"#NULO#";12;"APTO";2;"DEFERIDO";-3;"#NE";-3;"#NE";-3;"#NE";"PARTIDO ISOLADO";51;"PATRI";"Patriota";-1;"#NULO#";"#NULO#";"#NULO#";280000050072;"PARTIDO ISOLADO";"PATRI";"N";826;"Válido";826;4;"NÃO ELEITO"
"13/11/2024";"10:56:11";2018;2;"Eleição Ordinária";1;295;"ELEIÇÃO GERAL FEDERAL 2018";"07/10/2018";"F";"DF";"BR";"BRASIL";97012;"BRASÍLIA";5;1;"Presidente";280000602500;51;"BENEVENUTO DACIOLO FONSECA DOS SANTOS";"CABO DACIOLO";"#NULO#";12;"APTO";2;"DEFERIDO";-3;"#NE";-3;"#NE";-3;"#NE";"PARTIDO ISOLADO";51;"PATRI";"Patriota";-1;"#NULO#";"#NULO#";"#NULO#";280000050072;"PARTIDO ISOLADO";"PATRI";"N";1500;"Válido";1500;4;"NÃO ELEITO"
"13/11/2024";"10:56:11";2018;2;"Eleição Ordinária";1;295;"ELEIÇÃO GERAL FEDERAL 2018";"07/10/2018";"F";"DF";"BR";"BRASIL";97012;"BRASÍLIA";9;1;"Presidente";280000602500;51;"BENEVENUTO DACIOLO FONSECA DOS SANTOS";"CABO DACIOLO";"#NULO#";12;"APTO";2;"DEFERIDO";-3;"#NE";-3;"#NE";-3;"#NE";"PARTIDO ISOLADO";51;"PATRI";"Patriota";-1;"#NULO#";"#NULO#";"#NULO#";280000050072;"PARTIDO ISOLADO";"PATRI";"N";1236;"Válido";1236;4;"NÃO ELEITO"
"13/11/2024";"10:56:11";2018;2;"Eleição Ordinária";1;295;"ELEIÇÃO GERAL FEDERAL 2018";"07/10/2018";"F";"DF";"BR";"BRASIL";97012;"BRASÍLIA";10;1;"Presidente";280000602500;51;"BENEVENUTO DACIOLO FONSECA DOS SANTOS";"CABO DACIOLO";"#NULO#";12;"APTO";2;"DEFERIDO";-3;"#NE";-3;"#NE";-3;"#NE";"PARTIDO ISOLADO";51;"PATRI";"Patriota";-1;"#NULO#";"#NULO#";"#NULO#";280000050072;"PARTIDO ISOLADO";"PATRI";"N";1344;"Válido";1344;4;"NÃO ELEITO"
"13/11/2024";"10:56:11";2018;2;"Eleição Ordinária";1;295;"ELEIÇÃO GERAL FEDERAL 2018";"07/10/2018";"F";"DF";"BR";"BRASIL";97012;"BRASÍLIA";6;1;"Presidente";280000602500;51;"BENEVENUTO DACIOLO FONSECA DOS SANTOS";"CABO DACIOLO";"#NULO#";12;"APTO";2;"DEFERIDO";-3;"#NE";-3;"#NE";-3;"#NE";"PARTIDO ISOLADO";51;"PATRI";"Patriota";-1;"#NULO#";"#NULO#";"#NULO#";280000050072;"PARTIDO ISOLADO";"PATRI";"N";2117;"Válido";2117;4;"NÃO ELEITO"
"13/11/2024";"10:56:11";2018;2;"Eleição Ordinária";1;295;"ELEIÇÃO GERAL FEDERAL 2018";"07/10/2018";"F";"DF";"BR";"BRASIL";97012;"BRASÍLIA";17;1;"Presidente";280000602500;51;"BENEVENUTO DACIOLO FONSECA DOS SANTOS";"CABO DACIOLO";"#NULO#";12;"APTO";2;"DEFERIDO";-3;"#NE";-3;"#NE";-3;"#NE";"PARTIDO ISOLADO";51;"PATRI";"Patriota";-1;"#NULO#";"#NULO#";"#NULO#";280000050072;"PARTIDO ISOLADO";"PATRI";"N";1822;"Válido";1822;4;"NÃO ELEITO"
"13/11/2024";"10:56:11";2018;2;"Eleição Ordinária";1;295;"ELEIÇÃO GERAL FEDERAL 2018";"07/10/2018";"F";"DF";"BR";"BRASIL";97012;"BRASÍLIA";11;1;"Presidente";280000602500;51;"BENEVENUTO DACIOLO FONSECA DOS SANTOS";"CABO DACIOLO";"#NULO#";12;"APTO";2;"DEFERIDO";-3;"#NE";-3;"#NE";-3;"#NE";"PARTIDO ISOLADO";51;"PATRI";"Patriota";-1;"#NULO#";"#NULO#";"#NULO#";280000050072;"PARTIDO ISOLADO";"PATRI";"N";378;"Válido";378;4;"NÃO ELEITO"
"13/11/2024";"10:56:11";2018;2;"Eleição Ordinária";1;295;"ELEIÇÃO GERAL FEDERAL 2018";"07/10/2018";"F";"DF";"BR";"BRASIL";97012;"BRASÍLIA";2;1;"Presidente";280000602500;51;"BENEVENUTO DACIOLO FONSECA DOS SANTOS";"CABO DACIOLO";"#NULO#";12;"APTO";2;"DEFERIDO";-3;"#NE";-3;"#NE";-3;"#NE";"PARTIDO ISOLADO";51;"PATRI";"Patriota";-1;"#NULO#";"#NULO#";"#NULO#";280000050072;"PARTIDO ISOLADO";"PATRI";"N";1454;"Válido";1454;4;"NÃO ELEITO"
"13/11/2024";"10:56:11";2018;2;"Eleição Ordinária";1;295;"ELEIÇÃO GERAL FEDERAL 2018";"07/10/2018";"F";"DF";"BR";"BRASIL";97012;"BRASÍLIA";20;1;"Presidente";280000602500;51;"BENEVENUTO DACIOLO FONSECA DOS SANTOS";"CABO DACIOLO";"#NULO#";12;"APTO";2;"DEFERIDO";-3;"#NE";-3;"#NE";-3;"#NE";"PARTIDO ISOLADO";51;"PATRI";"Patriota";-1;"#NULO#";"#NULO#";"#NULO#";280000050072;"PARTIDO ISOLADO";"PATRI";"N";1303;"Válido";1303;4;"NÃO ELEITO"
"13/11/2024";"10:56:11";2018;2;"Eleição Ordinária";1;295;"ELEIÇÃO GERAL FEDERAL 2018";"07/10/2018";"F";"DF";"BR";"BRASIL";97012;"BRASÍLIA";15;1;"Presidente";280000602500;51;"BENEVENUTO DACIOLO FONSECA DOS SANTOS";"CABO DACIOLO";"#NULO#";12;"APTO";2;"DEFERIDO";-3;"#NE";-3;"#NE";-3;"#NE";"PARTIDO ISOLADO";51;"PATRI";"Patriota";-1;"#NULO#";"#NULO#";"#NULO#";280000050072;"PARTIDO ISOLADO";"PATRI";"N";1051;"Válido";1051;4;"NÃO ELEITO"
"13/11/2024";"10:56:11";2018;2;"Eleição Ordinária";1;295;"ELEIÇÃO GERAL FEDERAL 2018";"07/10/2018";"F";"DF";"BR";"BRASIL";97012;"BRASÍLIA";16;1;"Presidente";280000602500;51;"BENEVENUTO DACIOLO FONSECA DOS SANTOS";"CABO DACIOLO";"#NULO#";12;"APTO";2;"DEFERIDO";-3;"#NE";-3;"#NE";-3;"#NE";"PARTIDO ISOLADO";51;"PATRI";"Patriota";-1;"#NULO#";"#NULO#";"#NULO#";280000050072;"PARTIDO ISOLADO";"PATRI";"N";2663;"Válido";2663;4;"NÃO ELEITO"
"13/11/2024";"10:56:11";2018;2;"Eleição Ordinária";1;295;"ELEIÇÃO GERAL FEDERAL 2018";"07/10/2018";"F";"DF";"BR";"BRASIL";97012;"BRASÍLIA";4;1;"Presidente";280000602500;51;"BENEVENUTO DACIOLO FONSECA DOS SANTOS";"CABO DACIOLO";"#NULO#";12;"APTO";2;"DEFERIDO";-3;"#NE";-3;"#NE";-3;"#NE";"PARTIDO ISOLADO";51;"PATRI";"Patriota";-1;"#NULO#";"#NULO#";"#NULO#";280000050072;"PARTIDO ISOLADO";"PATRI";"N";1752;"Válido";1752;4;"NÃO ELEITO"
"13/11/2024";"10:56:11";2018;2;"Eleição Ordinária";1;295;"ELEIÇÃO GERAL FEDERAL 2018";"07/10/2018";"F";"DF";"BR";"BRASIL";97012;"BRASÍLIA";8;1;"Presidente";280000602500;51;"BENEVENUTO DACIOLO FONSECA DOS SANTOS";"CABO DACIOLO";"#NULO#";12;"APTO";2;"DEFERIDO";-3;"#NE";-3;"#NE";-3;"#NE";"PARTIDO ISOLADO";51;"PATRI";"Patriota";-1;"#NULO#";"#NULO#";"#NULO#";280000050072;"PARTIDO ISOLADO";"PATRI";"N";2316;"Válido";2316;4;"NÃO ELEITO"
"13/11/2024";"10:56:11";2018;2;"Eleição Ordinária";1;295;"ELEIÇÃO GERAL FEDERAL 2018";"07/10/2018";"F";"DF";"BR";"BRASIL";97012;"BRASÍLIA";21;1;"Presidente";280000602500;51;"BENEVENUTO DACIOLO FONSECA DOS SANTOS";"CABO DACIOLO";"#NULO#";12;"APTO";2;"DEFERIDO";-3;"#NE";-3;"#NE";-3;"#NE";"PARTIDO ISOLADO";51;"PATRI";"Patriota";-1;"#NULO#";"#NULO#";"#NULO#";280000050072;"PARTIDO ISOLADO";"PATRI";"N";2161;"Válido";2161;4;"NÃO ELEITO"
"13/11/2024";"10:56:11";2018;2;"Eleição Ordinária";1;295;"ELEIÇÃO GERAL FEDERAL 2018";"07/10/2018";"F";"DF";"BR";"BRASIL";97012;"BRASÍLIA";18;1;"Presidente";280000602500;51;"BENEVENUTO DACIOLO FONSECA DOS SANTOS";"CABO DACIOLO";"#NULO#";12;"APTO";2;"DEFERIDO";-3;"#NE";-3;"#NE";-3;"#NE";"PARTIDO ISOLADO";51;"PATRI";"Patriota";-1;"#NULO#";"#NULO#";"#NULO#";280000050072;"PARTIDO ISOLADO";"PATRI";"N";1221;"Válido";1221;4;"NÃO ELEITO"
"13/11/2024";"10:56:11";2018;2;"Eleição Ordinária";1;295;"ELEIÇÃO GERAL FEDERAL 2018";"07/10/2018";"F";"DF";"BR";"BRASIL";97012;"BRASÍLIA";1;1;"Presidente";280000602500;51;"BENEVENUTO DACIOLO FONSECA DOS SANTOS";"CABO DACIOLO";"#NULO#";12;"APTO";2;"DEFERIDO";-3;"#NE";-3;"#NE";-3;"#NE";"PARTIDO ISOLADO";51;"PATRI";"Patriota";-1;"#NULO#";"#NULO#";"#NULO#";280000050072;"PARTIDO ISOLADO";"PATRI";"N";297;"Válido";297;4;"NÃO ELEITO"
"13/11/2024";"10:56:11";2018;2;"Eleição Ordinária";1;295;"ELEIÇÃO GERAL FEDERAL 2018";"07/10/2018";"F";"DF";"BR";"BRASIL";97012;"BRASÍLIA";13;1;"Presidente";280000602500;51;"BENEVENUTO DACIOLO FONSECA DOS SANTOS";"CABO DACIOLO";"#NULO#";12;"APTO";2;"DEFERIDO";-3;"#NE";-3;"#NE";-3;"#NE";"PARTIDO ISOLADO";51;"PATRI";"Patriota";-1;"#NULO#";"#NULO#";"#NULO#";280000050072;"PARTIDO ISOLADO";"PATRI";"N";2272;"Válido";2272;4;"NÃO ELEITO"
"13/11/2024";"10:56:11";2018;2;"Eleição Ordinária";1;295;"ELEIÇÃO GERAL FEDERAL 2018";"07/10/2018";"F";"DF";"BR";"BRASIL";97012;"BRASÍLIA";3;1;"Presidente";280000602500;51;"BENEVENUTO DACIOLO FONSECA DOS SANTOS";"CABO DACIOLO";"#NULO#";12;"APTO";2;"DEFERIDO";-3;"#NE";-3;"#NE";-3;"#NE";"PARTIDO ISOLADO";51;"PATRI";"Patriota";-1;"#NULO#";"#NULO#";"#NULO#";280000050072;"PARTIDO ISOLADO";"PATRI";"N";809;"Válido";809;4;"NÃO ELEITO"
"13/11/2024";"10:56:11";2018;2;"Eleição Ordinária";1;295;"ELEIÇÃO GERAL FEDERAL 2018";"07/10/2018";"F";"DF";"BR";"BRASIL";97012;"BRASÍLIA";14;1;"Presidente";280000602500;51;"BENEVENUTO DACIOLO FONSECA DOS SANTOS";"CABO DACIOLO";"#NULO#";12;"APTO";2;"DEFERIDO";-3;"#NE";-3;"#NE";-3;"#NE";"PARTIDO ISOLADO";51;"PATRI";"Patriota";-1;"#NULO#";"#NULO#";"#NULO#";280000050072;"PARTIDO ISOLADO";"PATRI";"N";403;"Válido";403;4;"NÃO ELEITO"
"13/11/2024";"10:56:11";2018;2;"Eleição Ordinária";1;295;"ELEIÇÃO GERAL FEDERAL 2018";"07/10/2018";"F";"DF";"BR";"BRASIL";97012;"BRASÍLIA";10;1;"Presidente";280000624082;54;"JOÃO VICENTE FONTELLA GOULART";"JOÃO GOULART FILHO";"#NULO#";12;"APTO";2;"DEFERIDO";-3;"#NE";-3;"#NE";-3;"#NE";"PARTIDO ISOLADO";54;"PPL";"Partido Pátria Livre";-1;"#NULO#";"#NULO#";"#NULO#";280000050638;"PARTIDO ISOLADO";"PPL";"N";31;"Válido";31;4;"NÃO ELEITO"
"13/11/2024";"10:56:11";2018;2;"Eleição Ordinária";1;295;"ELEIÇÃO GERAL FEDERAL 2018";"07/10/2018";"F";"DF";"BR";"BRASIL";97012;"BRASÍLIA";17;1;"Presidente";280000624082;54;"JOÃO VICENTE FONTELLA GOULART";"JOÃO GOULART FILHO";"#NULO#";12;"APTO";2;"DEFERIDO";-3;"#NE";-3;"#NE";-3;"#NE";"PARTIDO ISOLADO";54;"PPL";"Partido Pátria Livre";-1;"#NULO#";"#NULO#";"#NULO#";280000050638;"PARTIDO ISOLADO";"PPL";"N";50;"Válido";50;4;"NÃO ELEITO"
"13/11/2024";"10:56:11";2018;2;"Eleição Ordinária";1;295;"ELEIÇÃO GERAL FEDERAL 2018";"07/10/2018";"F";"DF";"BR";"BRASIL";97012;"BRASÍLIA";4;1;"Presidente";280000624082;54;"JOÃO VICENTE FONTELLA GOULART";"JOÃO GOULART FILHO";"#NULO#";12;"APTO";2;"DEFERIDO";-3;"#NE";-3;"#NE";-3;"#NE";"PARTIDO ISOLADO";54;"PPL";"Partido Pátria Livre";-1;"#NULO#";"#NULO#";"#NULO#";280000050638;"PARTIDO ISOLADO";"PPL";"N";43;"Válido";43;4;"NÃO ELEITO"
"13/11/2024";"10:56:11";2018;2;"Eleição Ordinária";1;295;"ELEIÇÃO GERAL FEDERAL 2018";"07/10/2018";"F";"DF";"BR";"BRASIL";97012;"BRASÍLIA";9;1;"Presidente";280000624082;54;"JOÃO VICENTE FONTELLA GOULART";"JOÃO GOULART FILHO";"#NULO#";12;"APTO";2;"DEFERIDO";-3;"#NE";-3;"#NE";-3;"#NE";"PARTIDO ISOLADO";54;"PPL";"Partido Pátria Livre";-1;"#NULO#";"#NULO#";"#NULO#";280000050638;"PARTIDO ISOLADO";"PPL";"N";40;"Válido";40;4;"NÃO ELEITO"
"13/11/2024";"10:56:11";2018;2;"Eleição Ordinária";1;295;"ELEIÇÃO GERAL FEDERAL 2018";"07/10/2018";"F";"DF";"BR";"BRASIL";97012;"BRASÍLIA";13;1;"Presidente";280000624082;54;"JOÃO VICENTE FONTELLA GOULART";"JOÃO GOULART FILHO";"#NULO#";12;"APTO";2;"DEFERIDO";-3;"#NE";-3;"#NE";-3;"#NE";"PARTIDO ISOLADO";54;"PPL";"Partido Pátria Livre";-1;"#NULO#";"#NULO#";"#NULO#";280000050638;"PARTIDO ISOLADO";"PPL";"N";32;"Válido";32;4;"NÃO ELEITO"
"13/11/2024";"10:56:11";2018;2;"Eleição Ordinária";1;295;"ELEIÇÃO GERAL FEDERAL 2018";"07/10/2018";"F";"DF";"BR";"BRASIL";97012;"BRASÍLIA";6;1;"Presidente";280000624082;54;"JOÃO VICENTE FONTELLA GOULART";"JOÃO GOULART FILHO";"#NULO#";12;"APTO";2;"DEFERIDO";-3;"#NE";-3;"#NE";-3;"#NE";"PARTIDO ISOLADO";54;"PPL";"Partido Pátria Livre";-1;"#NULO#";"#NULO#";"#NULO#";280000050638;"PARTIDO ISOLADO";"PPL";"N";62;"Válido";62;4;"NÃO ELEITO"
"13/11/2024";"10:56:11";2018;2;"Eleição Ordinária";1;295;"ELEIÇÃO GERAL FEDERAL 2018";"07/10/2018";"F";"DF";"BR";"BRASIL";97012;"BRASÍLIA";14;1;"Presidente";280000624082;54;"JOÃO VICENTE FONTELLA GOULART";"JOÃO GOULART FILHO";"#NULO#";12;"APTO";2;"DEFERIDO";-3;"#NE";-3;"#NE";-3;"#NE";"PARTIDO ISOLADO";54;"PPL";"Partido Pátria Livre";-1;"#NULO#";"#NULO#";"#NULO#";280000050638;"PARTIDO ISOLADO";"PPL";"N";35;"Válido";35;4;"NÃO ELEITO"
"13/11/2024";"10:56:11";2018;2;"Eleição Ordinária";1;295;"ELEIÇÃO GERAL FEDERAL 2018";"07/10/2018";"F";"DF";"BR";"BRASIL";97012;"BRASÍLIA";15;1;"Presidente";280000624082;54;"JOÃO VICENTE FONTELLA GOULART";"JOÃO GOULART FILHO";"#NULO#";12;"APTO";2;"DEFERIDO";-3;"#NE";-3;"#NE";-3;"#NE";"PARTIDO ISOLADO";54;"PPL";"Partido Pátria Livre";-1;"#NULO#";"#NULO#";"#NULO#";280000050638;"PARTIDO ISOLADO";"PPL";"N";40;"Válido";40;4;"NÃO ELEITO"
"13/11/2024";"10:56:11";2018;2;"Eleição Ordinária";1;295;"ELEIÇÃO GERAL FEDERAL 2018";"07/10/2018";"F";"DF";"BR";"BRASIL";97012;"BRASÍLIA";21;1;"Presidente";280000624082;54;"JOÃO VICENTE FONTELLA GOULART";"JOÃO GOULART FILHO";"#NULO#";12;"APTO";2;"DEFERIDO";-3;"#NE";-3;"#NE";-3;"#NE";"PARTIDO ISOLADO";54;"PPL";"Partido Pátria Livre";-1;"#NULO#";"#NULO#";"#NULO#";280000050638;"PARTIDO ISOLADO";"PPL";"N";34;"Válido";34;4;"NÃO ELEITO"
"13/11/2024";"10:56:11";2018;2;"Eleição Ordinária";1;295;"ELEIÇÃO GERAL FEDERAL 2018";"07/10/2018";"F";"DF";"BR";"BRASIL";97012;"BRASÍLIA";19;1;"Presidente";280000624082;54;"JOÃO VICENTE FONTELLA GOULART";"JOÃO GOULART FILHO";"#NULO#";12;"APTO";2;"DEFERIDO";-3;"#NE";-3;"#NE";-3;"#NE";"PARTIDO ISOLADO";54;"PPL";"Partido Pátria Livre";-1;"#NULO#";"#NULO#";"#NULO#";280000050638;"PARTIDO ISOLADO";"PPL";"N";27;"Válido";27;4;"NÃO ELEITO"
"13/11/2024";"10:56:11";2018;2;"Eleição Ordinária";1;295;"ELEIÇÃO GERAL FEDERAL 2018";"07/10/2018";"F";"DF";"BR";"BRASIL";97012;"BRASÍLIA";1;1;"Presidente";280000624082;54;"JOÃO VICENTE FONTELLA GOULART";"JOÃO GOULART FILHO";"#NULO#";12;"APTO";2;"DEFERIDO";-3;"#NE";-3;"#NE";-3;"#NE";"PARTIDO ISOLADO";54;"PPL";"Partido Pátria Livre";-1;"#NULO#";"#NULO#";"#NULO#";280000050638;"PARTIDO ISOLADO";"PPL";"N";23;"Válido";23;4;"NÃO ELEITO"
"13/11/2024";"10:56:11";2018;2;"Eleição Ordinária";1;295;"ELEIÇÃO GERAL FEDERAL 2018";"07/10/2018";"F";"DF";"BR";"BRASIL";97012;"BRASÍLIA";16;1;"Presidente";280000624082;54;"JOÃO VICENTE FONTELLA GOULART";"JOÃO GOULART FILHO";"#NULO#";12;"APTO";2;"DEFERIDO";-3;"#NE";-3;"#NE";-3;"#NE";"PARTIDO ISOLADO";54;"PPL";"Partido Pátria Livre";-1;"#NULO#";"#NULO#";"#NULO#";280000050638;"PARTIDO ISOLADO";"PPL";"N";55;"Válido";55;4;"NÃO ELEITO"
"13/11/2024";"10:56:11";2018;2;"Eleição Ordinária";1;295;"ELEIÇÃO GERAL FEDERAL 2018";"07/10/2018";"F";"DF";"BR";"BRASIL";97012;"BRASÍLIA";3;1;"Presidente";280000624082;54;"JOÃO VICENTE FONTELLA GOULART";"JOÃO GOULART FILHO";"#NULO#";12;"APTO";2;"DEFERIDO";-3;"#NE";-3;"#NE";-3;"#NE";"PARTIDO ISOLADO";54;"PPL";"Partido Pátria Livre";-1;"#NULO#";"#NULO#";"#NULO#";280000050638;"PARTIDO ISOLADO";"PPL";"N";29;"Válido";29;4;"NÃO ELEITO"
"13/11/2024";"10:56:11";2018;2;"Eleição Ordinária";1;295;"ELEIÇÃO GERAL FEDERAL 2018";"07/10/2018";"F";"DF";"BR";"BRASIL";97012;"BRASÍLIA";5;1;"Presidente";280000624082;54;"JOÃO VICENTE FONTELLA GOULART";"JOÃO GOULART FILHO";"#NULO#";12;"APTO";2;"DEFERIDO";-3;"#NE";-3;"#NE";-3;"#NE";"PARTIDO ISOLADO";54;"PPL";"Partido Pátria Livre";-1;"#NULO#";"#NULO#";"#NULO#";280000050638;"PARTIDO ISOLADO";"PPL";"N";45;"Válido";45;4;"NÃO ELEITO"
"13/11/2024";"10:56:11";2018;2;"Eleição Ordinária";1;295;"ELEIÇÃO GERAL FEDERAL 2018";"07/10/2018";"F";"DF";"BR";"BRASIL";97012;"BRASÍLIA";11;1;"Presidente";280000624082;54;"JOÃO VICENTE FONTELLA GOULART";"JOÃO GOULART FILHO";"#NULO#";12;"APTO";2;"DEFERIDO";-3;"#NE";-3;"#NE";-3;"#NE";"PARTIDO ISOLADO";54;"PPL";"Partido Pátria Livre";-1;"#NULO#";"#NULO#";"#NULO#";280000050638;"PARTIDO ISOLADO";"PPL";"N";28;"Válido";28;4;"NÃO ELEITO"
"13/11/2024";"10:56:11";2018;2;"Eleição Ordinária";1;295;"ELEIÇÃO GERAL FEDERAL 2018";"07/10/2018";"F";"DF";"BR";"BRASIL";97012;"BRASÍLIA";8;1;"Presidente";280000624082;54;"JOÃO VICENTE FONTELLA GOULART";"JOÃO GOULART FILHO";"#NULO#";12;"APTO";2;"DEFERIDO";-3;"#NE";-3;"#NE";-3;"#NE";"PARTIDO ISOLADO";54;"PPL";"Partido Pátria Livre";-1;"#NULO#";"#NULO#";"#NULO#";280000050638;"PARTIDO ISOLADO";"PPL";"N";42;"Válido";42;4;"NÃO ELEITO"
"13/11/2024";"10:56:11";2018;2;"Eleição Ordinária";1;295;"ELEIÇÃO GERAL FEDERAL 2018";"07/10/2018";"F";"DF";"BR";"BRASIL";97012;"BRASÍLIA";2;1;"Presidente";280000624082;54;"JOÃO VICENTE FONTELLA GOULART";"JOÃO GOULART FILHO";"#NULO#";12;"APTO";2;"DEFERIDO";-3;"#NE";-3;"#NE";-3;"#NE";"PARTIDO ISOLADO";54;"PPL";"Partido Pátria Livre";-1;"#NULO#";"#NULO#";"#NULO#";280000050638;"PARTIDO ISOLADO";"PPL";"N";36;"Válido";36;4;"NÃO ELEITO"
"13/11/2024";"10:56:11";2018;2;"Eleição Ordinária";1;295;"ELEIÇÃO GERAL FEDERAL 2018";"07/10/2018";"F";"DF";"BR";"BRASIL";97012;"BRASÍLIA";18;1;"Presidente";280000624082;54;"JOÃO VICENTE FONTELLA GOULART";"JOÃO GOULART FILHO";"#NULO#";12;"APTO";2;"DEFERIDO";-3;"#NE";-3;"#NE";-3;"#NE";"PARTIDO ISOLADO";54;"PPL";"Partido Pátria Livre";-1;"#NULO#";"#NULO#";"#NULO#";280000050638;"PARTIDO ISOLADO";"PPL";"N";32;"Válido";32;4;"NÃO ELEITO"
"13/11/2024";"10:56:11";2018;2;"Eleição Ordinária";1;295;"ELEIÇÃO GERAL FEDERAL 2018";"07/10/2018";"F";"DF";"BR";"BRASIL";97012;"BRASÍLIA";20;1;"Presidente";280000624082;54;"JOÃO VICENTE FONTELLA GOULART";"JOÃO GOULART FILHO";"#NULO#";12;"APTO";2;"DEFERIDO";-3;"#NE";-3;"#NE";-3;"#NE";"PARTIDO ISOLADO";54;"PPL";"Partido Pátria Livre";-1;"#NULO#";"#NULO#";"#NULO#";280000050638;"PARTIDO ISOLADO";"PPL";"N";16;"Válido";16;4;"NÃO ELEITO"
"13/11/2024";"10:56:11";2018;2;"Eleição Ordinária";1;295;"ELEIÇÃO GERAL FEDERAL 2018";"07/10/2018";"F";"DF";"BR";"BRASIL";97012;"BRASÍLIA";9;1;"Presidente";280000629808;13;"FERNANDO HADDAD";"FERNANDO HADDAD";"#NULO#";12;"APTO";2;"DEFERIDO";-3;"#NE";-3;"#NE";-3;"#NE";"COLIGAÇÃO";13;"PT";"Partido dos Trabalhadores";-1;"#NULO#";"#NULO#";"#NULO#";280000050703;"O POVO FELIZ DE NOVO";"PT / PC do B / PROS";"N";10562;"Válido";10562;6;"2º TURNO"
"13/11/2024";"10:56:11";2018;2;"Eleição Ordinária";1;295;"ELEIÇÃO GERAL FEDERAL 2018";"07/10/2018";"F";"DF";"BR";"BRASIL";97012;"BRASÍLIA";8;1;"Presidente";280000629808;13;"FERNANDO HADDAD";"FERNANDO HADDAD";"#NULO#";12;"APTO";2;"DEFERIDO";-3;"#NE";-3;"#NE";-3;"#NE";"COLIGAÇÃO";13;"PT";"Partido dos Trabalhadores";-1;"#NULO#";"#NULO#";"#NULO#";280000050703;"O POVO FELIZ DE NOVO";"PT / PC do B / PROS";"N";13741;"Válido";13741;6;"2º TURNO"
"13/11/2024";"10:56:11";2018;2;"Eleição Ordinária";1;295;"ELEIÇÃO GERAL FEDERAL 2018";"07/10/2018";"F";"DF";"BR";"BRASIL";97012;"BRASÍLIA";2;1;"Presidente";280000629808;13;"FERNANDO HADDAD";"FERNANDO HADDAD";"#NULO#";12;"APTO";2;"DEFERIDO";-3;"#NE";-3;"#NE";-3;"#NE";"COLIGAÇÃO";13;"PT";"Partido dos Trabalhadores";-1;"#NULO#";"#NULO#";"#NULO#";280000050703;"O POVO FELIZ DE NOVO";"PT / PC do B / PROS";"N";10963;"Válido";10963;6;"2º TURNO"
"13/11/2024";"10:56:11";2018;2;"Eleição Ordinária";1;295;"ELEIÇÃO GERAL FEDERAL 2018";"07/10/2018";"F";"DF";"BR";"BRASIL";97012;"BRASÍLIA";10;1;"Presidente";280000629808;13;"FERNANDO HADDAD";"FERNANDO HADDAD";"#NULO#";12;"APTO";2;"DEFERIDO";-3;"#NE";-3;"#NE";-3;"#NE";"COLIGAÇÃO";13;"PT";"Partido dos Trabalhadores";-1;"#NULO#";"#NULO#";"#NULO#";280000050703;"O POVO FELIZ DE NOVO";"PT / PC do B / PROS";"N";9294;"Válido";9294;6;"2º TURNO"
"13/11/2024";"10:56:11";2018;2;"Eleição Ordinária";1;295;"ELEIÇÃO GERAL FEDERAL 2018";"07/10/2018";"F";"DF";"BR";"BRASIL";97012;"BRASÍLIA";13;1;"Presidente";280000629808;13;"FERNANDO HADDAD";"FERNANDO HADDAD";"#NULO#";12;"APTO";2;"DEFERIDO";-3;"#NE";-3;"#NE";-3;"#NE";"COLIGAÇÃO";13;"PT";"Partido dos Trabalhadores";-1;"#NULO#";"#NULO#";"#NULO#";280000050703;"O POVO FELIZ DE NOVO";"PT / PC do B / PROS";"N";10585;"Válido";10585;6;"2º TURNO"
"13/11/2024";"10:56:11";2018;2;"Eleição Ordinária";1;295;"ELEIÇÃO GERAL FEDERAL 2018";"07/10/2018";"F";"DF";"BR";"BRASIL";97012;"BRASÍLIA";1;1;"Presidente";280000629808;13;"FERNANDO HADDAD";"FERNANDO HADDAD";"#NULO#";12;"APTO";2;"DEFERIDO";-3;"#NE";-3;"#NE";-3;"#NE";"COLIGAÇÃO";13;"PT";"Partido dos Trabalhadores";-1;"#NULO#";"#NULO#";"#NULO#";280000050703;"O POVO FELIZ DE NOVO";"PT / PC do B / PROS";"N";6107;"Válido";6107;6;"2º TURNO"
"13/11/2024";"10:56:11";2018;2;"Eleição Ordinária";1;295;"ELEIÇÃO GERAL FEDERAL 2018";"07/10/2018";"F";"DF";"BR";"BRASIL";97012;"BRASÍLIA";4;1;"Presidente";280000629808;13;"FERNANDO HADDAD";"FERNANDO HADDAD";"#NULO#";12;"APTO";2;"DEFERIDO";-3;"#NE";-3;"#NE";-3;"#NE";"COLIGAÇÃO";13;"PT";"Partido dos Trabalhadores";-1;"#NULO#";"#NULO#";"#NULO#";280000050703;"O POVO FELIZ DE NOVO";"PT / PC do B / PROS";"N";8790;"Válido";8790;6;"2º TURNO"
"13/11/2024";"10:56:11";2018;2;"Eleição Ordinária";1;295;"ELEIÇÃO GERAL FEDERAL 2018";"07/10/2018";"F";"DF";"BR";"BRASIL";97012;"BRASÍLIA";11;1;"Presidente";280000629808;13;"FERNANDO HADDAD";"FERNANDO HADDAD";"#NULO#";12;"APTO";2;"DEFERIDO";-3;"#NE";-3;"#NE";-3;"#NE";"COLIGAÇÃO";13;"PT";"Partido dos Trabalhadores";-1;"#NULO#";"#NULO#";"#NULO#";280000050703;"O POVO FELIZ DE NOVO";"PT / PC do B / PROS";"N";4916;"Válido";4916;6;"2º TURNO"
"13/11/2024";"10:56:11";2018;2;"Eleição Ordinária";1;295;"ELEIÇÃO GERAL FEDERAL 2018";"07/10/2018";"F";"DF";"BR";"BRASIL";97012;"BRASÍLIA";3;1;"Presidente";280000629808;13;"FERNANDO HADDAD";"FERNANDO HADDAD";"#NULO#";12;"APTO";2;"DEFERIDO";-3;"#NE";-3;"#NE";-3;"#NE";"COLIGAÇÃO";13;"PT";"Partido dos Trabalhadores";-1;"#NULO#";"#NULO#";"#NULO#";280000050703;"O POVO FELIZ DE NOVO";"PT / PC do B / PROS";"N";5698;"Válido";5698;6;"2º TURNO"
"13/11/2024";"10:56:11";2018;2;"Eleição Ordinária";1;295;"ELEIÇÃO GERAL FEDERAL 2018";"07/10/2018";"F";"DF";"BR";"BRASIL";97012;"BRASÍLIA";15;1;"Presidente";280000629808;13;"FERNANDO HADDAD";"FERNANDO HADDAD";"#NULO#";12;"APTO";2;"DEFERIDO";-3;"#NE";-3;"#NE";-3;"#NE";"COLIGAÇÃO";13;"PT";"Partido dos Trabalhadores";-1;"#NULO#";"#NULO#";"#NULO#";280000050703;"O POVO FELIZ DE NOVO";"PT / PC do B / PROS";"N";10025;"Válido";10025;6;"2º TURNO"
"13/11/2024";"10:56:11";2018;2;"Eleição Ordinária";1;295;"ELEIÇÃO GERAL FEDERAL 2018";"07/10/2018";"F";"DF";"BR";"BRASIL";97012;"BRASÍLIA";5;1;"Presidente";280000629808;13;"FERNANDO HADDAD";"FERNANDO HADDAD";"#NULO#";12;"APTO";2;"DEFERIDO";-3;"#NE";-3;"#NE";-3;"#NE";"COLIGAÇÃO";13;"PT";"Partido dos Trabalhadores";-1;"#NULO#";"#NULO#";"#NULO#";280000050703;"O POVO FELIZ DE NOVO";"PT / PC do B / PROS";"N";12052;"Válido";12052;6;"2º TURNO"
"13/11/2024";"10:56:11";2018;2;"Eleição Ordinária";1;295;"ELEIÇÃO GERAL FEDERAL 2018";"07/10/2018";"F";"DF";"BR";"BRASIL";97012;"BRASÍLIA";6;1;"Presidente";280000629808;13;"FERNANDO HADDAD";"FERNANDO HADDAD";"#NULO#";12;"APTO";2;"DEFERIDO";-3;"#NE";-3;"#NE";-3;"#NE";"COLIGAÇÃO";13;"PT";"Partido dos Trabalhadores";-1;"#NULO#";"#NULO#";"#NULO#";280000050703;"O POVO FELIZ DE NOVO";"PT / PC do B / PROS";"N";14955;"Válido";14955;6;"2º TURNO"
"13/11/2024";"10:56:11";2018;2;"Eleição Ordinária";1;295;"ELEIÇÃO GERAL FEDERAL 2018";"07/10/2018";"F";"DF";"BR";"BRASIL";97012;"BRASÍLIA";14;1;"Presidente";280000629808;13;"FERNANDO HADDAD";"FERNANDO HADDAD";"#NULO#";12;"APTO";2;"DEFERIDO";-3;"#NE";-3;"#NE";-3;"#NE";"COLIGAÇÃO";13;"PT";"Partido dos Trabalhadores";-1;"#NULO#";"#NULO#";"#NULO#";280000050703;"O POVO FELIZ DE NOVO";"PT / PC do B / PROS";"N";8965;"Válido";8965;6;"2º TURNO"
"13/11/2024";"10:56:11";2018;2;"Eleição Ordinária";1;295;"ELEIÇÃO GERAL FEDERAL 2018";"07/10/2018";"F";"DF";"BR";"BRASIL";97012;"BRASÍLIA";21;1;"Presidente";280000629808;13;"FERNANDO HADDAD";"FERNANDO HADDAD";"#NULO#";12;"APTO";2;"DEFERIDO";-3;"#NE";-3;"#NE";-3;"#NE";"COLIGAÇÃO";13;"PT";"Partido dos Trabalhadores";-1;"#NULO#";"#NULO#";"#NULO#";280000050703;"O POVO FELIZ DE NOVO";"PT / PC do B / PROS";"N";9859;"Válido";9859;6;"2º TURNO"
"13/11/2024";"10:56:11";2018;2;"Eleição Ordinária";1;295;"ELEIÇÃO GERAL FEDERAL 2018";"07/10/2018";"F";"DF";"BR";"BRASIL";97012;"BRASÍLIA";16;1;"Presidente";280000629808;13;"FERNANDO HADDAD";"FERNANDO HADDAD";"#NULO#";12;"APTO";2;"DEFERIDO";-3;"#NE";-3;"#NE";-3;"#NE";"COLIGAÇÃO";13;"PT";"Partido dos Trabalhadores";-1;"#NULO#";"#NULO#";"#NULO#";280000050703;"O POVO FELIZ DE NOVO";"PT / PC do B / PROS";"N";14406;"Válido";14406;6;"2º TURNO"
"13/11/2024";"10:56:11";2018;2;"Eleição Ordinária";1;295;"ELEIÇÃO GERAL FEDERAL 2018";"07/10/2018";"F";"DF";"BR";"BRASIL";97012;"BRASÍLIA";18;1;"Presidente";280000629808;13;"FERNANDO HADDAD";"FERNANDO HADDAD";"#NULO#";12;"APTO";2;"DEFERIDO";-3;"#NE";-3;"#NE";-3;"#NE";"COLIGAÇÃO";13;"PT";"Partido dos Trabalhadores";-1;"#NULO#";"#NULO#";"#NULO#";280000050703;"O POVO FELIZ DE NOVO";"PT / PC do B / PROS";"N";12121;"Válido";12121;6;"2º TURNO"
"13/11/2024";"10:56:11";2018;2;"Eleição Ordinária";1;295;"ELEIÇÃO GERAL FEDERAL 2018";"07/10/2018";"F";"DF";"BR";"BRASIL";97012;"BRASÍLIA";17;1;"Presidente";280000629808;13;"FERNANDO HADDAD";"FERNANDO HADDAD";"#NULO#";12;"APTO";2;"DEFERIDO";-3;"#NE";-3;"#NE";-3;"#NE";"COLIGAÇÃO";13;"PT";"Partido dos Trabalhadores";-1;"#NULO#";"#NULO#";"#NULO#";280000050703;"O POVO FELIZ DE NOVO";"PT / PC do B / PROS";"N";12602;"Válido";12602;6;"2º TURNO"
"13/11/2024";"10:56:11";2018;2;"Eleição Ordinária";1;295;"ELEIÇÃO GERAL FEDERAL 2018";"07/10/2018";"F";"DF";"BR";"BRASIL";97012;"BRASÍLIA";19;1;"Presidente";280000629808;13;"FERNANDO HADDAD";"FERNANDO HADDAD";"#NULO#";12;"APTO";2;"DEFERIDO";-3;"#NE";-3;"#NE";-3;"#NE";"COLIGAÇÃO";13;"PT";"Partido dos Trabalhadores";-1;"#NULO#";"#NULO#";"#NULO#";280000050703;"O POVO FELIZ DE NOVO";"PT / PC do B / PROS";"N";7800;"Válido";7800;6;"2º TURNO"
"13/11/2024";"10:56:11";2018;2;"Eleição Ordinária";1;295;"ELEIÇÃO GERAL FEDERAL 2018";"07/10/2018";"F";"DF";"BR";"BRASIL";97012;"BRASÍLIA";20;1;"Presidente";280000629808;13;"FERNANDO HADDAD";"FERNANDO HADDAD";"#NULO#";12;"APTO";2;"DEFERIDO";-3;"#NE";-3;"#NE";-3;"#NE";"COLIGAÇÃO";13;"PT";"Partido dos Trabalhadores";-1;"#NULO#";"#NULO#";"#NULO#";280000050703;"O POVO FELIZ DE NOVO";"PT / PC do B / PROS";"N";7067;"Válido";7067;6;"2º TURNO"
