"DT_GERACAO";"HH_GERACAO";"ANO_ELEICAO";"CD_TIPO_ELEICAO";"NM_TIPO_ELEICAO";"NR_TURNO";"CD_ELEICAO";"DS_ELEICAO";"DT_ELEICAO";"TP_ABRANGENCIA";"SG_UF";"SG_UE";"NM_UE";"CD_MUNICIPIO";"NM_MUNICIPIO";"NR_ZONA";"CD_CARGO";"DS_CARGO";"SQ_CANDIDATO";"NR_CANDIDATO";"NM_CANDIDATO";"NM_URNA_CANDIDATO";"NM_SOCIAL_CANDIDATO";"CD_SITUACAO_CANDIDATURA";"DS_SITUACAO_CANDIDATURA";"CD_DETALHE_SITUACAO_CAND";"DS_DETALHE_SITUACAO_CAND";"CD_SITUACAO_JULGAMENTO";"DS_SITUACAO_JULGAMENTO";"CD_SITUACAO_CASSACAO";"DS_SITUACAO_CASSACAO";"CD_SITUACAO_DCONST_DIPLOMA";"DS_SITUACAO_DCONST_DIPLOMA";"TP_AGREMIACAO";"NR_PARTIDO";"SG_PARTIDO";"NM_PARTIDO";"NR_FEDERACAO";"NM_FEDERACAO";"SG_FEDERACAO";"DS_COMPOSICAO_FEDERACAO";"SQ_COLIGACAO";"NM_COLIGACAO";"DS_COMPOSICAO_COLIGACAO";"ST_VOTO_EM_TRANSITO";"QT_VOTOS_NOMINAIS";"NM_TIPO_DESTINACAO_VOTOS";"QT_VOTOS_NOMINAIS_VALIDOS";"CD_SIT_TOT_TURNO";"DS_SIT_TOT_TURNO"
"04/10/2026";"03:16:54";2022;2;"Eleição Ordinária";1;546;"ELEIÇÕES GERAIS ESTADUAIS 2022";"02/10/2022";"E";"DF";"DF";"DISTRITO FEDERAL";97012;"BRASÍLIA";6;5;"Senador";70001611534;161;"ELCIMARA AUGUSTO DE SOUZA";"ELCIMARA";"#NULO";12;"APTO";2;"DEFERIDO";-3;"#NE";-3;"#NE";-3;"#NE";"PARTIDO ISOLADO";16;"PSTU";"Partido Socialista dos Trabalhadores Unificado";-1;"#NULO#";"#NULO#";"#NULO#";70001681578;"PARTIDO ISOLADO";"PSTU";"N";102;"Válido";102;4;"NÃO ELEITO"
"04/10/2026";"03:16:54";2022;2;"Eleição Ordinária";1;546;"ELEIÇÕES GERAIS ESTADUAIS 2022";"02/10/2022";"E";"DF";"DF";"DISTRITO FEDERAL";97012;"BRASÍLIA";1;5;"Senador";70001611534;161;"ELCIMARA AUGUSTO DE SOUZA";"ELCIMARA";"#NULO";12;"APTO";2;"DEFERIDO";-3;"#NE";-3;"#NE";-3;"#NE";"PARTIDO ISOLADO";16;"PSTU";"Partido Socialista dos Trabalhadores Unificado";-1;"#NULO#";"#NULO#";"#NULO#";70001681578;"PARTIDO ISOLADO";"PSTU";"N";106;"Válido";106;4;"NÃO ELEITO"
"04/10/2026";"03:16:54";2022;2;"Eleição Ordinária";1;546;"ELEIÇÕES GERAIS ESTADUAIS 2022";"02/10/2022";"E";"DF";"DF";"DISTRITO FEDERAL";97012;"BRASÍLIA";10;5;"Senador";70001611534;161;"ELCIMARA AUGUSTO DE SOUZA";"ELCIMARA";"#NULO";12;"APTO";2;"DEFERIDO";-3;"#NE";-3;"#NE";-3;"#NE";"PARTIDO ISOLADO";16;"PSTU";"Partido Socialista dos Trabalhadores Unificado";-1;"#NULO#";"#NULO#";"#NULO#";70001681578;"PARTIDO ISOLADO";"PSTU";"N";137;"Válido";137;4;"NÃO ELEITO"
"04/10/2026";"03:16:54";2022;2;"Eleição Ordinária";1;546;"ELEIÇÕES GERAIS ESTADUAIS 2022";"02/10/2022";"E";"DF";"DF";"DISTRITO FEDERAL";97012;"BRASÍLIA";18;5;"Senador";70001611534;161;"ELCIMARA AUGUSTO DE SOUZA";"ELCIMARA";"#NULO";12;"APTO";2;"DEFERIDO";-3;"#NE";-3;"#NE";-3;"#NE";"PARTIDO ISOLADO";16;"PSTU";"Partido Socialista dos Trabalhadores Unificado";-1;"#NULO#";"#NULO#";"#NULO#";70001681578;"PARTIDO ISOLADO";"PSTU";"N";152;"Válido";152;4;"NÃO ELEITO"
"04/10/2026";"03:16:54";2022;2;"Eleição Ordinária";1;546;"ELEIÇÕES GERAIS ESTADUAIS 2022";"02/10/2022";"E";"DF";"DF";"DISTRITO FEDERAL";97012;"BRASÍLIA";13;5;"Senador";70001611534;161;"ELCIMARA AUGUSTO DE SOUZA";"ELCIMARA";"#NULO";12;"APTO";2;"DEFERIDO";-3;"#NE";-3;"#NE";-3;"#NE";"PARTIDO ISOLADO";16;"PSTU";"Partido Socialista dos Trabalhadores Unificado";-1;"#NULO#";"#NULO#";"#NULO#";70001681578;"PARTIDO ISOLADO";"PSTU";"N";136;"Válido";136;4;"NÃO ELEITO"
"04/10/2026";"03:16:54";2022;2;"Eleição Ordinária";1;546;"ELEIÇÕES GERAIS ESTADUAIS 2022";"02/10/2022";"E";"DF";"DF";"DISTRITO FEDERAL";97012;"BRASÍLIA";19;5;"Senador";70001611534;161;"ELCIMARA AUGUSTO DE SOUZA";"ELCIMARA";"#NULO";12;"APTO";2;"DEFERIDO";-3;"#NE";-3;"#NE";-3;"#NE";"PARTIDO ISOLADO";16;"PSTU";"Partido Socialista dos Trabalhadores Unificado";-1;"#NULO#";"#NULO#";"#NULO#";70001681578;"PARTIDO ISOLADO";"PSTU";"N";142;"Válido";142;4;"NÃO ELEITO"
"04/10/2026";"03:16:54";2022;2;"Eleição Ordinária";1;546;"ELEIÇÕES GERAIS ESTADUAIS 2022";"02/10/2022";"E";"DF";"DF";"DISTRITO FEDERAL";97012;"BRASÍLIA";5;5;"Senador";70001611534;161;"ELCIMARA AUGUSTO DE SOUZA";"ELCIMARA";"#NULO";12;"APTO";2;"DEFERIDO";-3;"#NE";-3;"#NE";-3;"#NE";"PARTIDO ISOLADO";16;"PSTU";"Partido Socialista dos Trabalhadores Unificado";-1;"#NULO#";"#NULO#";"#NULO#";70001681578;"PARTIDO ISOLADO";"PSTU";"N";143;"Válido";143;4;"NÃO ELEITO"
"04/10/2026";"03:16:54";2022;2;"Eleição Ordinária";1;546;"ELEIÇÕES GERAIS ESTADUAIS 2022";"02/10/2022";"E";"DF";"DF";"DISTRITO FEDERAL";97012;"BRASÍLIA";14;5;"Senador";70001611534;161;"ELCIMARA AUGUSTO DE SOUZA";"ELCIMARA";"#NULO";12;"APTO";2;"DEFERIDO";-3;"#NE";-3;"#NE";-3;"#NE";"PARTIDO ISOLADO";16;"PSTU";"Partido Socialista dos Trabalhadores Unificado";-1;"#NULO#";"#NULO#";"#NULO#";70001681578;"PARTIDO ISOLADO";"PSTU";"N";163;"Válido";163;4;"NÃO ELEITO"
"04/10/2026";"03:16:54";2022;2;"Eleição Ordinária";1;546;"ELEIÇÕES GERAIS ESTADUAIS 2022";"02/10/2022";"E";"DF";"DF";"DISTRITO FEDERAL";97012;"BRASÍLIA";4;5;"Senador";70001611534;161;"ELCIMARA AUGUSTO DE SOUZA";"ELCIMARA";"#NULO";12;"APTO";2;"DEFERIDO";-3;"#NE";-3;"#NE";-3;"#NE";"PARTIDO ISOLADO";16;"PSTU";"Partido Socialista dos Trabalhadores Unificado";-1;"#NULO#";"#NULO#";"#NULO#";70001681578;"PARTIDO ISOLADO";"PSTU";"N";105;"Válido";105;4;"NÃO ELEITO"
"04/10/2026";"03:16:54";2022;2;"Eleição Ordinária";1;546;"ELEIÇÕES GERAIS ESTADUAIS 2022";"02/10/2022";"E";"DF";"DF";"DISTRITO FEDERAL";97012;"BRASÍLIA";20;5;"Senador";70001611534;161;"ELCIMARA AUGUSTO DE SOUZA";"ELCIMARA";"#NULO";12;"APTO";2;"DEFERIDO";-3;"#NE";-3;"#NE";-3;"#NE";"PARTIDO ISOLADO";16;"PSTU";"Partido Socialista dos Trabalhadores Unificado";-1;"#NULO#";"#NULO#";"#NULO#";70001681578;"PARTIDO ISOLADO";"PSTU";"N";76;"Válido";76;4;"NÃO ELEITO"
"04/10/2026";"03:16:54";2022;2;"Eleição Ordinária";1;546;"ELEIÇÕES GERAIS ESTADUAIS 2022";"02/10/2022";"E";"DF";"DF";"DISTRITO FEDERAL";97012;"BRASÍLIA";9;5;"Senador";70001611534;161;"ELCIMARA AUGUSTO DE SOUZA";"ELCIMARA";"#NULO";12;"APTO";2;"DEFERIDO";-3;"#NE";-3;"#NE";-3;"#NE";"PARTIDO ISOLADO";16;"PSTU";"Partido Socialista dos Trabalhadores Unificado";-1;"#NULO#";"#NULO#";"#NULO#";70001681578;"PARTIDO ISOLADO";"PSTU";"N";195;"Válido";195;4;"NÃO ELEITO"
"04/10/2026";"03:16:54";2022;2;"Eleição Ordinária";1;546;"ELEIÇÕES GERAIS ESTADUAIS 2022";"02/10/2022";"E";"DF";"DF";"DISTRITO FEDERAL";97012;"BRASÍLIA";3;5;"Senador";70001611534;161;"ELCIMARA AUGUSTO DE SOUZA";"ELCIMARA";"#NULO";12;"APTO";2;"DEFERIDO";-3;"#NE";-3;"#NE";-3;"#NE";"PARTIDO ISOLADO";16;"PSTU";"Partido Socialista dos Trabalhadores Unificado";-1;"#NULO#";"#NULO#";"#NULO#";70001681578;"PARTIDO ISOLADO";"PSTU";"N";85;"Válido";85;4;"NÃO ELEITO"
"04/10/2026";"03:16:54";2022;2;"Eleição Ordinária";1;546;"ELEIÇÕES GERAIS ESTADUAIS 2022";"02/10/2022";"E";"DF";"DF";"DISTRITO FEDERAL";97012;"BRASÍLIA";8;5;"Senador";70001611534;161;"ELCIMARA AUGUSTO DE SOUZA";"ELCIMARA";"#NULO";12;"APTO";2;"DEFERIDO";-3;"#NE";-3;"#NE";-3;"#NE";"PARTIDO ISOLADO";16;"PSTU";"Partido Socialista dos Trabalhadores Unificado";-1;"#NULO#";"#NULO#";"#NULO#";70001681578;"PARTIDO ISOLADO";"PSTU";"N";135;"Válido";135;4;"NÃO ELEITO"
"04/10/2026";"03:16:54";2022;2;"Eleição Ordinária";1;546;"ELEIÇÕES GERAIS ESTADUAIS 2022";"02/10/2022";"E";"DF";"DF";"DISTRITO FEDERAL";97012;"BRASÍLIA";15;5;"Senador";70001611534;161;"ELCIMARA AUGUSTO DE SOUZA";"ELCIMARA";"#NULO";12;"APTO";2;"DEFERIDO";-3;"#NE";-3;"#NE";-3;"#NE";"PARTIDO ISOLADO";16;"PSTU";"Partido Socialista dos Trabalhadores Unificado";-1;"#NULO#";"#NULO#";"#NULO#";70001681578;"PARTIDO ISOLADO";"PSTU";"N";214;"Válido";214;4;"NÃO ELEITO"
"04/10/2026";"03:16:54";2022;2;"Eleição Ordinária";1;546;"ELEIÇÕES GERAIS ESTADUAIS 2022";"02/10/2022";"E";"DF";"DF";"DISTRITO FEDERAL";97012;"BRASÍLIA";21;5;"Senador";70001611534;161;"ELCIMARA AUGUSTO DE SOUZA";"ELCIMARA";"#NULO";12;"APTO";2;"DEFERIDO";-3;"#NE";-3;"#NE";-3;"#NE";"PARTIDO ISOLADO";16;"PSTU";"Partido Socialista dos Trabalhadores Unificado";-1;"#NULO#";"#NULO#";"#NULO#";70001681578;"PARTIDO ISOLADO";"PSTU";"N";115;"Válido";115;4;"NÃO ELEITO"
"04/10/2026";"03:16:54";2022;2;"Eleição Ordinária";1;546;"ELEIÇÕES GERAIS ESTADUAIS 2022";"02/10/2022";"E";"DF";"DF";"DISTRITO FEDERAL";97012;"BRASÍLIA";11;5;"Senador";70001611534;161;"ELCIMARA AUGUSTO DE SOUZA";"ELCIMARA";"#NULO";12;"APTO";2;"DEFERIDO";-3;"#NE";-3;"#NE";-3;"#NE";"PARTIDO ISOLADO";16;"PSTU";"Partido Socialista dos Trabalhadores Unificado";-1;"#NULO#";"#NULO#";"#NULO#";70001681578;"PARTIDO ISOLADO";"PSTU";"N";104;"Válido";104;4;"NÃO ELEITO"
"04/10/2026";"03:16:54";2022;2;"Eleição Ordinária";1;546;"ELEIÇÕES GERAIS ESTADUAIS 2022";"02/10/2022";"E";"DF";"DF";"DISTRITO FEDERAL";97012;"BRASÍLIA";17;5;"Senador";70001611534;161;"ELCIMARA AUGUSTO DE SOUZA";"ELCIMARA";"#NULO";12;"APTO";2;"DEFERIDO";-3;"#NE";-3;"#NE";-3;"#NE";"PARTIDO ISOLADO";16;"PSTU";"Partido Socialista dos Trabalhadores Unificado";-1;"#NULO#";"#NULO#";"#NULO#";70001681578;"PARTIDO ISOLADO";"PSTU";"N";117;"Válido";117;4;"NÃO ELEITO"
"04/10/2026";"03:16:54";2022;2;"Eleição Ordinária";1;546;"ELEIÇÕES GERAIS ESTADUAIS 2022";"02/10/2022";"E";"DF";"DF";"DISTRITO FEDERAL";97012;"BRASÍLIA";2;5;"Senador";70001611534;161;"ELCIMARA AUGUSTO DE SOUZA";"ELCIMARA";"#NULO";12;"APTO";2;"DEFERIDO";-3;"#NE";-3;"#NE";-3;"#NE";"PARTIDO ISOLADO";16;"PSTU";"Partido Socialista dos Trabalhadores Unificado";-1;"#NULO#";"#NULO#";"#NULO#";70001681578;"PARTIDO ISOLADO";"PSTU";"N";128;"Válido";128;4;"NÃO ELEITO"
"04/10/2026";"03:16:54";2022;2;"Eleição Ordinária";1;546;"ELEIÇÕES GERAIS ESTADUAIS 2022";"02/10/2022";"E";"DF";"DF";"DISTRITO FEDERAL";97012;"BRASÍLIA";16;5;"Senador";70001611534;161;"ELCIMARA AUGUSTO DE SOUZA";"ELCIMARA";"#NULO";12;"APTO";2;"DEFERIDO";-3;"#NE";-3;"#NE";-3;"#NE";"PARTIDO ISOLADO";16;"PSTU";"Partido Socialista dos Trabalhadores Unificado";-1;"#NULO#";"#NULO#";"#NULO#";70001681578;"PARTIDO ISOLADO";"PSTU";"N";118;"Válido";118;4;"NÃO ELEITO"
"04/10/2026";"03:16:54";2022;2;"Eleição Ordinária";1;546;"ELEIÇÕES GERAIS ESTADUAIS 2022";"02/10/2022";"E";"DF";"DF";"DISTRITO FEDERAL";97012;"BRASÍLIA";10;5;"Senador";70001606812;133;"ROSILENE CORRÊA LIMA";"ROSILENE CORRÊA";"#NULO";12;"APTO";2;"DEFERIDO";-3;"#NE";-3;"#NE";-3;"#NE";"FEDERAÇÃO";13;"PT";"Partido dos Trabalhadores";2;"Federação Brasil da Esperança - FE BRASIL";"PT/PC do B/PV";"PC do B / PT / PV";70001681333;"FEDERAÇÃO";"Federação Brasil da Esperança - FE BRASIL (PT / PC do B / PV)";"N";18152;"Válido";18152;4;"NÃO ELEITO"
"04/10/2026";"03:16:54";2022;2;"Eleição Ordinária";1;546;"ELEIÇÕES GERAIS ESTADUAIS 2022";"02/10/2022";"E";"DF";"DF";"DISTRITO FEDERAL";97012;"BRASÍLIA";3;5;"Senador";70001606812;133;"ROSILENE CORRÊA LIMA";"ROSILENE CORRÊA";"#NULO";12;"APTO";2;"DEFERIDO";-3;"#NE";-3;"#NE";-3;"#NE";"FEDERAÇÃO";13;"PT";"Partido dos Trabalhadores";2;"Federação Brasil da Esperança - FE BRASIL";"PT/PC do B/PV";"PC do B / PT / PV";70001681333;"FEDERAÇÃO";"Federação Brasil da Esperança - FE BRASIL (PT / PC do B / PV)";"N";11623;"Válido";11623;4;"NÃO ELEITO"
"04/10/2026";"03:16:54";2022;2;"Eleição Ordinária";1;546;"ELEIÇÕES GERAIS ESTADUAIS 2022";"02/10/2022";"E";"DF";"DF";"DISTRITO FEDERAL";97012;"BRASÍLIA";21;5;"Senador";70001606812;133;"ROSILENE CORRÊA LIMA";"ROSILENE CORRÊA";"#NULO";12;"APTO";2;"DEFERIDO";-3;"#NE";-3;"#NE";-3;"#NE";"FEDERAÇÃO";13;"PT";"Partido dos Trabalhadores";2;"Federação Brasil da Esperança - FE BRASIL";"PT/PC do B/PV";"PC do B / PT / PV";70001681333;"FEDERAÇÃO";"Federação Brasil da Esperança - FE BRASIL (PT / PC do B / PV)";"N";14592;"Válido";14592;4;"NÃO ELEITO"
"04/10/2026";"03:16:54";2022;2;"Eleição Ordinária";1;546;"ELEIÇÕES GERAIS ESTADUAIS 2022";"02/10/2022";"E";"DF";"DF";"DISTRITO FEDERAL";97012;"BRASÍLIA";5;5;"Senador";70001606812;133;"ROSILENE CORRÊA LIMA";"ROSILENE CORRÊA";"#NULO";12;"APTO";2;"DEFERIDO";-3;"#NE";-3;"#NE";-3;"#NE";"FEDERAÇÃO";13;"PT";"Partido dos Trabalhadores";2;"Federação Brasil da Esperança - FE BRASIL";"PT/PC do B/PV";"PC do B / PT / PV";70001681333;"FEDERAÇÃO";"Federação Brasil da Esperança - FE BRASIL (PT / PC do B / PV)";"N";22937;"Válido";22937;4;"NÃO ELEITO"
"04/10/2026";"03:16:54";2022;2;"Eleição Ordinária";1;546;"ELEIÇÕES GERAIS ESTADUAIS 2022";"02/10/2022";"E";"DF";"DF";"DISTRITO FEDERAL";97012;"BRASÍLIA";14;5;"Senador";70001606812;133;"ROSILENE CORRÊA LIMA";"ROSILENE CORRÊA";"#NULO";12;"APTO";2;"DEFERIDO";-3;"#NE";-3;"#NE";-3;"#NE";"FEDERAÇÃO";13;"PT";"Partido dos Trabalhadores";2;"Federação Brasil da Esperança - FE BRASIL";"PT/PC do B/PV";"PC do B / PT / PV";70001681333;"FEDERAÇÃO";"Federação Brasil da Esperança - FE BRASIL (PT / PC do B / PV)";"N";24347;"Válido";24347;4;"NÃO ELEITO"
"04/10/2026";"03:16:54";2022;2;"Eleição Ordinária";1;546;"ELEIÇÕES GERAIS ESTADUAIS 2022";"02/10/2022";"E";"DF";"DF";"DISTRITO FEDERAL";97012;"BRASÍLIA";8;5;"Senador";70001606812;133;"ROSILENE CORRÊA LIMA";"ROSILENE CORRÊA";"#NULO";12;"APTO";2;"DEFERIDO";-3;"#NE";-3;"#NE";-3;"#NE";"FEDERAÇÃO";13;"PT";"Partido dos Trabalhadores";2;"Federação Brasil da Esperança - FE BRASIL";"PT/PC do B/PV";"PC do B / PT / PV";70001681333;"FEDERAÇÃO";"Federação Brasil da Esperança - FE BRASIL (PT / PC do B / PV)";"N";20684;"Válido";20684;4;"NÃO ELEITO"
"04/10/2026";"03:16:54";2022;2;"Eleição Ordinária";1;546;"ELEIÇÕES GERAIS ESTADUAIS 2022";"02/10/2022";"E";"DF";"DF";"DISTRITO FEDERAL";97012;"BRASÍLIA";11;5;"Senador";70001606812;133;"ROSILENE CORRÊA LIMA";"ROSILENE CORRÊA";"#NULO";12;"APTO";2;"DEFERIDO";-3;"#NE";-3;"#NE";-3;"#NE";"FEDERAÇÃO";13;"PT";"Partido dos Trabalhadores";2;"Federação Brasil da Esperança - FE BRASIL";"PT/PC do B/PV";"PC do B / PT / PV";70001681333;"FEDERAÇÃO";"Federação Brasil da Esperança - FE BRASIL (PT / PC do B / PV)";"N";14126;"Válido";14126;4;"NÃO ELEITO"
"04/10/2026";"03:16:54";2022;2;"Eleição Ordinária";1;546;"ELEIÇÕES GERAIS ESTADUAIS 2022";"02/10/2022";"E";"DF";"DF";"DISTRITO FEDERAL";97012;"BRASÍLIA";20;5;"Senador";70001606812;133;"ROSILENE CORRÊA LIMA";"ROSILENE CORRÊA";"#NULO";12;"APTO";2;"DEFERIDO";-3;"#NE";-3;"#NE";-3;"#NE";"FEDERAÇÃO";13;"PT";"Partido dos Trabalhadores";2;"Federação Brasil da Esperança - FE BRASIL";"PT/PC do B/PV";"PC do B / PT / PV";70001681333;"FEDERAÇÃO";"Federação Brasil da Esperança - FE BRASIL (PT / PC do B / PV)";"N";12389;"Válido";12389;4;"NÃO ELEITO"
"04/10/2026";"03:16:54";2022;2;"Eleição Ordinária";1;546;"ELEIÇÕES GERAIS ESTADUAIS 2022";"02/10/2022";"E";"DF";"DF";"DISTRITO FEDERAL";97012;"BRASÍLIA";1;5;"Senador";70001606812;133;"ROSILENE CORRÊA LIMA";"ROSILENE CORRÊA";"#NULO";12;"APTO";2;"DEFERIDO";-3;"#NE";-3;"#NE";-3;"#NE";"FEDERAÇÃO";13;"PT";"Partido dos Trabalhadores";2;"Federação Brasil da Esperança - FE BRASIL";"PT/PC do B/PV";"PC do B / PT / PV";70001681333;"FEDERAÇÃO";"Federação Brasil da Esperança - FE BRASIL (PT / PC do B / PV)";"N";15108;"Válido";15108;4;"NÃO ELEITO"
"04/10/2026";"03:16:54";2022;2;"Eleição Ordinária";1;546;"ELEIÇÕES GERAIS ESTADUAIS 2022";"02/10/2022";"E";"DF";"DF";"DISTRITO FEDERAL";97012;"BRASÍLIA";13;5;"Senador";70001606812;133;"ROSILENE CORRÊA LIMA";"ROSILENE CORRÊA";"#NULO";12;"APTO";2;"DEFERIDO";-3;"#NE";-3;"#NE";-3;"#NE";"FEDERAÇÃO";13;"PT";"Partido dos Trabalhadores";2;"Federação Brasil da Esperança - FE BRASIL";"PT/PC do B/PV";"PC do B / PT / PV";70001681333;"FEDERAÇÃO";"Federação Brasil da Esperança - FE BRASIL (PT / PC do B / PV)";"N";17685;"Válido";17685;4;"NÃO ELEITO"
"04/10/2026";"03:16:54";2022;2;"Eleição Ordinária";1;546;"ELEIÇÕES GERAIS ESTADUAIS 2022";"02/10/2022";"E";"DF";"DF";"DISTRITO FEDERAL";97012;"BRASÍLIA";16;5;"Senador";70001606812;133;"ROSILENE CORRÊA LIMA";"ROSILENE CORRÊA";"#NULO";12;"APTO";2;"DEFERIDO";-3;"#NE";-3;"#NE";-3;"#NE";"FEDERAÇÃO";13;"PT";"Partido dos Trabalhadores";2;"Federação Brasil da Esperança - FE BRASIL";"PT/PC do B/PV";"PC do B / PT / PV";70001681333;"FEDERAÇÃO";"Federação Brasil da Esperança - FE BRASIL (PT / PC do B / PV)";"N";20038;"Válido";20038;4;"NÃO ELEITO"
"04/10/2026";"03:16:54";2022;2;"Eleição Ordinária";1;546;"ELEIÇÕES GERAIS ESTADUAIS 2022";"02/10/2022";"E";"DF";"DF";"DISTRITO FEDERAL";97012;"BRASÍLIA";19;5;"Senador";70001606812;133;"ROSILENE CORRÊA LIMA";"ROSILENE CORRÊA";"#NULO";12;"APTO";2;"DEFERIDO";-3;"#NE";-3;"#NE";-3;"#NE";"FEDERAÇÃO";13;"PT";"Partido dos Trabalhadores";2;"Federação Brasil da Esperança - FE BRASIL";"PT/PC do B/PV";"PC do B / PT / PV";70001681333;"FEDERAÇÃO";"Federação Brasil da Esperança - FE BRASIL (PT / PC do B / PV)";"N";17190;"Válido";17190;4;"NÃO ELEITO"
"04/10/2026";"03:16:54";2022;2;"Eleição Ordinária";1;546;"ELEIÇÕES GERAIS ESTADUAIS 2022";"02/10/2022";"E";"DF";"DF";"DISTRITO FEDERAL";97012;"BRASÍLIA";17;5;"Senador";70001606812;133;"ROSILENE CORRÊA LIMA";"ROSILENE CORRÊA";"#NULO";12;"APTO";2;"DEFERIDO";-3;"#NE";-3;"#NE";-3;"#NE";"FEDERAÇÃO";13;"PT";"Partido dos Trabalhadores";2;"Federação Brasil da Esperança - FE BRASIL";"PT/PC do B/PV";"PC do B / PT / PV";70001681333;"FEDERAÇÃO";"Federação Brasil da Esperança - FE BRASIL (PT / PC do B / PV)";"N";20694;"Válido";20694;4;"NÃO ELEITO"
"04/10/2026";"03:16:54";2022;2;"Eleição Ordinária";1;546;"ELEIÇÕES GERAIS ESTADUAIS 2022";"02/10/2022";"E";"DF";"DF";"DISTRITO FEDERAL";97012;"BRASÍLIA";21;5;"Senador";70001654029;270;"JOSE GABRIEL DE SOUZA JUNIOR";"TENENTE CORONEL SOUZA JÚNIOR";"#NULO";12;"APTO";2;"DEFERIDO";-3;"#NE";-3;"#NE";-3;"#NE";"PARTIDO ISOLADO";27;"DC";"Democracia Cristã";-1;"#NULO#";"#NULO#";"#NULO#";70001683452;"PARTIDO ISOLADO";"DC";"N";207;"Válido";207;4;"NÃO ELEITO"
"04/10/2026";"03:16:54";2022;2;"Eleição Ordinária";1;546;"ELEIÇÕES GERAIS ESTADUAIS 2022";"02/10/2022";"E";"DF";"DF";"DISTRITO FEDERAL";97012;"BRASÍLIA";4;5;"Senador";70001654029;270;"JOSE GABRIEL DE SOUZA JUNIOR";"TENENTE CORONEL SOUZA JÚNIOR";"#NULO";12;"APTO";2;"DEFERIDO";-3;"#NE";-3;"#NE";-3;"#NE";"PARTIDO ISOLADO";27;"DC";"Democracia Cristã";-1;"#NULO#";"#NULO#";"#NULO#";70001683452;"PARTIDO ISOLADO";"DC";"N";199;"Válido";199;4;"NÃO ELEITO"
"04/10/2026";"03:16:54";2022;2;"Eleição Ordinária";1;546;"ELEIÇÕES GERAIS ESTADUAIS 2022";"02/10/2022";"E";"DF";"DF";"DISTRITO FEDERAL";97012;"BRASÍLIA";9;5;"Senador";70001654029;270;"JOSE GABRIEL DE SOUZA JUNIOR";"TENENTE CORONEL SOUZA JÚNIOR";"#NULO";12;"APTO";2;"DEFERIDO";-3;"#NE";-3;"#NE";-3;"#NE";"PARTIDO ISOLADO";27;"DC";"Democracia Cristã";-1;"#NULO#";"#NULO#";"#NULO#";70001683452;"PARTIDO ISOLADO";"DC";"N";302;"Válido";302;4;"NÃO ELEITO"
"04/10/2026";"03:16:54";2022;2;"Eleição Ordinária";1;546;"ELEIÇÕES GERAIS ESTADUAIS 2022";"02/10/2022";"E";"DF";"DF";"DISTRITO FEDERAL";97012;"BRASÍLIA";13;5;"Senador";70001654029;270;"JOSE GABRIEL DE SOUZA JUNIOR";"TENENTE CORONEL SOUZA JÚNIOR";"#NULO";12;"APTO";2;"DEFERIDO";-3;"#NE";-3;"#NE";-3;"#NE";"PARTIDO ISOLADO";27;"DC";"Democracia Cristã";-1;"#NULO#";"#NULO#";"#NULO#";70001683452;"PARTIDO ISOLADO";"DC";"N";290;"Válido";290;4;"NÃO ELEITO"
"04/10/2026";"03:16:54";2022;2;"Eleição Ordinária";1;546;"ELEIÇÕES GERAIS ESTADUAIS 2022";"02/10/2022";"E";"DF";"DF";"DISTRITO FEDERAL";97012;"BRASÍLIA";16;5;"Senador";70001654029;270;"JOSE GABRIEL DE SOUZA JUNIOR";"TENENTE CORONEL SOUZA JÚNIOR";"#NULO";12;"APTO";2;"DEFERIDO";-3;"#NE";-3;"#NE";-3;"#NE";"PARTIDO ISOLADO";27;"DC";"Democracia Cristã";-1;"#NULO#";"#NULO#";"#NULO#";70001683452;"PARTIDO ISOLADO";"DC";"N";318;"Válido";318;4;"NÃO ELEITO"
"04/10/2026";"03:16:54";2022;2;"Eleição Ordinária";1;546;"ELEIÇÕES GERAIS ESTADUAIS 2022";"02/10/2022";"E";"DF";"DF";"DISTRITO FEDERAL";97012;"BRASÍLIA";2;5;"Senador";70001654029;270;"JOSE GABRIEL DE SOUZA JUNIOR";"TENENTE CORONEL SOUZA JÚNIOR";"#NULO";12;"APTO";2;"DEFERIDO";-3;"#NE";-3;"#NE";-3;"#NE";"PARTIDO ISOLADO";27;"DC";"Democracia Cristã";-1;"#NULO#";"#NULO#";"#NULO#";70001683452;"PARTIDO ISOLADO";"DC";"N";163;"Válido";163;4;"NÃO ELEITO"
"04/10/2026";"03:16:54";2022;2;"Eleição Ordinária";1;546;"ELEIÇÕES GERAIS ESTADUAIS 2022";"02/10/2022";"E";"DF";"DF";"DISTRITO FEDERAL";97012;"BRASÍLIA";5;5;"Senador";70001654029;270;"JOSE GABRIEL DE SOUZA JUNIOR";"TENENTE CORONEL SOUZA JÚNIOR";"#NULO";12;"APTO";2;"DEFERIDO";-3;"#NE";-3;"#NE";-3;"#NE";"PARTIDO ISOLADO";27;"DC";"Democracia Cristã";-1;"#NULO#";"#NULO#";"#NULO#";70001683452;"PARTIDO ISOLADO";"DC";"N";245;"Válido";245;4;"NÃO ELEITO"
"04/10/2026";"03:16:54";2022;2;"Eleição Ordinária";1;546;"ELEIÇÕES GERAIS ESTADUAIS 2022";"02/10/2022";"E";"DF";"DF";"DISTRITO FEDERAL";97012;"BRASÍLIA";1;5;"Senador";70001654029;270;"JOSE GABRIEL DE SOUZA JUNIOR";"TENENTE CORONEL SOUZA JÚNIOR";"#NULO";12;"APTO";2;"DEFERIDO";-3;"#NE";-3;"#NE";-3;"#NE";"PARTIDO ISOLADO";27;"DC";"Democracia Cristã";-1;"#NULO#";"#NULO#";"#NULO#";70001683452;"PARTIDO ISOLADO";"DC";"N";171;"Válido";171;4;"NÃO ELEITO"
"04/10/2026";"03:16:54";2022;2;"Eleição Ordinária";1;546;"ELEIÇÕES GERAIS ESTADUAIS 2022";"02/10/2022";"E";"DF";"DF";"DISTRITO FEDERAL";97012;"BRASÍLIA";6;5;"Senador";70001606812;133;"ROSILENE CORRÊA LIMA";"ROSILENE CORRÊA";"#NULO";12;"APTO";2;"DEFERIDO";-3;"#NE";-3;"#NE";-3;"#NE";"FEDERAÇÃO";13;"PT";"Partido dos Trabalhadores";2;"Federação Brasil da Esperança - FE BRASIL";"PT/PC do B/PV";"PC do B / PT / PV";70001681333;"FEDERAÇÃO";"Federação Brasil da Esperança - FE BRASIL (PT / PC do B / PV)";"N";20401;"Válido";20401;4;"NÃO ELEITO"
"04/10/2026";"03:16:54";2022;2;"Eleição Ordinária";1;546;"ELEIÇÕES GERAIS ESTADUAIS 2022";"02/10/2022";"E";"DF";"DF";"DISTRITO FEDERAL";97012;"BRASÍLIA";18;5;"Senador";70001606812;133;"ROSILENE CORRÊA LIMA";"ROSILENE CORRÊA";"#NULO";12;"APTO";2;"DEFERIDO";-3;"#NE";-3;"#NE";-3;"#NE";"FEDERAÇÃO";13;"PT";"Partido dos Trabalhadores";2;"Federação Brasil da Esperança - FE BRASIL";"PT/PC do B/PV";"PC do B / PT / PV";70001681333;"FEDERAÇÃO";"Federação Brasil da Esperança - FE BRASIL (PT / PC do B / PV)";"N";22452;"Válido";22452;4;"NÃO ELEITO"
"04/10/2026";"03:16:54";2022;2;"Eleição Ordinária";1;546;"ELEIÇÕES GERAIS ESTADUAIS 2022";"02/10/2022";"E";"DF";"DF";"DISTRITO FEDERAL";97012;"BRASÍLIA";15;5;"Senador";70001606812;133;"ROSILENE CORRÊA LIMA";"ROSILENE CORRÊA";"#NULO";12;"APTO";2;"DEFERIDO";-3;"#NE";-3;"#NE";-3;"#NE";"FEDERAÇÃO";13;"PT";"Partido dos Trabalhadores";2;"Federação Brasil da Esperança - FE BRASIL";"PT/PC do B/PV";"PC do B / PT / PV";70001681333;"FEDERAÇÃO";"Federação Brasil da Esperança - FE BRASIL (PT / PC do B / PV)";"N";28833;"Válido";28833;4;"NÃO ELEITO"
"04/10/2026";"03:16:54";2022;2;"Eleição Ordinária";1;546;"ELEIÇÕES GERAIS ESTADUAIS 2022";"02/10/2022";"E";"DF";"DF";"DISTRITO FEDERAL";97012;"BRASÍLIA";2;5;"Senador";70001606812;133;"ROSILENE CORRÊA LIMA";"ROSILENE CORRÊA";"#NULO";12;"APTO";2;"DEFERIDO";-3;"#NE";-3;"#NE";-3;"#NE";"FEDERAÇÃO";13;"PT";"Partido dos Trabalhadores";2;"Federação Brasil da Esperança - FE BRASIL";"PT/PC do B/PV";"PC do B / PT / PV";70001681333;"FEDERAÇÃO";"Federação Brasil da Esperança - FE BRASIL (PT / PC do B / PV)";"N";18048;"Válido";18048;4;"NÃO ELEITO"
"04/10/2026";"03:16:54";2022;2;"Eleição Ordinária";1;546;"ELEIÇÕES GERAIS ESTADUAIS 2022";"02/10/2022";"E";"DF";"DF";"DISTRITO FEDERAL";97012;"BRASÍLIA";9;5;"Senador";70001606812;133;"ROSILENE CORRÊA LIMA";"ROSILENE CORRÊA";"#NULO";12;"APTO";2;"DEFERIDO";-3;"#NE";-3;"#NE";-3;"#NE";"FEDERAÇÃO";13;"PT";"Partido dos Trabalhadores";2;"Federação Brasil da Esperança - FE BRASIL";"PT/PC do B/PV";"PC do B / PT / PV";70001681333;"FEDERAÇÃO";"Federação Brasil da Esperança - FE BRASIL (PT / PC do B / PV)";"N";23539;"Válido";23539;4;"NÃO ELEITO"
"04/10/2026";"03:16:54";2022;2;"Eleição Ordinária";1;546;"ELEIÇÕES GERAIS ESTADUAIS 2022";"02/10/2022";"E";"DF";"DF";"DISTRITO FEDERAL";97012;"BRASÍLIA";4;5;"Senador";70001606812;133;"ROSILENE CORRÊA LIMA";"ROSILENE CORRÊA";"#NULO";12;"APTO";2;"DEFERIDO";-3;"#NE";-3;"#NE";-3;"#NE";"FEDERAÇÃO";13;"PT";"Partido dos Trabalhadores";2;"Federação Brasil da Esperança - FE BRASIL";"PT/PC do B/PV";"PC do B / PT / PV";70001681333;"FEDERAÇÃO";"Federação Brasil da Esperança - FE BRASIL (PT / PC do B / PV)";"N";13360;"Válido";13360;4;"NÃO ELEITO"
"04/10/2026";"03:16:54";2022;2;"Eleição Ordinária";1;546;"ELEIÇÕES GERAIS ESTADUAIS 2022";"02/10/2022";"E";"DF";"DF";"DISTRITO FEDERAL";97012;"BRASÍLIA";15;5;"Senador";70001654029;270;"JOSE GABRIEL DE SOUZA JUNIOR";"TENENTE CORONEL SOUZA JÚNIOR";"#NULO";12;"APTO";2;"DEFERIDO";-3;"#NE";-3;"#NE";-3;"#NE";"PARTIDO ISOLADO";27;"DC";"Democracia Cristã";-1;"#NULO#";"#NULO#";"#NULO#";70001683452;"PARTIDO ISOLADO";"DC";"N";401;"Válido";401;4;"NÃO ELEITO"
"04/10/2026";"03:16:54";2022;2;"Eleição Ordinária";1;546;"ELEIÇÕES GERAIS ESTADUAIS 2022";"02/10/2022";"E";"DF";"DF";"DISTRITO FEDERAL";97012;"BRASÍLIA";11;5;"Senador";70001654029;270;"JOSE GABRIEL DE SOUZA JUNIOR";"TENENTE CORONEL SOUZA JÚNIOR";"#NULO";12;"APTO";2;"DEFERIDO";-3;"#NE";-3;"#NE";-3;"#NE";"PARTIDO ISOLADO";27;"DC";"Democracia Cristã";-1;"#NULO#";"#NULO#";"#NULO#";70001683452;"PARTIDO ISOLADO";"DC";"N";181;"Válido";181;4;"NÃO ELEITO"
"04/10/2026";"03:16:54";2022;2;"Eleição Ordinária";1;546;"ELEIÇÕES GERAIS ESTADUAIS 2022";"02/10/2022";"E";"DF";"DF";"DISTRITO FEDERAL";97012;"BRASÍLIA";14;5;"Senador";70001654029;270;"JOSE GABRIEL DE SOUZA JUNIOR";"TENENTE CORONEL SOUZA JÚNIOR";"#NULO";12;"APTO";2;"DEFERIDO";-3;"#NE";-3;"#NE";-3;"#NE";"PARTIDO ISOLADO";27;"DC";"Democracia Cristã";-1;"#NULO#";"#NULO#";"#NULO#";70001683452;"PARTIDO ISOLADO";"DC";"N";216;"Válido";216;4;"NÃO ELEITO"
"04/10/2026";"03:16:54";2022;2;"Eleição Ordinária";1;546;"ELEIÇÕES GERAIS ESTADUAIS 2022";"02/10/2022";"E";"DF";"DF";"DISTRITO FEDERAL";97012;"BRASÍLIA";8;5;"Senador";70001654029;270;"JOSE GABRIEL DE SOUZA JUNIOR";"TENENTE CORONEL SOUZA JÚNIOR";"#NULO";12;"APTO";2;"DEFERIDO";-3;"#NE";-3;"#NE";-3;"#NE";"PARTIDO ISOLADO";27;"DC";"Democracia Cristã";-1;"#NULO#";"#NULO#";"#NULO#";70001683452;"PARTIDO ISOLADO";"DC";"N";348;"Válido";348;4;"NÃO ELEITO"
"04/10/2026";"03:16:54";2022;2;"Eleição Ordinária";1;546;"ELEIÇÕES GERAIS ESTADUAIS 2022";"02/10/2022";"E";"DF";"DF";"DISTRITO FEDERAL";97012;"BRASÍLIA";19;5;"Senador";70001654029;270;"JOSE GABRIEL DE SOUZA JUNIOR";"TENENTE CORONEL SOUZA JÚNIOR";"#NULO";12;"APTO";2;"DEFERIDO";-3;"#NE";-3;"#NE";-3;"#NE";"PARTIDO ISOLADO";27;"DC";"Democracia Cristã";-1;"#NULO#";"#NULO#";"#NULO#";70001683452;"PARTIDO ISOLADO";"DC";"N";282;"Válido";282;4;"NÃO ELEITO"
"04/10/2026";"03:16:54";2022;2;"Eleição Ordinária";1;546;"ELEIÇÕES GERAIS ESTADUAIS 2022";"02/10/2022";"E";"DF";"DF";"DISTRITO FEDERAL";97012;"BRASÍLIA";6;5;"Senador";70001654029;270;"JOSE GABRIEL DE SOUZA JUNIOR";"TENENTE CORONEL SOUZA JÚNIOR";"#NULO";12;"APTO";2;"DEFERIDO";-3;"#NE";-3;"#NE";-3;"#NE";"PARTIDO ISOLADO";27;"DC";"Democracia Cristã";-1;"#NULO#";"#NULO#";"#NULO#";70001683452;"PARTIDO ISOLADO";"DC";"N";146;"Válido";146;4;"NÃO ELEITO"
"04/10/2026";"03:16:54";2022;2;"Eleição Ordinária";1;546;"ELEIÇÕES GERAIS ESTADUAIS 2022";"02/10/2022";"E";"DF";"DF";"DISTRITO FEDERAL";97012;"BRASÍLIA";17;5;"Senador";70001654029;270;"JOSE GABRIEL DE SOUZA JUNIOR";"TENENTE CORONEL SOUZA JÚNIOR";"#NULO";12;"APTO";2;"DEFERIDO";-3;"#NE";-3;"#NE";-3;"#NE";"PARTIDO ISOLADO";27;"DC";"Democracia Cristã";-1;"#NULO#";"#NULO#";"#NULO#";70001683452;"PARTIDO ISOLADO";"DC";"N";302;"Válido";302;4;"NÃO ELEITO"
"04/10/2026";"03:16:54";2022;2;"Eleição Ordinária";1;546;"ELEIÇÕES GERAIS ESTADUAIS 2022";"02/10/2022";"E";"DF";"DF";"DISTRITO FEDERAL";97012;"BRASÍLIA";18;5;"Senador";70001654029;270;"JOSE GABRIEL DE SOUZA JUNIOR";"TENENTE CORONEL SOUZA JÚNIOR";"#NULO";12;"APTO";2;"DEFERIDO";-3;"#NE";-3;"#NE";-3;"#NE";"PARTIDO ISOLADO";27;"DC";"Democracia Cristã";-1;"#NULO#";"#NULO#";"#NULO#";70001683452;"PARTIDO ISOLADO";"DC";"N";228;"Válido";228;4;"NÃO ELEITO"
"04/10/2026";"03:16:54";2022;2;"Eleição Ordinária";1;546;"ELEIÇÕES GERAIS ESTADUAIS 2022";"02/10/2022";"E";"DF";"DF";"DISTRITO FEDERAL";97012;"BRASÍLIA";3;5;"Senador";70001654029;270;"JOSE GABRIEL DE SOUZA JUNIOR";"TENENTE CORONEL SOUZA JÚNIOR";"#NULO";12;"APTO";2;"DEFERIDO";-3;"#NE";-3;"#NE";-3;"#NE";"PARTIDO ISOLADO";27;"DC";"Democracia Cristã";-1;"#NULO#";"#NULO#";"#NULO#";70001683452;"PARTIDO ISOLADO";"DC";"N";339;"Válido";339;4;"NÃO ELEITO"
"04/10/2026";"03:16:54";2022;2;"Eleição Ordinária";1;546;"ELEIÇÕES GERAIS ESTADUAIS 2022";"02/10/2022";"E";"DF";"DF";"DISTRITO FEDERAL";97012;"BRASÍLIA";20;5;"Senador";70001654029;270;"JOSE GABRIEL DE SOUZA JUNIOR";"TENENTE CORONEL SOUZA JÚNIOR";"#NULO";12;"APTO";2;"DEFERIDO";-3;"#NE";-3;"#NE";-3;"#NE";"PARTIDO ISOLADO";27;"DC";"Democracia Cristã";-1;"#NULO#";"#NULO#";"#NULO#";70001683452;"PARTIDO ISOLADO";"DC";"N";190;"Válido";190;4;"NÃO ELEITO"
"04/10/2026";"03:16:54";2022;2;"Eleição Ordinária";1;546;"ELEIÇÕES GERAIS ESTADUAIS 2022";"02/10/2022";"E";"DF";"DF";"DISTRITO FEDERAL";97012;"BRASÍLIA";10;5;"Senador";70001654029;270;"JOSE GABRIEL DE SOUZA JUNIOR";"TENENTE CORONEL SOUZA JÚNIOR";"#NULO";12;"APTO";2;"DEFERIDO";-3;"#NE";-3;"#NE";-3;"#NE";"PARTIDO ISOLADO";27;"DC";"Democracia Cristã";-1;"#NULO#";"#NULO#";"#NULO#";70001683452;"PARTIDO ISOLADO";"DC";"N";267;"Válido";267;4;"NÃO ELEITO"
"04/10/2026";"03:16:54";2022;2;"Eleição Ordinária";1;546;"ELEIÇÕES GERAIS ESTADUAIS 2022";"02/10/2022";"E";"DF";"DF";"DISTRITO FEDERAL";97012;"BRASÍLIA";20;5;"Senador";70001676503;290;"EXPEDITO CARNEIRO DE MENDONÇA";"EXPEDITO  MENDONÇA";"#NULO";12;"APTO";2;"DEFERIDO";-3;"#NE";-3;"#NE";-3;"#NE";"PARTIDO ISOLADO";29;"PCO";"Partido da Causa Operária";-1;"#NULO#";"#NULO#";"#NULO#";70001684101;"PARTIDO ISOLADO";"PCO";"N";21;"Válido";21;4;"NÃO ELEITO"
"04/10/2026";"03:16:54";2022;2;"Eleição Ordinária";1;546;"ELEIÇÕES GERAIS ESTADUAIS 2022";"02/10/2022";"E";"DF";"DF";"DISTRITO FEDERAL";97012;"BRASÍLIA";21;5;"Senador";70001676503;290;"EXPEDITO CARNEIRO DE MENDONÇA";"EXPEDITO  MENDONÇA";"#NULO";12;"APTO";2;"DEFERIDO";-3;"#NE";-3;"#NE";-3;"#NE";"PARTIDO ISOLADO";29;"PCO";"Partido da Causa Operária";-1;"#NULO#";"#NULO#";"#NULO#";70001684101;"PARTIDO ISOLADO";"PCO";"N";22;"Válido";22;4;"NÃO ELEITO"
"04/10/2026";"03:16:54";2022;2;"Eleição Ordinária";1;546;"ELEIÇÕES GERAIS ESTADUAIS 2022";"02/10/2022";"E";"DF";"DF";"DISTRITO FEDERAL";97012;"BRASÍLIA";16;5;"Senador";70001676503;290;"EXPEDITO CARNEIRO DE MENDONÇA";"EXPEDITO  MENDONÇA";"#NULO";12;"APTO";2;"DEFERIDO";-3;"#NE";-3;"#NE";-3;"#NE";"PARTIDO ISOLADO";29;"PCO";"Partido da Causa Operária";-1;"#NULO#";"#NULO#";"#NULO#";70001684101;"PARTIDO ISOLADO";"PCO";"N";28;"Válido";28;4;"NÃO ELEITO"
"04/10/2026";"03:16:54";2022;2;"Eleição Ordinária";1;546;"ELEIÇÕES GERAIS ESTADUAIS 2022";"02/10/2022";"E";"DF";"DF";"DISTRITO FEDERAL";97012;"BRASÍLIA";5;5;"Senador";70001676503;290;"EXPEDITO CARNEIRO DE MENDONÇA";"EXPEDITO  MENDONÇA";"#NULO";12;"APTO";2;"DEFERIDO";-3;"#NE";-3;"#NE";-3;"#NE";"PARTIDO ISOLADO";29;"PCO";"Partido da Causa Operária";-1;"#NULO#";"#NULO#";"#NULO#";70001684101;"PARTIDO ISOLADO";"PCO";"N";25;"Válido";25;4;"NÃO ELEITO"
"04/10/2026";"03:16:54";2022;2;"Eleição Ordinária";1;546;"ELEIÇÕES GERAIS ESTADUAIS 2022";"02/10/2022";"E";"DF";"DF";"DISTRITO FEDERAL";97012;"BRASÍLIA";15;5;"Senador";70001676503;290;"EXPEDITO CARNEIRO DE MENDONÇA";"EXPEDITO  MENDONÇA";"#NULO";12;"APTO";2;"DEFERIDO";-3;"#NE";-3;"#NE";-3;"#NE";"PARTIDO ISOLADO";29;"PCO";"Partido da Causa Operária";-1;"#NULO#";"#NULO#";"#NULO#";70001684101;"PARTIDO ISOLADO";"PCO";"N";53;"Válido";53;4;"NÃO ELEITO"
"04/10/2026";"03:16:54";2022;2;"Eleição Ordinária";1;546;"ELEIÇÕES GERAIS ESTADUAIS 2022";"02/10/2022";"E";"DF";"DF";"DISTRITO FEDERAL";97012;"BRASÍLIA";11;5;"Senador";70001676503;290;"EXPEDITO CARNEIRO DE MENDONÇA";"EXPEDITO  MENDONÇA";"#NULO";12;"APTO";2;"DEFERIDO";-3;"#NE";-3;"#NE";-3;"#NE";"PARTIDO ISOLADO";29;"PCO";"Partido da Causa Operária";-1;"#NULO#";"#NULO#";"#NULO#";70001684101;"PARTIDO ISOLADO";"PCO";"N";21;"Válido";21;4;"NÃO ELEITO"
"04/10/2026";"03:16:54";2022;2;"Eleição Ordinária";1;546;"ELEIÇÕES GERAIS ESTADUAIS 2022";"02/10/2022";"E";"DF";"DF";"DISTRITO FEDERAL";97012;"BRASÍLIA";3;5;"Senador";70001676503;290;"EXPEDITO CARNEIRO DE MENDONÇA";"EXPEDITO  MENDONÇA";"#NULO";12;"APTO";2;"DEFERIDO";-3;"#NE";-3;"#NE";-3;"#NE";"PARTIDO ISOLADO";29;"PCO";"Partido da Causa Operária";-1;"#NULO#";"#NULO#";"#NULO#";70001684101;"PARTIDO ISOLADO";"PCO";"N";12;"Válido";12;4;"NÃO ELEITO"
"04/10/2026";"03:16:54";2022;2;"Eleição Ordinária";1;546;"ELEIÇÕES GERAIS ESTADUAIS 2022";"02/10/2022";"E";"DF";"DF";"DISTRITO FEDERAL";97012;"BRASÍLIA";14;5;"Senador";70001676503;290;"EXPEDITO CARNEIRO DE MENDONÇA";"EXPEDITO  MENDONÇA";"#NULO";12;"APTO";2;"DEFERIDO";-3;"#NE";-3;"#NE";-3;"#NE";"PARTIDO ISOLADO";29;"PCO";"Partido da Causa Operária";-1;"#NULO#";"#NULO#";"#NULO#";70001684101;"PARTIDO ISOLADO";"PCO";"N";59;"Válido";59;4;"NÃO ELEITO"
"04/10/2026";"03:16:54";2022;2;"Eleição Ordinária";1;546;"ELEIÇÕES GERAIS ESTADUAIS 2022";"02/10/2022";"E";"DF";"DF";"DISTRITO FEDERAL";97012;"BRASÍLIA";8;5;"Senador";70001676503;290;"EXPEDITO CARNEIRO DE MENDONÇA";"EXPEDITO  MENDONÇA";"#NULO";12;"APTO";2;"DEFERIDO";-3;"#NE";-3;"#NE";-3;"#NE";"PARTIDO ISOLADO";29;"PCO";"Partido da Causa Operária";-1;"#NULO#";"#NULO#";"#NULO#";70001684101;"PARTIDO ISOLADO";"PCO";"N";40;"Válido";40;4;"NÃO ELEITO"
"04/10/2026";"03:16:54";2022;2;"Eleição Ordinária";1;546;"ELEIÇÕES GERAIS ESTADUAIS 2022";"02/10/2022";"E";"DF";"DF";"DISTRITO FEDERAL";97012;"BRASÍLIA";19;5;"Senador";70001676503;290;"EXPEDITO CARNEIRO DE MENDONÇA";"EXPEDITO  MENDONÇA";"#NULO";12;"APTO";2;"DEFERIDO";-3;"#NE";-3;"#NE";-3;"#NE";"PARTIDO ISOLADO";29;"PCO";"Partido da Causa Operária";-1;"#NULO#";"#NULO#";"#NULO#";70001684101;"PARTIDO ISOLADO";"PCO";"N";30;"Válido";30;4;"NÃO ELEITO"
"04/10/2026";"03:16:54";2022;2;"Eleição Ordinária";1;546;"ELEIÇÕES GERAIS ESTADUAIS 2022";"02/10/2022";"E";"DF";"DF";"DISTRITO FEDERAL";97012;"BRASÍLIA";18;5;"Senador";70001676503;290;"EXPEDITO CARNEIRO DE MENDONÇA";"EXPEDITO  MENDONÇA";"#NULO";12;"APTO";2;"DEFERIDO";-3;"#NE";-3;"#NE";-3;"#NE";"PARTIDO ISOLADO";29;"PCO";"Partido da Causa Operária";-1;"#NULO#";"#NULO#";"#NULO#";70001684101;"PARTIDO ISOLADO";"PCO";"N";39;"Válido";39;4;"NÃO ELEITO"
"04/10/2026";"03:16:54";2022;2;"Eleição Ordinária";1;546;"ELEIÇÕES GERAIS ESTADUAIS 2022";"02/10/2022";"E";"DF";"DF";"DISTRITO FEDERAL";97012;"BRASÍLIA";4;5;"Senador";70001676503;290;"EXPEDITO CARNEIRO DE MENDONÇA";"EXPEDITO  MENDONÇA";"#NULO";12;"APTO";2;"DEFERIDO";-3;"#NE";-3;"#NE";-3;"#NE";"PARTIDO ISOLADO";29;"PCO";"Partido da Causa Operária";-1;"#NULO#";"#NULO#";"#NULO#";70001684101;"PARTIDO ISOLADO";"PCO";"N";14;"Válido";14;4;"NÃO ELEITO"
"04/10/2026";"03:16:54";2022;2;"Eleição Ordinária";1;546;"ELEIÇÕES GERAIS ESTADUAIS 2022";"02/10/2022";"E";"DF";"DF";"DISTRITO FEDERAL";97012;"BRASÍLIA";2;5;"Senador";70001676503;290;"EXPEDITO CARNEIRO DE MENDONÇA";"EXPEDITO  MENDONÇA";"#NULO";12;"APTO";2;"DEFERIDO";-3;"#NE";-3;"#NE";-3;"#NE";"PARTIDO ISOLADO";29;"PCO";"Partido da Causa Operária";-1;"#NULO#";"#NULO#";"#NULO#";70001684101;"PARTIDO ISOLADO";"PCO";"N";44;"Válido";44;4;"NÃO ELEITO"
"04/10/2026";"03:16:54";2022;2;"Eleição Ordinária";1;546;"ELEIÇÕES GERAIS ESTADUAIS 2022";"02/10/2022";"E";"DF";"DF";"DISTRITO FEDERAL";97012;"BRASÍLIA";9;5;"Senador";70001676503;290;"EXPEDITO CARNEIRO DE MENDONÇA";"EXPEDITO  MENDONÇA";"#NULO";12;"APTO";2;"DEFERIDO";-3;"#NE";-3;"#NE";-3;"#NE";"PARTIDO ISOLADO";29;"PCO";"Partido da Causa Operária";-1;"#NULO#";"#NULO#";"#NULO#";70001684101;"PARTIDO ISOLADO";"PCO";"N";36;"Válido";36;4;"NÃO ELEITO"
"04/10/2026";"03:16:54";2022;2;"Eleição Ordinária";1;546;"ELEIÇÕES GERAIS ESTADUAIS 2022";"02/10/2022";"E";"DF";"DF";"DISTRITO FEDERAL";97012;"BRASÍLIA";17;5;"Senador";70001676503;290;"EXPEDITO CARNEIRO DE MENDONÇA";"EXPEDITO  MENDONÇA";"#NULO";12;"APTO";2;"DEFERIDO";-3;"#NE";-3;"#NE";-3;"#NE";"PARTIDO ISOLADO";29;"PCO";"Partido da Causa Operária";-1;"#NULO#";"#NULO#";"#NULO#";70001684101;"PARTIDO ISOLADO";"PCO";"N";39;"Válido";39;4;"NÃO ELEITO"
"04/10/2026";"03:16:54";2022;2;"Eleição Ordinária";1;546;"ELEIÇÕES GERAIS ESTADUAIS 2022";"02/10/2022";"E";"DF";"DF";"DISTRITO FEDERAL";97012;"BRASÍLIA";10;5;"Senador";70001676503;290;"EXPEDITO CARNEIRO DE MENDONÇA";"EXPEDITO  MENDONÇA";"#NULO";12;"APTO";2;"DEFERIDO";-3;"#NE";-3;"#NE";-3;"#NE";"PARTIDO ISOLADO";29;"PCO";"Partido da Causa Operária";-1;"#NULO#";"#NULO#";"#NULO#";70001684101;"PARTIDO ISOLADO";"PCO";"N";47;"Válido";47;4;"NÃO ELEITO"
"04/10/2026";"03:16:54";2022;2;"Eleição Ordinária";1;546;"ELEIÇÕES GERAIS ESTADUAIS 2022";"02/10/2022";"E";"DF";"DF";"DISTRITO FEDERAL";97012;"BRASÍLIA";1;5;"Senador";70001676503;290;"EXPEDITO CARNEIRO DE MENDONÇA";"EXPEDITO  MENDONÇA";"#NULO";12;"APTO";2;"DEFERIDO";-3;"#NE";-3;"#NE";-3;"#NE";"PARTIDO ISOLADO";29;"PCO";"Partido da Causa Operária";-1;"#NULO#";"#NULO#";"#NULO#";70001684101;"PARTIDO ISOLADO";"PCO";"N";33;"Válido";33;4;"NÃO ELEITO"
"04/10/2026";"03:16:54";2022;2;"Eleição Ordinária";1;546;"ELEIÇÕES GERAIS ESTADUAIS 2022";"02/10/2022";"E";"DF";"DF";"DISTRITO FEDERAL";97012;"BRASÍLIA";6;5;"Senador";70001676503;290;"EXPEDITO CARNEIRO DE MENDONÇA";"EXPEDITO  MENDONÇA";"#NULO";12;"APTO";2;"DEFERIDO";-3;"#NE";-3;"#NE";-3;"#NE";"PARTIDO ISOLADO";29;"PCO";"Partido da Causa Operária";-1;"#NULO#";"#NULO#";"#NULO#";70001684101;"PARTIDO ISOLADO";"PCO";"N";28;"Válido";28;4;"NÃO ELEITO"
"04/10/2026";"03:16:54";2022;2;"Eleição Ordinária";1;546;"ELEIÇÕES GERAIS ESTADUAIS 2022";"02/10/2022";"E";"DF";"DF";"DISTRITO FEDERAL";97012;"BRASÍLIA";13;5;"Senador";70001676503;290;"EXPEDITO CARNEIRO DE MENDONÇA";"EXPEDITO  MENDONÇA";"#NULO";12;"APTO";2;"DEFERIDO";-3;"#NE";-3;"#NE";-3;"#NE";"PARTIDO ISOLADO";29;"PCO";"Partido da Causa Operária";-1;"#NULO#";"#NULO#";"#NULO#";70001684101;"PARTIDO ISOLADO";"PCO";"N";22;"Válido";22;4;"NÃO ELEITO"
"04/10/2026";"03:16:54";2022;2;"Eleição Ordinária";1;546;"ELEIÇÕES GERAIS ESTADUAIS 2022";"02/10/2022";"E";"DF";"DF";"DISTRITO FEDERAL";97012;"BRASÍLIA";10;3;"Governador";70001615674;12;"LEILA GOMES DE BARROS RÊGO";"LEILA DO VÔLEI";"#NULO";12;"APTO";2;"DEFERIDO";-3;"#NE";-3;"#NE";-3;"#NE";"PARTIDO ISOLADO";12;"PDT";"Partido Democrático Trabalhista";-1;"#NULO#";"#NULO#";"#NULO#";70001681785;"PARTIDO ISOLADO";"PDT";"N";3973;"Válido";3973;4;"NÃO ELEITO"
"04/10/2026";"03:16:54";2022;2;"Eleição Ordinária";1;546;"ELEIÇÕES GERAIS ESTADUAIS 2022";"02/10/2022";"E";"DF";"DF";"DISTRITO FEDERAL";97012;"BRASÍLIA";19;3;"Governador";70001615674;12;"LEILA GOMES DE BARROS RÊGO";"LEILA DO VÔLEI";"#NULO";12;"APTO";2;"DEFERIDO";-3;"#NE";-3;"#NE";-3;"#NE";"PARTIDO ISOLADO";12;"PDT";"Partido Democrático Trabalhista";-1;"#NULO#";"#NULO#";"#NULO#";70001681785;"PARTIDO ISOLADO";"PDT";"N";2943;"Válido";2943;4;"NÃO ELEITO"
"04/10/2026";"03:16:54";2022;2;"Eleição Ordinária";1;546;"ELEIÇÕES GERAIS ESTADUAIS 2022";"02/10/2022";"E";"DF";"DF";"DISTRITO FEDERAL";97012;"BRASÍLIA";9;3;"Governador";70001615674;12;"LEILA GOMES DE BARROS RÊGO";"LEILA DO VÔLEI";"#NULO";12;"APTO";2;"DEFERIDO";-3;"#NE";-3;"#NE";-3;"#NE";"PARTIDO ISOLADO";12;"PDT";"Partido Democrático Trabalhista";-1;"#NULO#";"#NULO#";"#NULO#";70001681785;"PARTIDO ISOLADO";"PDT";"N";4768;"Válido";4768;4;"NÃO ELEITO"
"04/10/2026";"03:16:54";2022;2;"Eleição Ordinária";1;546;"ELEIÇÕES GERAIS ESTADUAIS 2022";"02/10/2022";"E";"DF";"DF";"DISTRITO FEDERAL";97012;"BRASÍLIA";5;3;"Governador";70001615674;12;"LEILA GOMES DE BARROS RÊGO";"LEILA DO VÔLEI";"#NULO";12;"APTO";2;"DEFERIDO";-3;"#NE";-3;"#NE";-3;"#NE";"PARTIDO ISOLADO";12;"PDT";"Partido Democrático Trabalhista";-1;"#NULO#";"#NULO#";"#NULO#";70001681785;"PARTIDO ISOLADO";"PDT";"N";4962;"Válido";4962;4;"NÃO ELEITO"
"04/10/2026";"03:16:54";2022;2;"Eleição Ordinária";1;546;"ELEIÇÕES GERAIS ESTADUAIS 2022";"02/10/2022";"E";"DF";"DF";"DISTRITO FEDERAL";97012;"BRASÍLIA";2;3;"Governador";70001615674;12;"LEILA GOMES DE BARROS RÊGO";"LEILA DO VÔLEI";"#NULO";12;"APTO";2;"DEFERIDO";-3;"#NE";-3;"#NE";-3;"#NE";"PARTIDO ISOLADO";12;"PDT";"Partido Democrático Trabalhista";-1;"#NULO#";"#NULO#";"#NULO#";70001681785;"PARTIDO ISOLADO";"PDT";"N";4746;"Válido";4746;4;"NÃO ELEITO"
"04/10/2026";"03:16:54";2022;2;"Eleição Ordinária";1;546;"ELEIÇÕES GERAIS ESTADUAIS 2022";"02/10/2022";"E";"DF";"DF";"DISTRITO FEDERAL";97012;"BRASÍLIA";3;3;"Governador";70001615674;12;"LEILA GOMES DE BARROS RÊGO";"LEILA DO VÔLEI";"#NULO";12;"APTO";2;"DEFERIDO";-3;"#NE";-3;"#NE";-3;"#NE";"PARTIDO ISOLADO";12;"PDT";"Partido Democrático Trabalhista";-1;"#NULO#";"#NULO#";"#NULO#";70001681785;"PARTIDO ISOLADO";"PDT";"N";2222;"Válido";2222;4;"NÃO ELEITO"
"04/10/2026";"03:16:54";2022;2;"Eleição Ordinária";1;546;"ELEIÇÕES GERAIS ESTADUAIS 2022";"02/10/2022";"E";"DF";"DF";"DISTRITO FEDERAL";97012;"BRASÍLIA";21;3;"Governador";70001615674;12;"LEILA GOMES DE BARROS RÊGO";"LEILA DO VÔLEI";"#NULO";12;"APTO";2;"DEFERIDO";-3;"#NE";-3;"#NE";-3;"#NE";"PARTIDO ISOLADO";12;"PDT";"Partido Democrático Trabalhista";-1;"#NULO#";"#NULO#";"#NULO#";70001681785;"PARTIDO ISOLADO";"PDT";"N";3652;"Válido";3652;4;"NÃO ELEITO"
"04/10/2026";"03:16:54";2022;2;"Eleição Ordinária";1;546;"ELEIÇÕES GERAIS ESTADUAIS 2022";"02/10/2022";"E";"DF";"DF";"DISTRITO FEDERAL";97012;"BRASÍLIA";17;3;"Governador";70001615674;12;"LEILA GOMES DE BARROS RÊGO";"LEILA DO VÔLEI";"#NULO";12;"APTO";2;"DEFERIDO";-3;"#NE";-3;"#NE";-3;"#NE";"PARTIDO ISOLADO";12;"PDT";"Partido Democrático Trabalhista";-1;"#NULO#";"#NULO#";"#NULO#";70001681785;"PARTIDO ISOLADO";"PDT";"N";4288;"Válido";4288;4;"NÃO ELEITO"
"04/10/2026";"03:16:54";2022;2;"Eleição Ordinária";1;546;"ELEIÇÕES GERAIS ESTADUAIS 2022";"02/10/2022";"E";"DF";"DF";"DISTRITO FEDERAL";97012;"BRASÍLIA";18;3;"Governador";70001615674;12;"LEILA GOMES DE BARROS RÊGO";"LEILA DO VÔLEI";"#NULO";12;"APTO";2;"DEFERIDO";-3;"#NE";-3;"#NE";-3;"#NE";"PARTIDO ISOLADO";12;"PDT";"Partido Democrático Trabalhista";-1;"#NULO#";"#NULO#";"#NULO#";70001681785;"PARTIDO ISOLADO";"PDT";"N";5283;"Válido";5283;4;"NÃO ELEITO"
"04/10/2026";"03:16:54";2022;2;"Eleição Ordinária";1;546;"ELEIÇÕES GERAIS ESTADUAIS 2022";"02/10/2022";"E";"DF";"DF";"DISTRITO FEDERAL";97012;"BRASÍLIA";14;3;"Governador";70001615674;12;"LEILA GOMES DE BARROS RÊGO";"LEILA DO VÔLEI";"#NULO";12;"APTO";2;"DEFERIDO";-3;"#NE";-3;"#NE";-3;"#NE";"PARTIDO ISOLADO";12;"PDT";"Partido Democrático Trabalhista";-1;"#NULO#";"#NULO#";"#NULO#";70001681785;"PARTIDO ISOLADO";"PDT";"N";3961;"Válido";3961;4;"NÃO ELEITO"
"04/10/2026";"03:16:54";2022;2;"Eleição Ordinária";1;546;"ELEIÇÕES GERAIS ESTADUAIS 2022";"02/10/2022";"E";"DF";"DF";"DISTRITO FEDERAL";97012;"BRASÍLIA";11;3;"Governador";70001615674;12;"LEILA GOMES DE BARROS RÊGO";"LEILA DO VÔLEI";"#NULO";12;"APTO";2;"DEFERIDO";-3;"#NE";-3;"#NE";-3;"#NE";"PARTIDO ISOLADO";12;"PDT";"Partido Democrático Trabalhista";-1;"#NULO#";"#NULO#";"#NULO#";70001681785;"PARTIDO ISOLADO";"PDT";"N";2677;"Válido";2677;4;"NÃO ELEITO"
"04/10/2026";"03:16:54";2022;2;"Eleição Ordinária";1;546;"ELEIÇÕES GERAIS ESTADUAIS 2022";"02/10/2022";"E";"DF";"DF";"DISTRITO FEDERAL";97012;"BRASÍLIA";20;3;"Governador";70001615674;12;"LEILA GOMES DE BARROS RÊGO";"LEILA DO VÔLEI";"#NULO";12;"APTO";2;"DEFERIDO";-3;"#NE";-3;"#NE";-3;"#NE";"PARTIDO ISOLADO";12;"PDT";"Partido Democrático Trabalhista";-1;"#NULO#";"#NULO#";"#NULO#";70001681785;"PARTIDO ISOLADO";"PDT";"N";2822;"Válido";2822;4;"NÃO ELEITO"
"04/10/2026";"03:16:54";2022;2;"Eleição Ordinária";1;546;"ELEIÇÕES GERAIS ESTADUAIS 2022";"02/10/2022";"E";"DF";"DF";"DISTRITO FEDERAL";97012;"BRASÍLIA";8;3;"Governador";70001615674;12;"LEILA GOMES DE BARROS RÊGO";"LEILA DO VÔLEI";"#NULO";12;"APTO";2;"DEFERIDO";-3;"#NE";-3;"#NE";-3;"#NE";"PARTIDO ISOLADO";12;"PDT";"Partido Democrático Trabalhista";-1;"#NULO#";"#NULO#";"#NULO#";70001681785;"PARTIDO ISOLADO";"PDT";"N";5057;"Válido";5057;4;"NÃO ELEITO"
"04/10/2026";"03:16:54";2022;2;"Eleição Ordinária";1;546;"ELEIÇÕES GERAIS ESTADUAIS 2022";"02/10/2022";"E";"DF";"DF";"DISTRITO FEDERAL";97012;"BRASÍLIA";6;3;"Governador";70001615674;12;"LEILA GOMES DE BARROS RÊGO";"LEILA DO VÔLEI";"#NULO";12;"APTO";2;"DEFERIDO";-3;"#NE";-3;"#NE";-3;"#NE";"PARTIDO ISOLADO";12;"PDT";"Partido Democrático Trabalhista";-1;"#NULO#";"#NULO#";"#NULO#";70001681785;"PARTIDO ISOLADO";"PDT";"N";5181;"Válido";5181;4;"NÃO ELEITO"
"04/10/2026";"03:16:54";2022;2;"Eleição Ordinária";1;546;"ELEIÇÕES GERAIS ESTADUAIS 2022";"02/10/2022";"E";"DF";"DF";"DISTRITO FEDERAL";97012;"BRASÍLIA";13;3;"Governador";70001615674;12;"LEILA GOMES DE BARROS RÊGO";"LEILA DO VÔLEI";"#NULO";12;"APTO";2;"DEFERIDO";-3;"#NE";-3;"#NE";-3;"#NE";"PARTIDO ISOLADO";12;"PDT";"Partido Democrático Trabalhista";-1;"#NULO#";"#NULO#";"#NULO#";70001681785;"PARTIDO ISOLADO";"PDT";"N";5123;"Válido";5123;4;"NÃO ELEITO"
"04/10/2026";"03:16:54";2022;2;"Eleição Ordinária";1;546;"ELEIÇÕES GERAIS ESTADUAIS 2022";"02/10/2022";"E";"DF";"DF";"DISTRITO FEDERAL";97012;"BRASÍLIA";4;3;"Governador";70001615674;12;"LEILA GOMES DE BARROS RÊGO";"LEILA DO VÔLEI";"#NULO";12;"APTO";2;"DEFERIDO";-3;"#NE";-3;"#NE";-3;"#NE";"PARTIDO ISOLADO";12;"PDT";"Partido Democrático Trabalhista";-1;"#NULO#";"#NULO#";"#NULO#";70001681785;"PARTIDO ISOLADO";"PDT";"N";4471;"Válido";4471;4;"NÃO ELEITO"
"04/10/2026";"03:16:54";2022;2;"Eleição Ordinária";1;546;"ELEIÇÕES GERAIS ESTADUAIS 2022";"02/10/2022";"E";"DF";"DF";"DISTRITO FEDERAL";97012;"BRASÍLIA";1;3;"Governador";70001615674;12;"LEILA GOMES DE BARROS RÊGO";"LEILA DO VÔLEI";"#NULO";12;"APTO";2;"DEFERIDO";-3;"#NE";-3;"#NE";-3;"#NE";"PARTIDO ISOLADO";12;"PDT";"Partido Democrático Trabalhista";-1;"#NULO#";"#NULO#";"#NULO#";70001681785;"PARTIDO ISOLADO";"PDT";"N";2498;"Válido";2498;4;"NÃO ELEITO"
"04/10/2026";"03:16:54";2022;2;"Eleição Ordinária";1;546;"ELEIÇÕES GERAIS ESTADUAIS 2022";"02/10/2022";"E";"DF";"DF";"DISTRITO FEDERAL";97012;"BRASÍLIA";15;3;"Governador";70001615674;12;"LEILA GOMES DE BARROS RÊGO";"LEILA DO VÔLEI";"#NULO";12;"APTO";2;"DEFERIDO";-3;"#NE";-3;"#NE";-3;"#NE";"PARTIDO ISOLADO";12;"PDT";"Partido Democrático Trabalhista";-1;"#NULO#";"#NULO#";"#NULO#";70001681785;"PARTIDO ISOLADO";"PDT";"N";5193;"Válido";5193;4;"NÃO ELEITO"
"04/10/2026";"03:16:54";2022;2;"Eleição Ordinária";1;546;"ELEIÇÕES GERAIS ESTADUAIS 2022";"02/10/2022";"E";"DF";"DF";"DISTRITO FEDERAL";97012;"BRASÍLIA";16;3;"Governador";70001615674;12;"LEILA GOMES DE BARROS RÊGO";"LEILA DO VÔLEI";"#NULO";12;"APTO";2;"DEFERIDO";-3;"#NE";-3;"#NE";-3;"#NE";"PARTIDO ISOLADO";12;"PDT";"Partido Democrático Trabalhista";-1;"#NULO#";"#NULO#";"#NULO#";70001681785;"PARTIDO ISOLADO";"PDT";"N";5777;"Válido";5777;4;"NÃO ELEITO"
"04/10/2026";"03:16:54";2022;2;"Eleição Ordinária";1;546;"ELEIÇÕES GERAIS ESTADUAIS 2022";"02/10/2022";"E";"DF";"DF";"DISTRITO FEDERAL";97012;"BRASÍLIA";14;3;"Governador";70001651176;45;"IZALCI LUCAS FERREIRA";"IZALCI";"#NULO";12;"APTO";2;"DEFERIDO";-3;"#NE";-3;"#NE";-3;"#NE";"COLIGAÇÃO";45;"PSDB";"Partido da Social Democracia Brasileira";1;"Federação PSDB Cidadania";"PSDB/CIDADANIA";"CIDADANIA / PSDB";70001683339;"COLIGAÇÃO PARA CUIDAR DAS PESSOAS - (FEDERAÇÃO PSDB CIDADANIA-DF/PRTB-DF)";"Federação PSDB Cidadania (PSDB / CIDADANIA) / PRTB";"N";2705;"Válido";2705;4;"NÃO ELEITO"
"04/10/2026";"03:16:54";2022;2;"Eleição Ordinária";1;546;"ELEIÇÕES GERAIS ESTADUAIS 2022";"02/10/2022";"E";"DF";"DF";"DISTRITO FEDERAL";97012;"BRASÍLIA";6;3;"Governador";70001651176;45;"IZALCI LUCAS FERREIRA";"IZALCI";"#NULO";12;"APTO";2;"DEFERIDO";-3;"#NE";-3;"#NE";-3;"#NE";"COLIGAÇÃO";45;"PSDB";"Partido da Social Democracia Brasileira";1;"Federação PSDB Cidadania";"PSDB/CIDADANIA";"CIDADANIA / PSDB";70001683339;"COLIGAÇÃO PARA CUIDAR DAS PESSOAS - (FEDERAÇÃO PSDB CIDADANIA-DF/PRTB-DF)";"Federação PSDB Cidadania (PSDB / CIDADANIA) / PRTB";"N";4140;"Válido";4140;4;"NÃO ELEITO"
"04/10/2026";"03:16:54";2022;2;"Eleição Ordinária";1;546;"ELEIÇÕES GERAIS ESTADUAIS 2022";"02/10/2022";"E";"DF";"DF";"DISTRITO FEDERAL";97012;"BRASÍLIA";10;3;"Governador";70001651176;45;"IZALCI LUCAS FERREIRA";"IZALCI";"#NULO";12;"APTO";2;"DEFERIDO";-3;"#NE";-3;"#NE";-3;"#NE";"COLIGAÇÃO";45;"PSDB";"Partido da Social Democracia Brasileira";1;"Federação PSDB Cidadania";"PSDB/CIDADANIA";"CIDADANIA / PSDB";70001683339;"COLIGAÇÃO PARA CUIDAR DAS PESSOAS - (FEDERAÇÃO PSDB CIDADANIA-DF/PRTB-DF)";"Federação PSDB Cidadania (PSDB / CIDADANIA) / PRTB";"N";3906;"Válido";3906;4;"NÃO ELEITO"
"04/10/2026";"03:16:54";2022;2;"Eleição Ordinária";1;546;"ELEIÇÕES GERAIS ESTADUAIS 2022";"02/10/2022";"E";"DF";"DF";"DISTRITO FEDERAL";97012;"BRASÍLIA";2;3;"Governador";70001651176;45;"IZALCI LUCAS FERREIRA";"IZALCI";"#NULO";12;"APTO";2;"DEFERIDO";-3;"#NE";-3;"#NE";-3;"#NE";"COLIGAÇÃO";45;"PSDB";"Partido da Social Democracia Brasileira";1;"Federação PSDB Cidadania";"PSDB/CIDADANIA";"CIDADANIA / PSDB";70001683339;"COLIGAÇÃO PARA CUIDAR DAS PESSOAS - (FEDERAÇÃO PSDB CIDADANIA-DF/PRTB-DF)";"Federação PSDB Cidadania (PSDB / CIDADANIA) / PRTB";"N";3426;"Válido";3426;4;"NÃO ELEITO"
"04/10/2026";"03:16:54";2022;2;"Eleição Ordinária";1;546;"ELEIÇÕES GERAIS ESTADUAIS 2022";"02/10/2022";"E";"DF";"DF";"DISTRITO FEDERAL";97012;"BRASÍLIA";21;3;"Governador";70001651176;45;"IZALCI LUCAS FERREIRA";"IZALCI";"#NULO";12;"APTO";2;"DEFERIDO";-3;"#NE";-3;"#NE";-3;"#NE";"COLIGAÇÃO";45;"PSDB";"Partido da Social Democracia Brasileira";1;"Federação PSDB Cidadania";"PSDB/CIDADANIA";"CIDADANIA / PSDB";70001683339;"COLIGAÇÃO PARA CUIDAR DAS PESSOAS - (FEDERAÇÃO PSDB CIDADANIA-DF/PRTB-DF)";"Federação PSDB Cidadania (PSDB / CIDADANIA) / PRTB";"N";3323;"Válido";3323;4;"NÃO ELEITO"
"04/10/2026";"03:16:54";2022;2;"Eleição Ordinária";1;546;"ELEIÇÕES GERAIS ESTADUAIS 2022";"02/10/2022";"E";"DF";"DF";"DISTRITO FEDERAL";97012;"BRASÍLIA";13;3;"Governador";70001651176;45;"IZALCI LUCAS FERREIRA";"IZALCI";"#NULO";12;"APTO";2;"DEFERIDO";-3;"#NE";-3;"#NE";-3;"#NE";"COLIGAÇÃO";45;"PSDB";"Partido da Social Democracia Brasileira";1;"Federação PSDB Cidadania";"PSDB/CIDADANIA";"CIDADANIA / PSDB";70001683339;"COLIGAÇÃO PARA CUIDAR DAS PESSOAS - (FEDERAÇÃO PSDB CIDADANIA-DF/PRTB-DF)";"Federação PSDB Cidadania (PSDB / CIDADANIA) / PRTB";"N";4392;"Válido";4392;4;"NÃO ELEITO"
"04/10/2026";"03:16:54";2022;2;"Eleição Ordinária";1;546;"ELEIÇÕES GERAIS ESTADUAIS 2022";"02/10/2022";"E";"DF";"DF";"DISTRITO FEDERAL";97012;"BRASÍLIA";4;3;"Governador";70001651176;45;"IZALCI LUCAS FERREIRA";"IZALCI";"#NULO";12;"APTO";2;"DEFERIDO";-3;"#NE";-3;"#NE";-3;"#NE";"COLIGAÇÃO";45;"PSDB";"Partido da Social Democracia Brasileira";1;"Federação PSDB Cidadania";"PSDB/CIDADANIA";"CIDADANIA / PSDB";70001683339;"COLIGAÇÃO PARA CUIDAR DAS PESSOAS - (FEDERAÇÃO PSDB CIDADANIA-DF/PRTB-DF)";"Federação PSDB Cidadania (PSDB / CIDADANIA) / PRTB";"N";3274;"Válido";3274;4;"NÃO ELEITO"
"04/10/2026";"03:16:54";2022;2;"Eleição Ordinária";1;546;"ELEIÇÕES GERAIS ESTADUAIS 2022";"02/10/2022";"E";"DF";"DF";"DISTRITO FEDERAL";97012;"BRASÍLIA";17;3;"Governador";70001651176;45;"IZALCI LUCAS FERREIRA";"IZALCI";"#NULO";12;"APTO";2;"DEFERIDO";-3;"#NE";-3;"#NE";-3;"#NE";"COLIGAÇÃO";45;"PSDB";"Partido da Social Democracia Brasileira";1;"Federação PSDB Cidadania";"PSDB/CIDADANIA";"CIDADANIA / PSDB";70001683339;"COLIGAÇÃO PARA CUIDAR DAS PESSOAS - (FEDERAÇÃO PSDB CIDADANIA-DF/PRTB-DF)";"Federação PSDB Cidadania (PSDB / CIDADANIA) / PRTB";"N";4254;"Válido";4254;4;"NÃO ELEITO"
"04/10/2026";"03:16:54";2022;2;"Eleição Ordinária";1;546;"ELEIÇÕES GERAIS ESTADUAIS 2022";"02/10/2022";"E";"DF";"DF";"DISTRITO FEDERAL";97012;"BRASÍLIA";5;3;"Governador";70001651176;45;"IZALCI LUCAS FERREIRA";"IZALCI";"#NULO";12;"APTO";2;"DEFERIDO";-3;"#NE";-3;"#NE";-3;"#NE";"COLIGAÇÃO";45;"PSDB";"Partido da Social Democracia Brasileira";1;"Federação PSDB Cidadania";"PSDB/CIDADANIA";"CIDADANIA / PSDB";70001683339;"COLIGAÇÃO PARA CUIDAR DAS PESSOAS - (FEDERAÇÃO PSDB CIDADANIA-DF/PRTB-DF)";"Federação PSDB Cidadania (PSDB / CIDADANIA) / PRTB";"N";4030;"Válido";4030;4;"NÃO ELEITO"
"04/10/2026";"03:16:54";2022;2;"Eleição Ordinária";1;546;"ELEIÇÕES GERAIS ESTADUAIS 2022";"02/10/2022";"E";"DF";"DF";"DISTRITO FEDERAL";97012;"BRASÍLIA";1;3;"Governador";70001651176;45;"IZALCI LUCAS FERREIRA";"IZALCI";"#NULO";12;"APTO";2;"DEFERIDO";-3;"#NE";-3;"#NE";-3;"#NE";"COLIGAÇÃO";45;"PSDB";"Partido da Social Democracia Brasileira";1;"Federação PSDB Cidadania";"PSDB/CIDADANIA";"CIDADANIA / PSDB";70001683339;"COLIGAÇÃO PARA CUIDAR DAS PESSOAS - (FEDERAÇÃO PSDB CIDADANIA-DF/PRTB-DF)";"Federação PSDB Cidadania (PSDB / CIDADANIA) / PRTB";"N";1991;"Válido";1991;4;"NÃO ELEITO"
"04/10/2026";"03:16:54";2022;2;"Eleição Ordinária";1;546;"ELEIÇÕES GERAIS ESTADUAIS 2022";"02/10/2022";"E";"DF";"DF";"DISTRITO FEDERAL";97012;"BRASÍLIA";3;3;"Governador";70001651176;45;"IZALCI LUCAS FERREIRA";"IZALCI";"#NULO";12;"APTO";2;"DEFERIDO";-3;"#NE";-3;"#NE";-3;"#NE";"COLIGAÇÃO";45;"PSDB";"Partido da Social Democracia Brasileira";1;"Federação PSDB Cidadania";"PSDB/CIDADANIA";"CIDADANIA / PSDB";70001683339;"COLIGAÇÃO PARA CUIDAR DAS PESSOAS - (FEDERAÇÃO PSDB CIDADANIA-DF/PRTB-DF)";"Federação PSDB Cidadania (PSDB / CIDADANIA) / PRTB";"N";2451;"Válido";2451;4;"NÃO ELEITO"
"04/10/2026";"03:16:54";2022;2;"Eleição Ordinária";1;546;"ELEIÇÕES GERAIS ESTADUAIS 2022";"02/10/2022";"E";"DF";"DF";"DISTRITO FEDERAL";97012;"BRASÍLIA";20;3;"Governador";70001651176;45;"IZALCI LUCAS FERREIRA";"IZALCI";"#NULO";12;"APTO";2;"DEFERIDO";-3;"#NE";-3;"#NE";-3;"#NE";"COLIGAÇÃO";45;"PSDB";"Partido da Social Democracia Brasileira";1;"Federação PSDB Cidadania";"PSDB/CIDADANIA";"CIDADANIA / PSDB";70001683339;"COLIGAÇÃO PARA CUIDAR DAS PESSOAS - (FEDERAÇÃO PSDB CIDADANIA-DF/PRTB-DF)";"Federação PSDB Cidadania (PSDB / CIDADANIA) / PRTB";"N";2377;"Válido";2377;4;"NÃO ELEITO"
"04/10/2026";"03:16:54";2022;2;"Eleição Ordinária";1;546;"ELEIÇÕES GERAIS ESTADUAIS 2022";"02/10/2022";"E";"DF";"DF";"DISTRITO FEDERAL";97012;"BRASÍLIA";16;3;"Governador";70001651176;45;"IZALCI LUCAS FERREIRA";"IZALCI";"#NULO";12;"APTO";2;"DEFERIDO";-3;"#NE";-3;"#NE";-3;"#NE";"COLIGAÇÃO";45;"PSDB";"Partido da Social Democracia Brasileira";1;"Federação PSDB Cidadania";"PSDB/CIDADANIA";"CIDADANIA / PSDB";70001683339;"COLIGAÇÃO PARA CUIDAR DAS PESSOAS - (FEDERAÇÃO PSDB CIDADANIA-DF/PRTB-DF)";"Federação PSDB Cidadania (PSDB / CIDADANIA) / PRTB";"N";5447;"Válido";5447;4;"NÃO ELEITO"
"04/10/2026";"03:16:54";2022;2;"Eleição Ordinária";1;546;"ELEIÇÕES GERAIS ESTADUAIS 2022";"02/10/2022";"E";"DF";"DF";"DISTRITO FEDERAL";97012;"BRASÍLIA";11;3;"Governador";70001651176;45;"IZALCI LUCAS FERREIRA";"IZALCI";"#NULO";12;"APTO";2;"DEFERIDO";-3;"#NE";-3;"#NE";-3;"#NE";"COLIGAÇÃO";45;"PSDB";"Partido da Social Democracia Brasileira";1;"Federação PSDB Cidadania";"PSDB/CIDADANIA";"CIDADANIA / PSDB";70001683339;"COLIGAÇÃO PARA CUIDAR DAS PESSOAS - (FEDERAÇÃO PSDB CIDADANIA-DF/PRTB-DF)";"Federação PSDB Cidadania (PSDB / CIDADANIA) / PRTB";"N";2274;"Válido";2274;4;"NÃO ELEITO"
"04/10/2026";"03:16:54";2022;2;"Eleição Ordinária";1;546;"ELEIÇÕES GERAIS ESTADUAIS 2022";"02/10/2022";"E";"DF";"DF";"DISTRITO FEDERAL";97012;"BRASÍLIA";9;3;"Governador";70001651176;45;"IZALCI LUCAS FERREIRA";"IZALCI";"#NULO";12;"APTO";2;"DEFERIDO";-3;"#NE";-3;"#NE";-3;"#NE";"COLIGAÇÃO";45;"PSDB";"Partido da Social Democracia Brasileira";1;"Federação PSDB Cidadania";"PSDB/CIDADANIA";"CIDADANIA / PSDB";70001683339;"COLIGAÇÃO PARA CUIDAR DAS PESSOAS - (FEDERAÇÃO PSDB CIDADANIA-DF/PRTB-DF)";"Federação PSDB Cidadania (PSDB / CIDADANIA) / PRTB";"N";5822;"Válido";5822;4;"NÃO ELEITO"
"04/10/2026";"03:16:54";2022;2;"Eleição Ordinária";1;546;"ELEIÇÕES GERAIS ESTADUAIS 2022";"02/10/2022";"E";"DF";"DF";"DISTRITO FEDERAL";97012;"BRASÍLIA";18;3;"Governador";70001651176;45;"IZALCI LUCAS FERREIRA";"IZALCI";"#NULO";12;"APTO";2;"DEFERIDO";-3;"#NE";-3;"#NE";-3;"#NE";"COLIGAÇÃO";45;"PSDB";"Partido da Social Democracia Brasileira";1;"Federação PSDB Cidadania";"PSDB/CIDADANIA";"CIDADANIA / PSDB";70001683339;"COLIGAÇÃO PARA CUIDAR DAS PESSOAS - (FEDERAÇÃO PSDB CIDADANIA-DF/PRTB-DF)";"Federação PSDB Cidadania (PSDB / CIDADANIA) / PRTB";"N";4007;"Válido";4007;4;"NÃO ELEITO"
"04/10/2026";"03:16:54";2022;2;"Eleição Ordinária";1;546;"ELEIÇÕES GERAIS ESTADUAIS 2022";"02/10/2022";"E";"DF";"DF";"DISTRITO FEDERAL";97012;"BRASÍLIA";2;5;"Senador";70001666946;142;"MARCELO ABRUNHOSA HIPÓLITO";"MARCELO HIPÓLITO";"#NULO";12;"APTO";2;"DEFERIDO";-3;"#NE";-3;"#NE";-3;"#NE";"PARTIDO ISOLADO";14;"PTB";"Partido Trabalhista Brasileiro";-1;"#NULO#";"#NULO#";"#NULO#";70001683758;"PARTIDO ISOLADO";"PTB";"N";77;"Válido";77;4;"NÃO ELEITO"
"04/10/2026";"03:16:54";2022;2;"Eleição Ordinária";1;546;"ELEIÇÕES GERAIS ESTADUAIS 2022";"02/10/2022";"E";"DF";"DF";"DISTRITO FEDERAL";97012;"BRASÍLIA";16;5;"Senador";70001666946;142;"MARCELO ABRUNHOSA HIPÓLITO";"MARCELO HIPÓLITO";"#NULO";12;"APTO";2;"DEFERIDO";-3;"#NE";-3;"#NE";-3;"#NE";"PARTIDO ISOLADO";14;"PTB";"Partido Trabalhista Brasileiro";-1;"#NULO#";"#NULO#";"#NULO#";70001683758;"PARTIDO ISOLADO";"PTB";"N";91;"Válido";91;4;"NÃO ELEITO"
"04/10/2026";"03:16:54";2022;2;"Eleição Ordinária";1;546;"ELEIÇÕES GERAIS ESTADUAIS 2022";"02/10/2022";"E";"DF";"DF";"DISTRITO FEDERAL";97012;"BRASÍLIA";17;5;"Senador";70001666946;142;"MARCELO ABRUNHOSA HIPÓLITO";"MARCELO HIPÓLITO";"#NULO";12;"APTO";2;"DEFERIDO";-3;"#NE";-3;"#NE";-3;"#NE";"PARTIDO ISOLADO";14;"PTB";"Partido Trabalhista Brasileiro";-1;"#NULO#";"#NULO#";"#NULO#";70001683758;"PARTIDO ISOLADO";"PTB";"N";77;"Válido";77;4;"NÃO ELEITO"
"04/10/2026";"03:16:54";2022;2;"Eleição Ordinária";1;546;"ELEIÇÕES GERAIS ESTADUAIS 2022";"02/10/2022";"E";"DF";"DF";"DISTRITO FEDERAL";97012;"BRASÍLIA";10;5;"Senador";70001666946;142;"MARCELO ABRUNHOSA HIPÓLITO";"MARCELO HIPÓLITO";"#NULO";12;"APTO";2;"DEFERIDO";-3;"#NE";-3;"#NE";-3;"#NE";"PARTIDO ISOLADO";14;"PTB";"Partido Trabalhista Brasileiro";-1;"#NULO#";"#NULO#";"#NULO#";70001683758;"PARTIDO ISOLADO";"PTB";"N";102;"Válido";102;4;"NÃO ELEITO"
"04/10/2026";"03:16:54";2022;2;"Eleição Ordinária";1;546;"ELEIÇÕES GERAIS ESTADUAIS 2022";"02/10/2022";"E";"DF";"DF";"DISTRITO FEDERAL";97012;"BRASÍLIA";6;5;"Senador";70001666946;142;"MARCELO ABRUNHOSA HIPÓLITO";"MARCELO HIPÓLITO";"#NULO";12;"APTO";2;"DEFERIDO";-3;"#NE";-3;"#NE";-3;"#NE";"PARTIDO ISOLADO";14;"PTB";"Partido Trabalhista Brasileiro";-1;"#NULO#";"#NULO#";"#NULO#";70001683758;"PARTIDO ISOLADO";"PTB";"N";65;"Válido";65;4;"NÃO ELEITO"
"04/10/2026";"03:16:54";2022;2;"Eleição Ordinária";1;546;"ELEIÇÕES GERAIS ESTADUAIS 2022";"02/10/2022";"E";"DF";"DF";"DISTRITO FEDERAL";97012;"BRASÍLIA";20;5;"Senador";70001666946;142;"MARCELO ABRUNHOSA HIPÓLITO";"MARCELO HIPÓLITO";"#NULO";12;"APTO";2;"DEFERIDO";-3;"#NE";-3;"#NE";-3;"#NE";"PARTIDO ISOLADO";14;"PTB";"Partido Trabalhista Brasileiro";-1;"#NULO#";"#NULO#";"#NULO#";70001683758;"PARTIDO ISOLADO";"PTB";"N";46;"Válido";46;4;"NÃO ELEITO"
"04/10/2026";"03:16:54";2022;2;"Eleição Ordinária";1;546;"ELEIÇÕES GERAIS ESTADUAIS 2022";"02/10/2022";"E";"DF";"DF";"DISTRITO FEDERAL";97012;"BRASÍLIA";14;5;"Senador";70001666946;142;"MARCELO ABRUNHOSA HIPÓLITO";"MARCELO HIPÓLITO";"#NULO";12;"APTO";2;"DEFERIDO";-3;"#NE";-3;"#NE";-3;"#NE";"PARTIDO ISOLADO";14;"PTB";"Partido Trabalhista Brasileiro";-1;"#NULO#";"#NULO#";"#NULO#";70001683758;"PARTIDO ISOLADO";"PTB";"N";161;"Válido";161;4;"NÃO ELEITO"
"04/10/2026";"03:16:54";2022;2;"Eleição Ordinária";1;546;"ELEIÇÕES GERAIS ESTADUAIS 2022";"02/10/2022";"E";"DF";"DF";"DISTRITO FEDERAL";97012;"BRASÍLIA";8;5;"Senador";70001666946;142;"MARCELO ABRUNHOSA HIPÓLITO";"MARCELO HIPÓLITO";"#NULO";12;"APTO";2;"DEFERIDO";-3;"#NE";-3;"#NE";-3;"#NE";"PARTIDO ISOLADO";14;"PTB";"Partido Trabalhista Brasileiro";-1;"#NULO#";"#NULO#";"#NULO#";70001683758;"PARTIDO ISOLADO";"PTB";"N";88;"Válido";88;4;"NÃO ELEITO"
"04/10/2026";"03:16:54";2022;2;"Eleição Ordinária";1;546;"ELEIÇÕES GERAIS ESTADUAIS 2022";"02/10/2022";"E";"DF";"DF";"DISTRITO FEDERAL";97012;"BRASÍLIA";5;5;"Senador";70001666946;142;"MARCELO ABRUNHOSA HIPÓLITO";"MARCELO HIPÓLITO";"#NULO";12;"APTO";2;"DEFERIDO";-3;"#NE";-3;"#NE";-3;"#NE";"PARTIDO ISOLADO";14;"PTB";"Partido Trabalhista Brasileiro";-1;"#NULO#";"#NULO#";"#NULO#";70001683758;"PARTIDO ISOLADO";"PTB";"N";102;"Válido";102;4;"NÃO ELEITO"
"04/10/2026";"03:16:54";2022;2;"Eleição Ordinária";1;546;"ELEIÇÕES GERAIS ESTADUAIS 2022";"02/10/2022";"E";"DF";"DF";"DISTRITO FEDERAL";97012;"BRASÍLIA";15;5;"Senador";70001666946;142;"MARCELO ABRUNHOSA HIPÓLITO";"MARCELO HIPÓLITO";"#NULO";12;"APTO";2;"DEFERIDO";-3;"#NE";-3;"#NE";-3;"#NE";"PARTIDO ISOLADO";14;"PTB";"Partido Trabalhista Brasileiro";-1;"#NULO#";"#NULO#";"#NULO#";70001683758;"PARTIDO ISOLADO";"PTB";"N";194;"Válido";194;4;"NÃO ELEITO"
"04/10/2026";"03:16:54";2022;2;"Eleição Ordinária";1;546;"ELEIÇÕES GERAIS ESTADUAIS 2022";"02/10/2022";"E";"DF";"DF";"DISTRITO FEDERAL";97012;"BRASÍLIA";11;5;"Senador";70001666946;142;"MARCELO ABRUNHOSA HIPÓLITO";"MARCELO HIPÓLITO";"#NULO";12;"APTO";2;"DEFERIDO";-3;"#NE";-3;"#NE";-3;"#NE";"PARTIDO ISOLADO";14;"PTB";"Partido Trabalhista Brasileiro";-1;"#NULO#";"#NULO#";"#NULO#";70001683758;"PARTIDO ISOLADO";"PTB";"N";108;"Válido";108;4;"NÃO ELEITO"
"04/10/2026";"03:16:54";2022;2;"Eleição Ordinária";1;546;"ELEIÇÕES GERAIS ESTADUAIS 2022";"02/10/2022";"E";"DF";"DF";"DISTRITO FEDERAL";97012;"BRASÍLIA";18;5;"Senador";70001666946;142;"MARCELO ABRUNHOSA HIPÓLITO";"MARCELO HIPÓLITO";"#NULO";12;"APTO";2;"DEFERIDO";-3;"#NE";-3;"#NE";-3;"#NE";"PARTIDO ISOLADO";14;"PTB";"Partido Trabalhista Brasileiro";-1;"#NULO#";"#NULO#";"#NULO#";70001683758;"PARTIDO ISOLADO";"PTB";"N";125;"Válido";125;4;"NÃO ELEITO"
"04/10/2026";"03:16:54";2022;2;"Eleição Ordinária";1;546;"ELEIÇÕES GERAIS ESTADUAIS 2022";"02/10/2022";"E";"DF";"DF";"DISTRITO FEDERAL";97012;"BRASÍLIA";4;5;"Senador";70001666946;142;"MARCELO ABRUNHOSA HIPÓLITO";"MARCELO HIPÓLITO";"#NULO";12;"APTO";2;"DEFERIDO";-3;"#NE";-3;"#NE";-3;"#NE";"PARTIDO ISOLADO";14;"PTB";"Partido Trabalhista Brasileiro";-1;"#NULO#";"#NULO#";"#NULO#";70001683758;"PARTIDO ISOLADO";"PTB";"N";68;"Válido";68;4;"NÃO ELEITO"
"04/10/2026";"03:16:54";2022;2;"Eleição Ordinária";1;546;"ELEIÇÕES GERAIS ESTADUAIS 2022";"02/10/2022";"E";"DF";"DF";"DISTRITO FEDERAL";97012;"BRASÍLIA";19;5;"Senador";70001666946;142;"MARCELO ABRUNHOSA HIPÓLITO";"MARCELO HIPÓLITO";"#NULO";12;"APTO";2;"DEFERIDO";-3;"#NE";-3;"#NE";-3;"#NE";"PARTIDO ISOLADO";14;"PTB";"Partido Trabalhista Brasileiro";-1;"#NULO#";"#NULO#";"#NULO#";70001683758;"PARTIDO ISOLADO";"PTB";"N";75;"Válido";75;4;"NÃO ELEITO"
"04/10/2026";"03:16:54";2022;2;"Eleição Ordinária";1;546;"ELEIÇÕES GERAIS ESTADUAIS 2022";"02/10/2022";"E";"DF";"DF";"DISTRITO FEDERAL";97012;"BRASÍLIA";9;5;"Senador";70001666946;142;"MARCELO ABRUNHOSA HIPÓLITO";"MARCELO HIPÓLITO";"#NULO";12;"APTO";2;"DEFERIDO";-3;"#NE";-3;"#NE";-3;"#NE";"PARTIDO ISOLADO";14;"PTB";"Partido Trabalhista Brasileiro";-1;"#NULO#";"#NULO#";"#NULO#";70001683758;"PARTIDO ISOLADO";"PTB";"N";147;"Válido";147;4;"NÃO ELEITO"
"04/10/2026";"03:16:54";2022;2;"Eleição Ordinária";1;546;"ELEIÇÕES GERAIS ESTADUAIS 2022";"02/10/2022";"E";"DF";"DF";"DISTRITO FEDERAL";97012;"BRASÍLIA";3;5;"Senador";70001666946;142;"MARCELO ABRUNHOSA HIPÓLITO";"MARCELO HIPÓLITO";"#NULO";12;"APTO";2;"DEFERIDO";-3;"#NE";-3;"#NE";-3;"#NE";"PARTIDO ISOLADO";14;"PTB";"Partido Trabalhista Brasileiro";-1;"#NULO#";"#NULO#";"#NULO#";70001683758;"PARTIDO ISOLADO";"PTB";"N";57;"Válido";57;4;"NÃO ELEITO"
"04/10/2026";"03:16:54";2022;2;"Eleição Ordinária";1;546;"ELEIÇÕES GERAIS ESTADUAIS 2022";"02/10/2022";"E";"DF";"DF";"DISTRITO FEDERAL";97012;"BRASÍLIA";21;5;"Senador";70001666946;142;"MARCELO ABRUNHOSA HIPÓLITO";"MARCELO HIPÓLITO";"#NULO";12;"APTO";2;"DEFERIDO";-3;"#NE";-3;"#NE";-3;"#NE";"PARTIDO ISOLADO";14;"PTB";"Partido Trabalhista Brasileiro";-1;"#NULO#";"#NULO#";"#NULO#";70001683758;"PARTIDO ISOLADO";"PTB";"N";55;"Válido";55;4;"NÃO ELEITO"
"04/10/2026";"03:16:54";2022;2;"Eleição Ordinária";1;546;"ELEIÇÕES GERAIS ESTADUAIS 2022";"02/10/2022";"E";"DF";"DF";"DISTRITO FEDERAL";97012;"BRASÍLIA";13;5;"Senador";70001666946;142;"MARCELO ABRUNHOSA HIPÓLITO";"MARCELO HIPÓLITO";"#NULO";12;"APTO";2;"DEFERIDO";-3;"#NE";-3;"#NE";-3;"#NE";"PARTIDO ISOLADO";14;"PTB";"Partido Trabalhista Brasileiro";-1;"#NULO#";"#NULO#";"#NULO#";70001683758;"PARTIDO ISOLADO";"PTB";"N";77;"Válido";77;4;"NÃO ELEITO"
"04/10/2026";"03:16:54";2022;2;"Eleição Ordinária";1;546;"ELEIÇÕES GERAIS ESTADUAIS 2022";"02/10/2022";"E";"DF";"DF";"DISTRITO FEDERAL";97012;"BRASÍLIA";1;5;"Senador";70001666946;142;"MARCELO ABRUNHOSA HIPÓLITO";"MARCELO HIPÓLITO";"#NULO";12;"APTO";2;"DEFERIDO";-3;"#NE";-3;"#NE";-3;"#NE";"PARTIDO ISOLADO";14;"PTB";"Partido Trabalhista Brasileiro";-1;"#NULO#";"#NULO#";"#NULO#";70001683758;"PARTIDO ISOLADO";"PTB";"N";126;"Válido";126;4;"NÃO ELEITO"
"04/10/2026";"03:16:54";2022;2;"Eleição Ordinária";1;546;"ELEIÇÕES GERAIS ESTADUAIS 2022";"02/10/2022";"E";"DF";"DF";"DISTRITO FEDERAL";97012;"BRASÍLIA";19;3;"Governador";70001651176;45;"IZALCI LUCAS FERREIRA";"IZALCI";"#NULO";12;"APTO";2;"DEFERIDO";-3;"#NE";-3;"#NE";-3;"#NE";"COLIGAÇÃO";45;"PSDB";"Partido da Social Democracia Brasileira";1;"Federação PSDB Cidadania";"PSDB/CIDADANIA";"CIDADANIA / PSDB";70001683339;"COLIGAÇÃO PARA CUIDAR DAS PESSOAS - (FEDERAÇÃO PSDB CIDADANIA-DF/PRTB-DF)";"Federação PSDB Cidadania (PSDB / CIDADANIA) / PRTB";"N";3849;"Válido";3849;4;"NÃO ELEITO"
"04/10/2026";"03:16:54";2022;2;"Eleição Ordinária";1;546;"ELEIÇÕES GERAIS ESTADUAIS 2022";"02/10/2022";"E";"DF";"DF";"DISTRITO FEDERAL";97012;"BRASÍLIA";8;3;"Governador";70001651176;45;"IZALCI LUCAS FERREIRA";"IZALCI";"#NULO";12;"APTO";2;"DEFERIDO";-3;"#NE";-3;"#NE";-3;"#NE";"COLIGAÇÃO";45;"PSDB";"Partido da Social Democracia Brasileira";1;"Federação PSDB Cidadania";"PSDB/CIDADANIA";"CIDADANIA / PSDB";70001683339;"COLIGAÇÃO PARA CUIDAR DAS PESSOAS - (FEDERAÇÃO PSDB CIDADANIA-DF/PRTB-DF)";"Federação PSDB Cidadania (PSDB / CIDADANIA) / PRTB";"N";4235;"Válido";4235;4;"NÃO ELEITO"
"04/10/2026";"03:16:54";2022;2;"Eleição Ordinária";1;546;"ELEIÇÕES GERAIS ESTADUAIS 2022";"02/10/2022";"E";"DF";"DF";"DISTRITO FEDERAL";97012;"BRASÍLIA";15;3;"Governador";70001651176;45;"IZALCI LUCAS FERREIRA";"IZALCI";"#NULO";12;"APTO";2;"DEFERIDO";-3;"#NE";-3;"#NE";-3;"#NE";"COLIGAÇÃO";45;"PSDB";"Partido da Social Democracia Brasileira";1;"Federação PSDB Cidadania";"PSDB/CIDADANIA";"CIDADANIA / PSDB";70001683339;"COLIGAÇÃO PARA CUIDAR DAS PESSOAS - (FEDERAÇÃO PSDB CIDADANIA-DF/PRTB-DF)";"Federação PSDB Cidadania (PSDB / CIDADANIA) / PRTB";"N";4681;"Válido";4681;4;"NÃO ELEITO"
"04/10/2026";"03:16:54";2022;2;"Eleição Ordinária";1;546;"ELEIÇÕES GERAIS ESTADUAIS 2022";"02/10/2022";"E";"DF";"DF";"DISTRITO FEDERAL";97012;"BRASÍLIA";18;3;"Governador";70001723172;55;"PAULO OCTÁVIO ALVES PEREIRA";"PAULO OCTÁVIO PO";"#NULO";12;"APTO";2;"DEFERIDO";-3;"#NE";-3;"#NE";-3;"#NE";"COLIGAÇÃO";55;"PSD";"Partido Social Democrático";-1;"#NULO#";"#NULO#";"#NULO#";70001685429;"DF PARA TODOS";"PODE / PATRIOTA / PSD / PSC / PMB";"N";6373;"Válido";6373;4;"NÃO ELEITO"
"04/10/2026";"03:16:54";2022;2;"Eleição Ordinária";1;546;"ELEIÇÕES GERAIS ESTADUAIS 2022";"02/10/2022";"E";"DF";"DF";"DISTRITO FEDERAL";97012;"BRASÍLIA";15;3;"Governador";70001723172;55;"PAULO OCTÁVIO ALVES PEREIRA";"PAULO OCTÁVIO PO";"#NULO";12;"APTO";2;"DEFERIDO";-3;"#NE";-3;"#NE";-3;"#NE";"COLIGAÇÃO";55;"PSD";"Partido Social Democrático";-1;"#NULO#";"#NULO#";"#NULO#";70001685429;"DF PARA TODOS";"PODE / PATRIOTA / PSD / PSC / PMB";"N";8418;"Válido";8418;4;"NÃO ELEITO"
"04/10/2026";"03:16:54";2022;2;"Eleição Ordinária";1;546;"ELEIÇÕES GERAIS ESTADUAIS 2022";"02/10/2022";"E";"DF";"DF";"DISTRITO FEDERAL";97012;"BRASÍLIA";11;3;"Governador";70001723172;55;"PAULO OCTÁVIO ALVES PEREIRA";"PAULO OCTÁVIO PO";"#NULO";12;"APTO";2;"DEFERIDO";-3;"#NE";-3;"#NE";-3;"#NE";"COLIGAÇÃO";55;"PSD";"Partido Social Democrático";-1;"#NULO#";"#NULO#";"#NULO#";70001685429;"DF PARA TODOS";"PODE / PATRIOTA / PSD / PSC / PMB";"N";3458;"Válido";3458;4;"NÃO ELEITO"
"04/10/2026";"03:16:54";2022;2;"Eleição Ordinária";1;546;"ELEIÇÕES GERAIS ESTADUAIS 2022";"02/10/2022";"E";"DF";"DF";"DISTRITO FEDERAL";97012;"BRASÍLIA";9;3;"Governador";70001723172;55;"PAULO OCTÁVIO ALVES PEREIRA";"PAULO OCTÁVIO PO";"#NULO";12;"APTO";2;"DEFERIDO";-3;"#NE";-3;"#NE";-3;"#NE";"COLIGAÇÃO";55;"PSD";"Partido Social Democrático";-1;"#NULO#";"#NULO#";"#NULO#";70001685429;"DF PARA TODOS";"PODE / PATRIOTA / PSD / PSC / PMB";"N";6678;"Válido";6678;4;"NÃO ELEITO"
"04/10/2026";"03:16:54";2022;2;"Eleição Ordinária";1;546;"ELEIÇÕES GERAIS ESTADUAIS 2022";"02/10/2022";"E";"DF";"DF";"DISTRITO FEDERAL";97012;"BRASÍLIA";16;3;"Governador";70001723172;55;"PAULO OCTÁVIO ALVES PEREIRA";"PAULO OCTÁVIO PO";"#NULO";12;"APTO";2;"DEFERIDO";-3;"#NE";-3;"#NE";-3;"#NE";"COLIGAÇÃO";55;"PSD";"Partido Social Democrático";-1;"#NULO#";"#NULO#";"#NULO#";70001685429;"DF PARA TODOS";"PODE / PATRIOTA / PSD / PSC / PMB";"N";10126;"Válido";10126;4;"NÃO ELEITO"
"04/10/2026";"03:16:54";2022;2;"Eleição Ordinária";1;546;"ELEIÇÕES GERAIS ESTADUAIS 2022";"02/10/2022";"E";"DF";"DF";"DISTRITO FEDERAL";97012;"BRASÍLIA";10;3;"Governador";70001723172;55;"PAULO OCTÁVIO ALVES PEREIRA";"PAULO OCTÁVIO PO";"#NULO";12;"APTO";2;"DEFERIDO";-3;"#NE";-3;"#NE";-3;"#NE";"COLIGAÇÃO";55;"PSD";"Partido Social Democrático";-1;"#NULO#";"#NULO#";"#NULO#";70001685429;"DF PARA TODOS";"PODE / PATRIOTA / PSD / PSC / PMB";"N";5730;"Válido";5730;4;"NÃO ELEITO"
"04/10/2026";"03:16:54";2022;2;"Eleição Ordinária";1;546;"ELEIÇÕES GERAIS ESTADUAIS 2022";"02/10/2022";"E";"DF";"DF";"DISTRITO FEDERAL";97012;"BRASÍLIA";5;3;"Governador";70001723172;55;"PAULO OCTÁVIO ALVES PEREIRA";"PAULO OCTÁVIO PO";"#NULO";12;"APTO";2;"DEFERIDO";-3;"#NE";-3;"#NE";-3;"#NE";"COLIGAÇÃO";55;"PSD";"Partido Social Democrático";-1;"#NULO#";"#NULO#";"#NULO#";70001685429;"DF PARA TODOS";"PODE / PATRIOTA / PSD / PSC / PMB";"N";6023;"Válido";6023;4;"NÃO ELEITO"
"04/10/2026";"03:16:54";2022;2;"Eleição Ordinária";1;546;"ELEIÇÕES GERAIS ESTADUAIS 2022";"02/10/2022";"E";"DF";"DF";"DISTRITO FEDERAL";97012;"BRASÍLIA";14;3;"Governador";70001723172;55;"PAULO OCTÁVIO ALVES PEREIRA";"PAULO OCTÁVIO PO";"#NULO";12;"APTO";2;"DEFERIDO";-3;"#NE";-3;"#NE";-3;"#NE";"COLIGAÇÃO";55;"PSD";"Partido Social Democrático";-1;"#NULO#";"#NULO#";"#NULO#";70001685429;"DF PARA TODOS";"PODE / PATRIOTA / PSD / PSC / PMB";"N";4163;"Válido";4163;4;"NÃO ELEITO"
"04/10/2026";"03:16:54";2022;2;"Eleição Ordinária";1;546;"ELEIÇÕES GERAIS ESTADUAIS 2022";"02/10/2022";"E";"DF";"DF";"DISTRITO FEDERAL";97012;"BRASÍLIA";8;3;"Governador";70001723172;55;"PAULO OCTÁVIO ALVES PEREIRA";"PAULO OCTÁVIO PO";"#NULO";12;"APTO";2;"DEFERIDO";-3;"#NE";-3;"#NE";-3;"#NE";"COLIGAÇÃO";55;"PSD";"Partido Social Democrático";-1;"#NULO#";"#NULO#";"#NULO#";70001685429;"DF PARA TODOS";"PODE / PATRIOTA / PSD / PSC / PMB";"N";9548;"Válido";9548;4;"NÃO ELEITO"
"04/10/2026";"03:16:54";2022;2;"Eleição Ordinária";1;546;"ELEIÇÕES GERAIS ESTADUAIS 2022";"02/10/2022";"E";"DF";"DF";"DISTRITO FEDERAL";97012;"BRASÍLIA";19;3;"Governador";70001723172;55;"PAULO OCTÁVIO ALVES PEREIRA";"PAULO OCTÁVIO PO";"#NULO";12;"APTO";2;"DEFERIDO";-3;"#NE";-3;"#NE";-3;"#NE";"COLIGAÇÃO";55;"PSD";"Partido Social Democrático";-1;"#NULO#";"#NULO#";"#NULO#";70001685429;"DF PARA TODOS";"PODE / PATRIOTA / PSD / PSC / PMB";"N";5790;"Válido";5790;4;"NÃO ELEITO"
"04/10/2026";"03:16:54";2022;2;"Eleição Ordinária";1;546;"ELEIÇÕES GERAIS ESTADUAIS 2022";"02/10/2022";"E";"DF";"DF";"DISTRITO FEDERAL";97012;"BRASÍLIA";1;3;"Governador";70001723172;55;"PAULO OCTÁVIO ALVES PEREIRA";"PAULO OCTÁVIO PO";"#NULO";12;"APTO";2;"DEFERIDO";-3;"#NE";-3;"#NE";-3;"#NE";"COLIGAÇÃO";55;"PSD";"Partido Social Democrático";-1;"#NULO#";"#NULO#";"#NULO#";70001685429;"DF PARA TODOS";"PODE / PATRIOTA / PSD / PSC / PMB";"N";3406;"Válido";3406;4;"NÃO ELEITO"
"04/10/2026";"03:16:54";2022;2;"Eleição Ordinária";1;546;"ELEIÇÕES GERAIS ESTADUAIS 2022";"02/10/2022";"E";"DF";"DF";"DISTRITO FEDERAL";97012;"BRASÍLIA";21;3;"Governador";70001723172;55;"PAULO OCTÁVIO ALVES PEREIRA";"PAULO OCTÁVIO PO";"#NULO";12;"APTO";2;"DEFERIDO";-3;"#NE";-3;"#NE";-3;"#NE";"COLIGAÇÃO";55;"PSD";"Partido Social Democrático";-1;"#NULO#";"#NULO#";"#NULO#";70001685429;"DF PARA TODOS";"PODE / PATRIOTA / PSD / PSC / PMB";"N";5942;"Válido";5942;4;"NÃO ELEITO"
"04/10/2026";"03:16:54";2022;2;"Eleição Ordinária";1;546;"ELEIÇÕES GERAIS ESTADUAIS 2022";"02/10/2022";"E";"DF";"DF";"DISTRITO FEDERAL";97012;"BRASÍLIA";3;3;"Governador";70001723172;55;"PAULO OCTÁVIO ALVES PEREIRA";"PAULO OCTÁVIO PO";"#NULO";12;"APTO";2;"DEFERIDO";-3;"#NE";-3;"#NE";-3;"#NE";"COLIGAÇÃO";55;"PSD";"Partido Social Democrático";-1;"#NULO#";"#NULO#";"#NULO#";70001685429;"DF PARA TODOS";"PODE / PATRIOTA / PSD / PSC / PMB";"N";5192;"Válido";5192;4;"NÃO ELEITO"
"04/10/2026";"03:16:54";2022;2;"Eleição Ordinária";1;546;"ELEIÇÕES GERAIS ESTADUAIS 2022";"02/10/2022";"E";"DF";"DF";"DISTRITO FEDERAL";97012;"BRASÍLIA";20;3;"Governador";70001723172;55;"PAULO OCTÁVIO ALVES PEREIRA";"PAULO OCTÁVIO PO";"#NULO";12;"APTO";2;"DEFERIDO";-3;"#NE";-3;"#NE";-3;"#NE";"COLIGAÇÃO";55;"PSD";"Partido Social Democrático";-1;"#NULO#";"#NULO#";"#NULO#";70001685429;"DF PARA TODOS";"PODE / PATRIOTA / PSD / PSC / PMB";"N";5790;"Válido";5790;4;"NÃO ELEITO"
"04/10/2026";"03:16:54";2022;2;"Eleição Ordinária";1;546;"ELEIÇÕES GERAIS ESTADUAIS 2022";"02/10/2022";"E";"DF";"DF";"DISTRITO FEDERAL";97012;"BRASÍLIA";13;3;"Governador";70001723172;55;"PAULO OCTÁVIO ALVES PEREIRA";"PAULO OCTÁVIO PO";"#NULO";12;"APTO";2;"DEFERIDO";-3;"#NE";-3;"#NE";-3;"#NE";"COLIGAÇÃO";55;"PSD";"Partido Social Democrático";-1;"#NULO#";"#NULO#";"#NULO#";70001685429;"DF PARA TODOS";"PODE / PATRIOTA / PSD / PSC / PMB";"N";8111;"Válido";8111;4;"NÃO ELEITO"
"04/10/2026";"03:16:54";2022;2;"Eleição Ordinária";1;546;"ELEIÇÕES GERAIS ESTADUAIS 2022";"02/10/2022";"E";"DF";"DF";"DISTRITO FEDERAL";97012;"BRASÍLIA";6;3;"Governador";70001723172;55;"PAULO OCTÁVIO ALVES PEREIRA";"PAULO OCTÁVIO PO";"#NULO";12;"APTO";2;"DEFERIDO";-3;"#NE";-3;"#NE";-3;"#NE";"COLIGAÇÃO";55;"PSD";"Partido Social Democrático";-1;"#NULO#";"#NULO#";"#NULO#";70001685429;"DF PARA TODOS";"PODE / PATRIOTA / PSD / PSC / PMB";"N";7808;"Válido";7808;4;"NÃO ELEITO"
"04/10/2026";"03:16:54";2022;2;"Eleição Ordinária";1;546;"ELEIÇÕES GERAIS ESTADUAIS 2022";"02/10/2022";"E";"DF";"DF";"DISTRITO FEDERAL";97012;"BRASÍLIA";4;3;"Governador";70001723172;55;"PAULO OCTÁVIO ALVES PEREIRA";"PAULO OCTÁVIO PO";"#NULO";12;"APTO";2;"DEFERIDO";-3;"#NE";-3;"#NE";-3;"#NE";"COLIGAÇÃO";55;"PSD";"Partido Social Democrático";-1;"#NULO#";"#NULO#";"#NULO#";70001685429;"DF PARA TODOS";"PODE / PATRIOTA / PSD / PSC / PMB";"N";6621;"Válido";6621;4;"NÃO ELEITO"
"04/10/2026";"03:16:54";2022;2;"Eleição Ordinária";1;546;"ELEIÇÕES GERAIS ESTADUAIS 2022";"02/10/2022";"E";"DF";"DF";"DISTRITO FEDERAL";97012;"BRASÍLIA";2;3;"Governador";70001723172;55;"PAULO OCTÁVIO ALVES PEREIRA";"PAULO OCTÁVIO PO";"#NULO";12;"APTO";2;"DEFERIDO";-3;"#NE";-3;"#NE";-3;"#NE";"COLIGAÇÃO";55;"PSD";"Partido Social Democrático";-1;"#NULO#";"#NULO#";"#NULO#";70001685429;"DF PARA TODOS";"PODE / PATRIOTA / PSD / PSC / PMB";"N";4802;"Válido";4802;4;"NÃO ELEITO"
"04/10/2026";"03:16:54";2022;2;"Eleição Ordinária";1;546;"ELEIÇÕES GERAIS ESTADUAIS 2022";"02/10/2022";"E";"DF";"DF";"DISTRITO FEDERAL";97012;"BRASÍLIA";17;3;"Governador";70001723172;55;"PAULO OCTÁVIO ALVES PEREIRA";"PAULO OCTÁVIO PO";"#NULO";12;"APTO";2;"DEFERIDO";-3;"#NE";-3;"#NE";-3;"#NE";"COLIGAÇÃO";55;"PSD";"Partido Social Democrático";-1;"#NULO#";"#NULO#";"#NULO#";70001685429;"DF PARA TODOS";"PODE / PATRIOTA / PSD / PSC / PMB";"N";9736;"Válido";9736;4;"NÃO ELEITO"
"04/10/2026";"03:16:54";2022;2;"Eleição Ordinária";1;546;"ELEIÇÕES GERAIS ESTADUAIS 2022";"02/10/2022";"E";"DF";"DF";"DISTRITO FEDERAL";97012;"BRASÍLIA";8;5;"Senador";70001621521;222;"FLÁVIA CAROLINA PÉRES";"FLÁVIA ARRUDA";"#NULO";12;"APTO";2;"DEFERIDO";-3;"#NE";-3;"#NE";-3;"#NE";"COLIGAÇÃO";22;"PL";"Partido Liberal";-1;"#NULO#";"#NULO#";"#NULO#";70001682269;"UNIDOS PELO DF";"MDB / PP / PL / PROS / PTB / REPUBLICANOS / AGIR / SOLIDARIEDADE / AVANTE";"N";27641;"Válido";27641;4;"NÃO ELEITO"
"04/10/2026";"03:16:54";2022;2;"Eleição Ordinária";1;546;"ELEIÇÕES GERAIS ESTADUAIS 2022";"02/10/2022";"E";"DF";"DF";"DISTRITO FEDERAL";97012;"BRASÍLIA";6;5;"Senador";70001621521;222;"FLÁVIA CAROLINA PÉRES";"FLÁVIA ARRUDA";"#NULO";12;"APTO";2;"DEFERIDO";-3;"#NE";-3;"#NE";-3;"#NE";"COLIGAÇÃO";22;"PL";"Partido Liberal";-1;"#NULO#";"#NULO#";"#NULO#";70001682269;"UNIDOS PELO DF";"MDB / PP / PL / PROS / PTB / REPUBLICANOS / AGIR / SOLIDARIEDADE / AVANTE";"N";31265;"Válido";31265;4;"NÃO ELEITO"
"04/10/2026";"03:16:54";2022;2;"Eleição Ordinária";1;546;"ELEIÇÕES GERAIS ESTADUAIS 2022";"02/10/2022";"E";"DF";"DF";"DISTRITO FEDERAL";97012;"BRASÍLIA";10;5;"Senador";70001621521;222;"FLÁVIA CAROLINA PÉRES";"FLÁVIA ARRUDA";"#NULO";12;"APTO";2;"DEFERIDO";-3;"#NE";-3;"#NE";-3;"#NE";"COLIGAÇÃO";22;"PL";"Partido Liberal";-1;"#NULO#";"#NULO#";"#NULO#";70001682269;"UNIDOS PELO DF";"MDB / PP / PL / PROS / PTB / REPUBLICANOS / AGIR / SOLIDARIEDADE / AVANTE";"N";22199;"Válido";22199;4;"NÃO ELEITO"
"04/10/2026";"03:16:54";2022;2;"Eleição Ordinária";1;546;"ELEIÇÕES GERAIS ESTADUAIS 2022";"02/10/2022";"E";"DF";"DF";"DISTRITO FEDERAL";97012;"BRASÍLIA";16;5;"Senador";70001621521;222;"FLÁVIA CAROLINA PÉRES";"FLÁVIA ARRUDA";"#NULO";12;"APTO";2;"DEFERIDO";-3;"#NE";-3;"#NE";-3;"#NE";"COLIGAÇÃO";22;"PL";"Partido Liberal";-1;"#NULO#";"#NULO#";"#NULO#";70001682269;"UNIDOS PELO DF";"MDB / PP / PL / PROS / PTB / REPUBLICANOS / AGIR / SOLIDARIEDADE / AVANTE";"N";36264;"Válido";36264;4;"NÃO ELEITO"
"04/10/2026";"03:16:54";2022;2;"Eleição Ordinária";1;546;"ELEIÇÕES GERAIS ESTADUAIS 2022";"02/10/2022";"E";"DF";"DF";"DISTRITO FEDERAL";97012;"BRASÍLIA";19;5;"Senador";70001621521;222;"FLÁVIA CAROLINA PÉRES";"FLÁVIA ARRUDA";"#NULO";12;"APTO";2;"DEFERIDO";-3;"#NE";-3;"#NE";-3;"#NE";"COLIGAÇÃO";22;"PL";"Partido Liberal";-1;"#NULO#";"#NULO#";"#NULO#";70001682269;"UNIDOS PELO DF";"MDB / PP / PL / PROS / PTB / REPUBLICANOS / AGIR / SOLIDARIEDADE / AVANTE";"N";21063;"Válido";21063;4;"NÃO ELEITO"
"04/10/2026";"03:16:54";2022;2;"Eleição Ordinária";1;546;"ELEIÇÕES GERAIS ESTADUAIS 2022";"02/10/2022";"E";"DF";"DF";"DISTRITO FEDERAL";97012;"BRASÍLIA";1;5;"Senador";70001621521;222;"FLÁVIA CAROLINA PÉRES";"FLÁVIA ARRUDA";"#NULO";12;"APTO";2;"DEFERIDO";-3;"#NE";-3;"#NE";-3;"#NE";"COLIGAÇÃO";22;"PL";"Partido Liberal";-1;"#NULO#";"#NULO#";"#NULO#";70001682269;"UNIDOS PELO DF";"MDB / PP / PL / PROS / PTB / REPUBLICANOS / AGIR / SOLIDARIEDADE / AVANTE";"N";11771;"Válido";11771;4;"NÃO ELEITO"
"04/10/2026";"03:16:54";2022;2;"Eleição Ordinária";1;546;"ELEIÇÕES GERAIS ESTADUAIS 2022";"02/10/2022";"E";"DF";"DF";"DISTRITO FEDERAL";97012;"BRASÍLIA";13;5;"Senador";70001621521;222;"FLÁVIA CAROLINA PÉRES";"FLÁVIA ARRUDA";"#NULO";12;"APTO";2;"DEFERIDO";-3;"#NE";-3;"#NE";-3;"#NE";"COLIGAÇÃO";22;"PL";"Partido Liberal";-1;"#NULO#";"#NULO#";"#NULO#";70001682269;"UNIDOS PELO DF";"MDB / PP / PL / PROS / PTB / REPUBLICANOS / AGIR / SOLIDARIEDADE / AVANTE";"N";30631;"Válido";30631;4;"NÃO ELEITO"
"04/10/2026";"03:16:54";2022;2;"Eleição Ordinária";1;546;"ELEIÇÕES GERAIS ESTADUAIS 2022";"02/10/2022";"E";"DF";"DF";"DISTRITO FEDERAL";97012;"BRASÍLIA";4;5;"Senador";70001621521;222;"FLÁVIA CAROLINA PÉRES";"FLÁVIA ARRUDA";"#NULO";12;"APTO";2;"DEFERIDO";-3;"#NE";-3;"#NE";-3;"#NE";"COLIGAÇÃO";22;"PL";"Partido Liberal";-1;"#NULO#";"#NULO#";"#NULO#";70001682269;"UNIDOS PELO DF";"MDB / PP / PL / PROS / PTB / REPUBLICANOS / AGIR / SOLIDARIEDADE / AVANTE";"N";21782;"Válido";21782;4;"NÃO ELEITO"
"04/10/2026";"03:16:54";2022;2;"Eleição Ordinária";1;546;"ELEIÇÕES GERAIS ESTADUAIS 2022";"02/10/2022";"E";"DF";"DF";"DISTRITO FEDERAL";97012;"BRASÍLIA";3;5;"Senador";70001621521;222;"FLÁVIA CAROLINA PÉRES";"FLÁVIA ARRUDA";"#NULO";12;"APTO";2;"DEFERIDO";-3;"#NE";-3;"#NE";-3;"#NE";"COLIGAÇÃO";22;"PL";"Partido Liberal";-1;"#NULO#";"#NULO#";"#NULO#";70001682269;"UNIDOS PELO DF";"MDB / PP / PL / PROS / PTB / REPUBLICANOS / AGIR / SOLIDARIEDADE / AVANTE";"N";14073;"Válido";14073;4;"NÃO ELEITO"
"04/10/2026";"03:16:54";2022;2;"Eleição Ordinária";1;546;"ELEIÇÕES GERAIS ESTADUAIS 2022";"02/10/2022";"E";"DF";"DF";"DISTRITO FEDERAL";97012;"BRASÍLIA";9;5;"Senador";70001621521;222;"FLÁVIA CAROLINA PÉRES";"FLÁVIA ARRUDA";"#NULO";12;"APTO";2;"DEFERIDO";-3;"#NE";-3;"#NE";-3;"#NE";"COLIGAÇÃO";22;"PL";"Partido Liberal";-1;"#NULO#";"#NULO#";"#NULO#";70001682269;"UNIDOS PELO DF";"MDB / PP / PL / PROS / PTB / REPUBLICANOS / AGIR / SOLIDARIEDADE / AVANTE";"N";23991;"Válido";23991;4;"NÃO ELEITO"
"04/10/2026";"03:16:54";2022;2;"Eleição Ordinária";1;546;"ELEIÇÕES GERAIS ESTADUAIS 2022";"02/10/2022";"E";"DF";"DF";"DISTRITO FEDERAL";97012;"BRASÍLIA";5;5;"Senador";70001621521;222;"FLÁVIA CAROLINA PÉRES";"FLÁVIA ARRUDA";"#NULO";12;"APTO";2;"DEFERIDO";-3;"#NE";-3;"#NE";-3;"#NE";"COLIGAÇÃO";22;"PL";"Partido Liberal";-1;"#NULO#";"#NULO#";"#NULO#";70001682269;"UNIDOS PELO DF";"MDB / PP / PL / PROS / PTB / REPUBLICANOS / AGIR / SOLIDARIEDADE / AVANTE";"N";22575;"Válido";22575;4;"NÃO ELEITO"
"04/10/2026";"03:16:54";2022;2;"Eleição Ordinária";1;546;"ELEIÇÕES GERAIS ESTADUAIS 2022";"02/10/2022";"E";"DF";"DF";"DISTRITO FEDERAL";97012;"BRASÍLIA";20;5;"Senador";70001621521;222;"FLÁVIA CAROLINA PÉRES";"FLÁVIA ARRUDA";"#NULO";12;"APTO";2;"DEFERIDO";-3;"#NE";-3;"#NE";-3;"#NE";"COLIGAÇÃO";22;"PL";"Partido Liberal";-1;"#NULO#";"#NULO#";"#NULO#";70001682269;"UNIDOS PELO DF";"MDB / PP / PL / PROS / PTB / REPUBLICANOS / AGIR / SOLIDARIEDADE / AVANTE";"N";15352;"Válido";15352;4;"NÃO ELEITO"
"04/10/2026";"03:16:54";2022;2;"Eleição Ordinária";1;546;"ELEIÇÕES GERAIS ESTADUAIS 2022";"02/10/2022";"E";"DF";"DF";"DISTRITO FEDERAL";97012;"BRASÍLIA";18;5;"Senador";70001621521;222;"FLÁVIA CAROLINA PÉRES";"FLÁVIA ARRUDA";"#NULO";12;"APTO";2;"DEFERIDO";-3;"#NE";-3;"#NE";-3;"#NE";"COLIGAÇÃO";22;"PL";"Partido Liberal";-1;"#NULO#";"#NULO#";"#NULO#";70001682269;"UNIDOS PELO DF";"MDB / PP / PL / PROS / PTB / REPUBLICANOS / AGIR / SOLIDARIEDADE / AVANTE";"N";21074;"Válido";21074;4;"NÃO ELEITO"
"04/10/2026";"03:16:54";2022;2;"Eleição Ordinária";1;546;"ELEIÇÕES GERAIS ESTADUAIS 2022";"02/10/2022";"E";"DF";"DF";"DISTRITO FEDERAL";97012;"BRASÍLIA";11;5;"Senador";70001621521;222;"FLÁVIA CAROLINA PÉRES";"FLÁVIA ARRUDA";"#NULO";12;"APTO";2;"DEFERIDO";-3;"#NE";-3;"#NE";-3;"#NE";"COLIGAÇÃO";22;"PL";"Partido Liberal";-1;"#NULO#";"#NULO#";"#NULO#";70001682269;"UNIDOS PELO DF";"MDB / PP / PL / PROS / PTB / REPUBLICANOS / AGIR / SOLIDARIEDADE / AVANTE";"N";11384;"Válido";11384;4;"NÃO ELEITO"
"04/10/2026";"03:16:54";2022;2;"Eleição Ordinária";1;546;"ELEIÇÕES GERAIS ESTADUAIS 2022";"02/10/2022";"E";"DF";"DF";"DISTRITO FEDERAL";97012;"BRASÍLIA";14;5;"Senador";70001621521;222;"FLÁVIA CAROLINA PÉRES";"FLÁVIA ARRUDA";"#NULO";12;"APTO";2;"DEFERIDO";-3;"#NE";-3;"#NE";-3;"#NE";"COLIGAÇÃO";22;"PL";"Partido Liberal";-1;"#NULO#";"#NULO#";"#NULO#";70001682269;"UNIDOS PELO DF";"MDB / PP / PL / PROS / PTB / REPUBLICANOS / AGIR / SOLIDARIEDADE / AVANTE";"N";15567;"Válido";15567;4;"NÃO ELEITO"
"04/10/2026";"03:16:54";2022;2;"Eleição Ordinária";1;546;"ELEIÇÕES GERAIS ESTADUAIS 2022";"02/10/2022";"E";"DF";"DF";"DISTRITO FEDERAL";97012;"BRASÍLIA";21;5;"Senador";70001621521;222;"FLÁVIA CAROLINA PÉRES";"FLÁVIA ARRUDA";"#NULO";12;"APTO";2;"DEFERIDO";-3;"#NE";-3;"#NE";-3;"#NE";"COLIGAÇÃO";22;"PL";"Partido Liberal";-1;"#NULO#";"#NULO#";"#NULO#";70001682269;"UNIDOS PELO DF";"MDB / PP / PL / PROS / PTB / REPUBLICANOS / AGIR / SOLIDARIEDADE / AVANTE";"N";27500;"Válido";27500;4;"NÃO ELEITO"
"04/10/2026";"03:16:54";2022;2;"Eleição Ordinária";1;546;"ELEIÇÕES GERAIS ESTADUAIS 2022";"02/10/2022";"E";"DF";"DF";"DISTRITO FEDERAL";97012;"BRASÍLIA";2;5;"Senador";70001621521;222;"FLÁVIA CAROLINA PÉRES";"FLÁVIA ARRUDA";"#NULO";12;"APTO";2;"DEFERIDO";-3;"#NE";-3;"#NE";-3;"#NE";"COLIGAÇÃO";22;"PL";"Partido Liberal";-1;"#NULO#";"#NULO#";"#NULO#";70001682269;"UNIDOS PELO DF";"MDB / PP / PL / PROS / PTB / REPUBLICANOS / AGIR / SOLIDARIEDADE / AVANTE";"N";23025;"Válido";23025;4;"NÃO ELEITO"
"04/10/2026";"03:16:54";2022;2;"Eleição Ordinária";1;546;"ELEIÇÕES GERAIS ESTADUAIS 2022";"02/10/2022";"E";"DF";"DF";"DISTRITO FEDERAL";97012;"BRASÍLIA";17;5;"Senador";70001621521;222;"FLÁVIA CAROLINA PÉRES";"FLÁVIA ARRUDA";"#NULO";12;"APTO";2;"DEFERIDO";-3;"#NE";-3;"#NE";-3;"#NE";"COLIGAÇÃO";22;"PL";"Partido Liberal";-1;"#NULO#";"#NULO#";"#NULO#";70001682269;"UNIDOS PELO DF";"MDB / PP / PL / PROS / PTB / REPUBLICANOS / AGIR / SOLIDARIEDADE / AVANTE";"N";24888;"Válido";24888;4;"NÃO ELEITO"
"04/10/2026";"03:16:54";2022;2;"Eleição Ordinária";1;546;"ELEIÇÕES GERAIS ESTADUAIS 2022";"02/10/2022";"E";"DF";"DF";"DISTRITO FEDERAL";97012;"BRASÍLIA";15;5;"Senador";70001621521;222;"FLÁVIA CAROLINA PÉRES";"FLÁVIA ARRUDA";"#NULO";12;"APTO";2;"DEFERIDO";-3;"#NE";-3;"#NE";-3;"#NE";"COLIGAÇÃO";22;"PL";"Partido Liberal";-1;"#NULO#";"#NULO#";"#NULO#";70001682269;"UNIDOS PELO DF";"MDB / PP / PL / PROS / PTB / REPUBLICANOS / AGIR / SOLIDARIEDADE / AVANTE";"N";27631;"Válido";27631;4;"NÃO ELEITO"
"04/10/2026";"03:16:54";2022;2;"Eleição Ordinária";1;546;"ELEIÇÕES GERAIS ESTADUAIS 2022";"02/10/2022";"E";"DF";"DF";"DISTRITO FEDERAL";97012;"BRASÍLIA";14;3;"Governador";70001601117;50;"CLEMENTINA ARAÚJO BAGNO DA SILVA";"KEKA BAGNO";"#NULO";12;"APTO";2;"DEFERIDO";-3;"#NE";-3;"#NE";-3;"#NE";"FEDERAÇÃO";50;"PSOL";"Partido Socialismo e Liberdade";3;"Federação PSOL REDE";"PSOL/REDE";"PSOL / REDE";70001681099;"FEDERAÇÃO";"Federação PSOL REDE (PSOL / REDE)";"N";1458;"Válido";1458;4;"NÃO ELEITO"
"04/10/2026";"03:16:54";2022;2;"Eleição Ordinária";1;546;"ELEIÇÕES GERAIS ESTADUAIS 2022";"02/10/2022";"E";"DF";"DF";"DISTRITO FEDERAL";97012;"BRASÍLIA";18;3;"Governador";70001601117;50;"CLEMENTINA ARAÚJO BAGNO DA SILVA";"KEKA BAGNO";"#NULO";12;"APTO";2;"DEFERIDO";-3;"#NE";-3;"#NE";-3;"#NE";"FEDERAÇÃO";50;"PSOL";"Partido Socialismo e Liberdade";3;"Federação PSOL REDE";"PSOL/REDE";"PSOL / REDE";70001681099;"FEDERAÇÃO";"Federação PSOL REDE (PSOL / REDE)";"N";859;"Válido";859;4;"NÃO ELEITO"
"04/10/2026";"03:16:54";2022;2;"Eleição Ordinária";1;546;"ELEIÇÕES GERAIS ESTADUAIS 2022";"02/10/2022";"E";"DF";"DF";"DISTRITO FEDERAL";97012;"BRASÍLIA";21;3;"Governador";70001601117;50;"CLEMENTINA ARAÚJO BAGNO DA SILVA";"KEKA BAGNO";"#NULO";12;"APTO";2;"DEFERIDO";-3;"#NE";-3;"#NE";-3;"#NE";"FEDERAÇÃO";50;"PSOL";"Partido Socialismo e Liberdade";3;"Federação PSOL REDE";"PSOL/REDE";"PSOL / REDE";70001681099;"FEDERAÇÃO";"Federação PSOL REDE (PSOL / REDE)";"N";480;"Válido";480;4;"NÃO ELEITO"
"04/10/2026";"03:16:54";2022;2;"Eleição Ordinária";1;546;"ELEIÇÕES GERAIS ESTADUAIS 2022";"02/10/2022";"E";"DF";"DF";"DISTRITO FEDERAL";97012;"BRASÍLIA";11;3;"Governador";70001601117;50;"CLEMENTINA ARAÚJO BAGNO DA SILVA";"KEKA BAGNO";"#NULO";12;"APTO";2;"DEFERIDO";-3;"#NE";-3;"#NE";-3;"#NE";"FEDERAÇÃO";50;"PSOL";"Partido Socialismo e Liberdade";3;"Federação PSOL REDE";"PSOL/REDE";"PSOL / REDE";70001681099;"FEDERAÇÃO";"Federação PSOL REDE (PSOL / REDE)";"N";630;"Válido";630;4;"NÃO ELEITO"
"04/10/2026";"03:16:54";2022;2;"Eleição Ordinária";1;546;"ELEIÇÕES GERAIS ESTADUAIS 2022";"02/10/2022";"E";"DF";"DF";"DISTRITO FEDERAL";97012;"BRASÍLIA";19;3;"Governador";70001601117;50;"CLEMENTINA ARAÚJO BAGNO DA SILVA";"KEKA BAGNO";"#NULO";12;"APTO";2;"DEFERIDO";-3;"#NE";-3;"#NE";-3;"#NE";"FEDERAÇÃO";50;"PSOL";"Partido Socialismo e Liberdade";3;"Federação PSOL REDE";"PSOL/REDE";"PSOL / REDE";70001681099;"FEDERAÇÃO";"Federação PSOL REDE (PSOL / REDE)";"N";593;"Válido";593;4;"NÃO ELEITO"
"04/10/2026";"03:16:54";2022;2;"Eleição Ordinária";1;546;"ELEIÇÕES GERAIS ESTADUAIS 2022";"02/10/2022";"E";"DF";"DF";"DISTRITO FEDERAL";97012;"BRASÍLIA";8;3;"Governador";70001601117;50;"CLEMENTINA ARAÚJO BAGNO DA SILVA";"KEKA BAGNO";"#NULO";12;"APTO";2;"DEFERIDO";-3;"#NE";-3;"#NE";-3;"#NE";"FEDERAÇÃO";50;"PSOL";"Partido Socialismo e Liberdade";3;"Federação PSOL REDE";"PSOL/REDE";"PSOL / REDE";70001681099;"FEDERAÇÃO";"Federação PSOL REDE (PSOL / REDE)";"N";771;"Válido";771;4;"NÃO ELEITO"
"04/10/2026";"03:16:54";2022;2;"Eleição Ordinária";1;546;"ELEIÇÕES GERAIS ESTADUAIS 2022";"02/10/2022";"E";"DF";"DF";"DISTRITO FEDERAL";97012;"BRASÍLIA";3;3;"Governador";70001601117;50;"CLEMENTINA ARAÚJO BAGNO DA SILVA";"KEKA BAGNO";"#NULO";12;"APTO";2;"DEFERIDO";-3;"#NE";-3;"#NE";-3;"#NE";"FEDERAÇÃO";50;"PSOL";"Partido Socialismo e Liberdade";3;"Federação PSOL REDE";"PSOL/REDE";"PSOL / REDE";70001681099;"FEDERAÇÃO";"Federação PSOL REDE (PSOL / REDE)";"N";355;"Válido";355;4;"NÃO ELEITO"
"04/10/2026";"03:16:54";2022;2;"Eleição Ordinária";1;546;"ELEIÇÕES GERAIS ESTADUAIS 2022";"02/10/2022";"E";"DF";"DF";"DISTRITO FEDERAL";97012;"BRASÍLIA";20;3;"Governador";70001601117;50;"CLEMENTINA ARAÚJO BAGNO DA SILVA";"KEKA BAGNO";"#NULO";12;"APTO";2;"DEFERIDO";-3;"#NE";-3;"#NE";-3;"#NE";"FEDERAÇÃO";50;"PSOL";"Partido Socialismo e Liberdade";3;"Federação PSOL REDE";"PSOL/REDE";"PSOL / REDE";70001681099;"FEDERAÇÃO";"Federação PSOL REDE (PSOL / REDE)";"N";414;"Válido";414;4;"NÃO ELEITO"
"04/10/2026";"03:16:54";2022;2;"Eleição Ordinária";1;546;"ELEIÇÕES GERAIS ESTADUAIS 2022";"02/10/2022";"E";"DF";"DF";"DISTRITO FEDERAL";97012;"BRASÍLIA";10;3;"Governador";70001601117;50;"CLEMENTINA ARAÚJO BAGNO DA SILVA";"KEKA BAGNO";"#NULO";12;"APTO";2;"DEFERIDO";-3;"#NE";-3;"#NE";-3;"#NE";"FEDERAÇÃO";50;"PSOL";"Partido Socialismo e Liberdade";3;"Federação PSOL REDE";"PSOL/REDE";"PSOL / REDE";70001681099;"FEDERAÇÃO";"Federação PSOL REDE (PSOL / REDE)";"N";651;"Válido";651;4;"NÃO ELEITO"
"04/10/2026";"03:16:54";2022;2;"Eleição Ordinária";1;546;"ELEIÇÕES GERAIS ESTADUAIS 2022";"02/10/2022";"E";"DF";"DF";"DISTRITO FEDERAL";97012;"BRASÍLIA";1;3;"Governador";70001601117;50;"CLEMENTINA ARAÚJO BAGNO DA SILVA";"KEKA BAGNO";"#NULO";12;"APTO";2;"DEFERIDO";-3;"#NE";-3;"#NE";-3;"#NE";"FEDERAÇÃO";50;"PSOL";"Partido Socialismo e Liberdade";3;"Federação PSOL REDE";"PSOL/REDE";"PSOL / REDE";70001681099;"FEDERAÇÃO";"Federação PSOL REDE (PSOL / REDE)";"N";786;"Válido";786;4;"NÃO ELEITO"
"04/10/2026";"03:16:54";2022;2;"Eleição Ordinária";1;546;"ELEIÇÕES GERAIS ESTADUAIS 2022";"02/10/2022";"E";"DF";"DF";"DISTRITO FEDERAL";97012;"BRASÍLIA";2;3;"Governador";70001601117;50;"CLEMENTINA ARAÚJO BAGNO DA SILVA";"KEKA BAGNO";"#NULO";12;"APTO";2;"DEFERIDO";-3;"#NE";-3;"#NE";-3;"#NE";"FEDERAÇÃO";50;"PSOL";"Partido Socialismo e Liberdade";3;"Federação PSOL REDE";"PSOL/REDE";"PSOL / REDE";70001681099;"FEDERAÇÃO";"Federação PSOL REDE (PSOL / REDE)";"N";800;"Válido";800;4;"NÃO ELEITO"
"04/10/2026";"03:16:54";2022;2;"Eleição Ordinária";1;546;"ELEIÇÕES GERAIS ESTADUAIS 2022";"02/10/2022";"E";"DF";"DF";"DISTRITO FEDERAL";97012;"BRASÍLIA";5;3;"Governador";70001601117;50;"CLEMENTINA ARAÚJO BAGNO DA SILVA";"KEKA BAGNO";"#NULO";12;"APTO";2;"DEFERIDO";-3;"#NE";-3;"#NE";-3;"#NE";"FEDERAÇÃO";50;"PSOL";"Partido Socialismo e Liberdade";3;"Federação PSOL REDE";"PSOL/REDE";"PSOL / REDE";70001681099;"FEDERAÇÃO";"Federação PSOL REDE (PSOL / REDE)";"N";800;"Válido";800;4;"NÃO ELEITO"
"04/10/2026";"03:16:54";2022;2;"Eleição Ordinária";1;546;"ELEIÇÕES GERAIS ESTADUAIS 2022";"02/10/2022";"E";"DF";"DF";"DISTRITO FEDERAL";97012;"BRASÍLIA";13;3;"Governador";70001601117;50;"CLEMENTINA ARAÚJO BAGNO DA SILVA";"KEKA BAGNO";"#NULO";12;"APTO";2;"DEFERIDO";-3;"#NE";-3;"#NE";-3;"#NE";"FEDERAÇÃO";50;"PSOL";"Partido Socialismo e Liberdade";3;"Federação PSOL REDE";"PSOL/REDE";"PSOL / REDE";70001681099;"FEDERAÇÃO";"Federação PSOL REDE (PSOL / REDE)";"N";643;"Válido";643;4;"NÃO ELEITO"
"04/10/2026";"03:16:54";2022;2;"Eleição Ordinária";1;546;"ELEIÇÕES GERAIS ESTADUAIS 2022";"02/10/2022";"E";"DF";"DF";"DISTRITO FEDERAL";97012;"BRASÍLIA";9;3;"Governador";70001601117;50;"CLEMENTINA ARAÚJO BAGNO DA SILVA";"KEKA BAGNO";"#NULO";12;"APTO";2;"DEFERIDO";-3;"#NE";-3;"#NE";-3;"#NE";"FEDERAÇÃO";50;"PSOL";"Partido Socialismo e Liberdade";3;"Federação PSOL REDE";"PSOL/REDE";"PSOL / REDE";70001681099;"FEDERAÇÃO";"Federação PSOL REDE (PSOL / REDE)";"N";1002;"Válido";1002;4;"NÃO ELEITO"
"04/10/2026";"03:16:54";2022;2;"Eleição Ordinária";1;546;"ELEIÇÕES GERAIS ESTADUAIS 2022";"02/10/2022";"E";"DF";"DF";"DISTRITO FEDERAL";97012;"BRASÍLIA";6;3;"Governador";70001601117;50;"CLEMENTINA ARAÚJO BAGNO DA SILVA";"KEKA BAGNO";"#NULO";12;"APTO";2;"DEFERIDO";-3;"#NE";-3;"#NE";-3;"#NE";"FEDERAÇÃO";50;"PSOL";"Partido Socialismo e Liberdade";3;"Federação PSOL REDE";"PSOL/REDE";"PSOL / REDE";70001681099;"FEDERAÇÃO";"Federação PSOL REDE (PSOL / REDE)";"N";614;"Válido";614;4;"NÃO ELEITO"
"04/10/2026";"03:16:54";2022;2;"Eleição Ordinária";1;546;"ELEIÇÕES GERAIS ESTADUAIS 2022";"02/10/2022";"E";"DF";"DF";"DISTRITO FEDERAL";97012;"BRASÍLIA";17;3;"Governador";70001601117;50;"CLEMENTINA ARAÚJO BAGNO DA SILVA";"KEKA BAGNO";"#NULO";12;"APTO";2;"DEFERIDO";-3;"#NE";-3;"#NE";-3;"#NE";"FEDERAÇÃO";50;"PSOL";"Partido Socialismo e Liberdade";3;"Federação PSOL REDE";"PSOL/REDE";"PSOL / REDE";70001681099;"FEDERAÇÃO";"Federação PSOL REDE (PSOL / REDE)";"N";575;"Válido";575;4;"NÃO ELEITO"
"04/10/2026";"03:16:54";2022;2;"Eleição Ordinária";1;546;"ELEIÇÕES GERAIS ESTADUAIS 2022";"02/10/2022";"E";"DF";"DF";"DISTRITO FEDERAL";97012;"BRASÍLIA";16;3;"Governador";70001601117;50;"CLEMENTINA ARAÚJO BAGNO DA SILVA";"KEKA BAGNO";"#NULO";12;"APTO";2;"DEFERIDO";-3;"#NE";-3;"#NE";-3;"#NE";"FEDERAÇÃO";50;"PSOL";"Partido Socialismo e Liberdade";3;"Federação PSOL REDE";"PSOL/REDE";"PSOL / REDE";70001681099;"FEDERAÇÃO";"Federação PSOL REDE (PSOL / REDE)";"N";680;"Válido";680;4;"NÃO ELEITO"
"04/10/2026";"03:16:54";2022;2;"Eleição Ordinária";1;546;"ELEIÇÕES GERAIS ESTADUAIS 2022";"02/10/2022";"E";"DF";"DF";"DISTRITO FEDERAL";97012;"BRASÍLIA";4;3;"Governador";70001601117;50;"CLEMENTINA ARAÚJO BAGNO DA SILVA";"KEKA BAGNO";"#NULO";12;"APTO";2;"DEFERIDO";-3;"#NE";-3;"#NE";-3;"#NE";"FEDERAÇÃO";50;"PSOL";"Partido Socialismo e Liberdade";3;"Federação PSOL REDE";"PSOL/REDE";"PSOL / REDE";70001681099;"FEDERAÇÃO";"Federação PSOL REDE (PSOL / REDE)";"N";458;"Válido";458;4;"NÃO ELEITO"
"04/10/2026";"03:16:54";2022;2;"Eleição Ordinária";1;546;"ELEIÇÕES GERAIS ESTADUAIS 2022";"02/10/2022";"E";"DF";"DF";"DISTRITO FEDERAL";97012;"BRASÍLIA";15;3;"Governador";70001601117;50;"CLEMENTINA ARAÚJO BAGNO DA SILVA";"KEKA BAGNO";"#NULO";12;"APTO";2;"DEFERIDO";-3;"#NE";-3;"#NE";-3;"#NE";"FEDERAÇÃO";50;"PSOL";"Partido Socialismo e Liberdade";3;"Federação PSOL REDE";"PSOL/REDE";"PSOL / REDE";70001681099;"FEDERAÇÃO";"Federação PSOL REDE (PSOL / REDE)";"N";1044;"Válido";1044;4;"NÃO ELEITO"
"04/10/2026";"03:16:54";2022;2;"Eleição Ordinária";1;546;"ELEIÇÕES GERAIS ESTADUAIS 2022";"02/10/2022";"E";"DF";"DF";"DISTRITO FEDERAL";97012;"BRASÍLIA";1;3;"Governador";70001699367;21;"TEODORO ANTONIO DA CRUZ FILHO";"TEODORO DA CRUZ TÉO";"#NULO";12;"APTO";2;"DEFERIDO";-3;"#NE";-3;"#NE";-3;"#NE";"PARTIDO ISOLADO";21;"PCB";"Partido Comunista Brasileiro";-1;"#NULO#";"#NULO#";"#NULO#";70001684714;"PARTIDO ISOLADO";"PCB";"N";57;"Válido";57;4;"NÃO ELEITO"
"04/10/2026";"03:16:54";2022;2;"Eleição Ordinária";1;546;"ELEIÇÕES GERAIS ESTADUAIS 2022";"02/10/2022";"E";"DF";"DF";"DISTRITO FEDERAL";97012;"BRASÍLIA";5;3;"Governador";70001699367;21;"TEODORO ANTONIO DA CRUZ FILHO";"TEODORO DA CRUZ TÉO";"#NULO";12;"APTO";2;"DEFERIDO";-3;"#NE";-3;"#NE";-3;"#NE";"PARTIDO ISOLADO";21;"PCB";"Partido Comunista Brasileiro";-1;"#NULO#";"#NULO#";"#NULO#";70001684714;"PARTIDO ISOLADO";"PCB";"N";64;"Válido";64;4;"NÃO ELEITO"
"04/10/2026";"03:16:54";2022;2;"Eleição Ordinária";1;546;"ELEIÇÕES GERAIS ESTADUAIS 2022";"02/10/2022";"E";"DF";"DF";"DISTRITO FEDERAL";97012;"BRASÍLIA";14;3;"Governador";70001699367;21;"TEODORO ANTONIO DA CRUZ FILHO";"TEODORO DA CRUZ TÉO";"#NULO";12;"APTO";2;"DEFERIDO";-3;"#NE";-3;"#NE";-3;"#NE";"PARTIDO ISOLADO";21;"PCB";"Partido Comunista Brasileiro";-1;"#NULO#";"#NULO#";"#NULO#";70001684714;"PARTIDO ISOLADO";"PCB";"N";83;"Válido";83;4;"NÃO ELEITO"
"04/10/2026";"03:16:54";2022;2;"Eleição Ordinária";1;546;"ELEIÇÕES GERAIS ESTADUAIS 2022";"02/10/2022";"E";"DF";"DF";"DISTRITO FEDERAL";97012;"BRASÍLIA";16;3;"Governador";70001699367;21;"TEODORO ANTONIO DA CRUZ FILHO";"TEODORO DA CRUZ TÉO";"#NULO";12;"APTO";2;"DEFERIDO";-3;"#NE";-3;"#NE";-3;"#NE";"PARTIDO ISOLADO";21;"PCB";"Partido Comunista Brasileiro";-1;"#NULO#";"#NULO#";"#NULO#";70001684714;"PARTIDO ISOLADO";"PCB";"N";54;"Válido";54;4;"NÃO ELEITO"
"04/10/2026";"03:16:54";2022;2;"Eleição Ordinária";1;546;"ELEIÇÕES GERAIS ESTADUAIS 2022";"02/10/2022";"E";"DF";"DF";"DISTRITO FEDERAL";97012;"BRASÍLIA";13;3;"Governador";70001699367;21;"TEODORO ANTONIO DA CRUZ FILHO";"TEODORO DA CRUZ TÉO";"#NULO";12;"APTO";2;"DEFERIDO";-3;"#NE";-3;"#NE";-3;"#NE";"PARTIDO ISOLADO";21;"PCB";"Partido Comunista Brasileiro";-1;"#NULO#";"#NULO#";"#NULO#";70001684714;"PARTIDO ISOLADO";"PCB";"N";74;"Válido";74;4;"NÃO ELEITO"
"04/10/2026";"03:16:54";2022;2;"Eleição Ordinária";1;546;"ELEIÇÕES GERAIS ESTADUAIS 2022";"02/10/2022";"E";"DF";"DF";"DISTRITO FEDERAL";97012;"BRASÍLIA";19;3;"Governador";70001699367;21;"TEODORO ANTONIO DA CRUZ FILHO";"TEODORO DA CRUZ TÉO";"#NULO";12;"APTO";2;"DEFERIDO";-3;"#NE";-3;"#NE";-3;"#NE";"PARTIDO ISOLADO";21;"PCB";"Partido Comunista Brasileiro";-1;"#NULO#";"#NULO#";"#NULO#";70001684714;"PARTIDO ISOLADO";"PCB";"N";68;"Válido";68;4;"NÃO ELEITO"
"04/10/2026";"03:16:54";2022;2;"Eleição Ordinária";1;546;"ELEIÇÕES GERAIS ESTADUAIS 2022";"02/10/2022";"E";"DF";"DF";"DISTRITO FEDERAL";97012;"BRASÍLIA";10;3;"Governador";70001699367;21;"TEODORO ANTONIO DA CRUZ FILHO";"TEODORO DA CRUZ TÉO";"#NULO";12;"APTO";2;"DEFERIDO";-3;"#NE";-3;"#NE";-3;"#NE";"PARTIDO ISOLADO";21;"PCB";"Partido Comunista Brasileiro";-1;"#NULO#";"#NULO#";"#NULO#";70001684714;"PARTIDO ISOLADO";"PCB";"N";59;"Válido";59;4;"NÃO ELEITO"
"04/10/2026";"03:16:54";2022;2;"Eleição Ordinária";1;546;"ELEIÇÕES GERAIS ESTADUAIS 2022";"02/10/2022";"E";"DF";"DF";"DISTRITO FEDERAL";97012;"BRASÍLIA";20;3;"Governador";70001699367;21;"TEODORO ANTONIO DA CRUZ FILHO";"TEODORO DA CRUZ TÉO";"#NULO";12;"APTO";2;"DEFERIDO";-3;"#NE";-3;"#NE";-3;"#NE";"PARTIDO ISOLADO";21;"PCB";"Partido Comunista Brasileiro";-1;"#NULO#";"#NULO#";"#NULO#";70001684714;"PARTIDO ISOLADO";"PCB";"N";38;"Válido";38;4;"NÃO ELEITO"
"04/10/2026";"03:16:54";2022;2;"Eleição Ordinária";1;546;"ELEIÇÕES GERAIS ESTADUAIS 2022";"02/10/2022";"E";"DF";"DF";"DISTRITO FEDERAL";97012;"BRASÍLIA";8;3;"Governador";70001699367;21;"TEODORO ANTONIO DA CRUZ FILHO";"TEODORO DA CRUZ TÉO";"#NULO";12;"APTO";2;"DEFERIDO";-3;"#NE";-3;"#NE";-3;"#NE";"PARTIDO ISOLADO";21;"PCB";"Partido Comunista Brasileiro";-1;"#NULO#";"#NULO#";"#NULO#";70001684714;"PARTIDO ISOLADO";"PCB";"N";64;"Válido";64;4;"NÃO ELEITO"
"04/10/2026";"03:16:54";2022;2;"Eleição Ordinária";1;546;"ELEIÇÕES GERAIS ESTADUAIS 2022";"02/10/2022";"E";"DF";"DF";"DISTRITO FEDERAL";97012;"BRASÍLIA";8;3;"Governador";70001611377;16;"ROBSON RAYMUNDO DA SILVA";"ROBSON";"#NULO";12;"APTO";2;"DEFERIDO";-3;"#NE";-3;"#NE";-3;"#NE";"PARTIDO ISOLADO";16;"PSTU";"Partido Socialista dos Trabalhadores Unificado";-1;"#NULO#";"#NULO#";"#NULO#";70001681569;"PARTIDO ISOLADO";"PSTU";"N";49;"Válido";49;4;"NÃO ELEITO"
"04/10/2026";"03:16:54";2022;2;"Eleição Ordinária";1;546;"ELEIÇÕES GERAIS ESTADUAIS 2022";"02/10/2022";"E";"DF";"DF";"DISTRITO FEDERAL";97012;"BRASÍLIA";11;3;"Governador";70001611377;16;"ROBSON RAYMUNDO DA SILVA";"ROBSON";"#NULO";12;"APTO";2;"DEFERIDO";-3;"#NE";-3;"#NE";-3;"#NE";"PARTIDO ISOLADO";16;"PSTU";"Partido Socialista dos Trabalhadores Unificado";-1;"#NULO#";"#NULO#";"#NULO#";70001681569;"PARTIDO ISOLADO";"PSTU";"N";30;"Válido";30;4;"NÃO ELEITO"
"04/10/2026";"03:16:54";2022;2;"Eleição Ordinária";1;546;"ELEIÇÕES GERAIS ESTADUAIS 2022";"02/10/2022";"E";"DF";"DF";"DISTRITO FEDERAL";97012;"BRASÍLIA";20;3;"Governador";70001611377;16;"ROBSON RAYMUNDO DA SILVA";"ROBSON";"#NULO";12;"APTO";2;"DEFERIDO";-3;"#NE";-3;"#NE";-3;"#NE";"PARTIDO ISOLADO";16;"PSTU";"Partido Socialista dos Trabalhadores Unificado";-1;"#NULO#";"#NULO#";"#NULO#";70001681569;"PARTIDO ISOLADO";"PSTU";"N";15;"Válido";15;4;"NÃO ELEITO"
"04/10/2026";"03:16:54";2022;2;"Eleição Ordinária";1;546;"ELEIÇÕES GERAIS ESTADUAIS 2022";"02/10/2022";"E";"DF";"DF";"DISTRITO FEDERAL";97012;"BRASÍLIA";21;3;"Governador";70001611377;16;"ROBSON RAYMUNDO DA SILVA";"ROBSON";"#NULO";12;"APTO";2;"DEFERIDO";-3;"#NE";-3;"#NE";-3;"#NE";"PARTIDO ISOLADO";16;"PSTU";"Partido Socialista dos Trabalhadores Unificado";-1;"#NULO#";"#NULO#";"#NULO#";70001681569;"PARTIDO ISOLADO";"PSTU";"N";34;"Válido";34;4;"NÃO ELEITO"
"04/10/2026";"03:16:54";2022;2;"Eleição Ordinária";1;546;"ELEIÇÕES GERAIS ESTADUAIS 2022";"02/10/2022";"E";"DF";"DF";"DISTRITO FEDERAL";97012;"BRASÍLIA";6;3;"Governador";70001611377;16;"ROBSON RAYMUNDO DA SILVA";"ROBSON";"#NULO";12;"APTO";2;"DEFERIDO";-3;"#NE";-3;"#NE";-3;"#NE";"PARTIDO ISOLADO";16;"PSTU";"Partido Socialista dos Trabalhadores Unificado";-1;"#NULO#";"#NULO#";"#NULO#";70001681569;"PARTIDO ISOLADO";"PSTU";"N";47;"Válido";47;4;"NÃO ELEITO"
"04/10/2026";"03:16:54";2022;2;"Eleição Ordinária";1;546;"ELEIÇÕES GERAIS ESTADUAIS 2022";"02/10/2022";"E";"DF";"DF";"DISTRITO FEDERAL";97012;"BRASÍLIA";5;3;"Governador";70001611377;16;"ROBSON RAYMUNDO DA SILVA";"ROBSON";"#NULO";12;"APTO";2;"DEFERIDO";-3;"#NE";-3;"#NE";-3;"#NE";"PARTIDO ISOLADO";16;"PSTU";"Partido Socialista dos Trabalhadores Unificado";-1;"#NULO#";"#NULO#";"#NULO#";70001681569;"PARTIDO ISOLADO";"PSTU";"N";31;"Válido";31;4;"NÃO ELEITO"
"04/10/2026";"03:16:54";2022;2;"Eleição Ordinária";1;546;"ELEIÇÕES GERAIS ESTADUAIS 2022";"02/10/2022";"E";"DF";"DF";"DISTRITO FEDERAL";97012;"BRASÍLIA";18;3;"Governador";70001611377;16;"ROBSON RAYMUNDO DA SILVA";"ROBSON";"#NULO";12;"APTO";2;"DEFERIDO";-3;"#NE";-3;"#NE";-3;"#NE";"PARTIDO ISOLADO";16;"PSTU";"Partido Socialista dos Trabalhadores Unificado";-1;"#NULO#";"#NULO#";"#NULO#";70001681569;"PARTIDO ISOLADO";"PSTU";"N";60;"Válido";60;4;"NÃO ELEITO"
"04/10/2026";"03:16:54";2022;2;"Eleição Ordinária";1;546;"ELEIÇÕES GERAIS ESTADUAIS 2022";"02/10/2022";"E";"DF";"DF";"DISTRITO FEDERAL";97012;"BRASÍLIA";1;3;"Governador";70001611377;16;"ROBSON RAYMUNDO DA SILVA";"ROBSON";"#NULO";12;"APTO";2;"DEFERIDO";-3;"#NE";-3;"#NE";-3;"#NE";"PARTIDO ISOLADO";16;"PSTU";"Partido Socialista dos Trabalhadores Unificado";-1;"#NULO#";"#NULO#";"#NULO#";70001681569;"PARTIDO ISOLADO";"PSTU";"N";37;"Válido";37;4;"NÃO ELEITO"
"04/10/2026";"03:16:54";2022;2;"Eleição Ordinária";1;546;"ELEIÇÕES GERAIS ESTADUAIS 2022";"02/10/2022";"E";"DF";"DF";"DISTRITO FEDERAL";97012;"BRASÍLIA";19;3;"Governador";70001611377;16;"ROBSON RAYMUNDO DA SILVA";"ROBSON";"#NULO";12;"APTO";2;"DEFERIDO";-3;"#NE";-3;"#NE";-3;"#NE";"PARTIDO ISOLADO";16;"PSTU";"Partido Socialista dos Trabalhadores Unificado";-1;"#NULO#";"#NULO#";"#NULO#";70001681569;"PARTIDO ISOLADO";"PSTU";"N";39;"Válido";39;4;"NÃO ELEITO"
"04/10/2026";"03:16:54";2022;2;"Eleição Ordinária";1;546;"ELEIÇÕES GERAIS ESTADUAIS 2022";"02/10/2022";"E";"DF";"DF";"DISTRITO FEDERAL";97012;"BRASÍLIA";14;3;"Governador";70001611377;16;"ROBSON RAYMUNDO DA SILVA";"ROBSON";"#NULO";12;"APTO";2;"DEFERIDO";-3;"#NE";-3;"#NE";-3;"#NE";"PARTIDO ISOLADO";16;"PSTU";"Partido Socialista dos Trabalhadores Unificado";-1;"#NULO#";"#NULO#";"#NULO#";70001681569;"PARTIDO ISOLADO";"PSTU";"N";58;"Válido";58;4;"NÃO ELEITO"
"04/10/2026";"03:16:54";2022;2;"Eleição Ordinária";1;546;"ELEIÇÕES GERAIS ESTADUAIS 2022";"02/10/2022";"E";"DF";"DF";"DISTRITO FEDERAL";97012;"BRASÍLIA";4;3;"Governador";70001611377;16;"ROBSON RAYMUNDO DA SILVA";"ROBSON";"#NULO";12;"APTO";2;"DEFERIDO";-3;"#NE";-3;"#NE";-3;"#NE";"PARTIDO ISOLADO";16;"PSTU";"Partido Socialista dos Trabalhadores Unificado";-1;"#NULO#";"#NULO#";"#NULO#";70001681569;"PARTIDO ISOLADO";"PSTU";"N";34;"Válido";34;4;"NÃO ELEITO"
"04/10/2026";"03:16:54";2022;2;"Eleição Ordinária";1;546;"ELEIÇÕES GERAIS ESTADUAIS 2022";"02/10/2022";"E";"DF";"DF";"DISTRITO FEDERAL";97012;"BRASÍLIA";15;3;"Governador";70001611377;16;"ROBSON RAYMUNDO DA SILVA";"ROBSON";"#NULO";12;"APTO";2;"DEFERIDO";-3;"#NE";-3;"#NE";-3;"#NE";"PARTIDO ISOLADO";16;"PSTU";"Partido Socialista dos Trabalhadores Unificado";-1;"#NULO#";"#NULO#";"#NULO#";70001681569;"PARTIDO ISOLADO";"PSTU";"N";68;"Válido";68;4;"NÃO ELEITO"
"04/10/2026";"03:16:54";2022;2;"Eleição Ordinária";1;546;"ELEIÇÕES GERAIS ESTADUAIS 2022";"02/10/2022";"E";"DF";"DF";"DISTRITO FEDERAL";97012;"BRASÍLIA";13;3;"Governador";70001611377;16;"ROBSON RAYMUNDO DA SILVA";"ROBSON";"#NULO";12;"APTO";2;"DEFERIDO";-3;"#NE";-3;"#NE";-3;"#NE";"PARTIDO ISOLADO";16;"PSTU";"Partido Socialista dos Trabalhadores Unificado";-1;"#NULO#";"#NULO#";"#NULO#";70001681569;"PARTIDO ISOLADO";"PSTU";"N";51;"Válido";51;4;"NÃO ELEITO"
"04/10/2026";"03:16:54";2022;2;"Eleição Ordinária";1;546;"ELEIÇÕES GERAIS ESTADUAIS 2022";"02/10/2022";"E";"DF";"DF";"DISTRITO FEDERAL";97012;"BRASÍLIA";10;3;"Governador";70001651044;15;"IBANEIS ROCHA BARROS JÚNIOR";"IBANEIS ROCHA";"#NULO";12;"APTO";2;"DEFERIDO";-3;"#NE";-3;"#NE";-3;"#NE";"COLIGAÇÃO";15;"MDB";"Movimento Democrático Brasileiro";-1;"#NULO#";"#NULO#";"#NULO#";70001683335;"UNIDOS PELO DF";"PTB / AVANTE / PROS / AGIR / PP / SOLIDARIEDADE / MDB / PL / PATRIOTA";"N";50045;"Válido";50045;1;"ELEITO"
"04/10/2026";"03:16:54";2022;2;"Eleição Ordinária";1;546;"ELEIÇÕES GERAIS ESTADUAIS 2022";"02/10/2022";"E";"DF";"DF";"DISTRITO FEDERAL";97012;"BRASÍLIA";14;3;"Governador";70001651044;15;"IBANEIS ROCHA BARROS JÚNIOR";"IBANEIS ROCHA";"#NULO";12;"APTO";2;"DEFERIDO";-3;"#NE";-3;"#NE";-3;"#NE";"COLIGAÇÃO";15;"MDB";"Movimento Democrático Brasileiro";-1;"#NULO#";"#NULO#";"#NULO#";70001683335;"UNIDOS PELO DF";"PTB / AVANTE / PROS / AGIR / PP / SOLIDARIEDADE / MDB / PL / PATRIOTA";"N";28781;"Válido";28781;1;"ELEITO"
"04/10/2026";"03:16:54";2022;2;"Eleição Ordinária";1;546;"ELEIÇÕES GERAIS ESTADUAIS 2022";"02/10/2022";"E";"DF";"DF";"DISTRITO FEDERAL";97012;"BRASÍLIA";8;3;"Governador";70001651044;15;"IBANEIS ROCHA BARROS JÚNIOR";"IBANEIS ROCHA";"#NULO";12;"APTO";2;"DEFERIDO";-3;"#NE";-3;"#NE";-3;"#NE";"COLIGAÇÃO";15;"MDB";"Movimento Democrático Brasileiro";-1;"#NULO#";"#NULO#";"#NULO#";70001683335;"UNIDOS PELO DF";"PTB / AVANTE / PROS / AGIR / PP / SOLIDARIEDADE / MDB / PL / PATRIOTA";"N";52204;"Válido";52204;1;"ELEITO"
"04/10/2026";"03:16:54";2022;2;"Eleição Ordinária";1;546;"ELEIÇÕES GERAIS ESTADUAIS 2022";"02/10/2022";"E";"DF";"DF";"DISTRITO FEDERAL";97012;"BRASÍLIA";18;3;"Governador";70001651044;15;"IBANEIS ROCHA BARROS JÚNIOR";"IBANEIS ROCHA";"#NULO";12;"APTO";2;"DEFERIDO";-3;"#NE";-3;"#NE";-3;"#NE";"COLIGAÇÃO";15;"MDB";"Movimento Democrático Brasileiro";-1;"#NULO#";"#NULO#";"#NULO#";70001683335;"UNIDOS PELO DF";"PTB / AVANTE / PROS / AGIR / PP / SOLIDARIEDADE / MDB / PL / PATRIOTA";"N";45294;"Válido";45294;1;"ELEITO"
"04/10/2026";"03:16:54";2022;2;"Eleição Ordinária";1;546;"ELEIÇÕES GERAIS ESTADUAIS 2022";"02/10/2022";"E";"DF";"DF";"DISTRITO FEDERAL";97012;"BRASÍLIA";9;3;"Governador";70001651044;15;"IBANEIS ROCHA BARROS JÚNIOR";"IBANEIS ROCHA";"#NULO";12;"APTO";2;"DEFERIDO";-3;"#NE";-3;"#NE";-3;"#NE";"COLIGAÇÃO";15;"MDB";"Movimento Democrático Brasileiro";-1;"#NULO#";"#NULO#";"#NULO#";70001683335;"UNIDOS PELO DF";"PTB / AVANTE / PROS / AGIR / PP / SOLIDARIEDADE / MDB / PL / PATRIOTA";"N";46059;"Válido";46059;1;"ELEITO"
"04/10/2026";"03:16:54";2022;2;"Eleição Ordinária";1;546;"ELEIÇÕES GERAIS ESTADUAIS 2022";"02/10/2022";"E";"DF";"DF";"DISTRITO FEDERAL";97012;"BRASÍLIA";19;3;"Governador";70001651044;15;"IBANEIS ROCHA BARROS JÚNIOR";"IBANEIS ROCHA";"#NULO";12;"APTO";2;"DEFERIDO";-3;"#NE";-3;"#NE";-3;"#NE";"COLIGAÇÃO";15;"MDB";"Movimento Democrático Brasileiro";-1;"#NULO#";"#NULO#";"#NULO#";70001683335;"UNIDOS PELO DF";"PTB / AVANTE / PROS / AGIR / PP / SOLIDARIEDADE / MDB / PL / PATRIOTA";"N";44439;"Válido";44439;1;"ELEITO"
"04/10/2026";"03:16:54";2022;2;"Eleição Ordinária";1;546;"ELEIÇÕES GERAIS ESTADUAIS 2022";"02/10/2022";"E";"DF";"DF";"DISTRITO FEDERAL";97012;"BRASÍLIA";9;3;"Governador";70001611377;16;"ROBSON RAYMUNDO DA SILVA";"ROBSON";"#NULO";12;"APTO";2;"DEFERIDO";-3;"#NE";-3;"#NE";-3;"#NE";"PARTIDO ISOLADO";16;"PSTU";"Partido Socialista dos Trabalhadores Unificado";-1;"#NULO#";"#NULO#";"#NULO#";70001681569;"PARTIDO ISOLADO";"PSTU";"N";71;"Válido";71;4;"NÃO ELEITO"
"04/10/2026";"03:16:54";2022;2;"Eleição Ordinária";1;546;"ELEIÇÕES GERAIS ESTADUAIS 2022";"02/10/2022";"E";"DF";"DF";"DISTRITO FEDERAL";97012;"BRASÍLIA";10;3;"Governador";70001611377;16;"ROBSON RAYMUNDO DA SILVA";"ROBSON";"#NULO";12;"APTO";2;"DEFERIDO";-3;"#NE";-3;"#NE";-3;"#NE";"PARTIDO ISOLADO";16;"PSTU";"Partido Socialista dos Trabalhadores Unificado";-1;"#NULO#";"#NULO#";"#NULO#";70001681569;"PARTIDO ISOLADO";"PSTU";"N";41;"Válido";41;4;"NÃO ELEITO"
"04/10/2026";"03:16:54";2022;2;"Eleição Ordinária";1;546;"ELEIÇÕES GERAIS ESTADUAIS 2022";"02/10/2022";"E";"DF";"DF";"DISTRITO FEDERAL";97012;"BRASÍLIA";16;3;"Governador";70001611377;16;"ROBSON RAYMUNDO DA SILVA";"ROBSON";"#NULO";12;"APTO";2;"DEFERIDO";-3;"#NE";-3;"#NE";-3;"#NE";"PARTIDO ISOLADO";16;"PSTU";"Partido Socialista dos Trabalhadores Unificado";-1;"#NULO#";"#NULO#";"#NULO#";70001681569;"PARTIDO ISOLADO";"PSTU";"N";56;"Válido";56;4;"NÃO ELEITO"
"04/10/2026";"03:16:54";2022;2;"Eleição Ordinária";1;546;"ELEIÇÕES GERAIS ESTADUAIS 2022";"02/10/2022";"E";"DF";"DF";"DISTRITO FEDERAL";97012;"BRASÍLIA";17;3;"Governador";70001611377;16;"ROBSON RAYMUNDO DA SILVA";"ROBSON";"#NULO";12;"APTO";2;"DEFERIDO";-3;"#NE";-3;"#NE";-3;"#NE";"PARTIDO ISOLADO";16;"PSTU";"Partido Socialista dos Trabalhadores Unificado";-1;"#NULO#";"#NULO#";"#NULO#";70001681569;"PARTIDO ISOLADO";"PSTU";"N";43;"Válido";43;4;"NÃO ELEITO"
"04/10/2026";"03:16:54";2022;2;"Eleição Ordinária";1;546;"ELEIÇÕES GERAIS ESTADUAIS 2022";"02/10/2022";"E";"DF";"DF";"DISTRITO FEDERAL";97012;"BRASÍLIA";2;3;"Governador";70001611377;16;"ROBSON RAYMUNDO DA SILVA";"ROBSON";"#NULO";12;"APTO";2;"DEFERIDO";-3;"#NE";-3;"#NE";-3;"#NE";"PARTIDO ISOLADO";16;"PSTU";"Partido Socialista dos Trabalhadores Unificado";-1;"#NULO#";"#NULO#";"#NULO#";70001681569;"PARTIDO ISOLADO";"PSTU";"N";54;"Válido";54;4;"NÃO ELEITO"
"04/10/2026";"03:16:54";2022;2;"Eleição Ordinária";1;546;"ELEIÇÕES GERAIS ESTADUAIS 2022";"02/10/2022";"E";"DF";"DF";"DISTRITO FEDERAL";97012;"BRASÍLIA";3;3;"Governador";70001611377;16;"ROBSON RAYMUNDO DA SILVA";"ROBSON";"#NULO";12;"APTO";2;"DEFERIDO";-3;"#NE";-3;"#NE";-3;"#NE";"PARTIDO ISOLADO";16;"PSTU";"Partido Socialista dos Trabalhadores Unificado";-1;"#NULO#";"#NULO#";"#NULO#";70001681569;"PARTIDO ISOLADO";"PSTU";"N";23;"Válido";23;4;"NÃO ELEITO"
"04/10/2026";"03:16:54";2022;2;"Eleição Ordinária";1;546;"ELEIÇÕES GERAIS ESTADUAIS 2022";"02/10/2022";"E";"DF";"DF";"DISTRITO FEDERAL";97012;"BRASÍLIA";15;3;"Governador";70001699367;21;"TEODORO ANTONIO DA CRUZ FILHO";"TEODORO DA CRUZ TÉO";"#NULO";12;"APTO";2;"DEFERIDO";-3;"#NE";-3;"#NE";-3;"#NE";"PARTIDO ISOLADO";21;"PCB";"Partido Comunista Brasileiro";-1;"#NULO#";"#NULO#";"#NULO#";70001684714;"PARTIDO ISOLADO";"PCB";"N";113;"Válido";113;4;"NÃO ELEITO"
"04/10/2026";"03:16:54";2022;2;"Eleição Ordinária";1;546;"ELEIÇÕES GERAIS ESTADUAIS 2022";"02/10/2022";"E";"DF";"DF";"DISTRITO FEDERAL";97012;"BRASÍLIA";4;3;"Governador";70001699367;21;"TEODORO ANTONIO DA CRUZ FILHO";"TEODORO DA CRUZ TÉO";"#NULO";12;"APTO";2;"DEFERIDO";-3;"#NE";-3;"#NE";-3;"#NE";"PARTIDO ISOLADO";21;"PCB";"Partido Comunista Brasileiro";-1;"#NULO#";"#NULO#";"#NULO#";70001684714;"PARTIDO ISOLADO";"PCB";"N";43;"Válido";43;4;"NÃO ELEITO"
"04/10/2026";"03:16:54";2022;2;"Eleição Ordinária";1;546;"ELEIÇÕES GERAIS ESTADUAIS 2022";"02/10/2022";"E";"DF";"DF";"DISTRITO FEDERAL";97012;"BRASÍLIA";9;3;"Governador";70001699367;21;"TEODORO ANTONIO DA CRUZ FILHO";"TEODORO DA CRUZ TÉO";"#NULO";12;"APTO";2;"DEFERIDO";-3;"#NE";-3;"#NE";-3;"#NE";"PARTIDO ISOLADO";21;"PCB";"Partido Comunista Brasileiro";-1;"#NULO#";"#NULO#";"#NULO#";70001684714;"PARTIDO ISOLADO";"PCB";"N";123;"Válido";123;4;"NÃO ELEITO"
"04/10/2026";"03:16:54";2022;2;"Eleição Ordinária";1;546;"ELEIÇÕES GERAIS ESTADUAIS 2022";"02/10/2022";"E";"DF";"DF";"DISTRITO FEDERAL";97012;"BRASÍLIA";21;3;"Governador";70001699367;21;"TEODORO ANTONIO DA CRUZ FILHO";"TEODORO DA CRUZ TÉO";"#NULO";12;"APTO";2;"DEFERIDO";-3;"#NE";-3;"#NE";-3;"#NE";"PARTIDO ISOLADO";21;"PCB";"Partido Comunista Brasileiro";-1;"#NULO#";"#NULO#";"#NULO#";70001684714;"PARTIDO ISOLADO";"PCB";"N";44;"Válido";44;4;"NÃO ELEITO"
"04/10/2026";"03:16:54";2022;2;"Eleição Ordinária";1;546;"ELEIÇÕES GERAIS ESTADUAIS 2022";"02/10/2022";"E";"DF";"DF";"DISTRITO FEDERAL";97012;"BRASÍLIA";11;3;"Governador";70001699367;21;"TEODORO ANTONIO DA CRUZ FILHO";"TEODORO DA CRUZ TÉO";"#NULO";12;"APTO";2;"DEFERIDO";-3;"#NE";-3;"#NE";-3;"#NE";"PARTIDO ISOLADO";21;"PCB";"Partido Comunista Brasileiro";-1;"#NULO#";"#NULO#";"#NULO#";70001684714;"PARTIDO ISOLADO";"PCB";"N";46;"Válido";46;4;"NÃO ELEITO"
"04/10/2026";"03:16:54";2022;2;"Eleição Ordinária";1;546;"ELEIÇÕES GERAIS ESTADUAIS 2022";"02/10/2022";"E";"DF";"DF";"DISTRITO FEDERAL";97012;"BRASÍLIA";6;3;"Governador";70001699367;21;"TEODORO ANTONIO DA CRUZ FILHO";"TEODORO DA CRUZ TÉO";"#NULO";12;"APTO";2;"DEFERIDO";-3;"#NE";-3;"#NE";-3;"#NE";"PARTIDO ISOLADO";21;"PCB";"Partido Comunista Brasileiro";-1;"#NULO#";"#NULO#";"#NULO#";70001684714;"PARTIDO ISOLADO";"PCB";"N";41;"Válido";41;4;"NÃO ELEITO"
"04/10/2026";"03:16:54";2022;2;"Eleição Ordinária";1;546;"ELEIÇÕES GERAIS ESTADUAIS 2022";"02/10/2022";"E";"DF";"DF";"DISTRITO FEDERAL";97012;"BRASÍLIA";18;3;"Governador";70001699367;21;"TEODORO ANTONIO DA CRUZ FILHO";"TEODORO DA CRUZ TÉO";"#NULO";12;"APTO";2;"DEFERIDO";-3;"#NE";-3;"#NE";-3;"#NE";"PARTIDO ISOLADO";21;"PCB";"Partido Comunista Brasileiro";-1;"#NULO#";"#NULO#";"#NULO#";70001684714;"PARTIDO ISOLADO";"PCB";"N";53;"Válido";53;4;"NÃO ELEITO"
"04/10/2026";"03:16:54";2022;2;"Eleição Ordinária";1;546;"ELEIÇÕES GERAIS ESTADUAIS 2022";"02/10/2022";"E";"DF";"DF";"DISTRITO FEDERAL";97012;"BRASÍLIA";3;3;"Governador";70001699367;21;"TEODORO ANTONIO DA CRUZ FILHO";"TEODORO DA CRUZ TÉO";"#NULO";12;"APTO";2;"DEFERIDO";-3;"#NE";-3;"#NE";-3;"#NE";"PARTIDO ISOLADO";21;"PCB";"Partido Comunista Brasileiro";-1;"#NULO#";"#NULO#";"#NULO#";70001684714;"PARTIDO ISOLADO";"PCB";"N";30;"Válido";30;4;"NÃO ELEITO"
"04/10/2026";"03:16:54";2022;2;"Eleição Ordinária";1;546;"ELEIÇÕES GERAIS ESTADUAIS 2022";"02/10/2022";"E";"DF";"DF";"DISTRITO FEDERAL";97012;"BRASÍLIA";17;3;"Governador";70001699367;21;"TEODORO ANTONIO DA CRUZ FILHO";"TEODORO DA CRUZ TÉO";"#NULO";12;"APTO";2;"DEFERIDO";-3;"#NE";-3;"#NE";-3;"#NE";"PARTIDO ISOLADO";21;"PCB";"Partido Comunista Brasileiro";-1;"#NULO#";"#NULO#";"#NULO#";70001684714;"PARTIDO ISOLADO";"PCB";"N";43;"Válido";43;4;"NÃO ELEITO"
"04/10/2026";"03:16:54";2022;2;"Eleição Ordinária";1;546;"ELEIÇÕES GERAIS ESTADUAIS 2022";"02/10/2022";"E";"DF";"DF";"DISTRITO FEDERAL";97012;"BRASÍLIA";2;3;"Governador";70001699367;21;"TEODORO ANTONIO DA CRUZ FILHO";"TEODORO DA CRUZ TÉO";"#NULO";12;"APTO";2;"DEFERIDO";-3;"#NE";-3;"#NE";-3;"#NE";"PARTIDO ISOLADO";21;"PCB";"Partido Comunista Brasileiro";-1;"#NULO#";"#NULO#";"#NULO#";70001684714;"PARTIDO ISOLADO";"PCB";"N";58;"Válido";58;4;"NÃO ELEITO"
"04/10/2026";"03:16:54";2022;2;"Eleição Ordinária";1;546;"ELEIÇÕES GERAIS ESTADUAIS 2022";"02/10/2022";"E";"DF";"DF";"DISTRITO FEDERAL";97012;"BRASÍLIA";14;3;"Governador";70001667057;14;"ELZIOVAN MATIAS MORENO LIMA";"CORONEL MORENO";"#NULO";12;"APTO";2;"DEFERIDO";-3;"#NE";-3;"#NE";-3;"#NE";"PARTIDO ISOLADO";14;"PTB";"Partido Trabalhista Brasileiro";-1;"#NULO#";"#NULO#";"#NULO#";70001683762;"PARTIDO ISOLADO";"PTB";"N";7601;"Válido";7601;4;"NÃO ELEITO"
"04/10/2026";"03:16:54";2022;2;"Eleição Ordinária";1;546;"ELEIÇÕES GERAIS ESTADUAIS 2022";"02/10/2022";"E";"DF";"DF";"DISTRITO FEDERAL";97012;"BRASÍLIA";2;3;"Governador";70001667057;14;"ELZIOVAN MATIAS MORENO LIMA";"CORONEL MORENO";"#NULO";12;"APTO";2;"DEFERIDO";-3;"#NE";-3;"#NE";-3;"#NE";"PARTIDO ISOLADO";14;"PTB";"Partido Trabalhista Brasileiro";-1;"#NULO#";"#NULO#";"#NULO#";70001683762;"PARTIDO ISOLADO";"PTB";"N";4005;"Válido";4005;4;"NÃO ELEITO"
"04/10/2026";"03:16:54";2022;2;"Eleição Ordinária";1;546;"ELEIÇÕES GERAIS ESTADUAIS 2022";"02/10/2022";"E";"DF";"DF";"DISTRITO FEDERAL";97012;"BRASÍLIA";10;3;"Governador";70001667057;14;"ELZIOVAN MATIAS MORENO LIMA";"CORONEL MORENO";"#NULO";12;"APTO";2;"DEFERIDO";-3;"#NE";-3;"#NE";-3;"#NE";"PARTIDO ISOLADO";14;"PTB";"Partido Trabalhista Brasileiro";-1;"#NULO#";"#NULO#";"#NULO#";70001683762;"PARTIDO ISOLADO";"PTB";"N";5195;"Válido";5195;4;"NÃO ELEITO"
"04/10/2026";"03:16:54";2022;2;"Eleição Ordinária";1;546;"ELEIÇÕES GERAIS ESTADUAIS 2022";"02/10/2022";"E";"DF";"DF";"DISTRITO FEDERAL";97012;"BRASÍLIA";5;3;"Governador";70001667057;14;"ELZIOVAN MATIAS MORENO LIMA";"CORONEL MORENO";"#NULO";12;"APTO";2;"DEFERIDO";-3;"#NE";-3;"#NE";-3;"#NE";"PARTIDO ISOLADO";14;"PTB";"Partido Trabalhista Brasileiro";-1;"#NULO#";"#NULO#";"#NULO#";70001683762;"PARTIDO ISOLADO";"PTB";"N";6014;"Válido";6014;4;"NÃO ELEITO"
"04/10/2026";"03:16:54";2022;2;"Eleição Ordinária";1;546;"ELEIÇÕES GERAIS ESTADUAIS 2022";"02/10/2022";"E";"DF";"DF";"DISTRITO FEDERAL";97012;"BRASÍLIA";3;3;"Governador";70001667057;14;"ELZIOVAN MATIAS MORENO LIMA";"CORONEL MORENO";"#NULO";12;"APTO";2;"DEFERIDO";-3;"#NE";-3;"#NE";-3;"#NE";"PARTIDO ISOLADO";14;"PTB";"Partido Trabalhista Brasileiro";-1;"#NULO#";"#NULO#";"#NULO#";70001683762;"PARTIDO ISOLADO";"PTB";"N";2939;"Válido";2939;4;"NÃO ELEITO"
"04/10/2026";"03:16:54";2022;2;"Eleição Ordinária";1;546;"ELEIÇÕES GERAIS ESTADUAIS 2022";"02/10/2022";"E";"DF";"DF";"DISTRITO FEDERAL";97012;"BRASÍLIA";18;3;"Governador";70001667057;14;"ELZIOVAN MATIAS MORENO LIMA";"CORONEL MORENO";"#NULO";12;"APTO";2;"DEFERIDO";-3;"#NE";-3;"#NE";-3;"#NE";"PARTIDO ISOLADO";14;"PTB";"Partido Trabalhista Brasileiro";-1;"#NULO#";"#NULO#";"#NULO#";70001683762;"PARTIDO ISOLADO";"PTB";"N";5779;"Válido";5779;4;"NÃO ELEITO"
"04/10/2026";"03:16:54";2022;2;"Eleição Ordinária";1;546;"ELEIÇÕES GERAIS ESTADUAIS 2022";"02/10/2022";"E";"DF";"DF";"DISTRITO FEDERAL";97012;"BRASÍLIA";11;3;"Governador";70001667057;14;"ELZIOVAN MATIAS MORENO LIMA";"CORONEL MORENO";"#NULO";12;"APTO";2;"DEFERIDO";-3;"#NE";-3;"#NE";-3;"#NE";"PARTIDO ISOLADO";14;"PTB";"Partido Trabalhista Brasileiro";-1;"#NULO#";"#NULO#";"#NULO#";70001683762;"PARTIDO ISOLADO";"PTB";"N";5256;"Válido";5256;4;"NÃO ELEITO"
"04/10/2026";"03:16:54";2022;2;"Eleição Ordinária";1;546;"ELEIÇÕES GERAIS ESTADUAIS 2022";"02/10/2022";"E";"DF";"DF";"DISTRITO FEDERAL";97012;"BRASÍLIA";19;3;"Governador";70001667057;14;"ELZIOVAN MATIAS MORENO LIMA";"CORONEL MORENO";"#NULO";12;"APTO";2;"DEFERIDO";-3;"#NE";-3;"#NE";-3;"#NE";"PARTIDO ISOLADO";14;"PTB";"Partido Trabalhista Brasileiro";-1;"#NULO#";"#NULO#";"#NULO#";70001683762;"PARTIDO ISOLADO";"PTB";"N";5034;"Válido";5034;4;"NÃO ELEITO"
"04/10/2026";"03:16:54";2022;2;"Eleição Ordinária";1;546;"ELEIÇÕES GERAIS ESTADUAIS 2022";"02/10/2022";"E";"DF";"DF";"DISTRITO FEDERAL";97012;"BRASÍLIA";8;3;"Governador";70001667057;14;"ELZIOVAN MATIAS MORENO LIMA";"CORONEL MORENO";"#NULO";12;"APTO";2;"DEFERIDO";-3;"#NE";-3;"#NE";-3;"#NE";"PARTIDO ISOLADO";14;"PTB";"Partido Trabalhista Brasileiro";-1;"#NULO#";"#NULO#";"#NULO#";70001683762;"PARTIDO ISOLADO";"PTB";"N";4126;"Válido";4126;4;"NÃO ELEITO"
"04/10/2026";"03:16:54";2022;2;"Eleição Ordinária";1;546;"ELEIÇÕES GERAIS ESTADUAIS 2022";"02/10/2022";"E";"DF";"DF";"DISTRITO FEDERAL";97012;"BRASÍLIA";17;3;"Governador";70001667057;14;"ELZIOVAN MATIAS MORENO LIMA";"CORONEL MORENO";"#NULO";12;"APTO";2;"DEFERIDO";-3;"#NE";-3;"#NE";-3;"#NE";"PARTIDO ISOLADO";14;"PTB";"Partido Trabalhista Brasileiro";-1;"#NULO#";"#NULO#";"#NULO#";70001683762;"PARTIDO ISOLADO";"PTB";"N";6266;"Válido";6266;4;"NÃO ELEITO"
"04/10/2026";"03:16:54";2022;2;"Eleição Ordinária";1;546;"ELEIÇÕES GERAIS ESTADUAIS 2022";"02/10/2022";"E";"DF";"DF";"DISTRITO FEDERAL";97012;"BRASÍLIA";1;3;"Governador";70001667057;14;"ELZIOVAN MATIAS MORENO LIMA";"CORONEL MORENO";"#NULO";12;"APTO";2;"DEFERIDO";-3;"#NE";-3;"#NE";-3;"#NE";"PARTIDO ISOLADO";14;"PTB";"Partido Trabalhista Brasileiro";-1;"#NULO#";"#NULO#";"#NULO#";70001683762;"PARTIDO ISOLADO";"PTB";"N";5556;"Válido";5556;4;"NÃO ELEITO"
"04/10/2026";"03:16:54";2022;2;"Eleição Ordinária";1;546;"ELEIÇÕES GERAIS ESTADUAIS 2022";"02/10/2022";"E";"DF";"DF";"DISTRITO FEDERAL";97012;"BRASÍLIA";13;3;"Governador";70001667057;14;"ELZIOVAN MATIAS MORENO LIMA";"CORONEL MORENO";"#NULO";12;"APTO";2;"DEFERIDO";-3;"#NE";-3;"#NE";-3;"#NE";"PARTIDO ISOLADO";14;"PTB";"Partido Trabalhista Brasileiro";-1;"#NULO#";"#NULO#";"#NULO#";70001683762;"PARTIDO ISOLADO";"PTB";"N";3993;"Válido";3993;4;"NÃO ELEITO"
"04/10/2026";"03:16:54";2022;2;"Eleição Ordinária";1;546;"ELEIÇÕES GERAIS ESTADUAIS 2022";"02/10/2022";"E";"DF";"DF";"DISTRITO FEDERAL";97012;"BRASÍLIA";9;3;"Governador";70001667057;14;"ELZIOVAN MATIAS MORENO LIMA";"CORONEL MORENO";"#NULO";12;"APTO";2;"DEFERIDO";-3;"#NE";-3;"#NE";-3;"#NE";"PARTIDO ISOLADO";14;"PTB";"Partido Trabalhista Brasileiro";-1;"#NULO#";"#NULO#";"#NULO#";70001683762;"PARTIDO ISOLADO";"PTB";"N";6484;"Válido";6484;4;"NÃO ELEITO"
"04/10/2026";"03:16:54";2022;2;"Eleição Ordinária";1;546;"ELEIÇÕES GERAIS ESTADUAIS 2022";"02/10/2022";"E";"DF";"DF";"DISTRITO FEDERAL";97012;"BRASÍLIA";15;3;"Governador";70001667057;14;"ELZIOVAN MATIAS MORENO LIMA";"CORONEL MORENO";"#NULO";12;"APTO";2;"DEFERIDO";-3;"#NE";-3;"#NE";-3;"#NE";"PARTIDO ISOLADO";14;"PTB";"Partido Trabalhista Brasileiro";-1;"#NULO#";"#NULO#";"#NULO#";70001683762;"PARTIDO ISOLADO";"PTB";"N";8507;"Válido";8507;4;"NÃO ELEITO"
"04/10/2026";"03:16:54";2022;2;"Eleição Ordinária";1;546;"ELEIÇÕES GERAIS ESTADUAIS 2022";"02/10/2022";"E";"DF";"DF";"DISTRITO FEDERAL";97012;"BRASÍLIA";4;3;"Governador";70001667057;14;"ELZIOVAN MATIAS MORENO LIMA";"CORONEL MORENO";"#NULO";12;"APTO";2;"DEFERIDO";-3;"#NE";-3;"#NE";-3;"#NE";"PARTIDO ISOLADO";14;"PTB";"Partido Trabalhista Brasileiro";-1;"#NULO#";"#NULO#";"#NULO#";70001683762;"PARTIDO ISOLADO";"PTB";"N";3412;"Válido";3412;4;"NÃO ELEITO"
"04/10/2026";"03:16:54";2022;2;"Eleição Ordinária";1;546;"ELEIÇÕES GERAIS ESTADUAIS 2022";"02/10/2022";"E";"DF";"DF";"DISTRITO FEDERAL";97012;"BRASÍLIA";16;3;"Governador";70001667057;14;"ELZIOVAN MATIAS MORENO LIMA";"CORONEL MORENO";"#NULO";12;"APTO";2;"DEFERIDO";-3;"#NE";-3;"#NE";-3;"#NE";"PARTIDO ISOLADO";14;"PTB";"Partido Trabalhista Brasileiro";-1;"#NULO#";"#NULO#";"#NULO#";70001683762;"PARTIDO ISOLADO";"PTB";"N";4064;"Válido";4064;4;"NÃO ELEITO"
"04/10/2026";"03:16:54";2022;2;"Eleição Ordinária";1;546;"ELEIÇÕES GERAIS ESTADUAIS 2022";"02/10/2022";"E";"DF";"DF";"DISTRITO FEDERAL";97012;"BRASÍLIA";6;3;"Governador";70001667057;14;"ELZIOVAN MATIAS MORENO LIMA";"CORONEL MORENO";"#NULO";12;"APTO";2;"DEFERIDO";-3;"#NE";-3;"#NE";-3;"#NE";"PARTIDO ISOLADO";14;"PTB";"Partido Trabalhista Brasileiro";-1;"#NULO#";"#NULO#";"#NULO#";70001683762;"PARTIDO ISOLADO";"PTB";"N";4652;"Válido";4652;4;"NÃO ELEITO"
"04/10/2026";"03:16:54";2022;2;"Eleição Ordinária";1;546;"ELEIÇÕES GERAIS ESTADUAIS 2022";"02/10/2022";"E";"DF";"DF";"DISTRITO FEDERAL";97012;"BRASÍLIA";21;3;"Governador";70001667057;14;"ELZIOVAN MATIAS MORENO LIMA";"CORONEL MORENO";"#NULO";12;"APTO";2;"DEFERIDO";-3;"#NE";-3;"#NE";-3;"#NE";"PARTIDO ISOLADO";14;"PTB";"Partido Trabalhista Brasileiro";-1;"#NULO#";"#NULO#";"#NULO#";70001683762;"PARTIDO ISOLADO";"PTB";"N";2617;"Válido";2617;4;"NÃO ELEITO"
"04/10/2026";"03:16:54";2022;2;"Eleição Ordinária";1;546;"ELEIÇÕES GERAIS ESTADUAIS 2022";"02/10/2022";"E";"DF";"DF";"DISTRITO FEDERAL";97012;"BRASÍLIA";20;3;"Governador";70001667057;14;"ELZIOVAN MATIAS MORENO LIMA";"CORONEL MORENO";"#NULO";12;"APTO";2;"DEFERIDO";-3;"#NE";-3;"#NE";-3;"#NE";"PARTIDO ISOLADO";14;"PTB";"Partido Trabalhista Brasileiro";-1;"#NULO#";"#NULO#";"#NULO#";70001683762;"PARTIDO ISOLADO";"PTB";"N";2600;"Válido";2600;4;"NÃO ELEITO"
"04/10/2026";"03:16:54";2022;2;"Eleição Ordinária";1;546;"ELEIÇÕES GERAIS ESTADUAIS 2022";"02/10/2022";"E";"DF";"DF";"DISTRITO FEDERAL";97012;"BRASÍLIA";6;3;"Governador";70001651044;15;"IBANEIS ROCHA BARROS JÚNIOR";"IBANEIS ROCHA";"#NULO";12;"APTO";2;"DEFERIDO";-3;"#NE";-3;"#NE";-3;"#NE";"COLIGAÇÃO";15;"MDB";"Movimento Democrático Brasileiro";-1;"#NULO#";"#NULO#";"#NULO#";70001683335;"UNIDOS PELO DF";"PTB / AVANTE / PROS / AGIR / PP / SOLIDARIEDADE / MDB / PL / PATRIOTA";"N";52401;"Válido";52401;1;"ELEITO"
"04/10/2026";"03:16:54";2022;2;"Eleição Ordinária";1;546;"ELEIÇÕES GERAIS ESTADUAIS 2022";"02/10/2022";"E";"DF";"DF";"DISTRITO FEDERAL";97012;"BRASÍLIA";5;3;"Governador";70001651044;15;"IBANEIS ROCHA BARROS JÚNIOR";"IBANEIS ROCHA";"#NULO";12;"APTO";2;"DEFERIDO";-3;"#NE";-3;"#NE";-3;"#NE";"COLIGAÇÃO";15;"MDB";"Movimento Democrático Brasileiro";-1;"#NULO#";"#NULO#";"#NULO#";70001683335;"UNIDOS PELO DF";"PTB / AVANTE / PROS / AGIR / PP / SOLIDARIEDADE / MDB / PL / PATRIOTA";"N";49575;"Válido";49575;1;"ELEITO"
"04/10/2026";"03:16:54";2022;2;"Eleição Ordinária";1;546;"ELEIÇÕES GERAIS ESTADUAIS 2022";"02/10/2022";"E";"DF";"DF";"DISTRITO FEDERAL";97012;"BRASÍLIA";16;3;"Governador";70001651044;15;"IBANEIS ROCHA BARROS JÚNIOR";"IBANEIS ROCHA";"#NULO";12;"APTO";2;"DEFERIDO";-3;"#NE";-3;"#NE";-3;"#NE";"COLIGAÇÃO";15;"MDB";"Movimento Democrático Brasileiro";-1;"#NULO#";"#NULO#";"#NULO#";70001683335;"UNIDOS PELO DF";"PTB / AVANTE / PROS / AGIR / PP / SOLIDARIEDADE / MDB / PL / PATRIOTA";"N";60497;"Válido";60497;1;"ELEITO"
"04/10/2026";"03:16:54";2022;2;"Eleição Ordinária";1;546;"ELEIÇÕES GERAIS ESTADUAIS 2022";"02/10/2022";"E";"DF";"DF";"DISTRITO FEDERAL";97012;"BRASÍLIA";11;3;"Governador";70001651044;15;"IBANEIS ROCHA BARROS JÚNIOR";"IBANEIS ROCHA";"#NULO";12;"APTO";2;"DEFERIDO";-3;"#NE";-3;"#NE";-3;"#NE";"COLIGAÇÃO";15;"MDB";"Movimento Democrático Brasileiro";-1;"#NULO#";"#NULO#";"#NULO#";70001683335;"UNIDOS PELO DF";"PTB / AVANTE / PROS / AGIR / PP / SOLIDARIEDADE / MDB / PL / PATRIOTA";"N";24907;"Válido";24907;1;"ELEITO"
"04/10/2026";"03:16:54";2022;2;"Eleição Ordinária";1;546;"ELEIÇÕES GERAIS ESTADUAIS 2022";"02/10/2022";"E";"DF";"DF";"DISTRITO FEDERAL";97012;"BRASÍLIA";17;3;"Governador";70001651044;15;"IBANEIS ROCHA BARROS JÚNIOR";"IBANEIS ROCHA";"#NULO";12;"APTO";2;"DEFERIDO";-3;"#NE";-3;"#NE";-3;"#NE";"COLIGAÇÃO";15;"MDB";"Movimento Democrático Brasileiro";-1;"#NULO#";"#NULO#";"#NULO#";70001683335;"UNIDOS PELO DF";"PTB / AVANTE / PROS / AGIR / PP / SOLIDARIEDADE / MDB / PL / PATRIOTA";"N";43455;"Válido";43455;1;"ELEITO"
"04/10/2026";"03:16:54";2022;2;"Eleição Ordinária";1;546;"ELEIÇÕES GERAIS ESTADUAIS 2022";"02/10/2022";"E";"DF";"DF";"DISTRITO FEDERAL";97012;"BRASÍLIA";2;3;"Governador";70001651044;15;"IBANEIS ROCHA BARROS JÚNIOR";"IBANEIS ROCHA";"#NULO";12;"APTO";2;"DEFERIDO";-3;"#NE";-3;"#NE";-3;"#NE";"COLIGAÇÃO";15;"MDB";"Movimento Democrático Brasileiro";-1;"#NULO#";"#NULO#";"#NULO#";70001683335;"UNIDOS PELO DF";"PTB / AVANTE / PROS / AGIR / PP / SOLIDARIEDADE / MDB / PL / PATRIOTA";"N";44243;"Válido";44243;1;"ELEITO"
"04/10/2026";"03:16:54";2022;2;"Eleição Ordinária";1;546;"ELEIÇÕES GERAIS ESTADUAIS 2022";"02/10/2022";"E";"DF";"DF";"DISTRITO FEDERAL";97012;"BRASÍLIA";20;3;"Governador";70001651044;15;"IBANEIS ROCHA BARROS JÚNIOR";"IBANEIS ROCHA";"#NULO";12;"APTO";2;"DEFERIDO";-3;"#NE";-3;"#NE";-3;"#NE";"COLIGAÇÃO";15;"MDB";"Movimento Democrático Brasileiro";-1;"#NULO#";"#NULO#";"#NULO#";70001683335;"UNIDOS PELO DF";"PTB / AVANTE / PROS / AGIR / PP / SOLIDARIEDADE / MDB / PL / PATRIOTA";"N";30699;"Válido";30699;1;"ELEITO"
"04/10/2026";"03:16:54";2022;2;"Eleição Ordinária";1;546;"ELEIÇÕES GERAIS ESTADUAIS 2022";"02/10/2022";"E";"DF";"DF";"DISTRITO FEDERAL";97012;"BRASÍLIA";21;3;"Governador";70001651044;15;"IBANEIS ROCHA BARROS JÚNIOR";"IBANEIS ROCHA";"#NULO";12;"APTO";2;"DEFERIDO";-3;"#NE";-3;"#NE";-3;"#NE";"COLIGAÇÃO";15;"MDB";"Movimento Democrático Brasileiro";-1;"#NULO#";"#NULO#";"#NULO#";70001683335;"UNIDOS PELO DF";"PTB / AVANTE / PROS / AGIR / PP / SOLIDARIEDADE / MDB / PL / PATRIOTA";"N";51696;"Válido";51696;1;"ELEITO"
"04/10/2026";"03:16:54";2022;2;"Eleição Ordinária";1;546;"ELEIÇÕES GERAIS ESTADUAIS 2022";"02/10/2022";"E";"DF";"DF";"DISTRITO FEDERAL";97012;"BRASÍLIA";15;3;"Governador";70001651044;15;"IBANEIS ROCHA BARROS JÚNIOR";"IBANEIS ROCHA";"#NULO";12;"APTO";2;"DEFERIDO";-3;"#NE";-3;"#NE";-3;"#NE";"COLIGAÇÃO";15;"MDB";"Movimento Democrático Brasileiro";-1;"#NULO#";"#NULO#";"#NULO#";70001683335;"UNIDOS PELO DF";"PTB / AVANTE / PROS / AGIR / PP / SOLIDARIEDADE / MDB / PL / PATRIOTA";"N";60443;"Válido";60443;1;"ELEITO"
"04/10/2026";"03:16:54";2022;2;"Eleição Ordinária";1;546;"ELEIÇÕES GERAIS ESTADUAIS 2022";"02/10/2022";"E";"DF";"DF";"DISTRITO FEDERAL";97012;"BRASÍLIA";4;3;"Governador";70001651044;15;"IBANEIS ROCHA BARROS JÚNIOR";"IBANEIS ROCHA";"#NULO";12;"APTO";2;"DEFERIDO";-3;"#NE";-3;"#NE";-3;"#NE";"COLIGAÇÃO";15;"MDB";"Movimento Democrático Brasileiro";-1;"#NULO#";"#NULO#";"#NULO#";70001683335;"UNIDOS PELO DF";"PTB / AVANTE / PROS / AGIR / PP / SOLIDARIEDADE / MDB / PL / PATRIOTA";"N";37772;"Válido";37772;1;"ELEITO"
"04/10/2026";"03:16:54";2022;2;"Eleição Ordinária";1;546;"ELEIÇÕES GERAIS ESTADUAIS 2022";"02/10/2022";"E";"DF";"DF";"DISTRITO FEDERAL";97012;"BRASÍLIA";13;3;"Governador";70001651044;15;"IBANEIS ROCHA BARROS JÚNIOR";"IBANEIS ROCHA";"#NULO";12;"APTO";2;"DEFERIDO";-3;"#NE";-3;"#NE";-3;"#NE";"COLIGAÇÃO";15;"MDB";"Movimento Democrático Brasileiro";-1;"#NULO#";"#NULO#";"#NULO#";70001683335;"UNIDOS PELO DF";"PTB / AVANTE / PROS / AGIR / PP / SOLIDARIEDADE / MDB / PL / PATRIOTA";"N";59785;"Válido";59785;1;"ELEITO"
"04/10/2026";"03:16:54";2022;2;"Eleição Ordinária";1;546;"ELEIÇÕES GERAIS ESTADUAIS 2022";"02/10/2022";"E";"DF";"DF";"DISTRITO FEDERAL";97012;"BRASÍLIA";1;3;"Governador";70001651044;15;"IBANEIS ROCHA BARROS JÚNIOR";"IBANEIS ROCHA";"#NULO";12;"APTO";2;"DEFERIDO";-3;"#NE";-3;"#NE";-3;"#NE";"COLIGAÇÃO";15;"MDB";"Movimento Democrático Brasileiro";-1;"#NULO#";"#NULO#";"#NULO#";70001683335;"UNIDOS PELO DF";"PTB / AVANTE / PROS / AGIR / PP / SOLIDARIEDADE / MDB / PL / PATRIOTA";"N";22367;"Válido";22367;1;"ELEITO"
"04/10/2026";"03:16:54";2022;2;"Eleição Ordinária";1;546;"ELEIÇÕES GERAIS ESTADUAIS 2022";"02/10/2022";"E";"DF";"DF";"DISTRITO FEDERAL";97012;"BRASÍLIA";3;3;"Governador";70001651044;15;"IBANEIS ROCHA BARROS JÚNIOR";"IBANEIS ROCHA";"#NULO";12;"APTO";2;"DEFERIDO";-3;"#NE";-3;"#NE";-3;"#NE";"COLIGAÇÃO";15;"MDB";"Movimento Democrático Brasileiro";-1;"#NULO#";"#NULO#";"#NULO#";70001683335;"UNIDOS PELO DF";"PTB / AVANTE / PROS / AGIR / PP / SOLIDARIEDADE / MDB / PL / PATRIOTA";"N";27971;"Válido";27971;1;"ELEITO"
"04/10/2026";"03:16:54";2022;2;"Eleição Ordinária";1;546;"ELEIÇÕES GERAIS ESTADUAIS 2022";"02/10/2022";"E";"DF";"DF";"DISTRITO FEDERAL";97012;"BRASÍLIA";4;5;"Senador";70001677309;100;"DAMARES REGINA ALVES";"DAMARES ALVES";"#NULO";12;"APTO";2;"DEFERIDO";-3;"#NE";-3;"#NE";-3;"#NE";"COLIGAÇÃO";10;"REPUBLICANOS";"REPUBLICANOS";-1;"#NULO#";"#NULO#";"#NULO#";70001684138;"UNIÃO POR BRASÍLIA";"UNIÃO / REPUBLICANOS";"N";32714;"Válido";32714;1;"ELEITO"
"04/10/2026";"03:16:54";2022;2;"Eleição Ordinária";1;546;"ELEIÇÕES GERAIS ESTADUAIS 2022";"02/10/2022";"E";"DF";"DF";"DISTRITO FEDERAL";97012;"BRASÍLIA";21;5;"Senador";70001677309;100;"DAMARES REGINA ALVES";"DAMARES ALVES";"#NULO";12;"APTO";2;"DEFERIDO";-3;"#NE";-3;"#NE";-3;"#NE";"COLIGAÇÃO";10;"REPUBLICANOS";"REPUBLICANOS";-1;"#NULO#";"#NULO#";"#NULO#";70001684138;"UNIÃO POR BRASÍLIA";"UNIÃO / REPUBLICANOS";"N";34851;"Válido";34851;1;"ELEITO"
"04/10/2026";"03:16:54";2022;2;"Eleição Ordinária";1;546;"ELEIÇÕES GERAIS ESTADUAIS 2022";"02/10/2022";"E";"DF";"DF";"DISTRITO FEDERAL";97012;"BRASÍLIA";14;5;"Senador";70001677309;100;"DAMARES REGINA ALVES";"DAMARES ALVES";"#NULO";12;"APTO";2;"DEFERIDO";-3;"#NE";-3;"#NE";-3;"#NE";"COLIGAÇÃO";10;"REPUBLICANOS";"REPUBLICANOS";-1;"#NULO#";"#NULO#";"#NULO#";70001684138;"UNIÃO POR BRASÍLIA";"UNIÃO / REPUBLICANOS";"N";31595;"Válido";31595;1;"ELEITO"
"04/10/2026";"03:16:54";2022;2;"Eleição Ordinária";1;546;"ELEIÇÕES GERAIS ESTADUAIS 2022";"02/10/2022";"E";"DF";"DF";"DISTRITO FEDERAL";97012;"BRASÍLIA";6;5;"Senador";70001677309;100;"DAMARES REGINA ALVES";"DAMARES ALVES";"#NULO";12;"APTO";2;"DEFERIDO";-3;"#NE";-3;"#NE";-3;"#NE";"COLIGAÇÃO";10;"REPUBLICANOS";"REPUBLICANOS";-1;"#NULO#";"#NULO#";"#NULO#";70001684138;"UNIÃO POR BRASÍLIA";"UNIÃO / REPUBLICANOS";"N";39584;"Válido";39584;1;"ELEITO"
"04/10/2026";"03:16:54";2022;2;"Eleição Ordinária";1;546;"ELEIÇÕES GERAIS ESTADUAIS 2022";"02/10/2022";"E";"DF";"DF";"DISTRITO FEDERAL";97012;"BRASÍLIA";13;5;"Senador";70001677309;100;"DAMARES REGINA ALVES";"DAMARES ALVES";"#NULO";12;"APTO";2;"DEFERIDO";-3;"#NE";-3;"#NE";-3;"#NE";"COLIGAÇÃO";10;"REPUBLICANOS";"REPUBLICANOS";-1;"#NULO#";"#NULO#";"#NULO#";70001684138;"UNIÃO POR BRASÍLIA";"UNIÃO / REPUBLICANOS";"N";46169;"Válido";46169;1;"ELEITO"
"04/10/2026";"03:16:54";2022;2;"Eleição Ordinária";1;546;"ELEIÇÕES GERAIS ESTADUAIS 2022";"02/10/2022";"E";"DF";"DF";"DISTRITO FEDERAL";97012;"BRASÍLIA";11;5;"Senador";70001677309;100;"DAMARES REGINA ALVES";"DAMARES ALVES";"#NULO";12;"APTO";2;"DEFERIDO";-3;"#NE";-3;"#NE";-3;"#NE";"COLIGAÇÃO";10;"REPUBLICANOS";"REPUBLICANOS";-1;"#NULO#";"#NULO#";"#NULO#";70001684138;"UNIÃO POR BRASÍLIA";"UNIÃO / REPUBLICANOS";"N";25602;"Válido";25602;1;"ELEITO"
"04/10/2026";"03:16:54";2022;2;"Eleição Ordinária";1;546;"ELEIÇÕES GERAIS ESTADUAIS 2022";"02/10/2022";"E";"DF";"DF";"DISTRITO FEDERAL";97012;"BRASÍLIA";19;5;"Senador";70001677309;100;"DAMARES REGINA ALVES";"DAMARES ALVES";"#NULO";12;"APTO";2;"DEFERIDO";-3;"#NE";-3;"#NE";-3;"#NE";"COLIGAÇÃO";10;"REPUBLICANOS";"REPUBLICANOS";-1;"#NULO#";"#NULO#";"#NULO#";70001684138;"UNIÃO POR BRASÍLIA";"UNIÃO / REPUBLICANOS";"N";37973;"Válido";37973;1;"ELEITO"
"04/10/2026";"03:16:54";2022;2;"Eleição Ordinária";1;546;"ELEIÇÕES GERAIS ESTADUAIS 2022";"02/10/2022";"E";"DF";"DF";"DISTRITO FEDERAL";97012;"BRASÍLIA";16;5;"Senador";70001677309;100;"DAMARES REGINA ALVES";"DAMARES ALVES";"#NULO";12;"APTO";2;"DEFERIDO";-3;"#NE";-3;"#NE";-3;"#NE";"COLIGAÇÃO";10;"REPUBLICANOS";"REPUBLICANOS";-1;"#NULO#";"#NULO#";"#NULO#";70001684138;"UNIÃO POR BRASÍLIA";"UNIÃO / REPUBLICANOS";"N";45862;"Válido";45862;1;"ELEITO"
"04/10/2026";"03:16:54";2022;2;"Eleição Ordinária";1;546;"ELEIÇÕES GERAIS ESTADUAIS 2022";"02/10/2022";"E";"DF";"DF";"DISTRITO FEDERAL";97012;"BRASÍLIA";8;5;"Senador";70001677309;100;"DAMARES REGINA ALVES";"DAMARES ALVES";"#NULO";12;"APTO";2;"DEFERIDO";-3;"#NE";-3;"#NE";-3;"#NE";"COLIGAÇÃO";10;"REPUBLICANOS";"REPUBLICANOS";-1;"#NULO#";"#NULO#";"#NULO#";70001684138;"UNIÃO POR BRASÍLIA";"UNIÃO / REPUBLICANOS";"N";43393;"Válido";43393;1;"ELEITO"
"04/10/2026";"03:16:54";2022;2;"Eleição Ordinária";1;546;"ELEIÇÕES GERAIS ESTADUAIS 2022";"02/10/2022";"E";"DF";"DF";"DISTRITO FEDERAL";97012;"BRASÍLIA";17;5;"Senador";70001677309;100;"DAMARES REGINA ALVES";"DAMARES ALVES";"#NULO";12;"APTO";2;"DEFERIDO";-3;"#NE";-3;"#NE";-3;"#NE";"COLIGAÇÃO";10;"REPUBLICANOS";"REPUBLICANOS";-1;"#NULO#";"#NULO#";"#NULO#";70001684138;"UNIÃO POR BRASÍLIA";"UNIÃO / REPUBLICANOS";"N";41712;"Válido";41712;1;"ELEITO"
"04/10/2026";"03:16:54";2022;2;"Eleição Ordinária";1;546;"ELEIÇÕES GERAIS ESTADUAIS 2022";"02/10/2022";"E";"DF";"DF";"DISTRITO FEDERAL";97012;"BRASÍLIA";18;5;"Senador";70001677309;100;"DAMARES REGINA ALVES";"DAMARES ALVES";"#NULO";12;"APTO";2;"DEFERIDO";-3;"#NE";-3;"#NE";-3;"#NE";"COLIGAÇÃO";10;"REPUBLICANOS";"REPUBLICANOS";-1;"#NULO#";"#NULO#";"#NULO#";70001684138;"UNIÃO POR BRASÍLIA";"UNIÃO / REPUBLICANOS";"N";40829;"Válido";40829;1;"ELEITO"
"04/10/2026";"03:16:54";2022;2;"Eleição Ordinária";1;546;"ELEIÇÕES GERAIS ESTADUAIS 2022";"02/10/2022";"E";"DF";"DF";"DISTRITO FEDERAL";97012;"BRASÍLIA";1;5;"Senador";70001677309;100;"DAMARES REGINA ALVES";"DAMARES ALVES";"#NULO";12;"APTO";2;"DEFERIDO";-3;"#NE";-3;"#NE";-3;"#NE";"COLIGAÇÃO";10;"REPUBLICANOS";"REPUBLICANOS";-1;"#NULO#";"#NULO#";"#NULO#";70001684138;"UNIÃO POR BRASÍLIA";"UNIÃO / REPUBLICANOS";"N";23955;"Válido";23955;1;"ELEITO"
"04/10/2026";"03:16:54";2022;2;"Eleição Ordinária";1;546;"ELEIÇÕES GERAIS ESTADUAIS 2022";"02/10/2022";"E";"DF";"DF";"DISTRITO FEDERAL";97012;"BRASÍLIA";5;5;"Senador";70001677309;100;"DAMARES REGINA ALVES";"DAMARES ALVES";"#NULO";12;"APTO";2;"DEFERIDO";-3;"#NE";-3;"#NE";-3;"#NE";"COLIGAÇÃO";10;"REPUBLICANOS";"REPUBLICANOS";-1;"#NULO#";"#NULO#";"#NULO#";70001684138;"UNIÃO POR BRASÍLIA";"UNIÃO / REPUBLICANOS";"N";43178;"Válido";43178;1;"ELEITO"
"04/10/2026";"03:16:54";2022;2;"Eleição Ordinária";1;546;"ELEIÇÕES GERAIS ESTADUAIS 2022";"02/10/2022";"E";"DF";"DF";"DISTRITO FEDERAL";97012;"BRASÍLIA";20;5;"Senador";70001677309;100;"DAMARES REGINA ALVES";"DAMARES ALVES";"#NULO";12;"APTO";2;"DEFERIDO";-3;"#NE";-3;"#NE";-3;"#NE";"COLIGAÇÃO";10;"REPUBLICANOS";"REPUBLICANOS";-1;"#NULO#";"#NULO#";"#NULO#";70001684138;"UNIÃO POR BRASÍLIA";"UNIÃO / REPUBLICANOS";"N";26326;"Válido";26326;1;"ELEITO"
"04/10/2026";"03:16:54";2022;2;"Eleição Ordinária";1;546;"ELEIÇÕES GERAIS ESTADUAIS 2022";"02/10/2022";"E";"DF";"DF";"DISTRITO FEDERAL";97012;"BRASÍLIA";9;5;"Senador";70001677309;100;"DAMARES REGINA ALVES";"DAMARES ALVES";"#NULO";12;"APTO";2;"DEFERIDO";-3;"#NE";-3;"#NE";-3;"#NE";"COLIGAÇÃO";10;"REPUBLICANOS";"REPUBLICANOS";-1;"#NULO#";"#NULO#";"#NULO#";70001684138;"UNIÃO POR BRASÍLIA";"UNIÃO / REPUBLICANOS";"N";43220;"Válido";43220;1;"ELEITO"
"04/10/2026";"03:16:54";2022;2;"Eleição Ordinária";1;546;"ELEIÇÕES GERAIS ESTADUAIS 2022";"02/10/2022";"E";"DF";"DF";"DISTRITO FEDERAL";97012;"BRASÍLIA";15;5;"Senador";70001677309;100;"DAMARES REGINA ALVES";"DAMARES ALVES";"#NULO";12;"APTO";2;"DEFERIDO";-3;"#NE";-3;"#NE";-3;"#NE";"COLIGAÇÃO";10;"REPUBLICANOS";"REPUBLICANOS";-1;"#NULO#";"#NULO#";"#NULO#";70001684138;"UNIÃO POR BRASÍLIA";"UNIÃO / REPUBLICANOS";"N";56488;"Válido";56488;1;"ELEITO"
"04/10/2026";"03:16:54";2022;2;"Eleição Ordinária";1;546;"ELEIÇÕES GERAIS ESTADUAIS 2022";"02/10/2022";"E";"DF";"DF";"DISTRITO FEDERAL";97012;"BRASÍLIA";10;5;"Senador";70001677309;100;"DAMARES REGINA ALVES";"DAMARES ALVES";"#NULO";12;"APTO";2;"DEFERIDO";-3;"#NE";-3;"#NE";-3;"#NE";"COLIGAÇÃO";10;"REPUBLICANOS";"REPUBLICANOS";-1;"#NULO#";"#NULO#";"#NULO#";70001684138;"UNIÃO POR BRASÍLIA";"UNIÃO / REPUBLICANOS";"N";43117;"Válido";43117;1;"ELEITO"
"04/10/2026";"03:16:54";2022;2;"Eleição Ordinária";1;546;"ELEIÇÕES GERAIS ESTADUAIS 2022";"02/10/2022";"E";"DF";"DF";"DISTRITO FEDERAL";97012;"BRASÍLIA";3;5;"Senador";70001677309;100;"DAMARES REGINA ALVES";"DAMARES ALVES";"#NULO";12;"APTO";2;"DEFERIDO";-3;"#NE";-3;"#NE";-3;"#NE";"COLIGAÇÃO";10;"REPUBLICANOS";"REPUBLICANOS";-1;"#NULO#";"#NULO#";"#NULO#";70001684138;"UNIÃO POR BRASÍLIA";"UNIÃO / REPUBLICANOS";"N";24268;"Válido";24268;1;"ELEITO"
"04/10/2026";"03:16:54";2022;2;"Eleição Ordinária";1;546;"ELEIÇÕES GERAIS ESTADUAIS 2022";"02/10/2022";"E";"DF";"DF";"DISTRITO FEDERAL";97012;"BRASÍLIA";2;5;"Senador";70001677309;100;"DAMARES REGINA ALVES";"DAMARES ALVES";"#NULO";12;"APTO";2;"DEFERIDO";-3;"#NE";-3;"#NE";-3;"#NE";"COLIGAÇÃO";10;"REPUBLICANOS";"REPUBLICANOS";-1;"#NULO#";"#NULO#";"#NULO#";70001684138;"UNIÃO POR BRASÍLIA";"UNIÃO / REPUBLICANOS";"N";33726;"Válido";33726;1;"ELEITO"
"04/10/2026";"03:16:54";2022;2;"Eleição Ordinária";1;546;"ELEIÇÕES GERAIS ESTADUAIS 2022";"02/10/2022";"E";"DF";"DF";"DISTRITO FEDERAL";97012;"BRASÍLIA";13;5;"Senador";70001727456;777;"HÉLIO JOSÉ DA SILVA LIMA";"HÉLIO JOSÉ";"#NULO";3;"INAPTO";14;"INDEFERIDO";-3;"#NE";-3;"#NE";-3;"#NE";"COLIGAÇÃO";77;"SOLIDARIEDADE";"Solidariedade";-1;"#NULO#";"#NULO#";"#NULO#";70001685602;"PARA CUIDAR DAS PESSOAS";"SOLIDARIEDADE / Federação PSDB Cidadania (PSDB / CIDADANIA)";"N";147;"Anulado";0;4;"NÃO ELEITO"
"04/10/2026";"03:16:54";2022;2;"Eleição Ordinária";1;546;"ELEIÇÕES GERAIS ESTADUAIS 2022";"02/10/2022";"E";"DF";"DF";"DISTRITO FEDERAL";97012;"BRASÍLIA";3;5;"Senador";70001727456;777;"HÉLIO JOSÉ DA SILVA LIMA";"HÉLIO JOSÉ";"#NULO";3;"INAPTO";14;"INDEFERIDO";-3;"#NE";-3;"#NE";-3;"#NE";"COLIGAÇÃO";77;"SOLIDARIEDADE";"Solidariedade";-1;"#NULO#";"#NULO#";"#NULO#";70001685602;"PARA CUIDAR DAS PESSOAS";"SOLIDARIEDADE / Federação PSDB Cidadania (PSDB / CIDADANIA)";"N";94;"Anulado";0;4;"NÃO ELEITO"
"04/10/2026";"03:16:54";2022;2;"Eleição Ordinária";1;546;"ELEIÇÕES GERAIS ESTADUAIS 2022";"02/10/2022";"E";"DF";"DF";"DISTRITO FEDERAL";97012;"BRASÍLIA";9;5;"Senador";70001727456;777;"HÉLIO JOSÉ DA SILVA LIMA";"HÉLIO JOSÉ";"#NULO";3;"INAPTO";14;"INDEFERIDO";-3;"#NE";-3;"#NE";-3;"#NE";"COLIGAÇÃO";77;"SOLIDARIEDADE";"Solidariedade";-1;"#NULO#";"#NULO#";"#NULO#";70001685602;"PARA CUIDAR DAS PESSOAS";"SOLIDARIEDADE / Federação PSDB Cidadania (PSDB / CIDADANIA)";"N";125;"Anulado";0;4;"NÃO ELEITO"
"04/10/2026";"03:16:54";2022;2;"Eleição Ordinária";1;546;"ELEIÇÕES GERAIS ESTADUAIS 2022";"02/10/2022";"E";"DF";"DF";"DISTRITO FEDERAL";97012;"BRASÍLIA";20;5;"Senador";70001727456;777;"HÉLIO JOSÉ DA SILVA LIMA";"HÉLIO JOSÉ";"#NULO";3;"INAPTO";14;"INDEFERIDO";-3;"#NE";-3;"#NE";-3;"#NE";"COLIGAÇÃO";77;"SOLIDARIEDADE";"Solidariedade";-1;"#NULO#";"#NULO#";"#NULO#";70001685602;"PARA CUIDAR DAS PESSOAS";"SOLIDARIEDADE / Federação PSDB Cidadania (PSDB / CIDADANIA)";"N";83;"Anulado";0;4;"NÃO ELEITO"
"04/10/2026";"03:16:54";2022;2;"Eleição Ordinária";1;546;"ELEIÇÕES GERAIS ESTADUAIS 2022";"02/10/2022";"E";"DF";"DF";"DISTRITO FEDERAL";97012;"BRASÍLIA";10;5;"Senador";70001727456;777;"HÉLIO JOSÉ DA SILVA LIMA";"HÉLIO JOSÉ";"#NULO";3;"INAPTO";14;"INDEFERIDO";-3;"#NE";-3;"#NE";-3;"#NE";"COLIGAÇÃO";77;"SOLIDARIEDADE";"Solidariedade";-1;"#NULO#";"#NULO#";"#NULO#";70001685602;"PARA CUIDAR DAS PESSOAS";"SOLIDARIEDADE / Federação PSDB Cidadania (PSDB / CIDADANIA)";"N";94;"Anulado";0;4;"NÃO ELEITO"
"04/10/2026";"03:16:54";2022;2;"Eleição Ordinária";1;546;"ELEIÇÕES GERAIS ESTADUAIS 2022";"02/10/2022";"E";"DF";"DF";"DISTRITO FEDERAL";97012;"BRASÍLIA";18;5;"Senador";70001727456;777;"HÉLIO JOSÉ DA SILVA LIMA";"HÉLIO JOSÉ";"#NULO";3;"INAPTO";14;"INDEFERIDO";-3;"#NE";-3;"#NE";-3;"#NE";"COLIGAÇÃO";77;"SOLIDARIEDADE";"Solidariedade";-1;"#NULO#";"#NULO#";"#NULO#";70001685602;"PARA CUIDAR DAS PESSOAS";"SOLIDARIEDADE / Federação PSDB Cidadania (PSDB / CIDADANIA)";"N";108;"Anulado";0;4;"NÃO ELEITO"
"04/10/2026";"03:16:54";2022;2;"Eleição Ordinária";1;546;"ELEIÇÕES GERAIS ESTADUAIS 2022";"02/10/2022";"E";"DF";"DF";"DISTRITO FEDERAL";97012;"BRASÍLIA";8;5;"Senador";70001727456;777;"HÉLIO JOSÉ DA SILVA LIMA";"HÉLIO JOSÉ";"#NULO";3;"INAPTO";14;"INDEFERIDO";-3;"#NE";-3;"#NE";-3;"#NE";"COLIGAÇÃO";77;"SOLIDARIEDADE";"Solidariedade";-1;"#NULO#";"#NULO#";"#NULO#";70001685602;"PARA CUIDAR DAS PESSOAS";"SOLIDARIEDADE / Federação PSDB Cidadania (PSDB / CIDADANIA)";"N";155;"Anulado";0;4;"NÃO ELEITO"
"04/10/2026";"03:16:54";2022;2;"Eleição Ordinária";1;546;"ELEIÇÕES GERAIS ESTADUAIS 2022";"02/10/2022";"E";"DF";"DF";"DISTRITO FEDERAL";97012;"BRASÍLIA";15;5;"Senador";70001727456;777;"HÉLIO JOSÉ DA SILVA LIMA";"HÉLIO JOSÉ";"#NULO";3;"INAPTO";14;"INDEFERIDO";-3;"#NE";-3;"#NE";-3;"#NE";"COLIGAÇÃO";77;"SOLIDARIEDADE";"Solidariedade";-1;"#NULO#";"#NULO#";"#NULO#";70001685602;"PARA CUIDAR DAS PESSOAS";"SOLIDARIEDADE / Federação PSDB Cidadania (PSDB / CIDADANIA)";"N";160;"Anulado";0;4;"NÃO ELEITO"
"04/10/2026";"03:16:54";2022;2;"Eleição Ordinária";1;546;"ELEIÇÕES GERAIS ESTADUAIS 2022";"02/10/2022";"E";"DF";"DF";"DISTRITO FEDERAL";97012;"BRASÍLIA";5;5;"Senador";70001727456;777;"HÉLIO JOSÉ DA SILVA LIMA";"HÉLIO JOSÉ";"#NULO";3;"INAPTO";14;"INDEFERIDO";-3;"#NE";-3;"#NE";-3;"#NE";"COLIGAÇÃO";77;"SOLIDARIEDADE";"Solidariedade";-1;"#NULO#";"#NULO#";"#NULO#";70001685602;"PARA CUIDAR DAS PESSOAS";"SOLIDARIEDADE / Federação PSDB Cidadania (PSDB / CIDADANIA)";"N";109;"Anulado";0;4;"NÃO ELEITO"
"04/10/2026";"03:16:54";2022;2;"Eleição Ordinária";1;546;"ELEIÇÕES GERAIS ESTADUAIS 2022";"02/10/2022";"E";"DF";"DF";"DISTRITO FEDERAL";97012;"BRASÍLIA";6;5;"Senador";70001727456;777;"HÉLIO JOSÉ DA SILVA LIMA";"HÉLIO JOSÉ";"#NULO";3;"INAPTO";14;"INDEFERIDO";-3;"#NE";-3;"#NE";-3;"#NE";"COLIGAÇÃO";77;"SOLIDARIEDADE";"Solidariedade";-1;"#NULO#";"#NULO#";"#NULO#";70001685602;"PARA CUIDAR DAS PESSOAS";"SOLIDARIEDADE / Federação PSDB Cidadania (PSDB / CIDADANIA)";"N";125;"Anulado";0;4;"NÃO ELEITO"
"04/10/2026";"03:16:54";2022;2;"Eleição Ordinária";1;546;"ELEIÇÕES GERAIS ESTADUAIS 2022";"02/10/2022";"E";"DF";"DF";"DISTRITO FEDERAL";97012;"BRASÍLIA";11;5;"Senador";70001727456;777;"HÉLIO JOSÉ DA SILVA LIMA";"HÉLIO JOSÉ";"#NULO";3;"INAPTO";14;"INDEFERIDO";-3;"#NE";-3;"#NE";-3;"#NE";"COLIGAÇÃO";77;"SOLIDARIEDADE";"Solidariedade";-1;"#NULO#";"#NULO#";"#NULO#";70001685602;"PARA CUIDAR DAS PESSOAS";"SOLIDARIEDADE / Federação PSDB Cidadania (PSDB / CIDADANIA)";"N";53;"Anulado";0;4;"NÃO ELEITO"
"04/10/2026";"03:16:54";2022;2;"Eleição Ordinária";1;546;"ELEIÇÕES GERAIS ESTADUAIS 2022";"02/10/2022";"E";"DF";"DF";"DISTRITO FEDERAL";97012;"BRASÍLIA";4;5;"Senador";70001727456;777;"HÉLIO JOSÉ DA SILVA LIMA";"HÉLIO JOSÉ";"#NULO";3;"INAPTO";14;"INDEFERIDO";-3;"#NE";-3;"#NE";-3;"#NE";"COLIGAÇÃO";77;"SOLIDARIEDADE";"Solidariedade";-1;"#NULO#";"#NULO#";"#NULO#";70001685602;"PARA CUIDAR DAS PESSOAS";"SOLIDARIEDADE / Federação PSDB Cidadania (PSDB / CIDADANIA)";"N";103;"Anulado";0;4;"NÃO ELEITO"
"04/10/2026";"03:16:54";2022;2;"Eleição Ordinária";1;546;"ELEIÇÕES GERAIS ESTADUAIS 2022";"02/10/2022";"E";"DF";"DF";"DISTRITO FEDERAL";97012;"BRASÍLIA";16;5;"Senador";70001727456;777;"HÉLIO JOSÉ DA SILVA LIMA";"HÉLIO JOSÉ";"#NULO";3;"INAPTO";14;"INDEFERIDO";-3;"#NE";-3;"#NE";-3;"#NE";"COLIGAÇÃO";77;"SOLIDARIEDADE";"Solidariedade";-1;"#NULO#";"#NULO#";"#NULO#";70001685602;"PARA CUIDAR DAS PESSOAS";"SOLIDARIEDADE / Federação PSDB Cidadania (PSDB / CIDADANIA)";"N";204;"Anulado";0;4;"NÃO ELEITO"
"04/10/2026";"03:16:54";2022;2;"Eleição Ordinária";1;546;"ELEIÇÕES GERAIS ESTADUAIS 2022";"02/10/2022";"E";"DF";"DF";"DISTRITO FEDERAL";97012;"BRASÍLIA";21;5;"Senador";70001727456;777;"HÉLIO JOSÉ DA SILVA LIMA";"HÉLIO JOSÉ";"#NULO";3;"INAPTO";14;"INDEFERIDO";-3;"#NE";-3;"#NE";-3;"#NE";"COLIGAÇÃO";77;"SOLIDARIEDADE";"Solidariedade";-1;"#NULO#";"#NULO#";"#NULO#";70001685602;"PARA CUIDAR DAS PESSOAS";"SOLIDARIEDADE / Federação PSDB Cidadania (PSDB / CIDADANIA)";"N";100;"Anulado";0;4;"NÃO ELEITO"
"04/10/2026";"03:16:54";2022;2;"Eleição Ordinária";1;546;"ELEIÇÕES GERAIS ESTADUAIS 2022";"02/10/2022";"E";"DF";"DF";"DISTRITO FEDERAL";97012;"BRASÍLIA";14;5;"Senador";70001727456;777;"HÉLIO JOSÉ DA SILVA LIMA";"HÉLIO JOSÉ";"#NULO";3;"INAPTO";14;"INDEFERIDO";-3;"#NE";-3;"#NE";-3;"#NE";"COLIGAÇÃO";77;"SOLIDARIEDADE";"Solidariedade";-1;"#NULO#";"#NULO#";"#NULO#";70001685602;"PARA CUIDAR DAS PESSOAS";"SOLIDARIEDADE / Federação PSDB Cidadania (PSDB / CIDADANIA)";"N";80;"Anulado";0;4;"NÃO ELEITO"
"04/10/2026";"03:16:54";2022;2;"Eleição Ordinária";1;546;"ELEIÇÕES GERAIS ESTADUAIS 2022";"02/10/2022";"E";"DF";"DF";"DISTRITO FEDERAL";97012;"BRASÍLIA";17;5;"Senador";70001727456;777;"HÉLIO JOSÉ DA SILVA LIMA";"HÉLIO JOSÉ";"#NULO";3;"INAPTO";14;"INDEFERIDO";-3;"#NE";-3;"#NE";-3;"#NE";"COLIGAÇÃO";77;"SOLIDARIEDADE";"Solidariedade";-1;"#NULO#";"#NULO#";"#NULO#";70001685602;"PARA CUIDAR DAS PESSOAS";"SOLIDARIEDADE / Federação PSDB Cidadania (PSDB / CIDADANIA)";"N";80;"Anulado";0;4;"NÃO ELEITO"
"04/10/2026";"03:16:54";2022;2;"Eleição Ordinária";1;546;"ELEIÇÕES GERAIS ESTADUAIS 2022";"02/10/2022";"E";"DF";"DF";"DISTRITO FEDERAL";97012;"BRASÍLIA";2;5;"Senador";70001727456;777;"HÉLIO JOSÉ DA SILVA LIMA";"HÉLIO JOSÉ";"#NULO";3;"INAPTO";14;"INDEFERIDO";-3;"#NE";-3;"#NE";-3;"#NE";"COLIGAÇÃO";77;"SOLIDARIEDADE";"Solidariedade";-1;"#NULO#";"#NULO#";"#NULO#";70001685602;"PARA CUIDAR DAS PESSOAS";"SOLIDARIEDADE / Federação PSDB Cidadania (PSDB / CIDADANIA)";"N";97;"Anulado";0;4;"NÃO ELEITO"
"04/10/2026";"03:16:54";2022;2;"Eleição Ordinária";1;546;"ELEIÇÕES GERAIS ESTADUAIS 2022";"02/10/2022";"E";"DF";"DF";"DISTRITO FEDERAL";97012;"BRASÍLIA";1;5;"Senador";70001727456;777;"HÉLIO JOSÉ DA SILVA LIMA";"HÉLIO JOSÉ";"#NULO";3;"INAPTO";14;"INDEFERIDO";-3;"#NE";-3;"#NE";-3;"#NE";"COLIGAÇÃO";77;"SOLIDARIEDADE";"Solidariedade";-1;"#NULO#";"#NULO#";"#NULO#";70001685602;"PARA CUIDAR DAS PESSOAS";"SOLIDARIEDADE / Federação PSDB Cidadania (PSDB / CIDADANIA)";"N";53;"Anulado";0;4;"NÃO ELEITO"
"04/10/2026";"03:16:54";2022;2;"Eleição Ordinária";1;546;"ELEIÇÕES GERAIS ESTADUAIS 2022";"02/10/2022";"E";"DF";"DF";"DISTRITO FEDERAL";97012;"BRASÍLIA";19;5;"Senador";70001727456;777;"HÉLIO JOSÉ DA SILVA LIMA";"HÉLIO JOSÉ";"#NULO";3;"INAPTO";14;"INDEFERIDO";-3;"#NE";-3;"#NE";-3;"#NE";"COLIGAÇÃO";77;"SOLIDARIEDADE";"Solidariedade";-1;"#NULO#";"#NULO#";"#NULO#";70001685602;"PARA CUIDAR DAS PESSOAS";"SOLIDARIEDADE / Federação PSDB Cidadania (PSDB / CIDADANIA)";"N";99;"Anulado";0;4;"NÃO ELEITO"
"04/10/2026";"03:16:54";2022;2;"Eleição Ordinária";1;546;"ELEIÇÕES GERAIS ESTADUAIS 2022";"02/10/2022";"E";"DF";"DF";"DISTRITO FEDERAL";97012;"BRASÍLIA";3;5;"Senador";70001723767;123;"JOE CARLO VIANA VALLE";"JOE VALLE";"#NULO";12;"APTO";2;"DEFERIDO";-3;"#NE";-3;"#NE";-3;"#NE";"PARTIDO ISOLADO";12;"PDT";"Partido Democrático Trabalhista";-1;"#NULO#";"#NULO#";"#NULO#";70001685500;"PARTIDO ISOLADO";"PDT";"N";911;"Válido";911;4;"NÃO ELEITO"
"04/10/2026";"03:16:54";2022;2;"Eleição Ordinária";1;546;"ELEIÇÕES GERAIS ESTADUAIS 2022";"02/10/2022";"E";"DF";"DF";"DISTRITO FEDERAL";97012;"BRASÍLIA";6;5;"Senador";70001723767;123;"JOE CARLO VIANA VALLE";"JOE VALLE";"#NULO";12;"APTO";2;"DEFERIDO";-3;"#NE";-3;"#NE";-3;"#NE";"PARTIDO ISOLADO";12;"PDT";"Partido Democrático Trabalhista";-1;"#NULO#";"#NULO#";"#NULO#";70001685500;"PARTIDO ISOLADO";"PDT";"N";2963;"Válido";2963;4;"NÃO ELEITO"
"04/10/2026";"03:16:54";2022;2;"Eleição Ordinária";1;546;"ELEIÇÕES GERAIS ESTADUAIS 2022";"02/10/2022";"E";"DF";"DF";"DISTRITO FEDERAL";97012;"BRASÍLIA";2;5;"Senador";70001723767;123;"JOE CARLO VIANA VALLE";"JOE VALLE";"#NULO";12;"APTO";2;"DEFERIDO";-3;"#NE";-3;"#NE";-3;"#NE";"PARTIDO ISOLADO";12;"PDT";"Partido Democrático Trabalhista";-1;"#NULO#";"#NULO#";"#NULO#";70001685500;"PARTIDO ISOLADO";"PDT";"N";3540;"Válido";3540;4;"NÃO ELEITO"
"04/10/2026";"03:16:54";2022;2;"Eleição Ordinária";1;546;"ELEIÇÕES GERAIS ESTADUAIS 2022";"02/10/2022";"E";"DF";"DF";"DISTRITO FEDERAL";97012;"BRASÍLIA";9;5;"Senador";70001723767;123;"JOE CARLO VIANA VALLE";"JOE VALLE";"#NULO";12;"APTO";2;"DEFERIDO";-3;"#NE";-3;"#NE";-3;"#NE";"PARTIDO ISOLADO";12;"PDT";"Partido Democrático Trabalhista";-1;"#NULO#";"#NULO#";"#NULO#";70001685500;"PARTIDO ISOLADO";"PDT";"N";3201;"Válido";3201;4;"NÃO ELEITO"
"04/10/2026";"03:16:54";2022;2;"Eleição Ordinária";1;546;"ELEIÇÕES GERAIS ESTADUAIS 2022";"02/10/2022";"E";"DF";"DF";"DISTRITO FEDERAL";97012;"BRASÍLIA";8;5;"Senador";70001723767;123;"JOE CARLO VIANA VALLE";"JOE VALLE";"#NULO";12;"APTO";2;"DEFERIDO";-3;"#NE";-3;"#NE";-3;"#NE";"PARTIDO ISOLADO";12;"PDT";"Partido Democrático Trabalhista";-1;"#NULO#";"#NULO#";"#NULO#";70001685500;"PARTIDO ISOLADO";"PDT";"N";1507;"Válido";1507;4;"NÃO ELEITO"
"04/10/2026";"03:16:54";2022;2;"Eleição Ordinária";1;546;"ELEIÇÕES GERAIS ESTADUAIS 2022";"02/10/2022";"E";"DF";"DF";"DISTRITO FEDERAL";97012;"BRASÍLIA";13;5;"Senador";70001723767;123;"JOE CARLO VIANA VALLE";"JOE VALLE";"#NULO";12;"APTO";2;"DEFERIDO";-3;"#NE";-3;"#NE";-3;"#NE";"PARTIDO ISOLADO";12;"PDT";"Partido Democrático Trabalhista";-1;"#NULO#";"#NULO#";"#NULO#";70001685500;"PARTIDO ISOLADO";"PDT";"N";1693;"Válido";1693;4;"NÃO ELEITO"
"04/10/2026";"03:16:54";2022;2;"Eleição Ordinária";1;546;"ELEIÇÕES GERAIS ESTADUAIS 2022";"02/10/2022";"E";"DF";"DF";"DISTRITO FEDERAL";97012;"BRASÍLIA";18;5;"Senador";70001723767;123;"JOE CARLO VIANA VALLE";"JOE VALLE";"#NULO";12;"APTO";2;"DEFERIDO";-3;"#NE";-3;"#NE";-3;"#NE";"PARTIDO ISOLADO";12;"PDT";"Partido Democrático Trabalhista";-1;"#NULO#";"#NULO#";"#NULO#";70001685500;"PARTIDO ISOLADO";"PDT";"N";5385;"Válido";5385;4;"NÃO ELEITO"
"04/10/2026";"03:16:54";2022;2;"Eleição Ordinária";1;546;"ELEIÇÕES GERAIS ESTADUAIS 2022";"02/10/2022";"E";"DF";"DF";"DISTRITO FEDERAL";97012;"BRASÍLIA";1;5;"Senador";70001723767;123;"JOE CARLO VIANA VALLE";"JOE VALLE";"#NULO";12;"APTO";2;"DEFERIDO";-3;"#NE";-3;"#NE";-3;"#NE";"PARTIDO ISOLADO";12;"PDT";"Partido Democrático Trabalhista";-1;"#NULO#";"#NULO#";"#NULO#";70001685500;"PARTIDO ISOLADO";"PDT";"N";3707;"Válido";3707;4;"NÃO ELEITO"
"04/10/2026";"03:16:54";2022;2;"Eleição Ordinária";1;546;"ELEIÇÕES GERAIS ESTADUAIS 2022";"02/10/2022";"E";"DF";"DF";"DISTRITO FEDERAL";97012;"BRASÍLIA";15;5;"Senador";70001723767;123;"JOE CARLO VIANA VALLE";"JOE VALLE";"#NULO";12;"APTO";2;"DEFERIDO";-3;"#NE";-3;"#NE";-3;"#NE";"PARTIDO ISOLADO";12;"PDT";"Partido Democrático Trabalhista";-1;"#NULO#";"#NULO#";"#NULO#";70001685500;"PARTIDO ISOLADO";"PDT";"N";4025;"Válido";4025;4;"NÃO ELEITO"
"04/10/2026";"03:16:54";2022;2;"Eleição Ordinária";1;546;"ELEIÇÕES GERAIS ESTADUAIS 2022";"02/10/2022";"E";"DF";"DF";"DISTRITO FEDERAL";97012;"BRASÍLIA";14;5;"Senador";70001723767;123;"JOE CARLO VIANA VALLE";"JOE VALLE";"#NULO";12;"APTO";2;"DEFERIDO";-3;"#NE";-3;"#NE";-3;"#NE";"PARTIDO ISOLADO";12;"PDT";"Partido Democrático Trabalhista";-1;"#NULO#";"#NULO#";"#NULO#";70001685500;"PARTIDO ISOLADO";"PDT";"N";5329;"Válido";5329;4;"NÃO ELEITO"
"04/10/2026";"03:16:54";2022;2;"Eleição Ordinária";1;546;"ELEIÇÕES GERAIS ESTADUAIS 2022";"02/10/2022";"E";"DF";"DF";"DISTRITO FEDERAL";97012;"BRASÍLIA";17;5;"Senador";70001723767;123;"JOE CARLO VIANA VALLE";"JOE VALLE";"#NULO";12;"APTO";2;"DEFERIDO";-3;"#NE";-3;"#NE";-3;"#NE";"PARTIDO ISOLADO";12;"PDT";"Partido Democrático Trabalhista";-1;"#NULO#";"#NULO#";"#NULO#";70001685500;"PARTIDO ISOLADO";"PDT";"N";1853;"Válido";1853;4;"NÃO ELEITO"
"04/10/2026";"03:16:54";2022;2;"Eleição Ordinária";1;546;"ELEIÇÕES GERAIS ESTADUAIS 2022";"02/10/2022";"E";"DF";"DF";"DISTRITO FEDERAL";97012;"BRASÍLIA";19;5;"Senador";70001723767;123;"JOE CARLO VIANA VALLE";"JOE VALLE";"#NULO";12;"APTO";2;"DEFERIDO";-3;"#NE";-3;"#NE";-3;"#NE";"PARTIDO ISOLADO";12;"PDT";"Partido Democrático Trabalhista";-1;"#NULO#";"#NULO#";"#NULO#";70001685500;"PARTIDO ISOLADO";"PDT";"N";1712;"Válido";1712;4;"NÃO ELEITO"
"04/10/2026";"03:16:54";2022;2;"Eleição Ordinária";1;546;"ELEIÇÕES GERAIS ESTADUAIS 2022";"02/10/2022";"E";"DF";"DF";"DISTRITO FEDERAL";97012;"BRASÍLIA";4;5;"Senador";70001723767;123;"JOE CARLO VIANA VALLE";"JOE VALLE";"#NULO";12;"APTO";2;"DEFERIDO";-3;"#NE";-3;"#NE";-3;"#NE";"PARTIDO ISOLADO";12;"PDT";"Partido Democrático Trabalhista";-1;"#NULO#";"#NULO#";"#NULO#";70001685500;"PARTIDO ISOLADO";"PDT";"N";1133;"Válido";1133;4;"NÃO ELEITO"
"04/10/2026";"03:16:54";2022;2;"Eleição Ordinária";1;546;"ELEIÇÕES GERAIS ESTADUAIS 2022";"02/10/2022";"E";"DF";"DF";"DISTRITO FEDERAL";97012;"BRASÍLIA";16;5;"Senador";70001723767;123;"JOE CARLO VIANA VALLE";"JOE VALLE";"#NULO";12;"APTO";2;"DEFERIDO";-3;"#NE";-3;"#NE";-3;"#NE";"PARTIDO ISOLADO";12;"PDT";"Partido Democrático Trabalhista";-1;"#NULO#";"#NULO#";"#NULO#";70001685500;"PARTIDO ISOLADO";"PDT";"N";1702;"Válido";1702;4;"NÃO ELEITO"
"04/10/2026";"03:16:54";2022;2;"Eleição Ordinária";1;546;"ELEIÇÕES GERAIS ESTADUAIS 2022";"02/10/2022";"E";"DF";"DF";"DISTRITO FEDERAL";97012;"BRASÍLIA";5;5;"Senador";70001723767;123;"JOE CARLO VIANA VALLE";"JOE VALLE";"#NULO";12;"APTO";2;"DEFERIDO";-3;"#NE";-3;"#NE";-3;"#NE";"PARTIDO ISOLADO";12;"PDT";"Partido Democrático Trabalhista";-1;"#NULO#";"#NULO#";"#NULO#";70001685500;"PARTIDO ISOLADO";"PDT";"N";2891;"Válido";2891;4;"NÃO ELEITO"
"04/10/2026";"03:16:54";2022;2;"Eleição Ordinária";1;546;"ELEIÇÕES GERAIS ESTADUAIS 2022";"02/10/2022";"E";"DF";"DF";"DISTRITO FEDERAL";97012;"BRASÍLIA";20;5;"Senador";70001723767;123;"JOE CARLO VIANA VALLE";"JOE VALLE";"#NULO";12;"APTO";2;"DEFERIDO";-3;"#NE";-3;"#NE";-3;"#NE";"PARTIDO ISOLADO";12;"PDT";"Partido Democrático Trabalhista";-1;"#NULO#";"#NULO#";"#NULO#";70001685500;"PARTIDO ISOLADO";"PDT";"N";903;"Válido";903;4;"NÃO ELEITO"
"04/10/2026";"03:16:54";2022;2;"Eleição Ordinária";1;546;"ELEIÇÕES GERAIS ESTADUAIS 2022";"02/10/2022";"E";"DF";"DF";"DISTRITO FEDERAL";97012;"BRASÍLIA";11;5;"Senador";70001723767;123;"JOE CARLO VIANA VALLE";"JOE VALLE";"#NULO";12;"APTO";2;"DEFERIDO";-3;"#NE";-3;"#NE";-3;"#NE";"PARTIDO ISOLADO";12;"PDT";"Partido Democrático Trabalhista";-1;"#NULO#";"#NULO#";"#NULO#";70001685500;"PARTIDO ISOLADO";"PDT";"N";3447;"Válido";3447;4;"NÃO ELEITO"
"04/10/2026";"03:16:54";2022;2;"Eleição Ordinária";1;546;"ELEIÇÕES GERAIS ESTADUAIS 2022";"02/10/2022";"E";"DF";"DF";"DISTRITO FEDERAL";97012;"BRASÍLIA";21;5;"Senador";70001723767;123;"JOE CARLO VIANA VALLE";"JOE VALLE";"#NULO";12;"APTO";2;"DEFERIDO";-3;"#NE";-3;"#NE";-3;"#NE";"PARTIDO ISOLADO";12;"PDT";"Partido Democrático Trabalhista";-1;"#NULO#";"#NULO#";"#NULO#";70001685500;"PARTIDO ISOLADO";"PDT";"N";1223;"Válido";1223;4;"NÃO ELEITO"
"04/10/2026";"03:16:54";2022;2;"Eleição Ordinária";1;546;"ELEIÇÕES GERAIS ESTADUAIS 2022";"02/10/2022";"E";"DF";"DF";"DISTRITO FEDERAL";97012;"BRASÍLIA";10;5;"Senador";70001723767;123;"JOE CARLO VIANA VALLE";"JOE VALLE";"#NULO";12;"APTO";2;"DEFERIDO";-3;"#NE";-3;"#NE";-3;"#NE";"PARTIDO ISOLADO";12;"PDT";"Partido Democrático Trabalhista";-1;"#NULO#";"#NULO#";"#NULO#";70001685500;"PARTIDO ISOLADO";"PDT";"N";2185;"Válido";2185;4;"NÃO ELEITO"
"04/10/2026";"03:16:54";2022;2;"Eleição Ordinária";1;546;"ELEIÇÕES GERAIS ESTADUAIS 2022";"02/10/2022";"E";"DF";"DF";"DISTRITO FEDERAL";97012;"BRASÍLIA";5;3;"Governador";70001653885;27;"LUIZ CARLOS LUCAS SALLES";"LUCAS SALLES";"#NULO";12;"APTO";2;"DEFERIDO";-3;"#NE";-3;"#NE";-3;"#NE";"PARTIDO ISOLADO";27;"DC";"Democracia Cristã";-1;"#NULO#";"#NULO#";"#NULO#";70001683445;"PARTIDO ISOLADO";"DC";"N";210;"Válido";210;4;"NÃO ELEITO"
"04/10/2026";"03:16:54";2022;2;"Eleição Ordinária";1;546;"ELEIÇÕES GERAIS ESTADUAIS 2022";"02/10/2022";"E";"DF";"DF";"DISTRITO FEDERAL";97012;"BRASÍLIA";3;3;"Governador";70001653885;27;"LUIZ CARLOS LUCAS SALLES";"LUCAS SALLES";"#NULO";12;"APTO";2;"DEFERIDO";-3;"#NE";-3;"#NE";-3;"#NE";"PARTIDO ISOLADO";27;"DC";"Democracia Cristã";-1;"#NULO#";"#NULO#";"#NULO#";70001683445;"PARTIDO ISOLADO";"DC";"N";173;"Válido";173;4;"NÃO ELEITO"
"04/10/2026";"03:16:54";2022;2;"Eleição Ordinária";1;546;"ELEIÇÕES GERAIS ESTADUAIS 2022";"02/10/2022";"E";"DF";"DF";"DISTRITO FEDERAL";97012;"BRASÍLIA";4;3;"Governador";70001653885;27;"LUIZ CARLOS LUCAS SALLES";"LUCAS SALLES";"#NULO";12;"APTO";2;"DEFERIDO";-3;"#NE";-3;"#NE";-3;"#NE";"PARTIDO ISOLADO";27;"DC";"Democracia Cristã";-1;"#NULO#";"#NULO#";"#NULO#";70001683445;"PARTIDO ISOLADO";"DC";"N";215;"Válido";215;4;"NÃO ELEITO"
"04/10/2026";"03:16:54";2022;2;"Eleição Ordinária";1;546;"ELEIÇÕES GERAIS ESTADUAIS 2022";"02/10/2022";"E";"DF";"DF";"DISTRITO FEDERAL";97012;"BRASÍLIA";16;3;"Governador";70001653885;27;"LUIZ CARLOS LUCAS SALLES";"LUCAS SALLES";"#NULO";12;"APTO";2;"DEFERIDO";-3;"#NE";-3;"#NE";-3;"#NE";"PARTIDO ISOLADO";27;"DC";"Democracia Cristã";-1;"#NULO#";"#NULO#";"#NULO#";70001683445;"PARTIDO ISOLADO";"DC";"N";243;"Válido";243;4;"NÃO ELEITO"
"04/10/2026";"03:16:54";2022;2;"Eleição Ordinária";1;546;"ELEIÇÕES GERAIS ESTADUAIS 2022";"02/10/2022";"E";"DF";"DF";"DISTRITO FEDERAL";97012;"BRASÍLIA";15;3;"Governador";70001653885;27;"LUIZ CARLOS LUCAS SALLES";"LUCAS SALLES";"#NULO";12;"APTO";2;"DEFERIDO";-3;"#NE";-3;"#NE";-3;"#NE";"PARTIDO ISOLADO";27;"DC";"Democracia Cristã";-1;"#NULO#";"#NULO#";"#NULO#";70001683445;"PARTIDO ISOLADO";"DC";"N";371;"Válido";371;4;"NÃO ELEITO"
"04/10/2026";"03:16:54";2022;2;"Eleição Ordinária";1;546;"ELEIÇÕES GERAIS ESTADUAIS 2022";"02/10/2022";"E";"DF";"DF";"DISTRITO FEDERAL";97012;"BRASÍLIA";21;3;"Governador";70001653885;27;"LUIZ CARLOS LUCAS SALLES";"LUCAS SALLES";"#NULO";12;"APTO";2;"DEFERIDO";-3;"#NE";-3;"#NE";-3;"#NE";"PARTIDO ISOLADO";27;"DC";"Democracia Cristã";-1;"#NULO#";"#NULO#";"#NULO#";70001683445;"PARTIDO ISOLADO";"DC";"N";125;"Válido";125;4;"NÃO ELEITO"
"04/10/2026";"03:16:54";2022;2;"Eleição Ordinária";1;546;"ELEIÇÕES GERAIS ESTADUAIS 2022";"02/10/2022";"E";"DF";"DF";"DISTRITO FEDERAL";97012;"BRASÍLIA";13;3;"Governador";70001653885;27;"LUIZ CARLOS LUCAS SALLES";"LUCAS SALLES";"#NULO";12;"APTO";2;"DEFERIDO";-3;"#NE";-3;"#NE";-3;"#NE";"PARTIDO ISOLADO";27;"DC";"Democracia Cristã";-1;"#NULO#";"#NULO#";"#NULO#";70001683445;"PARTIDO ISOLADO";"DC";"N";211;"Válido";211;4;"NÃO ELEITO"
"04/10/2026";"03:16:54";2022;2;"Eleição Ordinária";1;546;"ELEIÇÕES GERAIS ESTADUAIS 2022";"02/10/2022";"E";"DF";"DF";"DISTRITO FEDERAL";97012;"BRASÍLIA";20;3;"Governador";70001653885;27;"LUIZ CARLOS LUCAS SALLES";"LUCAS SALLES";"#NULO";12;"APTO";2;"DEFERIDO";-3;"#NE";-3;"#NE";-3;"#NE";"PARTIDO ISOLADO";27;"DC";"Democracia Cristã";-1;"#NULO#";"#NULO#";"#NULO#";70001683445;"PARTIDO ISOLADO";"DC";"N";182;"Válido";182;4;"NÃO ELEITO"
"04/10/2026";"03:16:54";2022;2;"Eleição Ordinária";1;546;"ELEIÇÕES GERAIS ESTADUAIS 2022";"02/10/2022";"E";"DF";"DF";"DISTRITO FEDERAL";97012;"BRASÍLIA";11;3;"Governador";70001653885;27;"LUIZ CARLOS LUCAS SALLES";"LUCAS SALLES";"#NULO";12;"APTO";2;"DEFERIDO";-3;"#NE";-3;"#NE";-3;"#NE";"PARTIDO ISOLADO";27;"DC";"Democracia Cristã";-1;"#NULO#";"#NULO#";"#NULO#";70001683445;"PARTIDO ISOLADO";"DC";"N";194;"Válido";194;4;"NÃO ELEITO"
"04/10/2026";"03:16:54";2022;2;"Eleição Ordinária";1;546;"ELEIÇÕES GERAIS ESTADUAIS 2022";"02/10/2022";"E";"DF";"DF";"DISTRITO FEDERAL";97012;"BRASÍLIA";19;3;"Governador";70001653885;27;"LUIZ CARLOS LUCAS SALLES";"LUCAS SALLES";"#NULO";12;"APTO";2;"DEFERIDO";-3;"#NE";-3;"#NE";-3;"#NE";"PARTIDO ISOLADO";27;"DC";"Democracia Cristã";-1;"#NULO#";"#NULO#";"#NULO#";70001683445;"PARTIDO ISOLADO";"DC";"N";183;"Válido";183;4;"NÃO ELEITO"
"04/10/2026";"03:16:54";2022;2;"Eleição Ordinária";1;546;"ELEIÇÕES GERAIS ESTADUAIS 2022";"02/10/2022";"E";"DF";"DF";"DISTRITO FEDERAL";97012;"BRASÍLIA";9;3;"Governador";70001653885;27;"LUIZ CARLOS LUCAS SALLES";"LUCAS SALLES";"#NULO";12;"APTO";2;"DEFERIDO";-3;"#NE";-3;"#NE";-3;"#NE";"PARTIDO ISOLADO";27;"DC";"Democracia Cristã";-1;"#NULO#";"#NULO#";"#NULO#";70001683445;"PARTIDO ISOLADO";"DC";"N";254;"Válido";254;4;"NÃO ELEITO"
"04/10/2026";"03:16:54";2022;2;"Eleição Ordinária";1;546;"ELEIÇÕES GERAIS ESTADUAIS 2022";"02/10/2022";"E";"DF";"DF";"DISTRITO FEDERAL";97012;"BRASÍLIA";14;3;"Governador";70001653885;27;"LUIZ CARLOS LUCAS SALLES";"LUCAS SALLES";"#NULO";12;"APTO";2;"DEFERIDO";-3;"#NE";-3;"#NE";-3;"#NE";"PARTIDO ISOLADO";27;"DC";"Democracia Cristã";-1;"#NULO#";"#NULO#";"#NULO#";70001683445;"PARTIDO ISOLADO";"DC";"N";276;"Válido";276;4;"NÃO ELEITO"
"04/10/2026";"03:16:54";2022;2;"Eleição Ordinária";1;546;"ELEIÇÕES GERAIS ESTADUAIS 2022";"02/10/2022";"E";"DF";"DF";"DISTRITO FEDERAL";97012;"BRASÍLIA";8;3;"Governador";70001653885;27;"LUIZ CARLOS LUCAS SALLES";"LUCAS SALLES";"#NULO";12;"APTO";2;"DEFERIDO";-3;"#NE";-3;"#NE";-3;"#NE";"PARTIDO ISOLADO";27;"DC";"Democracia Cristã";-1;"#NULO#";"#NULO#";"#NULO#";70001683445;"PARTIDO ISOLADO";"DC";"N";257;"Válido";257;4;"NÃO ELEITO"
"04/10/2026";"03:16:54";2022;2;"Eleição Ordinária";1;546;"ELEIÇÕES GERAIS ESTADUAIS 2022";"02/10/2022";"E";"DF";"DF";"DISTRITO FEDERAL";97012;"BRASÍLIA";1;3;"Governador";70001653885;27;"LUIZ CARLOS LUCAS SALLES";"LUCAS SALLES";"#NULO";12;"APTO";2;"DEFERIDO";-3;"#NE";-3;"#NE";-3;"#NE";"PARTIDO ISOLADO";27;"DC";"Democracia Cristã";-1;"#NULO#";"#NULO#";"#NULO#";70001683445;"PARTIDO ISOLADO";"DC";"N";157;"Válido";157;4;"NÃO ELEITO"
"04/10/2026";"03:16:54";2022;2;"Eleição Ordinária";1;546;"ELEIÇÕES GERAIS ESTADUAIS 2022";"02/10/2022";"E";"DF";"DF";"DISTRITO FEDERAL";97012;"BRASÍLIA";17;3;"Governador";70001653885;27;"LUIZ CARLOS LUCAS SALLES";"LUCAS SALLES";"#NULO";12;"APTO";2;"DEFERIDO";-3;"#NE";-3;"#NE";-3;"#NE";"PARTIDO ISOLADO";27;"DC";"Democracia Cristã";-1;"#NULO#";"#NULO#";"#NULO#";70001683445;"PARTIDO ISOLADO";"DC";"N";318;"Válido";318;4;"NÃO ELEITO"
"04/10/2026";"03:16:54";2022;2;"Eleição Ordinária";1;546;"ELEIÇÕES GERAIS ESTADUAIS 2022";"02/10/2022";"E";"DF";"DF";"DISTRITO FEDERAL";97012;"BRASÍLIA";18;3;"Governador";70001653885;27;"LUIZ CARLOS LUCAS SALLES";"LUCAS SALLES";"#NULO";12;"APTO";2;"DEFERIDO";-3;"#NE";-3;"#NE";-3;"#NE";"PARTIDO ISOLADO";27;"DC";"Democracia Cristã";-1;"#NULO#";"#NULO#";"#NULO#";70001683445;"PARTIDO ISOLADO";"DC";"N";340;"Válido";340;4;"NÃO ELEITO"
"04/10/2026";"03:16:54";2022;2;"Eleição Ordinária";1;546;"ELEIÇÕES GERAIS ESTADUAIS 2022";"02/10/2022";"E";"DF";"DF";"DISTRITO FEDERAL";97012;"BRASÍLIA";6;3;"Governador";70001653885;27;"LUIZ CARLOS LUCAS SALLES";"LUCAS SALLES";"#NULO";12;"APTO";2;"DEFERIDO";-3;"#NE";-3;"#NE";-3;"#NE";"PARTIDO ISOLADO";27;"DC";"Democracia Cristã";-1;"#NULO#";"#NULO#";"#NULO#";70001683445;"PARTIDO ISOLADO";"DC";"N";116;"Válido";116;4;"NÃO ELEITO"
"04/10/2026";"03:16:54";2022;2;"Eleição Ordinária";1;546;"ELEIÇÕES GERAIS ESTADUAIS 2022";"02/10/2022";"E";"DF";"DF";"DISTRITO FEDERAL";97012;"BRASÍLIA";2;3;"Governador";70001653885;27;"LUIZ CARLOS LUCAS SALLES";"LUCAS SALLES";"#NULO";12;"APTO";2;"DEFERIDO";-3;"#NE";-3;"#NE";-3;"#NE";"PARTIDO ISOLADO";27;"DC";"Democracia Cristã";-1;"#NULO#";"#NULO#";"#NULO#";70001683445;"PARTIDO ISOLADO";"DC";"N";164;"Válido";164;4;"NÃO ELEITO"
"04/10/2026";"03:16:54";2022;2;"Eleição Ordinária";1;546;"ELEIÇÕES GERAIS ESTADUAIS 2022";"02/10/2022";"E";"DF";"DF";"DISTRITO FEDERAL";97012;"BRASÍLIA";10;3;"Governador";70001653885;27;"LUIZ CARLOS LUCAS SALLES";"LUCAS SALLES";"#NULO";12;"APTO";2;"DEFERIDO";-3;"#NE";-3;"#NE";-3;"#NE";"PARTIDO ISOLADO";27;"DC";"Democracia Cristã";-1;"#NULO#";"#NULO#";"#NULO#";70001683445;"PARTIDO ISOLADO";"DC";"N";229;"Válido";229;4;"NÃO ELEITO"
"04/10/2026";"03:16:54";2022;2;"Eleição Ordinária";1;546;"ELEIÇÕES GERAIS ESTADUAIS 2022";"02/10/2022";"E";"DF";"DF";"DISTRITO FEDERAL";97012;"BRASÍLIA";18;5;"Senador";70001601732;180;"PEDRO IVO DE SOUZA BATISTA";"PEDRO IVO MANDATO COLETIVO";"#NULO";12;"APTO";2;"DEFERIDO";-3;"#NE";-3;"#NE";-3;"#NE";"FEDERAÇÃO";18;"REDE";"Rede Sustentabilidade";3;"Federação PSOL REDE";"PSOL/REDE";"PSOL / REDE";70001681126;"FEDERAÇÃO";"Federação PSOL REDE (PSOL / REDE)";"N";603;"Válido";603;4;"NÃO ELEITO"
"04/10/2026";"03:16:54";2022;2;"Eleição Ordinária";1;546;"ELEIÇÕES GERAIS ESTADUAIS 2022";"02/10/2022";"E";"DF";"DF";"DISTRITO FEDERAL";97012;"BRASÍLIA";19;5;"Senador";70001601732;180;"PEDRO IVO DE SOUZA BATISTA";"PEDRO IVO MANDATO COLETIVO";"#NULO";12;"APTO";2;"DEFERIDO";-3;"#NE";-3;"#NE";-3;"#NE";"FEDERAÇÃO";18;"REDE";"Rede Sustentabilidade";3;"Federação PSOL REDE";"PSOL/REDE";"PSOL / REDE";70001681126;"FEDERAÇÃO";"Federação PSOL REDE (PSOL / REDE)";"N";320;"Válido";320;4;"NÃO ELEITO"
"04/10/2026";"03:16:54";2022;2;"Eleição Ordinária";1;546;"ELEIÇÕES GERAIS ESTADUAIS 2022";"02/10/2022";"E";"DF";"DF";"DISTRITO FEDERAL";97012;"BRASÍLIA";13;5;"Senador";70001601732;180;"PEDRO IVO DE SOUZA BATISTA";"PEDRO IVO MANDATO COLETIVO";"#NULO";12;"APTO";2;"DEFERIDO";-3;"#NE";-3;"#NE";-3;"#NE";"FEDERAÇÃO";18;"REDE";"Rede Sustentabilidade";3;"Federação PSOL REDE";"PSOL/REDE";"PSOL / REDE";70001681126;"FEDERAÇÃO";"Federação PSOL REDE (PSOL / REDE)";"N";258;"Válido";258;4;"NÃO ELEITO"
"04/10/2026";"03:16:54";2022;2;"Eleição Ordinária";1;546;"ELEIÇÕES GERAIS ESTADUAIS 2022";"02/10/2022";"E";"DF";"DF";"DISTRITO FEDERAL";97012;"BRASÍLIA";5;5;"Senador";70001601732;180;"PEDRO IVO DE SOUZA BATISTA";"PEDRO IVO MANDATO COLETIVO";"#NULO";12;"APTO";2;"DEFERIDO";-3;"#NE";-3;"#NE";-3;"#NE";"FEDERAÇÃO";18;"REDE";"Rede Sustentabilidade";3;"Federação PSOL REDE";"PSOL/REDE";"PSOL / REDE";70001681126;"FEDERAÇÃO";"Federação PSOL REDE (PSOL / REDE)";"N";495;"Válido";495;4;"NÃO ELEITO"
"04/10/2026";"03:16:54";2022;2;"Eleição Ordinária";1;546;"ELEIÇÕES GERAIS ESTADUAIS 2022";"02/10/2022";"E";"DF";"DF";"DISTRITO FEDERAL";97012;"BRASÍLIA";9;5;"Senador";70001601732;180;"PEDRO IVO DE SOUZA BATISTA";"PEDRO IVO MANDATO COLETIVO";"#NULO";12;"APTO";2;"DEFERIDO";-3;"#NE";-3;"#NE";-3;"#NE";"FEDERAÇÃO";18;"REDE";"Rede Sustentabilidade";3;"Federação PSOL REDE";"PSOL/REDE";"PSOL / REDE";70001681126;"FEDERAÇÃO";"Federação PSOL REDE (PSOL / REDE)";"N";625;"Válido";625;4;"NÃO ELEITO"
"04/10/2026";"03:16:54";2022;2;"Eleição Ordinária";1;546;"ELEIÇÕES GERAIS ESTADUAIS 2022";"02/10/2022";"E";"DF";"DF";"DISTRITO FEDERAL";97012;"BRASÍLIA";14;5;"Senador";70001601732;180;"PEDRO IVO DE SOUZA BATISTA";"PEDRO IVO MANDATO COLETIVO";"#NULO";12;"APTO";2;"DEFERIDO";-3;"#NE";-3;"#NE";-3;"#NE";"FEDERAÇÃO";18;"REDE";"Rede Sustentabilidade";3;"Federação PSOL REDE";"PSOL/REDE";"PSOL / REDE";70001681126;"FEDERAÇÃO";"Federação PSOL REDE (PSOL / REDE)";"N";1032;"Válido";1032;4;"NÃO ELEITO"
"04/10/2026";"03:16:54";2022;2;"Eleição Ordinária";1;546;"ELEIÇÕES GERAIS ESTADUAIS 2022";"02/10/2022";"E";"DF";"DF";"DISTRITO FEDERAL";97012;"BRASÍLIA";10;5;"Senador";70001601732;180;"PEDRO IVO DE SOUZA BATISTA";"PEDRO IVO MANDATO COLETIVO";"#NULO";12;"APTO";2;"DEFERIDO";-3;"#NE";-3;"#NE";-3;"#NE";"FEDERAÇÃO";18;"REDE";"Rede Sustentabilidade";3;"Federação PSOL REDE";"PSOL/REDE";"PSOL / REDE";70001681126;"FEDERAÇÃO";"Federação PSOL REDE (PSOL / REDE)";"N";398;"Válido";398;4;"NÃO ELEITO"
"04/10/2026";"03:16:54";2022;2;"Eleição Ordinária";1;546;"ELEIÇÕES GERAIS ESTADUAIS 2022";"02/10/2022";"E";"DF";"DF";"DISTRITO FEDERAL";97012;"BRASÍLIA";1;5;"Senador";70001601732;180;"PEDRO IVO DE SOUZA BATISTA";"PEDRO IVO MANDATO COLETIVO";"#NULO";12;"APTO";2;"DEFERIDO";-3;"#NE";-3;"#NE";-3;"#NE";"FEDERAÇÃO";18;"REDE";"Rede Sustentabilidade";3;"Federação PSOL REDE";"PSOL/REDE";"PSOL / REDE";70001681126;"FEDERAÇÃO";"Federação PSOL REDE (PSOL / REDE)";"N";663;"Válido";663;4;"NÃO ELEITO"
"04/10/2026";"03:16:54";2022;2;"Eleição Ordinária";1;546;"ELEIÇÕES GERAIS ESTADUAIS 2022";"02/10/2022";"E";"DF";"DF";"DISTRITO FEDERAL";97012;"BRASÍLIA";8;5;"Senador";70001601732;180;"PEDRO IVO DE SOUZA BATISTA";"PEDRO IVO MANDATO COLETIVO";"#NULO";12;"APTO";2;"DEFERIDO";-3;"#NE";-3;"#NE";-3;"#NE";"FEDERAÇÃO";18;"REDE";"Rede Sustentabilidade";3;"Federação PSOL REDE";"PSOL/REDE";"PSOL / REDE";70001681126;"FEDERAÇÃO";"Federação PSOL REDE (PSOL / REDE)";"N";336;"Válido";336;4;"NÃO ELEITO"
"04/10/2026";"03:16:54";2022;2;"Eleição Ordinária";1;546;"ELEIÇÕES GERAIS ESTADUAIS 2022";"02/10/2022";"E";"DF";"DF";"DISTRITO FEDERAL";97012;"BRASÍLIA";16;5;"Senador";70001601732;180;"PEDRO IVO DE SOUZA BATISTA";"PEDRO IVO MANDATO COLETIVO";"#NULO";12;"APTO";2;"DEFERIDO";-3;"#NE";-3;"#NE";-3;"#NE";"FEDERAÇÃO";18;"REDE";"Rede Sustentabilidade";3;"Federação PSOL REDE";"PSOL/REDE";"PSOL / REDE";70001681126;"FEDERAÇÃO";"Federação PSOL REDE (PSOL / REDE)";"N";363;"Válido";363;4;"NÃO ELEITO"
"04/10/2026";"03:16:54";2022;2;"Eleição Ordinária";1;546;"ELEIÇÕES GERAIS ESTADUAIS 2022";"02/10/2022";"E";"DF";"DF";"DISTRITO FEDERAL";97012;"BRASÍLIA";3;5;"Senador";70001601732;180;"PEDRO IVO DE SOUZA BATISTA";"PEDRO IVO MANDATO COLETIVO";"#NULO";12;"APTO";2;"DEFERIDO";-3;"#NE";-3;"#NE";-3;"#NE";"FEDERAÇÃO";18;"REDE";"Rede Sustentabilidade";3;"Federação PSOL REDE";"PSOL/REDE";"PSOL / REDE";70001681126;"FEDERAÇÃO";"Federação PSOL REDE (PSOL / REDE)";"N";174;"Válido";174;4;"NÃO ELEITO"
"04/10/2026";"03:16:54";2022;2;"Eleição Ordinária";1;546;"ELEIÇÕES GERAIS ESTADUAIS 2022";"02/10/2022";"E";"DF";"DF";"DISTRITO FEDERAL";97012;"BRASÍLIA";21;5;"Senador";70001601732;180;"PEDRO IVO DE SOUZA BATISTA";"PEDRO IVO MANDATO COLETIVO";"#NULO";12;"APTO";2;"DEFERIDO";-3;"#NE";-3;"#NE";-3;"#NE";"FEDERAÇÃO";18;"REDE";"Rede Sustentabilidade";3;"Federação PSOL REDE";"PSOL/REDE";"PSOL / REDE";70001681126;"FEDERAÇÃO";"Federação PSOL REDE (PSOL / REDE)";"N";221;"Válido";221;4;"NÃO ELEITO"
"04/10/2026";"03:16:54";2022;2;"Eleição Ordinária";1;546;"ELEIÇÕES GERAIS ESTADUAIS 2022";"02/10/2022";"E";"DF";"DF";"DISTRITO FEDERAL";97012;"BRASÍLIA";20;5;"Senador";70001601732;180;"PEDRO IVO DE SOUZA BATISTA";"PEDRO IVO MANDATO COLETIVO";"#NULO";12;"APTO";2;"DEFERIDO";-3;"#NE";-3;"#NE";-3;"#NE";"FEDERAÇÃO";18;"REDE";"Rede Sustentabilidade";3;"Federação PSOL REDE";"PSOL/REDE";"PSOL / REDE";70001681126;"FEDERAÇÃO";"Federação PSOL REDE (PSOL / REDE)";"N";153;"Válido";153;4;"NÃO ELEITO"
"04/10/2026";"03:16:54";2022;2;"Eleição Ordinária";1;546;"ELEIÇÕES GERAIS ESTADUAIS 2022";"02/10/2022";"E";"DF";"DF";"DISTRITO FEDERAL";97012;"BRASÍLIA";6;5;"Senador";70001601732;180;"PEDRO IVO DE SOUZA BATISTA";"PEDRO IVO MANDATO COLETIVO";"#NULO";12;"APTO";2;"DEFERIDO";-3;"#NE";-3;"#NE";-3;"#NE";"FEDERAÇÃO";18;"REDE";"Rede Sustentabilidade";3;"Federação PSOL REDE";"PSOL/REDE";"PSOL / REDE";70001681126;"FEDERAÇÃO";"Federação PSOL REDE (PSOL / REDE)";"N";256;"Válido";256;4;"NÃO ELEITO"
"04/10/2026";"03:16:54";2022;2;"Eleição Ordinária";1;546;"ELEIÇÕES GERAIS ESTADUAIS 2022";"02/10/2022";"E";"DF";"DF";"DISTRITO FEDERAL";97012;"BRASÍLIA";4;5;"Senador";70001601732;180;"PEDRO IVO DE SOUZA BATISTA";"PEDRO IVO MANDATO COLETIVO";"#NULO";12;"APTO";2;"DEFERIDO";-3;"#NE";-3;"#NE";-3;"#NE";"FEDERAÇÃO";18;"REDE";"Rede Sustentabilidade";3;"Federação PSOL REDE";"PSOL/REDE";"PSOL / REDE";70001681126;"FEDERAÇÃO";"Federação PSOL REDE (PSOL / REDE)";"N";181;"Válido";181;4;"NÃO ELEITO"
"04/10/2026";"03:16:54";2022;2;"Eleição Ordinária";1;546;"ELEIÇÕES GERAIS ESTADUAIS 2022";"02/10/2022";"E";"DF";"DF";"DISTRITO FEDERAL";97012;"BRASÍLIA";15;5;"Senador";70001601732;180;"PEDRO IVO DE SOUZA BATISTA";"PEDRO IVO MANDATO COLETIVO";"#NULO";12;"APTO";2;"DEFERIDO";-3;"#NE";-3;"#NE";-3;"#NE";"FEDERAÇÃO";18;"REDE";"Rede Sustentabilidade";3;"Federação PSOL REDE";"PSOL/REDE";"PSOL / REDE";70001681126;"FEDERAÇÃO";"Federação PSOL REDE (PSOL / REDE)";"N";783;"Válido";783;4;"NÃO ELEITO"
"04/10/2026";"03:16:54";2022;2;"Eleição Ordinária";1;546;"ELEIÇÕES GERAIS ESTADUAIS 2022";"02/10/2022";"E";"DF";"DF";"DISTRITO FEDERAL";97012;"BRASÍLIA";11;5;"Senador";70001601732;180;"PEDRO IVO DE SOUZA BATISTA";"PEDRO IVO MANDATO COLETIVO";"#NULO";12;"APTO";2;"DEFERIDO";-3;"#NE";-3;"#NE";-3;"#NE";"FEDERAÇÃO";18;"REDE";"Rede Sustentabilidade";3;"Federação PSOL REDE";"PSOL/REDE";"PSOL / REDE";70001681126;"FEDERAÇÃO";"Federação PSOL REDE (PSOL / REDE)";"N";517;"Válido";517;4;"NÃO ELEITO"
"04/10/2026";"03:16:54";2022;2;"Eleição Ordinária";1;546;"ELEIÇÕES GERAIS ESTADUAIS 2022";"02/10/2022";"E";"DF";"DF";"DISTRITO FEDERAL";97012;"BRASÍLIA";17;5;"Senador";70001601732;180;"PEDRO IVO DE SOUZA BATISTA";"PEDRO IVO MANDATO COLETIVO";"#NULO";12;"APTO";2;"DEFERIDO";-3;"#NE";-3;"#NE";-3;"#NE";"FEDERAÇÃO";18;"REDE";"Rede Sustentabilidade";3;"Federação PSOL REDE";"PSOL/REDE";"PSOL / REDE";70001681126;"FEDERAÇÃO";"Federação PSOL REDE (PSOL / REDE)";"N";263;"Válido";263;4;"NÃO ELEITO"
"04/10/2026";"03:16:54";2022;2;"Eleição Ordinária";1;546;"ELEIÇÕES GERAIS ESTADUAIS 2022";"02/10/2022";"E";"DF";"DF";"DISTRITO FEDERAL";97012;"BRASÍLIA";2;5;"Senador";70001601732;180;"PEDRO IVO DE SOUZA BATISTA";"PEDRO IVO MANDATO COLETIVO";"#NULO";12;"APTO";2;"DEFERIDO";-3;"#NE";-3;"#NE";-3;"#NE";"FEDERAÇÃO";18;"REDE";"Rede Sustentabilidade";3;"Federação PSOL REDE";"PSOL/REDE";"PSOL / REDE";70001681126;"FEDERAÇÃO";"Federação PSOL REDE (PSOL / REDE)";"N";492;"Válido";492;4;"NÃO ELEITO"
"04/10/2026";"03:16:54";2022;2;"Eleição Ordinária";1;546;"ELEIÇÕES GERAIS ESTADUAIS 2022";"02/10/2022";"E";"DF";"DF";"DISTRITO FEDERAL";97012;"BRASÍLIA";19;3;"Governador";70001597108;43;"LEANDRO ANTÔNIO GRASS PEIXOTO";"LEANDRO GRASS";"#NULO";12;"APTO";2;"DEFERIDO";-3;"#NE";-3;"#NE";-3;"#NE";"FEDERAÇÃO";43;"PV";"Partido Verde";2;"Federação Brasil da Esperança - FE BRASIL";"PT/PC do B/PV";"PC do B / PT / PV";70001680914;"FEDERAÇÃO";"Federação Brasil da Esperança - FE BRASIL (PT / PC do B / PV)";"N";20115;"Válido";20115;4;"NÃO ELEITO"
"04/10/2026";"03:16:54";2022;2;"Eleição Ordinária";1;546;"ELEIÇÕES GERAIS ESTADUAIS 2022";"02/10/2022";"E";"DF";"DF";"DISTRITO FEDERAL";97012;"BRASÍLIA";8;3;"Governador";70001597108;43;"LEANDRO ANTÔNIO GRASS PEIXOTO";"LEANDRO GRASS";"#NULO";12;"APTO";2;"DEFERIDO";-3;"#NE";-3;"#NE";-3;"#NE";"FEDERAÇÃO";43;"PV";"Partido Verde";2;"Federação Brasil da Esperança - FE BRASIL";"PT/PC do B/PV";"PC do B / PT / PV";70001680914;"FEDERAÇÃO";"Federação Brasil da Esperança - FE BRASIL (PT / PC do B / PV)";"N";23800;"Válido";23800;4;"NÃO ELEITO"
"04/10/2026";"03:16:54";2022;2;"Eleição Ordinária";1;546;"ELEIÇÕES GERAIS ESTADUAIS 2022";"02/10/2022";"E";"DF";"DF";"DISTRITO FEDERAL";97012;"BRASÍLIA";15;3;"Governador";70001597108;43;"LEANDRO ANTÔNIO GRASS PEIXOTO";"LEANDRO GRASS";"#NULO";12;"APTO";2;"DEFERIDO";-3;"#NE";-3;"#NE";-3;"#NE";"FEDERAÇÃO";43;"PV";"Partido Verde";2;"Federação Brasil da Esperança - FE BRASIL";"PT/PC do B/PV";"PC do B / PT / PV";70001680914;"FEDERAÇÃO";"Federação Brasil da Esperança - FE BRASIL (PT / PC do B / PV)";"N";36224;"Válido";36224;4;"NÃO ELEITO"
"04/10/2026";"03:16:54";2022;2;"Eleição Ordinária";1;546;"ELEIÇÕES GERAIS ESTADUAIS 2022";"02/10/2022";"E";"DF";"DF";"DISTRITO FEDERAL";97012;"BRASÍLIA";18;3;"Governador";70001597108;43;"LEANDRO ANTÔNIO GRASS PEIXOTO";"LEANDRO GRASS";"#NULO";12;"APTO";2;"DEFERIDO";-3;"#NE";-3;"#NE";-3;"#NE";"FEDERAÇÃO";43;"PV";"Partido Verde";2;"Federação Brasil da Esperança - FE BRASIL";"PT/PC do B/PV";"PC do B / PT / PV";70001680914;"FEDERAÇÃO";"Federação Brasil da Esperança - FE BRASIL (PT / PC do B / PV)";"N";27836;"Válido";27836;4;"NÃO ELEITO"
"04/10/2026";"03:16:54";2022;2;"Eleição Ordinária";1;546;"ELEIÇÕES GERAIS ESTADUAIS 2022";"02/10/2022";"E";"DF";"DF";"DISTRITO FEDERAL";97012;"BRASÍLIA";6;3;"Governador";70001597108;43;"LEANDRO ANTÔNIO GRASS PEIXOTO";"LEANDRO GRASS";"#NULO";12;"APTO";2;"DEFERIDO";-3;"#NE";-3;"#NE";-3;"#NE";"FEDERAÇÃO";43;"PV";"Partido Verde";2;"Federação Brasil da Esperança - FE BRASIL";"PT/PC do B/PV";"PC do B / PT / PV";70001680914;"FEDERAÇÃO";"Federação Brasil da Esperança - FE BRASIL (PT / PC do B / PV)";"N";24487;"Válido";24487;4;"NÃO ELEITO"
"04/10/2026";"03:16:54";2022;2;"Eleição Ordinária";1;546;"ELEIÇÕES GERAIS ESTADUAIS 2022";"02/10/2022";"E";"DF";"DF";"DISTRITO FEDERAL";97012;"BRASÍLIA";2;3;"Governador";70001597108;43;"LEANDRO ANTÔNIO GRASS PEIXOTO";"LEANDRO GRASS";"#NULO";12;"APTO";2;"DEFERIDO";-3;"#NE";-3;"#NE";-3;"#NE";"FEDERAÇÃO";43;"PV";"Partido Verde";2;"Federação Brasil da Esperança - FE BRASIL";"PT/PC do B/PV";"PC do B / PT / PV";70001680914;"FEDERAÇÃO";"Federação Brasil da Esperança - FE BRASIL (PT / PC do B / PV)";"N";21241;"Válido";21241;4;"NÃO ELEITO"
"04/10/2026";"03:16:54";2022;2;"Eleição Ordinária";1;546;"ELEIÇÕES GERAIS ESTADUAIS 2022";"02/10/2022";"E";"DF";"DF";"DISTRITO FEDERAL";97012;"BRASÍLIA";1;3;"Governador";70001597108;43;"LEANDRO ANTÔNIO GRASS PEIXOTO";"LEANDRO GRASS";"#NULO";12;"APTO";2;"DEFERIDO";-3;"#NE";-3;"#NE";-3;"#NE";"FEDERAÇÃO";43;"PV";"Partido Verde";2;"Federação Brasil da Esperança - FE BRASIL";"PT/PC do B/PV";"PC do B / PT / PV";70001680914;"FEDERAÇÃO";"Federação Brasil da Esperança - FE BRASIL (PT / PC do B / PV)";"N";21370;"Válido";21370;4;"NÃO ELEITO"
"04/10/2026";"03:16:54";2022;2;"Eleição Ordinária";1;546;"ELEIÇÕES GERAIS ESTADUAIS 2022";"02/10/2022";"E";"DF";"DF";"DISTRITO FEDERAL";97012;"BRASÍLIA";10;3;"Governador";70001597108;43;"LEANDRO ANTÔNIO GRASS PEIXOTO";"LEANDRO GRASS";"#NULO";12;"APTO";2;"DEFERIDO";-3;"#NE";-3;"#NE";-3;"#NE";"FEDERAÇÃO";43;"PV";"Partido Verde";2;"Federação Brasil da Esperança - FE BRASIL";"PT/PC do B/PV";"PC do B / PT / PV";70001680914;"FEDERAÇÃO";"Federação Brasil da Esperança - FE BRASIL (PT / PC do B / PV)";"N";21649;"Válido";21649;4;"NÃO ELEITO"
"04/10/2026";"03:16:54";2022;2;"Eleição Ordinária";1;546;"ELEIÇÕES GERAIS ESTADUAIS 2022";"02/10/2022";"E";"DF";"DF";"DISTRITO FEDERAL";97012;"BRASÍLIA";5;3;"Governador";70001597108;43;"LEANDRO ANTÔNIO GRASS PEIXOTO";"LEANDRO GRASS";"#NULO";12;"APTO";2;"DEFERIDO";-3;"#NE";-3;"#NE";-3;"#NE";"FEDERAÇÃO";43;"PV";"Partido Verde";2;"Federação Brasil da Esperança - FE BRASIL";"PT/PC do B/PV";"PC do B / PT / PV";70001680914;"FEDERAÇÃO";"Federação Brasil da Esperança - FE BRASIL (PT / PC do B / PV)";"N";26199;"Válido";26199;4;"NÃO ELEITO"
"04/10/2026";"03:16:54";2022;2;"Eleição Ordinária";1;546;"ELEIÇÕES GERAIS ESTADUAIS 2022";"02/10/2022";"E";"DF";"DF";"DISTRITO FEDERAL";97012;"BRASÍLIA";9;3;"Governador";70001597108;43;"LEANDRO ANTÔNIO GRASS PEIXOTO";"LEANDRO GRASS";"#NULO";12;"APTO";2;"DEFERIDO";-3;"#NE";-3;"#NE";-3;"#NE";"FEDERAÇÃO";43;"PV";"Partido Verde";2;"Federação Brasil da Esperança - FE BRASIL";"PT/PC do B/PV";"PC do B / PT / PV";70001680914;"FEDERAÇÃO";"Federação Brasil da Esperança - FE BRASIL (PT / PC do B / PV)";"N";29096;"Válido";29096;4;"NÃO ELEITO"
"04/10/2026";"03:16:54";2022;2;"Eleição Ordinária";1;546;"ELEIÇÕES GERAIS ESTADUAIS 2022";"02/10/2022";"E";"DF";"DF";"DISTRITO FEDERAL";97012;"BRASÍLIA";13;3;"Governador";70001597108;43;"LEANDRO ANTÔNIO GRASS PEIXOTO";"LEANDRO GRASS";"#NULO";12;"APTO";2;"DEFERIDO";-3;"#NE";-3;"#NE";-3;"#NE";"FEDERAÇÃO";43;"PV";"Partido Verde";2;"Federação Brasil da Esperança - FE BRASIL";"PT/PC do B/PV";"PC do B / PT / PV";70001680914;"FEDERAÇÃO";"Federação Brasil da Esperança - FE BRASIL (PT / PC do B / PV)";"N";20548;"Válido";20548;4;"NÃO ELEITO"
"04/10/2026";"03:16:54";2022;2;"Eleição Ordinária";1;546;"ELEIÇÕES GERAIS ESTADUAIS 2022";"02/10/2022";"E";"DF";"DF";"DISTRITO FEDERAL";97012;"BRASÍLIA";17;3;"Governador";70001597108;43;"LEANDRO ANTÔNIO GRASS PEIXOTO";"LEANDRO GRASS";"#NULO";12;"APTO";2;"DEFERIDO";-3;"#NE";-3;"#NE";-3;"#NE";"FEDERAÇÃO";43;"PV";"Partido Verde";2;"Federação Brasil da Esperança - FE BRASIL";"PT/PC do B/PV";"PC do B / PT / PV";70001680914;"FEDERAÇÃO";"Federação Brasil da Esperança - FE BRASIL (PT / PC do B / PV)";"N";25594;"Válido";25594;4;"NÃO ELEITO"
"04/10/2026";"03:16:54";2022;2;"Eleição Ordinária";1;546;"ELEIÇÕES GERAIS ESTADUAIS 2022";"02/10/2022";"E";"DF";"DF";"DISTRITO FEDERAL";97012;"BRASÍLIA";21;3;"Governador";70001597108;43;"LEANDRO ANTÔNIO GRASS PEIXOTO";"LEANDRO GRASS";"#NULO";12;"APTO";2;"DEFERIDO";-3;"#NE";-3;"#NE";-3;"#NE";"FEDERAÇÃO";43;"PV";"Partido Verde";2;"Federação Brasil da Esperança - FE BRASIL";"PT/PC do B/PV";"PC do B / PT / PV";70001680914;"FEDERAÇÃO";"Federação Brasil da Esperança - FE BRASIL (PT / PC do B / PV)";"N";16220;"Válido";16220;4;"NÃO ELEITO"
"04/10/2026";"03:16:54";2022;2;"Eleição Ordinária";1;546;"ELEIÇÕES GERAIS ESTADUAIS 2022";"02/10/2022";"E";"DF";"DF";"DISTRITO FEDERAL";97012;"BRASÍLIA";16;3;"Governador";70001597108;43;"LEANDRO ANTÔNIO GRASS PEIXOTO";"LEANDRO GRASS";"#NULO";12;"APTO";2;"DEFERIDO";-3;"#NE";-3;"#NE";-3;"#NE";"FEDERAÇÃO";43;"PV";"Partido Verde";2;"Federação Brasil da Esperança - FE BRASIL";"PT/PC do B/PV";"PC do B / PT / PV";70001680914;"FEDERAÇÃO";"Federação Brasil da Esperança - FE BRASIL (PT / PC do B / PV)";"N";23829;"Válido";23829;4;"NÃO ELEITO"
"04/10/2026";"03:16:54";2022;2;"Eleição Ordinária";1;546;"ELEIÇÕES GERAIS ESTADUAIS 2022";"02/10/2022";"E";"DF";"DF";"DISTRITO FEDERAL";97012;"BRASÍLIA";11;3;"Governador";70001597108;43;"LEANDRO ANTÔNIO GRASS PEIXOTO";"LEANDRO GRASS";"#NULO";12;"APTO";2;"DEFERIDO";-3;"#NE";-3;"#NE";-3;"#NE";"FEDERAÇÃO";43;"PV";"Partido Verde";2;"Federação Brasil da Esperança - FE BRASIL";"PT/PC do B/PV";"PC do B / PT / PV";70001680914;"FEDERAÇÃO";"Federação Brasil da Esperança - FE BRASIL (PT / PC do B / PV)";"N";19011;"Válido";19011;4;"NÃO ELEITO"
"04/10/2026";"03:16:54";2022;2;"Eleição Ordinária";1;546;"ELEIÇÕES GERAIS ESTADUAIS 2022";"02/10/2022";"E";"DF";"DF";"DISTRITO FEDERAL";97012;"BRASÍLIA";20;3;"Governador";70001597108;43;"LEANDRO ANTÔNIO GRASS PEIXOTO";"LEANDRO GRASS";"#NULO";12;"APTO";2;"DEFERIDO";-3;"#NE";-3;"#NE";-3;"#NE";"FEDERAÇÃO";43;"PV";"Partido Verde";2;"Federação Brasil da Esperança - FE BRASIL";"PT/PC do B/PV";"PC do B / PT / PV";70001680914;"FEDERAÇÃO";"Federação Brasil da Esperança - FE BRASIL (PT / PC do B / PV)";"N";14040;"Válido";14040;4;"NÃO ELEITO"
"04/10/2026";"03:16:54";2022;2;"Eleição Ordinária";1;546;"ELEIÇÕES GERAIS ESTADUAIS 2022";"02/10/2022";"E";"DF";"DF";"DISTRITO FEDERAL";97012;"BRASÍLIA";14;3;"Governador";70001597108;43;"LEANDRO ANTÔNIO GRASS PEIXOTO";"LEANDRO GRASS";"#NULO";12;"APTO";2;"DEFERIDO";-3;"#NE";-3;"#NE";-3;"#NE";"FEDERAÇÃO";43;"PV";"Partido Verde";2;"Federação Brasil da Esperança - FE BRASIL";"PT/PC do B/PV";"PC do B / PT / PV";70001680914;"FEDERAÇÃO";"Federação Brasil da Esperança - FE BRASIL (PT / PC do B / PV)";"N";32793;"Válido";32793;4;"NÃO ELEITO"
"04/10/2026";"03:16:54";2022;2;"Eleição Ordinária";1;546;"ELEIÇÕES GERAIS ESTADUAIS 2022";"02/10/2022";"E";"DF";"DF";"DISTRITO FEDERAL";97012;"BRASÍLIA";4;3;"Governador";70001597108;43;"LEANDRO ANTÔNIO GRASS PEIXOTO";"LEANDRO GRASS";"#NULO";12;"APTO";2;"DEFERIDO";-3;"#NE";-3;"#NE";-3;"#NE";"FEDERAÇÃO";43;"PV";"Partido Verde";2;"Federação Brasil da Esperança - FE BRASIL";"PT/PC do B/PV";"PC do B / PT / PV";70001680914;"FEDERAÇÃO";"Federação Brasil da Esperança - FE BRASIL (PT / PC do B / PV)";"N";17144;"Válido";17144;4;"NÃO ELEITO"
"04/10/2026";"03:16:54";2022;2;"Eleição Ordinária";1;546;"ELEIÇÕES GERAIS ESTADUAIS 2022";"02/10/2022";"E";"DF";"DF";"DISTRITO FEDERAL";97012;"BRASÍLIA";3;3;"Governador";70001597108;43;"LEANDRO ANTÔNIO GRASS PEIXOTO";"LEANDRO GRASS";"#NULO";12;"APTO";2;"DEFERIDO";-3;"#NE";-3;"#NE";-3;"#NE";"FEDERAÇÃO";43;"PV";"Partido Verde";2;"Federação Brasil da Esperança - FE BRASIL";"PT/PC do B/PV";"PC do B / PT / PV";70001680914;"FEDERAÇÃO";"Federação Brasil da Esperança - FE BRASIL (PT / PC do B / PV)";"N";13391;"Válido";13391;4;"NÃO ELEITO"
"04/10/2026";"03:16:54";2022;2;"Eleição Ordinária";1;546;"ELEIÇÕES GERAIS ESTADUAIS 2022";"02/10/2022";"E";"DF";"DF";"DISTRITO FEDERAL";97012;"BRASÍLIA";20;5;"Senador";70001701922;555;"CARLOS DIVINO VIEIRA RODRIGUES";"CARLOS RODRIGUES";"#NULO";12;"APTO";2;"DEFERIDO";-3;"#NE";-3;"#NE";-3;"#NE";"PARTIDO ISOLADO";55;"PSD";"Partido Social Democrático";-1;"#NULO#";"#NULO#";"#NULO#";70001684777;"PARTIDO ISOLADO";"PSD";"N";292;"Válido";292;4;"NÃO ELEITO"
"04/10/2026";"03:16:54";2022;2;"Eleição Ordinária";1;546;"ELEIÇÕES GERAIS ESTADUAIS 2022";"02/10/2022";"E";"DF";"DF";"DISTRITO FEDERAL";97012;"BRASÍLIA";16;5;"Senador";70001701922;555;"CARLOS DIVINO VIEIRA RODRIGUES";"CARLOS RODRIGUES";"#NULO";12;"APTO";2;"DEFERIDO";-3;"#NE";-3;"#NE";-3;"#NE";"PARTIDO ISOLADO";55;"PSD";"Partido Social Democrático";-1;"#NULO#";"#NULO#";"#NULO#";70001684777;"PARTIDO ISOLADO";"PSD";"N";498;"Válido";498;4;"NÃO ELEITO"
"04/10/2026";"03:16:54";2022;2;"Eleição Ordinária";1;546;"ELEIÇÕES GERAIS ESTADUAIS 2022";"02/10/2022";"E";"DF";"DF";"DISTRITO FEDERAL";97012;"BRASÍLIA";17;5;"Senador";70001701922;555;"CARLOS DIVINO VIEIRA RODRIGUES";"CARLOS RODRIGUES";"#NULO";12;"APTO";2;"DEFERIDO";-3;"#NE";-3;"#NE";-3;"#NE";"PARTIDO ISOLADO";55;"PSD";"Partido Social Democrático";-1;"#NULO#";"#NULO#";"#NULO#";70001684777;"PARTIDO ISOLADO";"PSD";"N";433;"Válido";433;4;"NÃO ELEITO"
"04/10/2026";"03:16:54";2022;2;"Eleição Ordinária";1;546;"ELEIÇÕES GERAIS ESTADUAIS 2022";"02/10/2022";"E";"DF";"DF";"DISTRITO FEDERAL";97012;"BRASÍLIA";6;5;"Senador";70001701922;555;"CARLOS DIVINO VIEIRA RODRIGUES";"CARLOS RODRIGUES";"#NULO";12;"APTO";2;"DEFERIDO";-3;"#NE";-3;"#NE";-3;"#NE";"PARTIDO ISOLADO";55;"PSD";"Partido Social Democrático";-1;"#NULO#";"#NULO#";"#NULO#";70001684777;"PARTIDO ISOLADO";"PSD";"N";325;"Válido";325;4;"NÃO ELEITO"
"04/10/2026";"03:16:54";2022;2;"Eleição Ordinária";1;546;"ELEIÇÕES GERAIS ESTADUAIS 2022";"02/10/2022";"E";"DF";"DF";"DISTRITO FEDERAL";97012;"BRASÍLIA";15;5;"Senador";70001701922;555;"CARLOS DIVINO VIEIRA RODRIGUES";"CARLOS RODRIGUES";"#NULO";12;"APTO";2;"DEFERIDO";-3;"#NE";-3;"#NE";-3;"#NE";"PARTIDO ISOLADO";55;"PSD";"Partido Social Democrático";-1;"#NULO#";"#NULO#";"#NULO#";70001684777;"PARTIDO ISOLADO";"PSD";"N";796;"Válido";796;4;"NÃO ELEITO"
"04/10/2026";"03:16:54";2022;2;"Eleição Ordinária";1;546;"ELEIÇÕES GERAIS ESTADUAIS 2022";"02/10/2022";"E";"DF";"DF";"DISTRITO FEDERAL";97012;"BRASÍLIA";18;5;"Senador";70001701922;555;"CARLOS DIVINO VIEIRA RODRIGUES";"CARLOS RODRIGUES";"#NULO";12;"APTO";2;"DEFERIDO";-3;"#NE";-3;"#NE";-3;"#NE";"PARTIDO ISOLADO";55;"PSD";"Partido Social Democrático";-1;"#NULO#";"#NULO#";"#NULO#";70001684777;"PARTIDO ISOLADO";"PSD";"N";660;"Válido";660;4;"NÃO ELEITO"
"04/10/2026";"03:16:54";2022;2;"Eleição Ordinária";1;546;"ELEIÇÕES GERAIS ESTADUAIS 2022";"02/10/2022";"E";"DF";"DF";"DISTRITO FEDERAL";97012;"BRASÍLIA";10;5;"Senador";70001701922;555;"CARLOS DIVINO VIEIRA RODRIGUES";"CARLOS RODRIGUES";"#NULO";12;"APTO";2;"DEFERIDO";-3;"#NE";-3;"#NE";-3;"#NE";"PARTIDO ISOLADO";55;"PSD";"Partido Social Democrático";-1;"#NULO#";"#NULO#";"#NULO#";70001684777;"PARTIDO ISOLADO";"PSD";"N";522;"Válido";522;4;"NÃO ELEITO"
"04/10/2026";"03:16:54";2022;2;"Eleição Ordinária";1;546;"ELEIÇÕES GERAIS ESTADUAIS 2022";"02/10/2022";"E";"DF";"DF";"DISTRITO FEDERAL";97012;"BRASÍLIA";1;5;"Senador";70001701922;555;"CARLOS DIVINO VIEIRA RODRIGUES";"CARLOS RODRIGUES";"#NULO";12;"APTO";2;"DEFERIDO";-3;"#NE";-3;"#NE";-3;"#NE";"PARTIDO ISOLADO";55;"PSD";"Partido Social Democrático";-1;"#NULO#";"#NULO#";"#NULO#";70001684777;"PARTIDO ISOLADO";"PSD";"N";510;"Válido";510;4;"NÃO ELEITO"
"04/10/2026";"03:16:54";2022;2;"Eleição Ordinária";1;546;"ELEIÇÕES GERAIS ESTADUAIS 2022";"02/10/2022";"E";"DF";"DF";"DISTRITO FEDERAL";97012;"BRASÍLIA";14;5;"Senador";70001701922;555;"CARLOS DIVINO VIEIRA RODRIGUES";"CARLOS RODRIGUES";"#NULO";12;"APTO";2;"DEFERIDO";-3;"#NE";-3;"#NE";-3;"#NE";"PARTIDO ISOLADO";55;"PSD";"Partido Social Democrático";-1;"#NULO#";"#NULO#";"#NULO#";70001684777;"PARTIDO ISOLADO";"PSD";"N";676;"Válido";676;4;"NÃO ELEITO"
"04/10/2026";"03:16:54";2022;2;"Eleição Ordinária";1;546;"ELEIÇÕES GERAIS ESTADUAIS 2022";"02/10/2022";"E";"DF";"DF";"DISTRITO FEDERAL";97012;"BRASÍLIA";13;5;"Senador";70001701922;555;"CARLOS DIVINO VIEIRA RODRIGUES";"CARLOS RODRIGUES";"#NULO";12;"APTO";2;"DEFERIDO";-3;"#NE";-3;"#NE";-3;"#NE";"PARTIDO ISOLADO";55;"PSD";"Partido Social Democrático";-1;"#NULO#";"#NULO#";"#NULO#";70001684777;"PARTIDO ISOLADO";"PSD";"N";495;"Válido";495;4;"NÃO ELEITO"
"04/10/2026";"03:16:54";2022;2;"Eleição Ordinária";1;546;"ELEIÇÕES GERAIS ESTADUAIS 2022";"02/10/2022";"E";"DF";"DF";"DISTRITO FEDERAL";97012;"BRASÍLIA";19;5;"Senador";70001701922;555;"CARLOS DIVINO VIEIRA RODRIGUES";"CARLOS RODRIGUES";"#NULO";12;"APTO";2;"DEFERIDO";-3;"#NE";-3;"#NE";-3;"#NE";"PARTIDO ISOLADO";55;"PSD";"Partido Social Democrático";-1;"#NULO#";"#NULO#";"#NULO#";70001684777;"PARTIDO ISOLADO";"PSD";"N";450;"Válido";450;4;"NÃO ELEITO"
"04/10/2026";"03:16:54";2022;2;"Eleição Ordinária";1;546;"ELEIÇÕES GERAIS ESTADUAIS 2022";"02/10/2022";"E";"DF";"DF";"DISTRITO FEDERAL";97012;"BRASÍLIA";4;5;"Senador";70001701922;555;"CARLOS DIVINO VIEIRA RODRIGUES";"CARLOS RODRIGUES";"#NULO";12;"APTO";2;"DEFERIDO";-3;"#NE";-3;"#NE";-3;"#NE";"PARTIDO ISOLADO";55;"PSD";"Partido Social Democrático";-1;"#NULO#";"#NULO#";"#NULO#";70001684777;"PARTIDO ISOLADO";"PSD";"N";337;"Válido";337;4;"NÃO ELEITO"
"04/10/2026";"03:16:54";2022;2;"Eleição Ordinária";1;546;"ELEIÇÕES GERAIS ESTADUAIS 2022";"02/10/2022";"E";"DF";"DF";"DISTRITO FEDERAL";97012;"BRASÍLIA";3;5;"Senador";70001701922;555;"CARLOS DIVINO VIEIRA RODRIGUES";"CARLOS RODRIGUES";"#NULO";12;"APTO";2;"DEFERIDO";-3;"#NE";-3;"#NE";-3;"#NE";"PARTIDO ISOLADO";55;"PSD";"Partido Social Democrático";-1;"#NULO#";"#NULO#";"#NULO#";70001684777;"PARTIDO ISOLADO";"PSD";"N";277;"Válido";277;4;"NÃO ELEITO"
"04/10/2026";"03:16:54";2022;2;"Eleição Ordinária";1;546;"ELEIÇÕES GERAIS ESTADUAIS 2022";"02/10/2022";"E";"DF";"DF";"DISTRITO FEDERAL";97012;"BRASÍLIA";11;5;"Senador";70001701922;555;"CARLOS DIVINO VIEIRA RODRIGUES";"CARLOS RODRIGUES";"#NULO";12;"APTO";2;"DEFERIDO";-3;"#NE";-3;"#NE";-3;"#NE";"PARTIDO ISOLADO";55;"PSD";"Partido Social Democrático";-1;"#NULO#";"#NULO#";"#NULO#";70001684777;"PARTIDO ISOLADO";"PSD";"N";545;"Válido";545;4;"NÃO ELEITO"
"04/10/2026";"03:16:54";2022;2;"Eleição Ordinária";1;546;"ELEIÇÕES GERAIS ESTADUAIS 2022";"02/10/2022";"E";"DF";"DF";"DISTRITO FEDERAL";97012;"BRASÍLIA";2;5;"Senador";70001701922;555;"CARLOS DIVINO VIEIRA RODRIGUES";"CARLOS RODRIGUES";"#NULO";12;"APTO";2;"DEFERIDO";-3;"#NE";-3;"#NE";-3;"#NE";"PARTIDO ISOLADO";55;"PSD";"Partido Social Democrático";-1;"#NULO#";"#NULO#";"#NULO#";70001684777;"PARTIDO ISOLADO";"PSD";"N";481;"Válido";481;4;"NÃO ELEITO"
"04/10/2026";"03:16:54";2022;2;"Eleição Ordinária";1;546;"ELEIÇÕES GERAIS ESTADUAIS 2022";"02/10/2022";"E";"DF";"DF";"DISTRITO FEDERAL";97012;"BRASÍLIA";21;5;"Senador";70001701922;555;"CARLOS DIVINO VIEIRA RODRIGUES";"CARLOS RODRIGUES";"#NULO";12;"APTO";2;"DEFERIDO";-3;"#NE";-3;"#NE";-3;"#NE";"PARTIDO ISOLADO";55;"PSD";"Partido Social Democrático";-1;"#NULO#";"#NULO#";"#NULO#";70001684777;"PARTIDO ISOLADO";"PSD";"N";425;"Válido";425;4;"NÃO ELEITO"
"04/10/2026";"03:16:54";2022;2;"Eleição Ordinária";1;546;"ELEIÇÕES GERAIS ESTADUAIS 2022";"02/10/2022";"E";"DF";"DF";"DISTRITO FEDERAL";97012;"BRASÍLIA";8;5;"Senador";70001701922;555;"CARLOS DIVINO VIEIRA RODRIGUES";"CARLOS RODRIGUES";"#NULO";12;"APTO";2;"DEFERIDO";-3;"#NE";-3;"#NE";-3;"#NE";"PARTIDO ISOLADO";55;"PSD";"Partido Social Democrático";-1;"#NULO#";"#NULO#";"#NULO#";70001684777;"PARTIDO ISOLADO";"PSD";"N";506;"Válido";506;4;"NÃO ELEITO"
"04/10/2026";"03:16:54";2022;2;"Eleição Ordinária";1;546;"ELEIÇÕES GERAIS ESTADUAIS 2022";"02/10/2022";"E";"DF";"DF";"DISTRITO FEDERAL";97012;"BRASÍLIA";5;5;"Senador";70001701922;555;"CARLOS DIVINO VIEIRA RODRIGUES";"CARLOS RODRIGUES";"#NULO";12;"APTO";2;"DEFERIDO";-3;"#NE";-3;"#NE";-3;"#NE";"PARTIDO ISOLADO";55;"PSD";"Partido Social Democrático";-1;"#NULO#";"#NULO#";"#NULO#";70001684777;"PARTIDO ISOLADO";"PSD";"N";510;"Válido";510;4;"NÃO ELEITO"
"04/10/2026";"03:16:54";2022;2;"Eleição Ordinária";1;546;"ELEIÇÕES GERAIS ESTADUAIS 2022";"02/10/2022";"E";"DF";"DF";"DISTRITO FEDERAL";97012;"BRASÍLIA";9;5;"Senador";70001701922;555;"CARLOS DIVINO VIEIRA RODRIGUES";"CARLOS RODRIGUES";"#NULO";12;"APTO";2;"DEFERIDO";-3;"#NE";-3;"#NE";-3;"#NE";"PARTIDO ISOLADO";55;"PSD";"Partido Social Democrático";-1;"#NULO#";"#NULO#";"#NULO#";70001684777;"PARTIDO ISOLADO";"PSD";"N";628;"Válido";628;4;"NÃO ELEITO"
"04/10/2026";"03:16:54";2022;2;"Eleição Ordinária";1;544;"ELEIÇÃO GERAL FEDERAL 2022";"02/10/2022";"F";"DF";"BR";"BRASIL";97012;"BRASÍLIA";3;1;"Presidente";280001600167;21;"SOFIA PADUA MANZANO";"SOFIA MANZANO";"#NULO";12;"APTO";2;"DEFERIDO";-3;"#NE";-3;"#NE";-3;"#NE";"PARTIDO ISOLADO";21;"PCB";"Partido Comunista Brasileiro";-1;"#NULO#";"#NULO#";"#NULO#";280001681036;"PARTIDO ISOLADO";"PCB";"N";29;"Válido";29;4;"NÃO ELEITO"
"04/10/2026";"03:16:54";2022;2;"Eleição Ordinária";1;544;"ELEIÇÃO GERAL FEDERAL 2022";"02/10/2022";"F";"DF";"BR";"BRASIL";97012;"BRASÍLIA";21;1;"Presidente";280001600167;21;"SOFIA PADUA MANZANO";"SOFIA MANZANO";"#NULO";12;"APTO";2;"DEFERIDO";-3;"#NE";-3;"#NE";-3;"#NE";"PARTIDO ISOLADO";21;"PCB";"Partido Comunista Brasileiro";-1;"#NULO#";"#NULO#";"#NULO#";280001681036;"PARTIDO ISOLADO";"PCB";"N";27;"Válido";27;4;"NÃO ELEITO"
"04/10/2026";"03:16:54";2022;2;"Eleição Ordinária";1;544;"ELEIÇÃO GERAL FEDERAL 2022";"02/10/2022";"F";"DF";"BR";"BRASIL";97012;"BRASÍLIA";10;1;"Presidente";280001600167;21;"SOFIA PADUA MANZANO";"SOFIA MANZANO";"#NULO";12;"APTO";2;"DEFERIDO";-3;"#NE";-3;"#NE";-3;"#NE";"PARTIDO ISOLADO";21;"PCB";"Partido Comunista Brasileiro";-1;"#NULO#";"#NULO#";"#NULO#";280001681036;"PARTIDO ISOLADO";"PCB";"N";37;"Válido";37;4;"NÃO ELEITO"
"04/10/2026";"03:16:54";2022;2;"Eleição Ordinária";1;544;"ELEIÇÃO GERAL FEDERAL 2022";"02/10/2022";"F";"DF";"BR";"BRASIL";97012;"BRASÍLIA";18;1;"Presidente";280001600167;21;"SOFIA PADUA MANZANO";"SOFIA MANZANO";"#NULO";12;"APTO";2;"DEFERIDO";-3;"#NE";-3;"#NE";-3;"#NE";"PARTIDO ISOLADO";21;"PCB";"Partido Comunista Brasileiro";-1;"#NULO#";"#NULO#";"#NULO#";280001681036;"PARTIDO ISOLADO";"PCB";"N";57;"Válido";57;4;"NÃO ELEITO"
"04/10/2026";"03:16:54";2022;2;"Eleição Ordinária";1;544;"ELEIÇÃO GERAL FEDERAL 2022";"02/10/2022";"F";"DF";"BR";"BRASIL";97012;"BRASÍLIA";8;1;"Presidente";280001612393;12;"CIRO FERREIRA GOMES";"CIRO GOMES";"#NULO";12;"APTO";2;"DEFERIDO";-3;"#NE";-3;"#NE";-3;"#NE";"PARTIDO ISOLADO";12;"PDT";"Partido Democrático Trabalhista";-1;"#NULO#";"#NULO#";"#NULO#";280001681612;"PARTIDO ISOLADO";"PDT";"N";4399;"Válido";4399;4;"NÃO ELEITO"
"04/10/2026";"03:16:54";2022;2;"Eleição Ordinária";1;544;"ELEIÇÃO GERAL FEDERAL 2022";"02/10/2022";"F";"DF";"BR";"BRASIL";97012;"BRASÍLIA";9;1;"Presidente";280001612393;12;"CIRO FERREIRA GOMES";"CIRO GOMES";"#NULO";12;"APTO";2;"DEFERIDO";-3;"#NE";-3;"#NE";-3;"#NE";"PARTIDO ISOLADO";12;"PDT";"Partido Democrático Trabalhista";-1;"#NULO#";"#NULO#";"#NULO#";280001681612;"PARTIDO ISOLADO";"PDT";"N";4594;"Válido";4594;4;"NÃO ELEITO"
"04/10/2026";"03:16:54";2022;2;"Eleição Ordinária";1;544;"ELEIÇÃO GERAL FEDERAL 2022";"02/10/2022";"F";"DF";"BR";"BRASIL";97012;"BRASÍLIA";16;1;"Presidente";280001612393;12;"CIRO FERREIRA GOMES";"CIRO GOMES";"#NULO";12;"APTO";2;"DEFERIDO";-3;"#NE";-3;"#NE";-3;"#NE";"PARTIDO ISOLADO";12;"PDT";"Partido Democrático Trabalhista";-1;"#NULO#";"#NULO#";"#NULO#";280001681612;"PARTIDO ISOLADO";"PDT";"N";4792;"Válido";4792;4;"NÃO ELEITO"
"04/10/2026";"03:16:54";2022;2;"Eleição Ordinária";1;544;"ELEIÇÃO GERAL FEDERAL 2022";"02/10/2022";"F";"DF";"BR";"BRASIL";97012;"BRASÍLIA";19;1;"Presidente";280001612393;12;"CIRO FERREIRA GOMES";"CIRO GOMES";"#NULO";12;"APTO";2;"DEFERIDO";-3;"#NE";-3;"#NE";-3;"#NE";"PARTIDO ISOLADO";12;"PDT";"Partido Democrático Trabalhista";-1;"#NULO#";"#NULO#";"#NULO#";280001681612;"PARTIDO ISOLADO";"PDT";"N";3620;"Válido";3620;4;"NÃO ELEITO"
"04/10/2026";"03:16:54";2022;2;"Eleição Ordinária";1;544;"ELEIÇÃO GERAL FEDERAL 2022";"02/10/2022";"F";"DF";"BR";"BRASIL";97012;"BRASÍLIA";6;1;"Presidente";280001600167;21;"SOFIA PADUA MANZANO";"SOFIA MANZANO";"#NULO";12;"APTO";2;"DEFERIDO";-3;"#NE";-3;"#NE";-3;"#NE";"PARTIDO ISOLADO";21;"PCB";"Partido Comunista Brasileiro";-1;"#NULO#";"#NULO#";"#NULO#";280001681036;"PARTIDO ISOLADO";"PCB";"N";37;"Válido";37;4;"NÃO ELEITO"
"04/10/2026";"03:16:54";2022;2;"Eleição Ordinária";1;544;"ELEIÇÃO GERAL FEDERAL 2022";"02/10/2022";"F";"DF";"BR";"BRASIL";97012;"BRASÍLIA";6;1;"Presidente";280001612393;12;"CIRO FERREIRA GOMES";"CIRO GOMES";"#NULO";12;"APTO";2;"DEFERIDO";-3;"#NE";-3;"#NE";-3;"#NE";"PARTIDO ISOLADO";12;"PDT";"Partido Democrático Trabalhista";-1;"#NULO#";"#NULO#";"#NULO#";280001681612;"PARTIDO ISOLADO";"PDT";"N";3994;"Válido";3994;4;"NÃO ELEITO"
"04/10/2026";"03:16:54";2022;2;"Eleição Ordinária";1;544;"ELEIÇÃO GERAL FEDERAL 2022";"02/10/2022";"F";"DF";"BR";"BRASIL";97012;"BRASÍLIA";14;1;"Presidente";280001612393;12;"CIRO FERREIRA GOMES";"CIRO GOMES";"#NULO";12;"APTO";2;"DEFERIDO";-3;"#NE";-3;"#NE";-3;"#NE";"PARTIDO ISOLADO";12;"PDT";"Partido Democrático Trabalhista";-1;"#NULO#";"#NULO#";"#NULO#";280001681612;"PARTIDO ISOLADO";"PDT";"N";3913;"Válido";3913;4;"NÃO ELEITO"
"04/10/2026";"03:16:54";2022;2;"Eleição Ordinária";1;544;"ELEIÇÃO GERAL FEDERAL 2022";"02/10/2022";"F";"DF";"BR";"BRASIL";97012;"BRASÍLIA";21;1;"Presidente";280001612393;12;"CIRO FERREIRA GOMES";"CIRO GOMES";"#NULO";12;"APTO";2;"DEFERIDO";-3;"#NE";-3;"#NE";-3;"#NE";"PARTIDO ISOLADO";12;"PDT";"Partido Democrático Trabalhista";-1;"#NULO#";"#NULO#";"#NULO#";280001681612;"PARTIDO ISOLADO";"PDT";"N";3803;"Válido";3803;4;"NÃO ELEITO"
"04/10/2026";"03:16:54";2022;2;"Eleição Ordinária";1;544;"ELEIÇÃO GERAL FEDERAL 2022";"02/10/2022";"F";"DF";"BR";"BRASIL";97012;"BRASÍLIA";2;1;"Presidente";280001600167;21;"SOFIA PADUA MANZANO";"SOFIA MANZANO";"#NULO";12;"APTO";2;"DEFERIDO";-3;"#NE";-3;"#NE";-3;"#NE";"PARTIDO ISOLADO";21;"PCB";"Partido Comunista Brasileiro";-1;"#NULO#";"#NULO#";"#NULO#";280001681036;"PARTIDO ISOLADO";"PCB";"N";55;"Válido";55;4;"NÃO ELEITO"
"04/10/2026";"03:16:54";2022;2;"Eleição Ordinária";1;544;"ELEIÇÃO GERAL FEDERAL 2022";"02/10/2022";"F";"DF";"BR";"BRASIL";97012;"BRASÍLIA";20;1;"Presidente";280001600167;21;"SOFIA PADUA MANZANO";"SOFIA MANZANO";"#NULO";12;"APTO";2;"DEFERIDO";-3;"#NE";-3;"#NE";-3;"#NE";"PARTIDO ISOLADO";21;"PCB";"Partido Comunista Brasileiro";-1;"#NULO#";"#NULO#";"#NULO#";280001681036;"PARTIDO ISOLADO";"PCB";"N";25;"Válido";25;4;"NÃO ELEITO"
"04/10/2026";"03:16:54";2022;2;"Eleição Ordinária";1;544;"ELEIÇÃO GERAL FEDERAL 2022";"02/10/2022";"F";"DF";"BR";"BRASIL";97012;"BRASÍLIA";5;1;"Presidente";280001600167;21;"SOFIA PADUA MANZANO";"SOFIA MANZANO";"#NULO";12;"APTO";2;"DEFERIDO";-3;"#NE";-3;"#NE";-3;"#NE";"PARTIDO ISOLADO";21;"PCB";"Partido Comunista Brasileiro";-1;"#NULO#";"#NULO#";"#NULO#";280001681036;"PARTIDO ISOLADO";"PCB";"N";55;"Válido";55;4;"NÃO ELEITO"
"04/10/2026";"03:16:54";2022;2;"Eleição Ordinária";1;544;"ELEIÇÃO GERAL FEDERAL 2022";"02/10/2022";"F";"DF";"BR";"BRASIL";97012;"BRASÍLIA";20;1;"Presidente";280001612393;12;"CIRO FERREIRA GOMES";"CIRO GOMES";"#NULO";12;"APTO";2;"DEFERIDO";-3;"#NE";-3;"#NE";-3;"#NE";"PARTIDO ISOLADO";12;"PDT";"Partido Democrático Trabalhista";-1;"#NULO#";"#NULO#";"#NULO#";280001681612;"PARTIDO ISOLADO";"PDT";"N";2648;"Válido";2648;4;"NÃO ELEITO"
"04/10/2026";"03:16:54";2022;2;"Eleição Ordinária";1;544;"ELEIÇÃO GERAL FEDERAL 2022";"02/10/2022";"F";"DF";"BR";"BRASIL";97012;"BRASÍLIA";10;1;"Presidente";280001612393;12;"CIRO FERREIRA GOMES";"CIRO GOMES";"#NULO";12;"APTO";2;"DEFERIDO";-3;"#NE";-3;"#NE";-3;"#NE";"PARTIDO ISOLADO";12;"PDT";"Partido Democrático Trabalhista";-1;"#NULO#";"#NULO#";"#NULO#";280001681612;"PARTIDO ISOLADO";"PDT";"N";3950;"Válido";3950;4;"NÃO ELEITO"
"04/10/2026";"03:16:54";2022;2;"Eleição Ordinária";1;544;"ELEIÇÃO GERAL FEDERAL 2022";"02/10/2022";"F";"DF";"BR";"BRASIL";97012;"BRASÍLIA";1;1;"Presidente";280001612393;12;"CIRO FERREIRA GOMES";"CIRO GOMES";"#NULO";12;"APTO";2;"DEFERIDO";-3;"#NE";-3;"#NE";-3;"#NE";"PARTIDO ISOLADO";12;"PDT";"Partido Democrático Trabalhista";-1;"#NULO#";"#NULO#";"#NULO#";280001681612;"PARTIDO ISOLADO";"PDT";"N";2734;"Válido";2734;4;"NÃO ELEITO"
"04/10/2026";"03:16:54";2022;2;"Eleição Ordinária";1;544;"ELEIÇÃO GERAL FEDERAL 2022";"02/10/2022";"F";"DF";"BR";"BRASIL";97012;"BRASÍLIA";8;1;"Presidente";280001600167;21;"SOFIA PADUA MANZANO";"SOFIA MANZANO";"#NULO";12;"APTO";2;"DEFERIDO";-3;"#NE";-3;"#NE";-3;"#NE";"PARTIDO ISOLADO";21;"PCB";"Partido Comunista Brasileiro";-1;"#NULO#";"#NULO#";"#NULO#";280001681036;"PARTIDO ISOLADO";"PCB";"N";38;"Válido";38;4;"NÃO ELEITO"
"04/10/2026";"03:16:54";2022;2;"Eleição Ordinária";1;544;"ELEIÇÃO GERAL FEDERAL 2022";"02/10/2022";"F";"DF";"BR";"BRASIL";97012;"BRASÍLIA";17;1;"Presidente";280001600167;21;"SOFIA PADUA MANZANO";"SOFIA MANZANO";"#NULO";12;"APTO";2;"DEFERIDO";-3;"#NE";-3;"#NE";-3;"#NE";"PARTIDO ISOLADO";21;"PCB";"Partido Comunista Brasileiro";-1;"#NULO#";"#NULO#";"#NULO#";280001681036;"PARTIDO ISOLADO";"PCB";"N";39;"Válido";39;4;"NÃO ELEITO"
"04/10/2026";"03:16:54";2022;2;"Eleição Ordinária";1;544;"ELEIÇÃO GERAL FEDERAL 2022";"02/10/2022";"F";"DF";"BR";"BRASIL";97012;"BRASÍLIA";16;1;"Presidente";280001600167;21;"SOFIA PADUA MANZANO";"SOFIA MANZANO";"#NULO";12;"APTO";2;"DEFERIDO";-3;"#NE";-3;"#NE";-3;"#NE";"PARTIDO ISOLADO";21;"PCB";"Partido Comunista Brasileiro";-1;"#NULO#";"#NULO#";"#NULO#";280001681036;"PARTIDO ISOLADO";"PCB";"N";48;"Válido";48;4;"NÃO ELEITO"
"04/10/2026";"03:16:54";2022;2;"Eleição Ordinária";1;544;"ELEIÇÃO GERAL FEDERAL 2022";"02/10/2022";"F";"DF";"BR";"BRASIL";97012;"BRASÍLIA";17;1;"Presidente";280001612393;12;"CIRO FERREIRA GOMES";"CIRO GOMES";"#NULO";12;"APTO";2;"DEFERIDO";-3;"#NE";-3;"#NE";-3;"#NE";"PARTIDO ISOLADO";12;"PDT";"Partido Democrático Trabalhista";-1;"#NULO#";"#NULO#";"#NULO#";280001681612;"PARTIDO ISOLADO";"PDT";"N";3981;"Válido";3981;4;"NÃO ELEITO"
"04/10/2026";"03:16:54";2022;2;"Eleição Ordinária";1;544;"ELEIÇÃO GERAL FEDERAL 2022";"02/10/2022";"F";"DF";"BR";"BRASIL";97012;"BRASÍLIA";3;1;"Presidente";280001612393;12;"CIRO FERREIRA GOMES";"CIRO GOMES";"#NULO";12;"APTO";2;"DEFERIDO";-3;"#NE";-3;"#NE";-3;"#NE";"PARTIDO ISOLADO";12;"PDT";"Partido Democrático Trabalhista";-1;"#NULO#";"#NULO#";"#NULO#";280001681612;"PARTIDO ISOLADO";"PDT";"N";2402;"Válido";2402;4;"NÃO ELEITO"
"04/10/2026";"03:16:54";2022;2;"Eleição Ordinária";1;544;"ELEIÇÃO GERAL FEDERAL 2022";"02/10/2022";"F";"DF";"BR";"BRASIL";97012;"BRASÍLIA";5;1;"Presidente";280001612393;12;"CIRO FERREIRA GOMES";"CIRO GOMES";"#NULO";12;"APTO";2;"DEFERIDO";-3;"#NE";-3;"#NE";-3;"#NE";"PARTIDO ISOLADO";12;"PDT";"Partido Democrático Trabalhista";-1;"#NULO#";"#NULO#";"#NULO#";280001681612;"PARTIDO ISOLADO";"PDT";"N";4278;"Válido";4278;4;"NÃO ELEITO"
"04/10/2026";"03:16:54";2022;2;"Eleição Ordinária";1;544;"ELEIÇÃO GERAL FEDERAL 2022";"02/10/2022";"F";"DF";"BR";"BRASIL";97012;"BRASÍLIA";4;1;"Presidente";280001612393;12;"CIRO FERREIRA GOMES";"CIRO GOMES";"#NULO";12;"APTO";2;"DEFERIDO";-3;"#NE";-3;"#NE";-3;"#NE";"PARTIDO ISOLADO";12;"PDT";"Partido Democrático Trabalhista";-1;"#NULO#";"#NULO#";"#NULO#";280001681612;"PARTIDO ISOLADO";"PDT";"N";3455;"Válido";3455;4;"NÃO ELEITO"
"04/10/2026";"03:16:54";2022;2;"Eleição Ordinária";1;544;"ELEIÇÃO GERAL FEDERAL 2022";"02/10/2022";"F";"DF";"BR";"BRASIL";97012;"BRASÍLIA";15;1;"Presidente";280001612393;12;"CIRO FERREIRA GOMES";"CIRO GOMES";"#NULO";12;"APTO";2;"DEFERIDO";-3;"#NE";-3;"#NE";-3;"#NE";"PARTIDO ISOLADO";12;"PDT";"Partido Democrático Trabalhista";-1;"#NULO#";"#NULO#";"#NULO#";280001681612;"PARTIDO ISOLADO";"PDT";"N";6193;"Válido";6193;4;"NÃO ELEITO"
"04/10/2026";"03:16:54";2022;2;"Eleição Ordinária";1;544;"ELEIÇÃO GERAL FEDERAL 2022";"02/10/2022";"F";"DF";"BR";"BRASIL";97012;"BRASÍLIA";2;1;"Presidente";280001612393;12;"CIRO FERREIRA GOMES";"CIRO GOMES";"#NULO";12;"APTO";2;"DEFERIDO";-3;"#NE";-3;"#NE";-3;"#NE";"PARTIDO ISOLADO";12;"PDT";"Partido Democrático Trabalhista";-1;"#NULO#";"#NULO#";"#NULO#";280001681612;"PARTIDO ISOLADO";"PDT";"N";3684;"Válido";3684;4;"NÃO ELEITO"
"04/10/2026";"03:16:54";2022;2;"Eleição Ordinária";1;544;"ELEIÇÃO GERAL FEDERAL 2022";"02/10/2022";"F";"DF";"BR";"BRASIL";97012;"BRASÍLIA";11;1;"Presidente";280001612393;12;"CIRO FERREIRA GOMES";"CIRO GOMES";"#NULO";12;"APTO";2;"DEFERIDO";-3;"#NE";-3;"#NE";-3;"#NE";"PARTIDO ISOLADO";12;"PDT";"Partido Democrático Trabalhista";-1;"#NULO#";"#NULO#";"#NULO#";280001681612;"PARTIDO ISOLADO";"PDT";"N";2925;"Válido";2925;4;"NÃO ELEITO"
"04/10/2026";"03:16:54";2022;2;"Eleição Ordinária";1;544;"ELEIÇÃO GERAL FEDERAL 2022";"02/10/2022";"F";"DF";"BR";"BRASIL";97012;"BRASÍLIA";18;1;"Presidente";280001612393;12;"CIRO FERREIRA GOMES";"CIRO GOMES";"#NULO";12;"APTO";2;"DEFERIDO";-3;"#NE";-3;"#NE";-3;"#NE";"PARTIDO ISOLADO";12;"PDT";"Partido Democrático Trabalhista";-1;"#NULO#";"#NULO#";"#NULO#";280001681612;"PARTIDO ISOLADO";"PDT";"N";4346;"Válido";4346;4;"NÃO ELEITO"
"04/10/2026";"03:16:54";2022;2;"Eleição Ordinária";1;544;"ELEIÇÃO GERAL FEDERAL 2022";"02/10/2022";"F";"DF";"BR";"BRASIL";97012;"BRASÍLIA";13;1;"Presidente";280001612393;12;"CIRO FERREIRA GOMES";"CIRO GOMES";"#NULO";12;"APTO";2;"DEFERIDO";-3;"#NE";-3;"#NE";-3;"#NE";"PARTIDO ISOLADO";12;"PDT";"Partido Democrático Trabalhista";-1;"#NULO#";"#NULO#";"#NULO#";280001681612;"PARTIDO ISOLADO";"PDT";"N";4597;"Válido";4597;4;"NÃO ELEITO"
"04/10/2026";"03:16:54";2022;2;"Eleição Ordinária";1;544;"ELEIÇÃO GERAL FEDERAL 2022";"02/10/2022";"F";"DF";"BR";"BRASIL";97012;"BRASÍLIA";16;1;"Presidente";280001734029;14;"KELMON LUIS DA SILVA SOUZA";"PADRE KELMON";"#NULO";12;"APTO";2;"DEFERIDO";-3;"#NE";-3;"#NE";-3;"#NE";"PARTIDO ISOLADO";14;"PTB";"Partido Trabalhista Brasileiro";-1;"#NULO#";"#NULO#";"#NULO#";280001683500;"PARTIDO ISOLADO";"PTB";"N";114;"Válido";114;4;"NÃO ELEITO"
"04/10/2026";"03:16:54";2022;2;"Eleição Ordinária";1;544;"ELEIÇÃO GERAL FEDERAL 2022";"02/10/2022";"F";"DF";"BR";"BRASIL";97012;"BRASÍLIA";9;1;"Presidente";280001734029;14;"KELMON LUIS DA SILVA SOUZA";"PADRE KELMON";"#NULO";12;"APTO";2;"DEFERIDO";-3;"#NE";-3;"#NE";-3;"#NE";"PARTIDO ISOLADO";14;"PTB";"Partido Trabalhista Brasileiro";-1;"#NULO#";"#NULO#";"#NULO#";280001683500;"PARTIDO ISOLADO";"PTB";"N";95;"Válido";95;4;"NÃO ELEITO"
"04/10/2026";"03:16:54";2022;2;"Eleição Ordinária";1;544;"ELEIÇÃO GERAL FEDERAL 2022";"02/10/2022";"F";"DF";"BR";"BRASIL";97012;"BRASÍLIA";1;1;"Presidente";280001734029;14;"KELMON LUIS DA SILVA SOUZA";"PADRE KELMON";"#NULO";12;"APTO";2;"DEFERIDO";-3;"#NE";-3;"#NE";-3;"#NE";"PARTIDO ISOLADO";14;"PTB";"Partido Trabalhista Brasileiro";-1;"#NULO#";"#NULO#";"#NULO#";280001683500;"PARTIDO ISOLADO";"PTB";"N";68;"Válido";68;4;"NÃO ELEITO"
"04/10/2026";"03:16:54";2022;2;"Eleição Ordinária";1;544;"ELEIÇÃO GERAL FEDERAL 2022";"02/10/2022";"F";"DF";"BR";"BRASIL";97012;"BRASÍLIA";14;1;"Presidente";280001734029;14;"KELMON LUIS DA SILVA SOUZA";"PADRE KELMON";"#NULO";12;"APTO";2;"DEFERIDO";-3;"#NE";-3;"#NE";-3;"#NE";"PARTIDO ISOLADO";14;"PTB";"Partido Trabalhista Brasileiro";-1;"#NULO#";"#NULO#";"#NULO#";280001683500;"PARTIDO ISOLADO";"PTB";"N";61;"Válido";61;4;"NÃO ELEITO"
"04/10/2026";"03:16:54";2022;2;"Eleição Ordinária";1;544;"ELEIÇÃO GERAL FEDERAL 2022";"02/10/2022";"F";"DF";"BR";"BRASIL";97012;"BRASÍLIA";8;1;"Presidente";280001734029;14;"KELMON LUIS DA SILVA SOUZA";"PADRE KELMON";"#NULO";12;"APTO";2;"DEFERIDO";-3;"#NE";-3;"#NE";-3;"#NE";"PARTIDO ISOLADO";14;"PTB";"Partido Trabalhista Brasileiro";-1;"#NULO#";"#NULO#";"#NULO#";280001683500;"PARTIDO ISOLADO";"PTB";"N";95;"Válido";95;4;"NÃO ELEITO"
"04/10/2026";"03:16:54";2022;2;"Eleição Ordinária";1;544;"ELEIÇÃO GERAL FEDERAL 2022";"02/10/2022";"F";"DF";"BR";"BRASIL";97012;"BRASÍLIA";21;1;"Presidente";280001734029;14;"KELMON LUIS DA SILVA SOUZA";"PADRE KELMON";"#NULO";12;"APTO";2;"DEFERIDO";-3;"#NE";-3;"#NE";-3;"#NE";"PARTIDO ISOLADO";14;"PTB";"Partido Trabalhista Brasileiro";-1;"#NULO#";"#NULO#";"#NULO#";280001683500;"PARTIDO ISOLADO";"PTB";"N";80;"Válido";80;4;"NÃO ELEITO"
"04/10/2026";"03:16:54";2022;2;"Eleição Ordinária";1;544;"ELEIÇÃO GERAL FEDERAL 2022";"02/10/2022";"F";"DF";"BR";"BRASIL";97012;"BRASÍLIA";4;1;"Presidente";280001734029;14;"KELMON LUIS DA SILVA SOUZA";"PADRE KELMON";"#NULO";12;"APTO";2;"DEFERIDO";-3;"#NE";-3;"#NE";-3;"#NE";"PARTIDO ISOLADO";14;"PTB";"Partido Trabalhista Brasileiro";-1;"#NULO#";"#NULO#";"#NULO#";280001683500;"PARTIDO ISOLADO";"PTB";"N";73;"Válido";73;4;"NÃO ELEITO"
"04/10/2026";"03:16:54";2022;2;"Eleição Ordinária";1;544;"ELEIÇÃO GERAL FEDERAL 2022";"02/10/2022";"F";"DF";"BR";"BRASIL";97012;"BRASÍLIA";17;1;"Presidente";280001734029;14;"KELMON LUIS DA SILVA SOUZA";"PADRE KELMON";"#NULO";12;"APTO";2;"DEFERIDO";-3;"#NE";-3;"#NE";-3;"#NE";"PARTIDO ISOLADO";14;"PTB";"Partido Trabalhista Brasileiro";-1;"#NULO#";"#NULO#";"#NULO#";280001683500;"PARTIDO ISOLADO";"PTB";"N";81;"Válido";81;4;"NÃO ELEITO"
"04/10/2026";"03:16:54";2022;2;"Eleição Ordinária";1;544;"ELEIÇÃO GERAL FEDERAL 2022";"02/10/2022";"F";"DF";"BR";"BRASIL";97012;"BRASÍLIA";15;1;"Presidente";280001734029;14;"KELMON LUIS DA SILVA SOUZA";"PADRE KELMON";"#NULO";12;"APTO";2;"DEFERIDO";-3;"#NE";-3;"#NE";-3;"#NE";"PARTIDO ISOLADO";14;"PTB";"Partido Trabalhista Brasileiro";-1;"#NULO#";"#NULO#";"#NULO#";280001683500;"PARTIDO ISOLADO";"PTB";"N";111;"Válido";111;4;"NÃO ELEITO"
"04/10/2026";"03:16:54";2022;2;"Eleição Ordinária";1;544;"ELEIÇÃO GERAL FEDERAL 2022";"02/10/2022";"F";"DF";"BR";"BRASIL";97012;"BRASÍLIA";13;1;"Presidente";280001734029;14;"KELMON LUIS DA SILVA SOUZA";"PADRE KELMON";"#NULO";12;"APTO";2;"DEFERIDO";-3;"#NE";-3;"#NE";-3;"#NE";"PARTIDO ISOLADO";14;"PTB";"Partido Trabalhista Brasileiro";-1;"#NULO#";"#NULO#";"#NULO#";280001683500;"PARTIDO ISOLADO";"PTB";"N";104;"Válido";104;4;"NÃO ELEITO"
"04/10/2026";"03:16:54";2022;2;"Eleição Ordinária";1;544;"ELEIÇÃO GERAL FEDERAL 2022";"02/10/2022";"F";"DF";"BR";"BRASIL";97012;"BRASÍLIA";20;1;"Presidente";280001734029;14;"KELMON LUIS DA SILVA SOUZA";"PADRE KELMON";"#NULO";12;"APTO";2;"DEFERIDO";-3;"#NE";-3;"#NE";-3;"#NE";"PARTIDO ISOLADO";14;"PTB";"Partido Trabalhista Brasileiro";-1;"#NULO#";"#NULO#";"#NULO#";280001683500;"PARTIDO ISOLADO";"PTB";"N";68;"Válido";68;4;"NÃO ELEITO"
"04/10/2026";"03:16:54";2022;2;"Eleição Ordinária";1;544;"ELEIÇÃO GERAL FEDERAL 2022";"02/10/2022";"F";"DF";"BR";"BRASIL";97012;"BRASÍLIA";6;1;"Presidente";280001734029;14;"KELMON LUIS DA SILVA SOUZA";"PADRE KELMON";"#NULO";12;"APTO";2;"DEFERIDO";-3;"#NE";-3;"#NE";-3;"#NE";"PARTIDO ISOLADO";14;"PTB";"Partido Trabalhista Brasileiro";-1;"#NULO#";"#NULO#";"#NULO#";280001683500;"PARTIDO ISOLADO";"PTB";"N";101;"Válido";101;4;"NÃO ELEITO"
"04/10/2026";"03:16:54";2022;2;"Eleição Ordinária";1;544;"ELEIÇÃO GERAL FEDERAL 2022";"02/10/2022";"F";"DF";"BR";"BRASIL";97012;"BRASÍLIA";5;1;"Presidente";280001734029;14;"KELMON LUIS DA SILVA SOUZA";"PADRE KELMON";"#NULO";12;"APTO";2;"DEFERIDO";-3;"#NE";-3;"#NE";-3;"#NE";"PARTIDO ISOLADO";14;"PTB";"Partido Trabalhista Brasileiro";-1;"#NULO#";"#NULO#";"#NULO#";280001683500;"PARTIDO ISOLADO";"PTB";"N";93;"Válido";93;4;"NÃO ELEITO"
"04/10/2026";"03:16:54";2022;2;"Eleição Ordinária";1;544;"ELEIÇÃO GERAL FEDERAL 2022";"02/10/2022";"F";"DF";"BR";"BRASIL";97012;"BRASÍLIA";1;1;"Presidente";280001618036;22;"JAIR MESSIAS BOLSONARO";"JAIR BOLSONARO";"#NULO";12;"APTO";2;"DEFERIDO";-3;"#NE";-3;"#NE";-3;"#NE";"COLIGAÇÃO";22;"PL";"Partido Liberal";-1;"#NULO#";"#NULO#";"#NULO#";280001682069;"PELO BEM DO BRASIL";"PP / REPUBLICANOS / PL";"N";28290;"Válido";28290;6;"2º TURNO"
"04/10/2026";"03:16:54";2022;2;"Eleição Ordinária";1;544;"ELEIÇÃO GERAL FEDERAL 2022";"02/10/2022";"F";"DF";"BR";"BRASIL";97012;"BRASÍLIA";14;1;"Presidente";280001618036;22;"JAIR MESSIAS BOLSONARO";"JAIR BOLSONARO";"#NULO";12;"APTO";2;"DEFERIDO";-3;"#NE";-3;"#NE";-3;"#NE";"COLIGAÇÃO";22;"PL";"Partido Liberal";-1;"#NULO#";"#NULO#";"#NULO#";280001682069;"PELO BEM DO BRASIL";"PP / REPUBLICANOS / PL";"N";37288;"Válido";37288;6;"2º TURNO"
"04/10/2026";"03:16:54";2022;2;"Eleição Ordinária";1;544;"ELEIÇÃO GERAL FEDERAL 2022";"02/10/2022";"F";"DF";"BR";"BRASIL";97012;"BRASÍLIA";3;1;"Presidente";280001618036;22;"JAIR MESSIAS BOLSONARO";"JAIR BOLSONARO";"#NULO";12;"APTO";2;"DEFERIDO";-3;"#NE";-3;"#NE";-3;"#NE";"COLIGAÇÃO";22;"PL";"Partido Liberal";-1;"#NULO#";"#NULO#";"#NULO#";280001682069;"PELO BEM DO BRASIL";"PP / REPUBLICANOS / PL";"N";31509;"Válido";31509;6;"2º TURNO"
"04/10/2026";"03:16:54";2022;2;"Eleição Ordinária";1;544;"ELEIÇÃO GERAL FEDERAL 2022";"02/10/2022";"F";"DF";"BR";"BRASIL";97012;"BRASÍLIA";4;1;"Presidente";280001618036;22;"JAIR MESSIAS BOLSONARO";"JAIR BOLSONARO";"#NULO";12;"APTO";2;"DEFERIDO";-3;"#NE";-3;"#NE";-3;"#NE";"COLIGAÇÃO";22;"PL";"Partido Liberal";-1;"#NULO#";"#NULO#";"#NULO#";280001682069;"PELO BEM DO BRASIL";"PP / REPUBLICANOS / PL";"N";42016;"Válido";42016;6;"2º TURNO"
"04/10/2026";"03:16:54";2022;2;"Eleição Ordinária";1;544;"ELEIÇÃO GERAL FEDERAL 2022";"02/10/2022";"F";"DF";"BR";"BRASIL";97012;"BRASÍLIA";3;1;"Presidente";280001734029;14;"KELMON LUIS DA SILVA SOUZA";"PADRE KELMON";"#NULO";12;"APTO";2;"DEFERIDO";-3;"#NE";-3;"#NE";-3;"#NE";"PARTIDO ISOLADO";14;"PTB";"Partido Trabalhista Brasileiro";-1;"#NULO#";"#NULO#";"#NULO#";280001683500;"PARTIDO ISOLADO";"PTB";"N";61;"Válido";61;4;"NÃO ELEITO"
"04/10/2026";"03:16:54";2022;2;"Eleição Ordinária";1;544;"ELEIÇÃO GERAL FEDERAL 2022";"02/10/2022";"F";"DF";"BR";"BRASIL";97012;"BRASÍLIA";18;1;"Presidente";280001734029;14;"KELMON LUIS DA SILVA SOUZA";"PADRE KELMON";"#NULO";12;"APTO";2;"DEFERIDO";-3;"#NE";-3;"#NE";-3;"#NE";"PARTIDO ISOLADO";14;"PTB";"Partido Trabalhista Brasileiro";-1;"#NULO#";"#NULO#";"#NULO#";280001683500;"PARTIDO ISOLADO";"PTB";"N";85;"Válido";85;4;"NÃO ELEITO"
"04/10/2026";"03:16:54";2022;2;"Eleição Ordinária";1;544;"ELEIÇÃO GERAL FEDERAL 2022";"02/10/2022";"F";"DF";"BR";"BRASIL";97012;"BRASÍLIA";9;1;"Presidente";280001618036;22;"JAIR MESSIAS BOLSONARO";"JAIR BOLSONARO";"#NULO";12;"APTO";2;"DEFERIDO";-3;"#NE";-3;"#NE";-3;"#NE";"COLIGAÇÃO";22;"PL";"Partido Liberal";-1;"#NULO#";"#NULO#";"#NULO#";280001682069;"PELO BEM DO BRASIL";"PP / REPUBLICANOS / PL";"N";53817;"Válido";53817;6;"2º TURNO"
"04/10/2026";"03:16:54";2022;2;"Eleição Ordinária";1;544;"ELEIÇÃO GERAL FEDERAL 2022";"02/10/2022";"F";"DF";"BR";"BRASIL";97012;"BRASÍLIA";21;1;"Presidente";280001618036;22;"JAIR MESSIAS BOLSONARO";"JAIR BOLSONARO";"#NULO";12;"APTO";2;"DEFERIDO";-3;"#NE";-3;"#NE";-3;"#NE";"COLIGAÇÃO";22;"PL";"Partido Liberal";-1;"#NULO#";"#NULO#";"#NULO#";280001682069;"PELO BEM DO BRASIL";"PP / REPUBLICANOS / PL";"N";48310;"Válido";48310;6;"2º TURNO"
"04/10/2026";"03:16:54";2022;2;"Eleição Ordinária";1;544;"ELEIÇÃO GERAL FEDERAL 2022";"02/10/2022";"F";"DF";"BR";"BRASIL";97012;"BRASÍLIA";13;1;"Presidente";280001618036;22;"JAIR MESSIAS BOLSONARO";"JAIR BOLSONARO";"#NULO";12;"APTO";2;"DEFERIDO";-3;"#NE";-3;"#NE";-3;"#NE";"COLIGAÇÃO";22;"PL";"Partido Liberal";-1;"#NULO#";"#NULO#";"#NULO#";280001682069;"PELO BEM DO BRASIL";"PP / REPUBLICANOS / PL";"N";61493;"Válido";61493;6;"2º TURNO"
"04/10/2026";"03:16:54";2022;2;"Eleição Ordinária";1;544;"ELEIÇÃO GERAL FEDERAL 2022";"02/10/2022";"F";"DF";"BR";"BRASIL";97012;"BRASÍLIA";6;1;"Presidente";280001618036;22;"JAIR MESSIAS BOLSONARO";"JAIR BOLSONARO";"#NULO";12;"APTO";2;"DEFERIDO";-3;"#NE";-3;"#NE";-3;"#NE";"COLIGAÇÃO";22;"PL";"Partido Liberal";-1;"#NULO#";"#NULO#";"#NULO#";280001682069;"PELO BEM DO BRASIL";"PP / REPUBLICANOS / PL";"N";53659;"Válido";53659;6;"2º TURNO"
"04/10/2026";"03:16:54";2022;2;"Eleição Ordinária";1;544;"ELEIÇÃO GERAL FEDERAL 2022";"02/10/2022";"F";"DF";"BR";"BRASIL";97012;"BRASÍLIA";19;1;"Presidente";280001618036;22;"JAIR MESSIAS BOLSONARO";"JAIR BOLSONARO";"#NULO";12;"APTO";2;"DEFERIDO";-3;"#NE";-3;"#NE";-3;"#NE";"COLIGAÇÃO";22;"PL";"Partido Liberal";-1;"#NULO#";"#NULO#";"#NULO#";280001682069;"PELO BEM DO BRASIL";"PP / REPUBLICANOS / PL";"N";48838;"Válido";48838;6;"2º TURNO"
"04/10/2026";"03:16:54";2022;2;"Eleição Ordinária";1;544;"ELEIÇÃO GERAL FEDERAL 2022";"02/10/2022";"F";"DF";"BR";"BRASIL";97012;"BRASÍLIA";19;1;"Presidente";280001734029;14;"KELMON LUIS DA SILVA SOUZA";"PADRE KELMON";"#NULO";12;"APTO";2;"DEFERIDO";-3;"#NE";-3;"#NE";-3;"#NE";"PARTIDO ISOLADO";14;"PTB";"Partido Trabalhista Brasileiro";-1;"#NULO#";"#NULO#";"#NULO#";280001683500;"PARTIDO ISOLADO";"PTB";"N";60;"Válido";60;4;"NÃO ELEITO"
"04/10/2026";"03:16:54";2022;2;"Eleição Ordinária";1;544;"ELEIÇÃO GERAL FEDERAL 2022";"02/10/2022";"F";"DF";"BR";"BRASIL";97012;"BRASÍLIA";2;1;"Presidente";280001734029;14;"KELMON LUIS DA SILVA SOUZA";"PADRE KELMON";"#NULO";12;"APTO";2;"DEFERIDO";-3;"#NE";-3;"#NE";-3;"#NE";"PARTIDO ISOLADO";14;"PTB";"Partido Trabalhista Brasileiro";-1;"#NULO#";"#NULO#";"#NULO#";280001683500;"PARTIDO ISOLADO";"PTB";"N";76;"Válido";76;4;"NÃO ELEITO"
"04/10/2026";"03:16:54";2022;2;"Eleição Ordinária";1;544;"ELEIÇÃO GERAL FEDERAL 2022";"02/10/2022";"F";"DF";"BR";"BRASIL";97012;"BRASÍLIA";11;1;"Presidente";280001734029;14;"KELMON LUIS DA SILVA SOUZA";"PADRE KELMON";"#NULO";12;"APTO";2;"DEFERIDO";-3;"#NE";-3;"#NE";-3;"#NE";"PARTIDO ISOLADO";14;"PTB";"Partido Trabalhista Brasileiro";-1;"#NULO#";"#NULO#";"#NULO#";280001683500;"PARTIDO ISOLADO";"PTB";"N";55;"Válido";55;4;"NÃO ELEITO"
"04/10/2026";"03:16:54";2022;2;"Eleição Ordinária";1;544;"ELEIÇÃO GERAL FEDERAL 2022";"02/10/2022";"F";"DF";"BR";"BRASIL";97012;"BRASÍLIA";10;1;"Presidente";280001734029;14;"KELMON LUIS DA SILVA SOUZA";"PADRE KELMON";"#NULO";12;"APTO";2;"DEFERIDO";-3;"#NE";-3;"#NE";-3;"#NE";"PARTIDO ISOLADO";14;"PTB";"Partido Trabalhista Brasileiro";-1;"#NULO#";"#NULO#";"#NULO#";280001683500;"PARTIDO ISOLADO";"PTB";"N";73;"Válido";73;4;"NÃO ELEITO"
"04/10/2026";"03:16:54";2022;2;"Eleição Ordinária";1;544;"ELEIÇÃO GERAL FEDERAL 2022";"02/10/2022";"F";"DF";"BR";"BRASIL";97012;"BRASÍLIA";11;1;"Presidente";280001618036;22;"JAIR MESSIAS BOLSONARO";"JAIR BOLSONARO";"#NULO";12;"APTO";2;"DEFERIDO";-3;"#NE";-3;"#NE";-3;"#NE";"COLIGAÇÃO";22;"PL";"Partido Liberal";-1;"#NULO#";"#NULO#";"#NULO#";280001682069;"PELO BEM DO BRASIL";"PP / REPUBLICANOS / PL";"N";30280;"Válido";30280;6;"2º TURNO"
"04/10/2026";"03:16:54";2022;2;"Eleição Ordinária";1;544;"ELEIÇÃO GERAL FEDERAL 2022";"02/10/2022";"F";"DF";"BR";"BRASIL";97012;"BRASÍLIA";5;1;"Presidente";280001618036;22;"JAIR MESSIAS BOLSONARO";"JAIR BOLSONARO";"#NULO";12;"APTO";2;"DEFERIDO";-3;"#NE";-3;"#NE";-3;"#NE";"COLIGAÇÃO";22;"PL";"Partido Liberal";-1;"#NULO#";"#NULO#";"#NULO#";280001682069;"PELO BEM DO BRASIL";"PP / REPUBLICANOS / PL";"N";53331;"Válido";53331;6;"2º TURNO"
"04/10/2026";"03:16:54";2022;2;"Eleição Ordinária";1;544;"ELEIÇÃO GERAL FEDERAL 2022";"02/10/2022";"F";"DF";"BR";"BRASIL";97012;"BRASÍLIA";2;1;"Presidente";280001618036;22;"JAIR MESSIAS BOLSONARO";"JAIR BOLSONARO";"#NULO";12;"APTO";2;"DEFERIDO";-3;"#NE";-3;"#NE";-3;"#NE";"COLIGAÇÃO";22;"PL";"Partido Liberal";-1;"#NULO#";"#NULO#";"#NULO#";280001682069;"PELO BEM DO BRASIL";"PP / REPUBLICANOS / PL";"N";43272;"Válido";43272;6;"2º TURNO"
"04/10/2026";"03:16:54";2022;2;"Eleição Ordinária";1;544;"ELEIÇÃO GERAL FEDERAL 2022";"02/10/2022";"F";"DF";"BR";"BRASIL";97012;"BRASÍLIA";11;1;"Presidente";280001607833;15;"SIMONE NASSAR TEBET";"SIMONE TEBET";"#NULO";12;"APTO";2;"DEFERIDO";-3;"#NE";-3;"#NE";-3;"#NE";"COLIGAÇÃO";15;"MDB";"Movimento Democrático Brasileiro";-1;"#NULO#";"#NULO#";"#NULO#";280001681361;"COLIGAÇÃO BRASIL PARA TODOS";"MDB / Federação PSDB Cidadania (PSDB / CIDADANIA) / PODE";"N";4819;"Válido";4819;4;"NÃO ELEITO"
"04/10/2026";"03:16:54";2022;2;"Eleição Ordinária";1;544;"ELEIÇÃO GERAL FEDERAL 2022";"02/10/2022";"F";"DF";"BR";"BRASIL";97012;"BRASÍLIA";19;1;"Presidente";280001607833;15;"SIMONE NASSAR TEBET";"SIMONE TEBET";"#NULO";12;"APTO";2;"DEFERIDO";-3;"#NE";-3;"#NE";-3;"#NE";"COLIGAÇÃO";15;"MDB";"Movimento Democrático Brasileiro";-1;"#NULO#";"#NULO#";"#NULO#";280001681361;"COLIGAÇÃO BRASIL PARA TODOS";"MDB / Federação PSDB Cidadania (PSDB / CIDADANIA) / PODE";"N";4753;"Válido";4753;4;"NÃO ELEITO"
"04/10/2026";"03:16:54";2022;2;"Eleição Ordinária";1;544;"ELEIÇÃO GERAL FEDERAL 2022";"02/10/2022";"F";"DF";"BR";"BRASIL";97012;"BRASÍLIA";8;1;"Presidente";280001607833;15;"SIMONE NASSAR TEBET";"SIMONE TEBET";"#NULO";12;"APTO";2;"DEFERIDO";-3;"#NE";-3;"#NE";-3;"#NE";"COLIGAÇÃO";15;"MDB";"Movimento Democrático Brasileiro";-1;"#NULO#";"#NULO#";"#NULO#";280001681361;"COLIGAÇÃO BRASIL PARA TODOS";"MDB / Federação PSDB Cidadania (PSDB / CIDADANIA) / PODE";"N";5707;"Válido";5707;4;"NÃO ELEITO"
"04/10/2026";"03:16:54";2022;2;"Eleição Ordinária";1;544;"ELEIÇÃO GERAL FEDERAL 2022";"02/10/2022";"F";"DF";"BR";"BRASIL";97012;"BRASÍLIA";1;1;"Presidente";280001607833;15;"SIMONE NASSAR TEBET";"SIMONE TEBET";"#NULO";12;"APTO";2;"DEFERIDO";-3;"#NE";-3;"#NE";-3;"#NE";"COLIGAÇÃO";15;"MDB";"Movimento Democrático Brasileiro";-1;"#NULO#";"#NULO#";"#NULO#";280001681361;"COLIGAÇÃO BRASIL PARA TODOS";"MDB / Federação PSDB Cidadania (PSDB / CIDADANIA) / PODE";"N";4926;"Válido";4926;4;"NÃO ELEITO"
"04/10/2026";"03:16:54";2022;2;"Eleição Ordinária";1;544;"ELEIÇÃO GERAL FEDERAL 2022";"02/10/2022";"F";"DF";"BR";"BRASIL";97012;"BRASÍLIA";18;1;"Presidente";280001618036;22;"JAIR MESSIAS BOLSONARO";"JAIR BOLSONARO";"#NULO";12;"APTO";2;"DEFERIDO";-3;"#NE";-3;"#NE";-3;"#NE";"COLIGAÇÃO";22;"PL";"Partido Liberal";-1;"#NULO#";"#NULO#";"#NULO#";280001682069;"PELO BEM DO BRASIL";"PP / REPUBLICANOS / PL";"N";49688;"Válido";49688;6;"2º TURNO"
"04/10/2026";"03:16:54";2022;2;"Eleição Ordinária";1;544;"ELEIÇÃO GERAL FEDERAL 2022";"02/10/2022";"F";"DF";"BR";"BRASIL";97012;"BRASÍLIA";16;1;"Presidente";280001618036;22;"JAIR MESSIAS BOLSONARO";"JAIR BOLSONARO";"#NULO";12;"APTO";2;"DEFERIDO";-3;"#NE";-3;"#NE";-3;"#NE";"COLIGAÇÃO";22;"PL";"Partido Liberal";-1;"#NULO#";"#NULO#";"#NULO#";280001682069;"PELO BEM DO BRASIL";"PP / REPUBLICANOS / PL";"N";63969;"Válido";63969;6;"2º TURNO"
"04/10/2026";"03:16:54";2022;2;"Eleição Ordinária";1;544;"ELEIÇÃO GERAL FEDERAL 2022";"02/10/2022";"F";"DF";"BR";"BRASIL";97012;"BRASÍLIA";15;1;"Presidente";280001618036;22;"JAIR MESSIAS BOLSONARO";"JAIR BOLSONARO";"#NULO";12;"APTO";2;"DEFERIDO";-3;"#NE";-3;"#NE";-3;"#NE";"COLIGAÇÃO";22;"PL";"Partido Liberal";-1;"#NULO#";"#NULO#";"#NULO#";280001682069;"PELO BEM DO BRASIL";"PP / REPUBLICANOS / PL";"N";68833;"Válido";68833;6;"2º TURNO"
"04/10/2026";"03:16:54";2022;2;"Eleição Ordinária";1;544;"ELEIÇÃO GERAL FEDERAL 2022";"02/10/2022";"F";"DF";"BR";"BRASIL";97012;"BRASÍLIA";16;1;"Presidente";280001607833;15;"SIMONE NASSAR TEBET";"SIMONE TEBET";"#NULO";12;"APTO";2;"DEFERIDO";-3;"#NE";-3;"#NE";-3;"#NE";"COLIGAÇÃO";15;"MDB";"Movimento Democrático Brasileiro";-1;"#NULO#";"#NULO#";"#NULO#";280001681361;"COLIGAÇÃO BRASIL PARA TODOS";"MDB / Federação PSDB Cidadania (PSDB / CIDADANIA) / PODE";"N";6529;"Válido";6529;4;"NÃO ELEITO"
"04/10/2026";"03:16:54";2022;2;"Eleição Ordinária";1;544;"ELEIÇÃO GERAL FEDERAL 2022";"02/10/2022";"F";"DF";"BR";"BRASIL";97012;"BRASÍLIA";18;1;"Presidente";280001607833;15;"SIMONE NASSAR TEBET";"SIMONE TEBET";"#NULO";12;"APTO";2;"DEFERIDO";-3;"#NE";-3;"#NE";-3;"#NE";"COLIGAÇÃO";15;"MDB";"Movimento Democrático Brasileiro";-1;"#NULO#";"#NULO#";"#NULO#";280001681361;"COLIGAÇÃO BRASIL PARA TODOS";"MDB / Federação PSDB Cidadania (PSDB / CIDADANIA) / PODE";"N";6622;"Válido";6622;4;"NÃO ELEITO"
"04/10/2026";"03:16:54";2022;2;"Eleição Ordinária";1;544;"ELEIÇÃO GERAL FEDERAL 2022";"02/10/2022";"F";"DF";"BR";"BRASIL";97012;"BRASÍLIA";17;1;"Presidente";280001618036;22;"JAIR MESSIAS BOLSONARO";"JAIR BOLSONARO";"#NULO";12;"APTO";2;"DEFERIDO";-3;"#NE";-3;"#NE";-3;"#NE";"COLIGAÇÃO";22;"PL";"Partido Liberal";-1;"#NULO#";"#NULO#";"#NULO#";280001682069;"PELO BEM DO BRASIL";"PP / REPUBLICANOS / PL";"N";52849;"Válido";52849;6;"2º TURNO"
"04/10/2026";"03:16:54";2022;2;"Eleição Ordinária";1;544;"ELEIÇÃO GERAL FEDERAL 2022";"02/10/2022";"F";"DF";"BR";"BRASIL";97012;"BRASÍLIA";3;1;"Presidente";280001607833;15;"SIMONE NASSAR TEBET";"SIMONE TEBET";"#NULO";12;"APTO";2;"DEFERIDO";-3;"#NE";-3;"#NE";-3;"#NE";"COLIGAÇÃO";15;"MDB";"Movimento Democrático Brasileiro";-1;"#NULO#";"#NULO#";"#NULO#";280001681361;"COLIGAÇÃO BRASIL PARA TODOS";"MDB / Federação PSDB Cidadania (PSDB / CIDADANIA) / PODE";"N";3392;"Válido";3392;4;"NÃO ELEITO"
"04/10/2026";"03:16:54";2022;2;"Eleição Ordinária";1;544;"ELEIÇÃO GERAL FEDERAL 2022";"02/10/2022";"F";"DF";"BR";"BRASIL";97012;"BRASÍLIA";10;1;"Presidente";280001618036;22;"JAIR MESSIAS BOLSONARO";"JAIR BOLSONARO";"#NULO";12;"APTO";2;"DEFERIDO";-3;"#NE";-3;"#NE";-3;"#NE";"COLIGAÇÃO";22;"PL";"Partido Liberal";-1;"#NULO#";"#NULO#";"#NULO#";280001682069;"PELO BEM DO BRASIL";"PP / REPUBLICANOS / PL";"N";53169;"Válido";53169;6;"2º TURNO"
"04/10/2026";"03:16:54";2022;2;"Eleição Ordinária";1;544;"ELEIÇÃO GERAL FEDERAL 2022";"02/10/2022";"F";"DF";"BR";"BRASIL";97012;"BRASÍLIA";10;1;"Presidente";280001607833;15;"SIMONE NASSAR TEBET";"SIMONE TEBET";"#NULO";12;"APTO";2;"DEFERIDO";-3;"#NE";-3;"#NE";-3;"#NE";"COLIGAÇÃO";15;"MDB";"Movimento Democrático Brasileiro";-1;"#NULO#";"#NULO#";"#NULO#";280001681361;"COLIGAÇÃO BRASIL PARA TODOS";"MDB / Federação PSDB Cidadania (PSDB / CIDADANIA) / PODE";"N";5513;"Válido";5513;4;"NÃO ELEITO"
"04/10/2026";"03:16:54";2022;2;"Eleição Ordinária";1;544;"ELEIÇÃO GERAL FEDERAL 2022";"02/10/2022";"F";"DF";"BR";"BRASIL";97012;"BRASÍLIA";15;1;"Presidente";280001607833;15;"SIMONE NASSAR TEBET";"SIMONE TEBET";"#NULO";12;"APTO";2;"DEFERIDO";-3;"#NE";-3;"#NE";-3;"#NE";"COLIGAÇÃO";15;"MDB";"Movimento Democrático Brasileiro";-1;"#NULO#";"#NULO#";"#NULO#";280001681361;"COLIGAÇÃO BRASIL PARA TODOS";"MDB / Federação PSDB Cidadania (PSDB / CIDADANIA) / PODE";"N";8273;"Válido";8273;4;"NÃO ELEITO"
"04/10/2026";"03:16:54";2022;2;"Eleição Ordinária";1;544;"ELEIÇÃO GERAL FEDERAL 2022";"02/10/2022";"F";"DF";"BR";"BRASIL";97012;"BRASÍLIA";13;1;"Presidente";280001607833;15;"SIMONE NASSAR TEBET";"SIMONE TEBET";"#NULO";12;"APTO";2;"DEFERIDO";-3;"#NE";-3;"#NE";-3;"#NE";"COLIGAÇÃO";15;"MDB";"Movimento Democrático Brasileiro";-1;"#NULO#";"#NULO#";"#NULO#";280001681361;"COLIGAÇÃO BRASIL PARA TODOS";"MDB / Federação PSDB Cidadania (PSDB / CIDADANIA) / PODE";"N";6151;"Válido";6151;4;"NÃO ELEITO"
"04/10/2026";"03:16:54";2022;2;"Eleição Ordinária";1;544;"ELEIÇÃO GERAL FEDERAL 2022";"02/10/2022";"F";"DF";"BR";"BRASIL";97012;"BRASÍLIA";8;1;"Presidente";280001618036;22;"JAIR MESSIAS BOLSONARO";"JAIR BOLSONARO";"#NULO";12;"APTO";2;"DEFERIDO";-3;"#NE";-3;"#NE";-3;"#NE";"COLIGAÇÃO";22;"PL";"Partido Liberal";-1;"#NULO#";"#NULO#";"#NULO#";280001682069;"PELO BEM DO BRASIL";"PP / REPUBLICANOS / PL";"N";56290;"Válido";56290;6;"2º TURNO"
"04/10/2026";"03:16:54";2022;2;"Eleição Ordinária";1;544;"ELEIÇÃO GERAL FEDERAL 2022";"02/10/2022";"F";"DF";"BR";"BRASIL";97012;"BRASÍLIA";6;1;"Presidente";280001607833;15;"SIMONE NASSAR TEBET";"SIMONE TEBET";"#NULO";12;"APTO";2;"DEFERIDO";-3;"#NE";-3;"#NE";-3;"#NE";"COLIGAÇÃO";15;"MDB";"Movimento Democrático Brasileiro";-1;"#NULO#";"#NULO#";"#NULO#";280001681361;"COLIGAÇÃO BRASIL PARA TODOS";"MDB / Federação PSDB Cidadania (PSDB / CIDADANIA) / PODE";"N";5663;"Válido";5663;4;"NÃO ELEITO"
"04/10/2026";"03:16:54";2022;2;"Eleição Ordinária";1;544;"ELEIÇÃO GERAL FEDERAL 2022";"02/10/2022";"F";"DF";"BR";"BRASIL";97012;"BRASÍLIA";9;1;"Presidente";280001607833;15;"SIMONE NASSAR TEBET";"SIMONE TEBET";"#NULO";12;"APTO";2;"DEFERIDO";-3;"#NE";-3;"#NE";-3;"#NE";"COLIGAÇÃO";15;"MDB";"Movimento Democrático Brasileiro";-1;"#NULO#";"#NULO#";"#NULO#";280001681361;"COLIGAÇÃO BRASIL PARA TODOS";"MDB / Federação PSDB Cidadania (PSDB / CIDADANIA) / PODE";"N";6767;"Válido";6767;4;"NÃO ELEITO"
"04/10/2026";"03:16:54";2022;2;"Eleição Ordinária";1;544;"ELEIÇÃO GERAL FEDERAL 2022";"02/10/2022";"F";"DF";"BR";"BRASIL";97012;"BRASÍLIA";2;1;"Presidente";280001607833;15;"SIMONE NASSAR TEBET";"SIMONE TEBET";"#NULO";12;"APTO";2;"DEFERIDO";-3;"#NE";-3;"#NE";-3;"#NE";"COLIGAÇÃO";15;"MDB";"Movimento Democrático Brasileiro";-1;"#NULO#";"#NULO#";"#NULO#";280001681361;"COLIGAÇÃO BRASIL PARA TODOS";"MDB / Federação PSDB Cidadania (PSDB / CIDADANIA) / PODE";"N";5626;"Válido";5626;4;"NÃO ELEITO"
"04/10/2026";"03:16:54";2022;2;"Eleição Ordinária";1;544;"ELEIÇÃO GERAL FEDERAL 2022";"02/10/2022";"F";"DF";"BR";"BRASIL";97012;"BRASÍLIA";20;1;"Presidente";280001618036;22;"JAIR MESSIAS BOLSONARO";"JAIR BOLSONARO";"#NULO";12;"APTO";2;"DEFERIDO";-3;"#NE";-3;"#NE";-3;"#NE";"COLIGAÇÃO";22;"PL";"Partido Liberal";-1;"#NULO#";"#NULO#";"#NULO#";280001682069;"PELO BEM DO BRASIL";"PP / REPUBLICANOS / PL";"N";33496;"Válido";33496;6;"2º TURNO"
"04/10/2026";"03:16:54";2022;2;"Eleição Ordinária";1;544;"ELEIÇÃO GERAL FEDERAL 2022";"02/10/2022";"F";"DF";"BR";"BRASIL";97012;"BRASÍLIA";20;1;"Presidente";280001607833;15;"SIMONE NASSAR TEBET";"SIMONE TEBET";"#NULO";12;"APTO";2;"DEFERIDO";-3;"#NE";-3;"#NE";-3;"#NE";"COLIGAÇÃO";15;"MDB";"Movimento Democrático Brasileiro";-1;"#NULO#";"#NULO#";"#NULO#";280001681361;"COLIGAÇÃO BRASIL PARA TODOS";"MDB / Federação PSDB Cidadania (PSDB / CIDADANIA) / PODE";"N";3379;"Válido";3379;4;"NÃO ELEITO"
"04/10/2026";"03:16:54";2022;2;"Eleição Ordinária";1;544;"ELEIÇÃO GERAL FEDERAL 2022";"02/10/2022";"F";"DF";"BR";"BRASIL";97012;"BRASÍLIA";14;1;"Presidente";280001607833;15;"SIMONE NASSAR TEBET";"SIMONE TEBET";"#NULO";12;"APTO";2;"DEFERIDO";-3;"#NE";-3;"#NE";-3;"#NE";"COLIGAÇÃO";15;"MDB";"Movimento Democrático Brasileiro";-1;"#NULO#";"#NULO#";"#NULO#";280001681361;"COLIGAÇÃO BRASIL PARA TODOS";"MDB / Federação PSDB Cidadania (PSDB / CIDADANIA) / PODE";"N";6331;"Válido";6331;4;"NÃO ELEITO"
"04/10/2026";"03:16:54";2022;2;"Eleição Ordinária";1;544;"ELEIÇÃO GERAL FEDERAL 2022";"02/10/2022";"F";"DF";"BR";"BRASIL";97012;"BRASÍLIA";4;1;"Presidente";280001607833;15;"SIMONE NASSAR TEBET";"SIMONE TEBET";"#NULO";12;"APTO";2;"DEFERIDO";-3;"#NE";-3;"#NE";-3;"#NE";"COLIGAÇÃO";15;"MDB";"Movimento Democrático Brasileiro";-1;"#NULO#";"#NULO#";"#NULO#";280001681361;"COLIGAÇÃO BRASIL PARA TODOS";"MDB / Federação PSDB Cidadania (PSDB / CIDADANIA) / PODE";"N";4259;"Válido";4259;4;"NÃO ELEITO"
"04/10/2026";"03:16:54";2022;2;"Eleição Ordinária";1;544;"ELEIÇÃO GERAL FEDERAL 2022";"02/10/2022";"F";"DF";"BR";"BRASIL";97012;"BRASÍLIA";5;1;"Presidente";280001607833;15;"SIMONE NASSAR TEBET";"SIMONE TEBET";"#NULO";12;"APTO";2;"DEFERIDO";-3;"#NE";-3;"#NE";-3;"#NE";"COLIGAÇÃO";15;"MDB";"Movimento Democrático Brasileiro";-1;"#NULO#";"#NULO#";"#NULO#";280001681361;"COLIGAÇÃO BRASIL PARA TODOS";"MDB / Federação PSDB Cidadania (PSDB / CIDADANIA) / PODE";"N";6234;"Válido";6234;4;"NÃO ELEITO"
"04/10/2026";"03:16:54";2022;2;"Eleição Ordinária";1;544;"ELEIÇÃO GERAL FEDERAL 2022";"02/10/2022";"F";"DF";"BR";"BRASIL";97012;"BRASÍLIA";17;1;"Presidente";280001607833;15;"SIMONE NASSAR TEBET";"SIMONE TEBET";"#NULO";12;"APTO";2;"DEFERIDO";-3;"#NE";-3;"#NE";-3;"#NE";"COLIGAÇÃO";15;"MDB";"Movimento Democrático Brasileiro";-1;"#NULO#";"#NULO#";"#NULO#";280001681361;"COLIGAÇÃO BRASIL PARA TODOS";"MDB / Federação PSDB Cidadania (PSDB / CIDADANIA) / PODE";"N";5224;"Válido";5224;4;"NÃO ELEITO"
"04/10/2026";"03:16:54";2022;2;"Eleição Ordinária";1;544;"ELEIÇÃO GERAL FEDERAL 2022";"02/10/2022";"F";"DF";"BR";"BRASIL";97012;"BRASÍLIA";21;1;"Presidente";280001607833;15;"SIMONE NASSAR TEBET";"SIMONE TEBET";"#NULO";12;"APTO";2;"DEFERIDO";-3;"#NE";-3;"#NE";-3;"#NE";"COLIGAÇÃO";15;"MDB";"Movimento Democrático Brasileiro";-1;"#NULO#";"#NULO#";"#NULO#";280001681361;"COLIGAÇÃO BRASIL PARA TODOS";"MDB / Federação PSDB Cidadania (PSDB / CIDADANIA) / PODE";"N";5209;"Válido";5209;4;"NÃO ELEITO"
"04/10/2026";"03:16:54";2022;2;"Eleição Ordinária";1;544;"ELEIÇÃO GERAL FEDERAL 2022";"02/10/2022";"F";"DF";"BR";"BRASIL";97012;"BRASÍLIA";17;1;"Presidente";280001677435;27;"JOSE MARIA EYMAEL";"CONSTITUINTE EYMAEL";"#NULO";12;"APTO";2;"DEFERIDO";-3;"#NE";-3;"#NE";-3;"#NE";"PARTIDO ISOLADO";27;"DC";"Democracia Cristã";-1;"#NULO#";"#NULO#";"#NULO#";280001684145;"PARTIDO ISOLADO";"DC";"N";30;"Válido";30;4;"NÃO ELEITO"
"04/10/2026";"03:16:54";2022;2;"Eleição Ordinária";1;544;"ELEIÇÃO GERAL FEDERAL 2022";"02/10/2022";"F";"DF";"BR";"BRASIL";97012;"BRASÍLIA";13;1;"Presidente";280001677435;27;"JOSE MARIA EYMAEL";"CONSTITUINTE EYMAEL";"#NULO";12;"APTO";2;"DEFERIDO";-3;"#NE";-3;"#NE";-3;"#NE";"PARTIDO ISOLADO";27;"DC";"Democracia Cristã";-1;"#NULO#";"#NULO#";"#NULO#";280001684145;"PARTIDO ISOLADO";"DC";"N";17;"Válido";17;4;"NÃO ELEITO"
"04/10/2026";"03:16:54";2022;2;"Eleição Ordinária";1;544;"ELEIÇÃO GERAL FEDERAL 2022";"02/10/2022";"F";"DF";"BR";"BRASIL";97012;"BRASÍLIA";11;1;"Presidente";280001677435;27;"JOSE MARIA EYMAEL";"CONSTITUINTE EYMAEL";"#NULO";12;"APTO";2;"DEFERIDO";-3;"#NE";-3;"#NE";-3;"#NE";"PARTIDO ISOLADO";27;"DC";"Democracia Cristã";-1;"#NULO#";"#NULO#";"#NULO#";280001684145;"PARTIDO ISOLADO";"DC";"N";24;"Válido";24;4;"NÃO ELEITO"
"04/10/2026";"03:16:54";2022;2;"Eleição Ordinária";1;544;"ELEIÇÃO GERAL FEDERAL 2022";"02/10/2022";"F";"DF";"BR";"BRASIL";97012;"BRASÍLIA";3;1;"Presidente";280001677435;27;"JOSE MARIA EYMAEL";"CONSTITUINTE EYMAEL";"#NULO";12;"APTO";2;"DEFERIDO";-3;"#NE";-3;"#NE";-3;"#NE";"PARTIDO ISOLADO";27;"DC";"Democracia Cristã";-1;"#NULO#";"#NULO#";"#NULO#";280001684145;"PARTIDO ISOLADO";"DC";"N";24;"Válido";24;4;"NÃO ELEITO"
"04/10/2026";"03:16:54";2022;2;"Eleição Ordinária";1;544;"ELEIÇÃO GERAL FEDERAL 2022";"02/10/2022";"F";"DF";"BR";"BRASIL";97012;"BRASÍLIA";20;1;"Presidente";280001677435;27;"JOSE MARIA EYMAEL";"CONSTITUINTE EYMAEL";"#NULO";12;"APTO";2;"DEFERIDO";-3;"#NE";-3;"#NE";-3;"#NE";"PARTIDO ISOLADO";27;"DC";"Democracia Cristã";-1;"#NULO#";"#NULO#";"#NULO#";280001684145;"PARTIDO ISOLADO";"DC";"N";17;"Válido";17;4;"NÃO ELEITO"
"04/10/2026";"03:16:54";2022;2;"Eleição Ordinária";1;544;"ELEIÇÃO GERAL FEDERAL 2022";"02/10/2022";"F";"DF";"BR";"BRASIL";97012;"BRASÍLIA";8;1;"Presidente";280001677435;27;"JOSE MARIA EYMAEL";"CONSTITUINTE EYMAEL";"#NULO";12;"APTO";2;"DEFERIDO";-3;"#NE";-3;"#NE";-3;"#NE";"PARTIDO ISOLADO";27;"DC";"Democracia Cristã";-1;"#NULO#";"#NULO#";"#NULO#";280001684145;"PARTIDO ISOLADO";"DC";"N";28;"Válido";28;4;"NÃO ELEITO"
"04/10/2026";"03:16:54";2022;2;"Eleição Ordinária";1;544;"ELEIÇÃO GERAL FEDERAL 2022";"02/10/2022";"F";"DF";"BR";"BRASIL";97012;"BRASÍLIA";9;1;"Presidente";280001677435;27;"JOSE MARIA EYMAEL";"CONSTITUINTE EYMAEL";"#NULO";12;"APTO";2;"DEFERIDO";-3;"#NE";-3;"#NE";-3;"#NE";"PARTIDO ISOLADO";27;"DC";"Democracia Cristã";-1;"#NULO#";"#NULO#";"#NULO#";280001684145;"PARTIDO ISOLADO";"DC";"N";34;"Válido";34;4;"NÃO ELEITO"
"04/10/2026";"03:16:54";2022;2;"Eleição Ordinária";1;544;"ELEIÇÃO GERAL FEDERAL 2022";"02/10/2022";"F";"DF";"BR";"BRASIL";97012;"BRASÍLIA";16;1;"Presidente";280001677435;27;"JOSE MARIA EYMAEL";"CONSTITUINTE EYMAEL";"#NULO";12;"APTO";2;"DEFERIDO";-3;"#NE";-3;"#NE";-3;"#NE";"PARTIDO ISOLADO";27;"DC";"Democracia Cristã";-1;"#NULO#";"#NULO#";"#NULO#";280001684145;"PARTIDO ISOLADO";"DC";"N";23;"Válido";23;4;"NÃO ELEITO"
"04/10/2026";"03:16:54";2022;2;"Eleição Ordinária";1;544;"ELEIÇÃO GERAL FEDERAL 2022";"02/10/2022";"F";"DF";"BR";"BRASIL";97012;"BRASÍLIA";10;1;"Presidente";280001677435;27;"JOSE MARIA EYMAEL";"CONSTITUINTE EYMAEL";"#NULO";12;"APTO";2;"DEFERIDO";-3;"#NE";-3;"#NE";-3;"#NE";"PARTIDO ISOLADO";27;"DC";"Democracia Cristã";-1;"#NULO#";"#NULO#";"#NULO#";280001684145;"PARTIDO ISOLADO";"DC";"N";34;"Válido";34;4;"NÃO ELEITO"
"04/10/2026";"03:16:54";2022;2;"Eleição Ordinária";1;544;"ELEIÇÃO GERAL FEDERAL 2022";"02/10/2022";"F";"DF";"BR";"BRASIL";97012;"BRASÍLIA";5;1;"Presidente";280001677435;27;"JOSE MARIA EYMAEL";"CONSTITUINTE EYMAEL";"#NULO";12;"APTO";2;"DEFERIDO";-3;"#NE";-3;"#NE";-3;"#NE";"PARTIDO ISOLADO";27;"DC";"Democracia Cristã";-1;"#NULO#";"#NULO#";"#NULO#";280001684145;"PARTIDO ISOLADO";"DC";"N";25;"Válido";25;4;"NÃO ELEITO"
"04/10/2026";"03:16:54";2022;2;"Eleição Ordinária";1;544;"ELEIÇÃO GERAL FEDERAL 2022";"02/10/2022";"F";"DF";"BR";"BRASIL";97012;"BRASÍLIA";19;1;"Presidente";280001677435;27;"JOSE MARIA EYMAEL";"CONSTITUINTE EYMAEL";"#NULO";12;"APTO";2;"DEFERIDO";-3;"#NE";-3;"#NE";-3;"#NE";"PARTIDO ISOLADO";27;"DC";"Democracia Cristã";-1;"#NULO#";"#NULO#";"#NULO#";280001684145;"PARTIDO ISOLADO";"DC";"N";27;"Válido";27;4;"NÃO ELEITO"
"04/10/2026";"03:16:54";2022;2;"Eleição Ordinária";1;544;"ELEIÇÃO GERAL FEDERAL 2022";"02/10/2022";"F";"DF";"BR";"BRASIL";97012;"BRASÍLIA";4;1;"Presidente";280001677435;27;"JOSE MARIA EYMAEL";"CONSTITUINTE EYMAEL";"#NULO";12;"APTO";2;"DEFERIDO";-3;"#NE";-3;"#NE";-3;"#NE";"PARTIDO ISOLADO";27;"DC";"Democracia Cristã";-1;"#NULO#";"#NULO#";"#NULO#";280001684145;"PARTIDO ISOLADO";"DC";"N";22;"Válido";22;4;"NÃO ELEITO"
"04/10/2026";"03:16:54";2022;2;"Eleição Ordinária";1;544;"ELEIÇÃO GERAL FEDERAL 2022";"02/10/2022";"F";"DF";"BR";"BRASIL";97012;"BRASÍLIA";2;1;"Presidente";280001677435;27;"JOSE MARIA EYMAEL";"CONSTITUINTE EYMAEL";"#NULO";12;"APTO";2;"DEFERIDO";-3;"#NE";-3;"#NE";-3;"#NE";"PARTIDO ISOLADO";27;"DC";"Democracia Cristã";-1;"#NULO#";"#NULO#";"#NULO#";280001684145;"PARTIDO ISOLADO";"DC";"N";23;"Válido";23;4;"NÃO ELEITO"
"04/10/2026";"03:16:54";2022;2;"Eleição Ordinária";1;544;"ELEIÇÃO GERAL FEDERAL 2022";"02/10/2022";"F";"DF";"BR";"BRASIL";97012;"BRASÍLIA";18;1;"Presidente";280001677435;27;"JOSE MARIA EYMAEL";"CONSTITUINTE EYMAEL";"#NULO";12;"APTO";2;"DEFERIDO";-3;"#NE";-3;"#NE";-3;"#NE";"PARTIDO ISOLADO";27;"DC";"Democracia Cristã";-1;"#NULO#";"#NULO#";"#NULO#";280001684145;"PARTIDO ISOLADO";"DC";"N";19;"Válido";19;4;"NÃO ELEITO"
"04/10/2026";"03:16:54";2022;2;"Eleição Ordinária";1;544;"ELEIÇÃO GERAL FEDERAL 2022";"02/10/2022";"F";"DF";"BR";"BRASIL";97012;"BRASÍLIA";6;1;"Presidente";280001677435;27;"JOSE MARIA EYMAEL";"CONSTITUINTE EYMAEL";"#NULO";12;"APTO";2;"DEFERIDO";-3;"#NE";-3;"#NE";-3;"#NE";"PARTIDO ISOLADO";27;"DC";"Democracia Cristã";-1;"#NULO#";"#NULO#";"#NULO#";280001684145;"PARTIDO ISOLADO";"DC";"N";26;"Válido";26;4;"NÃO ELEITO"
"04/10/2026";"03:16:54";2022;2;"Eleição Ordinária";1;544;"ELEIÇÃO GERAL FEDERAL 2022";"02/10/2022";"F";"DF";"BR";"BRASIL";97012;"BRASÍLIA";15;1;"Presidente";280001677435;27;"JOSE MARIA EYMAEL";"CONSTITUINTE EYMAEL";"#NULO";12;"APTO";2;"DEFERIDO";-3;"#NE";-3;"#NE";-3;"#NE";"PARTIDO ISOLADO";27;"DC";"Democracia Cristã";-1;"#NULO#";"#NULO#";"#NULO#";280001684145;"PARTIDO ISOLADO";"DC";"N";52;"Válido";52;4;"NÃO ELEITO"
"04/10/2026";"03:16:54";2022;2;"Eleição Ordinária";1;544;"ELEIÇÃO GERAL FEDERAL 2022";"02/10/2022";"F";"DF";"BR";"BRASIL";97012;"BRASÍLIA";1;1;"Presidente";280001677435;27;"JOSE MARIA EYMAEL";"CONSTITUINTE EYMAEL";"#NULO";12;"APTO";2;"DEFERIDO";-3;"#NE";-3;"#NE";-3;"#NE";"PARTIDO ISOLADO";27;"DC";"Democracia Cristã";-1;"#NULO#";"#NULO#";"#NULO#";280001684145;"PARTIDO ISOLADO";"DC";"N";30;"Válido";30;4;"NÃO ELEITO"
"04/10/2026";"03:16:54";2022;2;"Eleição Ordinária";1;544;"ELEIÇÃO GERAL FEDERAL 2022";"02/10/2022";"F";"DF";"BR";"BRASIL";97012;"BRASÍLIA";14;1;"Presidente";280001677435;27;"JOSE MARIA EYMAEL";"CONSTITUINTE EYMAEL";"#NULO";12;"APTO";2;"DEFERIDO";-3;"#NE";-3;"#NE";-3;"#NE";"PARTIDO ISOLADO";27;"DC";"Democracia Cristã";-1;"#NULO#";"#NULO#";"#NULO#";280001684145;"PARTIDO ISOLADO";"DC";"N";42;"Válido";42;4;"NÃO ELEITO"
"04/10/2026";"03:16:54";2022;2;"Eleição Ordinária";1;544;"ELEIÇÃO GERAL FEDERAL 2022";"02/10/2022";"F";"DF";"BR";"BRASIL";97012;"BRASÍLIA";21;1;"Presidente";280001677435;27;"JOSE MARIA EYMAEL";"CONSTITUINTE EYMAEL";"#NULO";12;"APTO";2;"DEFERIDO";-3;"#NE";-3;"#NE";-3;"#NE";"PARTIDO ISOLADO";27;"DC";"Democracia Cristã";-1;"#NULO#";"#NULO#";"#NULO#";280001684145;"PARTIDO ISOLADO";"DC";"N";21;"Válido";21;4;"NÃO ELEITO"
"04/10/2026";"03:16:54";2022;2;"Eleição Ordinária";1;544;"ELEIÇÃO GERAL FEDERAL 2022";"02/10/2022";"F";"DF";"BR";"BRASIL";97012;"BRASÍLIA";18;1;"Presidente";280001644128;44;"SORAYA VIEIRA THRONICKE";"SORAYA THRONICKE";"#NULO";12;"APTO";2;"DEFERIDO";-3;"#NE";-3;"#NE";-3;"#NE";"PARTIDO ISOLADO";44;"UNIÃO";"UNIÃO BRASIL";-1;"#NULO#";"#NULO#";"#NULO#";280001683105;"PARTIDO ISOLADO";"UNIÃO";"N";365;"Válido";365;4;"NÃO ELEITO"
"04/10/2026";"03:16:54";2022;2;"Eleição Ordinária";1;544;"ELEIÇÃO GERAL FEDERAL 2022";"02/10/2022";"F";"DF";"BR";"BRASIL";97012;"BRASÍLIA";1;1;"Presidente";280001644128;44;"SORAYA VIEIRA THRONICKE";"SORAYA THRONICKE";"#NULO";12;"APTO";2;"DEFERIDO";-3;"#NE";-3;"#NE";-3;"#NE";"PARTIDO ISOLADO";44;"UNIÃO";"UNIÃO BRASIL";-1;"#NULO#";"#NULO#";"#NULO#";280001683105;"PARTIDO ISOLADO";"UNIÃO";"N";141;"Válido";141;4;"NÃO ELEITO"
"04/10/2026";"03:16:54";2022;2;"Eleição Ordinária";1;544;"ELEIÇÃO GERAL FEDERAL 2022";"02/10/2022";"F";"DF";"BR";"BRASIL";97012;"BRASÍLIA";15;1;"Presidente";280001644128;44;"SORAYA VIEIRA THRONICKE";"SORAYA THRONICKE";"#NULO";12;"APTO";2;"DEFERIDO";-3;"#NE";-3;"#NE";-3;"#NE";"PARTIDO ISOLADO";44;"UNIÃO";"UNIÃO BRASIL";-1;"#NULO#";"#NULO#";"#NULO#";280001683105;"PARTIDO ISOLADO";"UNIÃO";"N";388;"Válido";388;4;"NÃO ELEITO"
"04/10/2026";"03:16:54";2022;2;"Eleição Ordinária";1;544;"ELEIÇÃO GERAL FEDERAL 2022";"02/10/2022";"F";"DF";"BR";"BRASIL";97012;"BRASÍLIA";20;1;"Presidente";280001644128;44;"SORAYA VIEIRA THRONICKE";"SORAYA THRONICKE";"#NULO";12;"APTO";2;"DEFERIDO";-3;"#NE";-3;"#NE";-3;"#NE";"PARTIDO ISOLADO";44;"UNIÃO";"UNIÃO BRASIL";-1;"#NULO#";"#NULO#";"#NULO#";280001683105;"PARTIDO ISOLADO";"UNIÃO";"N";340;"Válido";340;4;"NÃO ELEITO"
"04/10/2026";"03:16:54";2022;2;"Eleição Ordinária";1;544;"ELEIÇÃO GERAL FEDERAL 2022";"02/10/2022";"F";"DF";"BR";"BRASIL";97012;"BRASÍLIA";2;1;"Presidente";280001644128;44;"SORAYA VIEIRA THRONICKE";"SORAYA THRONICKE";"#NULO";12;"APTO";2;"DEFERIDO";-3;"#NE";-3;"#NE";-3;"#NE";"PARTIDO ISOLADO";44;"UNIÃO";"UNIÃO BRASIL";-1;"#NULO#";"#NULO#";"#NULO#";280001683105;"PARTIDO ISOLADO";"UNIÃO";"N";418;"Válido";418;4;"NÃO ELEITO"
"04/10/2026";"03:16:54";2022;2;"Eleição Ordinária";1;544;"ELEIÇÃO GERAL FEDERAL 2022";"02/10/2022";"F";"DF";"BR";"BRASIL";97012;"BRASÍLIA";11;1;"Presidente";280001644128;44;"SORAYA VIEIRA THRONICKE";"SORAYA THRONICKE";"#NULO";12;"APTO";2;"DEFERIDO";-3;"#NE";-3;"#NE";-3;"#NE";"PARTIDO ISOLADO";44;"UNIÃO";"UNIÃO BRASIL";-1;"#NULO#";"#NULO#";"#NULO#";280001683105;"PARTIDO ISOLADO";"UNIÃO";"N";165;"Válido";165;4;"NÃO ELEITO"
"04/10/2026";"03:16:54";2022;2;"Eleição Ordinária";1;544;"ELEIÇÃO GERAL FEDERAL 2022";"02/10/2022";"F";"DF";"BR";"BRASIL";97012;"BRASÍLIA";17;1;"Presidente";280001644128;44;"SORAYA VIEIRA THRONICKE";"SORAYA THRONICKE";"#NULO";12;"APTO";2;"DEFERIDO";-3;"#NE";-3;"#NE";-3;"#NE";"PARTIDO ISOLADO";44;"UNIÃO";"UNIÃO BRASIL";-1;"#NULO#";"#NULO#";"#NULO#";280001683105;"PARTIDO ISOLADO";"UNIÃO";"N";530;"Válido";530;4;"NÃO ELEITO"
"04/10/2026";"03:16:54";2022;2;"Eleição Ordinária";1;544;"ELEIÇÃO GERAL FEDERAL 2022";"02/10/2022";"F";"DF";"BR";"BRASIL";97012;"BRASÍLIA";6;1;"Presidente";280001644128;44;"SORAYA VIEIRA THRONICKE";"SORAYA THRONICKE";"#NULO";12;"APTO";2;"DEFERIDO";-3;"#NE";-3;"#NE";-3;"#NE";"PARTIDO ISOLADO";44;"UNIÃO";"UNIÃO BRASIL";-1;"#NULO#";"#NULO#";"#NULO#";280001683105;"PARTIDO ISOLADO";"UNIÃO";"N";554;"Válido";554;4;"NÃO ELEITO"
"04/10/2026";"03:16:54";2022;2;"Eleição Ordinária";1;544;"ELEIÇÃO GERAL FEDERAL 2022";"02/10/2022";"F";"DF";"BR";"BRASIL";97012;"BRASÍLIA";8;1;"Presidente";280001644128;44;"SORAYA VIEIRA THRONICKE";"SORAYA THRONICKE";"#NULO";12;"APTO";2;"DEFERIDO";-3;"#NE";-3;"#NE";-3;"#NE";"PARTIDO ISOLADO";44;"UNIÃO";"UNIÃO BRASIL";-1;"#NULO#";"#NULO#";"#NULO#";280001683105;"PARTIDO ISOLADO";"UNIÃO";"N";554;"Válido";554;4;"NÃO ELEITO"
"04/10/2026";"03:16:54";2022;2;"Eleição Ordinária";1;544;"ELEIÇÃO GERAL FEDERAL 2022";"02/10/2022";"F";"DF";"BR";"BRASIL";97012;"BRASÍLIA";19;1;"Presidente";280001644128;44;"SORAYA VIEIRA THRONICKE";"SORAYA THRONICKE";"#NULO";12;"APTO";2;"DEFERIDO";-3;"#NE";-3;"#NE";-3;"#NE";"PARTIDO ISOLADO";44;"UNIÃO";"UNIÃO BRASIL";-1;"#NULO#";"#NULO#";"#NULO#";280001683105;"PARTIDO ISOLADO";"UNIÃO";"N";306;"Válido";306;4;"NÃO ELEITO"
"04/10/2026";"03:16:54";2022;2;"Eleição Ordinária";1;544;"ELEIÇÃO GERAL FEDERAL 2022";"02/10/2022";"F";"DF";"BR";"BRASIL";97012;"BRASÍLIA";14;1;"Presidente";280001644128;44;"SORAYA VIEIRA THRONICKE";"SORAYA THRONICKE";"#NULO";12;"APTO";2;"DEFERIDO";-3;"#NE";-3;"#NE";-3;"#NE";"PARTIDO ISOLADO";44;"UNIÃO";"UNIÃO BRASIL";-1;"#NULO#";"#NULO#";"#NULO#";280001683105;"PARTIDO ISOLADO";"UNIÃO";"N";213;"Válido";213;4;"NÃO ELEITO"
"04/10/2026";"03:16:54";2022;2;"Eleição Ordinária";1;544;"ELEIÇÃO GERAL FEDERAL 2022";"02/10/2022";"F";"DF";"BR";"BRASIL";97012;"BRASÍLIA";9;1;"Presidente";280001644128;44;"SORAYA VIEIRA THRONICKE";"SORAYA THRONICKE";"#NULO";12;"APTO";2;"DEFERIDO";-3;"#NE";-3;"#NE";-3;"#NE";"PARTIDO ISOLADO";44;"UNIÃO";"UNIÃO BRASIL";-1;"#NULO#";"#NULO#";"#NULO#";280001683105;"PARTIDO ISOLADO";"UNIÃO";"N";419;"Válido";419;4;"NÃO ELEITO"
"04/10/2026";"03:16:54";2022;2;"Eleição Ordinária";1;544;"ELEIÇÃO GERAL FEDERAL 2022";"02/10/2022";"F";"DF";"BR";"BRASIL";97012;"BRASÍLIA";3;1;"Presidente";280001644128;44;"SORAYA VIEIRA THRONICKE";"SORAYA THRONICKE";"#NULO";12;"APTO";2;"DEFERIDO";-3;"#NE";-3;"#NE";-3;"#NE";"PARTIDO ISOLADO";44;"UNIÃO";"UNIÃO BRASIL";-1;"#NULO#";"#NULO#";"#NULO#";280001683105;"PARTIDO ISOLADO";"UNIÃO";"N";264;"Válido";264;4;"NÃO ELEITO"
"04/10/2026";"03:16:54";2022;2;"Eleição Ordinária";1;544;"ELEIÇÃO GERAL FEDERAL 2022";"02/10/2022";"F";"DF";"BR";"BRASIL";97012;"BRASÍLIA";21;1;"Presidente";280001644128;44;"SORAYA VIEIRA THRONICKE";"SORAYA THRONICKE";"#NULO";12;"APTO";2;"DEFERIDO";-3;"#NE";-3;"#NE";-3;"#NE";"PARTIDO ISOLADO";44;"UNIÃO";"UNIÃO BRASIL";-1;"#NULO#";"#NULO#";"#NULO#";280001683105;"PARTIDO ISOLADO";"UNIÃO";"N";538;"Válido";538;4;"NÃO ELEITO"
"04/10/2026";"03:16:54";2022;2;"Eleição Ordinária";1;544;"ELEIÇÃO GERAL FEDERAL 2022";"02/10/2022";"F";"DF";"BR";"BRASIL";97012;"BRASÍLIA";13;1;"Presidente";280001644128;44;"SORAYA VIEIRA THRONICKE";"SORAYA THRONICKE";"#NULO";12;"APTO";2;"DEFERIDO";-3;"#NE";-3;"#NE";-3;"#NE";"PARTIDO ISOLADO";44;"UNIÃO";"UNIÃO BRASIL";-1;"#NULO#";"#NULO#";"#NULO#";280001683105;"PARTIDO ISOLADO";"UNIÃO";"N";649;"Válido";649;4;"NÃO ELEITO"
"04/10/2026";"03:16:54";2022;2;"Eleição Ordinária";1;544;"ELEIÇÃO GERAL FEDERAL 2022";"02/10/2022";"F";"DF";"BR";"BRASIL";97012;"BRASÍLIA";5;1;"Presidente";280001644128;44;"SORAYA VIEIRA THRONICKE";"SORAYA THRONICKE";"#NULO";12;"APTO";2;"DEFERIDO";-3;"#NE";-3;"#NE";-3;"#NE";"PARTIDO ISOLADO";44;"UNIÃO";"UNIÃO BRASIL";-1;"#NULO#";"#NULO#";"#NULO#";280001683105;"PARTIDO ISOLADO";"UNIÃO";"N";507;"Válido";507;4;"NÃO ELEITO"
"04/10/2026";"03:16:54";2022;2;"Eleição Ordinária";1;544;"ELEIÇÃO GERAL FEDERAL 2022";"02/10/2022";"F";"DF";"BR";"BRASIL";97012;"BRASÍLIA";10;1;"Presidente";280001644128;44;"SORAYA VIEIRA THRONICKE";"SORAYA THRONICKE";"#NULO";12;"APTO";2;"DEFERIDO";-3;"#NE";-3;"#NE";-3;"#NE";"PARTIDO ISOLADO";44;"UNIÃO";"UNIÃO BRASIL";-1;"#NULO#";"#NULO#";"#NULO#";280001683105;"PARTIDO ISOLADO";"UNIÃO";"N";377;"Válido";377;4;"NÃO ELEITO"
"04/10/2026";"03:16:54";2022;2;"Eleição Ordinária";1;544;"ELEIÇÃO GERAL FEDERAL 2022";"02/10/2022";"F";"DF";"BR";"BRASIL";97012;"BRASÍLIA";16;1;"Presidente";280001644128;44;"SORAYA VIEIRA THRONICKE";"SORAYA THRONICKE";"#NULO";12;"APTO";2;"DEFERIDO";-3;"#NE";-3;"#NE";-3;"#NE";"PARTIDO ISOLADO";44;"UNIÃO";"UNIÃO BRASIL";-1;"#NULO#";"#NULO#";"#NULO#";280001683105;"PARTIDO ISOLADO";"UNIÃO";"N";699;"Válido";699;4;"NÃO ELEITO"
"04/10/2026";"03:16:54";2022;2;"Eleição Ordinária";1;544;"ELEIÇÃO GERAL FEDERAL 2022";"02/10/2022";"F";"DF";"BR";"BRASIL";97012;"BRASÍLIA";4;1;"Presidente";280001644128;44;"SORAYA VIEIRA THRONICKE";"SORAYA THRONICKE";"#NULO";12;"APTO";2;"DEFERIDO";-3;"#NE";-3;"#NE";-3;"#NE";"PARTIDO ISOLADO";44;"UNIÃO";"UNIÃO BRASIL";-1;"#NULO#";"#NULO#";"#NULO#";280001683105;"PARTIDO ISOLADO";"UNIÃO";"N";508;"Válido";508;4;"NÃO ELEITO"
"04/10/2026";"03:16:54";2022;2;"Eleição Ordinária";1;544;"ELEIÇÃO GERAL FEDERAL 2022";"02/10/2022";"F";"DF";"BR";"BRASIL";97012;"BRASÍLIA";9;1;"Presidente";280001602702;80;"LEONARDO PÉRICLES VIEIRA ROQUE";"LÉO PÉRICLES";"#NULO";12;"APTO";2;"DEFERIDO";-3;"#NE";-3;"#NE";-3;"#NE";"PARTIDO ISOLADO";80;"UP";"Unidade Popular";-1;"#NULO#";"#NULO#";"#NULO#";280001681181;"PARTIDO ISOLADO";"UP";"N";73;"Válido";73;4;"NÃO ELEITO"
"04/10/2026";"03:16:54";2022;2;"Eleição Ordinária";1;544;"ELEIÇÃO GERAL FEDERAL 2022";"02/10/2022";"F";"DF";"BR";"BRASIL";97012;"BRASÍLIA";2;1;"Presidente";280001602702;80;"LEONARDO PÉRICLES VIEIRA ROQUE";"LÉO PÉRICLES";"#NULO";12;"APTO";2;"DEFERIDO";-3;"#NE";-3;"#NE";-3;"#NE";"PARTIDO ISOLADO";80;"UP";"Unidade Popular";-1;"#NULO#";"#NULO#";"#NULO#";280001681181;"PARTIDO ISOLADO";"UP";"N";71;"Válido";71;4;"NÃO ELEITO"
"04/10/2026";"03:16:54";2022;2;"Eleição Ordinária";1;544;"ELEIÇÃO GERAL FEDERAL 2022";"02/10/2022";"F";"DF";"BR";"BRASIL";97012;"BRASÍLIA";10;1;"Presidente";280001602702;80;"LEONARDO PÉRICLES VIEIRA ROQUE";"LÉO PÉRICLES";"#NULO";12;"APTO";2;"DEFERIDO";-3;"#NE";-3;"#NE";-3;"#NE";"PARTIDO ISOLADO";80;"UP";"Unidade Popular";-1;"#NULO#";"#NULO#";"#NULO#";280001681181;"PARTIDO ISOLADO";"UP";"N";75;"Válido";75;4;"NÃO ELEITO"
"04/10/2026";"03:16:54";2022;2;"Eleição Ordinária";1;544;"ELEIÇÃO GERAL FEDERAL 2022";"02/10/2022";"F";"DF";"BR";"BRASIL";97012;"BRASÍLIA";8;1;"Presidente";280001602702;80;"LEONARDO PÉRICLES VIEIRA ROQUE";"LÉO PÉRICLES";"#NULO";12;"APTO";2;"DEFERIDO";-3;"#NE";-3;"#NE";-3;"#NE";"PARTIDO ISOLADO";80;"UP";"Unidade Popular";-1;"#NULO#";"#NULO#";"#NULO#";280001681181;"PARTIDO ISOLADO";"UP";"N";81;"Válido";81;4;"NÃO ELEITO"
"04/10/2026";"03:16:54";2022;2;"Eleição Ordinária";1;544;"ELEIÇÃO GERAL FEDERAL 2022";"02/10/2022";"F";"DF";"BR";"BRASIL";97012;"BRASÍLIA";14;1;"Presidente";280001602702;80;"LEONARDO PÉRICLES VIEIRA ROQUE";"LÉO PÉRICLES";"#NULO";12;"APTO";2;"DEFERIDO";-3;"#NE";-3;"#NE";-3;"#NE";"PARTIDO ISOLADO";80;"UP";"Unidade Popular";-1;"#NULO#";"#NULO#";"#NULO#";280001681181;"PARTIDO ISOLADO";"UP";"N";65;"Válido";65;4;"NÃO ELEITO"
"04/10/2026";"03:16:54";2022;2;"Eleição Ordinária";1;544;"ELEIÇÃO GERAL FEDERAL 2022";"02/10/2022";"F";"DF";"BR";"BRASIL";97012;"BRASÍLIA";17;1;"Presidente";280001602702;80;"LEONARDO PÉRICLES VIEIRA ROQUE";"LÉO PÉRICLES";"#NULO";12;"APTO";2;"DEFERIDO";-3;"#NE";-3;"#NE";-3;"#NE";"PARTIDO ISOLADO";80;"UP";"Unidade Popular";-1;"#NULO#";"#NULO#";"#NULO#";280001681181;"PARTIDO ISOLADO";"UP";"N";70;"Válido";70;4;"NÃO ELEITO"
"04/10/2026";"03:16:54";2022;2;"Eleição Ordinária";1;544;"ELEIÇÃO GERAL FEDERAL 2022";"02/10/2022";"F";"DF";"BR";"BRASIL";97012;"BRASÍLIA";20;1;"Presidente";280001602702;80;"LEONARDO PÉRICLES VIEIRA ROQUE";"LÉO PÉRICLES";"#NULO";12;"APTO";2;"DEFERIDO";-3;"#NE";-3;"#NE";-3;"#NE";"PARTIDO ISOLADO";80;"UP";"Unidade Popular";-1;"#NULO#";"#NULO#";"#NULO#";280001681181;"PARTIDO ISOLADO";"UP";"N";53;"Válido";53;4;"NÃO ELEITO"
"04/10/2026";"03:16:54";2022;2;"Eleição Ordinária";1;544;"ELEIÇÃO GERAL FEDERAL 2022";"02/10/2022";"F";"DF";"BR";"BRASIL";97012;"BRASÍLIA";6;1;"Presidente";280001602702;80;"LEONARDO PÉRICLES VIEIRA ROQUE";"LÉO PÉRICLES";"#NULO";12;"APTO";2;"DEFERIDO";-3;"#NE";-3;"#NE";-3;"#NE";"PARTIDO ISOLADO";80;"UP";"Unidade Popular";-1;"#NULO#";"#NULO#";"#NULO#";280001681181;"PARTIDO ISOLADO";"UP";"N";70;"Válido";70;4;"NÃO ELEITO"
"04/10/2026";"03:16:54";2022;2;"Eleição Ordinária";1;544;"ELEIÇÃO GERAL FEDERAL 2022";"02/10/2022";"F";"DF";"BR";"BRASIL";97012;"BRASÍLIA";11;1;"Presidente";280001602702;80;"LEONARDO PÉRICLES VIEIRA ROQUE";"LÉO PÉRICLES";"#NULO";12;"APTO";2;"DEFERIDO";-3;"#NE";-3;"#NE";-3;"#NE";"PARTIDO ISOLADO";80;"UP";"Unidade Popular";-1;"#NULO#";"#NULO#";"#NULO#";280001681181;"PARTIDO ISOLADO";"UP";"N";40;"Válido";40;4;"NÃO ELEITO"
"04/10/2026";"03:16:54";2022;2;"Eleição Ordinária";1;544;"ELEIÇÃO GERAL FEDERAL 2022";"02/10/2022";"F";"DF";"BR";"BRASIL";97012;"BRASÍLIA";3;1;"Presidente";280001602702;80;"LEONARDO PÉRICLES VIEIRA ROQUE";"LÉO PÉRICLES";"#NULO";12;"APTO";2;"DEFERIDO";-3;"#NE";-3;"#NE";-3;"#NE";"PARTIDO ISOLADO";80;"UP";"Unidade Popular";-1;"#NULO#";"#NULO#";"#NULO#";280001681181;"PARTIDO ISOLADO";"UP";"N";30;"Válido";30;4;"NÃO ELEITO"
"04/10/2026";"03:16:54";2022;2;"Eleição Ordinária";1;544;"ELEIÇÃO GERAL FEDERAL 2022";"02/10/2022";"F";"DF";"BR";"BRASIL";97012;"BRASÍLIA";13;1;"Presidente";280001602702;80;"LEONARDO PÉRICLES VIEIRA ROQUE";"LÉO PÉRICLES";"#NULO";12;"APTO";2;"DEFERIDO";-3;"#NE";-3;"#NE";-3;"#NE";"PARTIDO ISOLADO";80;"UP";"Unidade Popular";-1;"#NULO#";"#NULO#";"#NULO#";280001681181;"PARTIDO ISOLADO";"UP";"N";72;"Válido";72;4;"NÃO ELEITO"
"04/10/2026";"03:16:54";2022;2;"Eleição Ordinária";1;544;"ELEIÇÃO GERAL FEDERAL 2022";"02/10/2022";"F";"DF";"BR";"BRASIL";97012;"BRASÍLIA";21;1;"Presidente";280001602702;80;"LEONARDO PÉRICLES VIEIRA ROQUE";"LÉO PÉRICLES";"#NULO";12;"APTO";2;"DEFERIDO";-3;"#NE";-3;"#NE";-3;"#NE";"PARTIDO ISOLADO";80;"UP";"Unidade Popular";-1;"#NULO#";"#NULO#";"#NULO#";280001681181;"PARTIDO ISOLADO";"UP";"N";62;"Válido";62;4;"NÃO ELEITO"
"04/10/2026";"03:16:54";2022;2;"Eleição Ordinária";1;544;"ELEIÇÃO GERAL FEDERAL 2022";"02/10/2022";"F";"DF";"BR";"BRASIL";97012;"BRASÍLIA";18;1;"Presidente";280001602702;80;"LEONARDO PÉRICLES VIEIRA ROQUE";"LÉO PÉRICLES";"#NULO";12;"APTO";2;"DEFERIDO";-3;"#NE";-3;"#NE";-3;"#NE";"PARTIDO ISOLADO";80;"UP";"Unidade Popular";-1;"#NULO#";"#NULO#";"#NULO#";280001681181;"PARTIDO ISOLADO";"UP";"N";62;"Válido";62;4;"NÃO ELEITO"
"04/10/2026";"03:16:54";2022;2;"Eleição Ordinária";1;544;"ELEIÇÃO GERAL FEDERAL 2022";"02/10/2022";"F";"DF";"BR";"BRASIL";97012;"BRASÍLIA";15;1;"Presidente";280001602702;80;"LEONARDO PÉRICLES VIEIRA ROQUE";"LÉO PÉRICLES";"#NULO";12;"APTO";2;"DEFERIDO";-3;"#NE";-3;"#NE";-3;"#NE";"PARTIDO ISOLADO";80;"UP";"Unidade Popular";-1;"#NULO#";"#NULO#";"#NULO#";280001681181;"PARTIDO ISOLADO";"UP";"N";91;"Válido";91;4;"NÃO ELEITO"
"04/10/2026";"03:16:54";2022;2;"Eleição Ordinária";1;544;"ELEIÇÃO GERAL FEDERAL 2022";"02/10/2022";"F";"DF";"BR";"BRASIL";97012;"BRASÍLIA";4;1;"Presidente";280001602702;80;"LEONARDO PÉRICLES VIEIRA ROQUE";"LÉO PÉRICLES";"#NULO";12;"APTO";2;"DEFERIDO";-3;"#NE";-3;"#NE";-3;"#NE";"PARTIDO ISOLADO";80;"UP";"Unidade Popular";-1;"#NULO#";"#NULO#";"#NULO#";280001681181;"PARTIDO ISOLADO";"UP";"N";60;"Válido";60;4;"NÃO ELEITO"
"04/10/2026";"03:16:54";2022;2;"Eleição Ordinária";1;544;"ELEIÇÃO GERAL FEDERAL 2022";"02/10/2022";"F";"DF";"BR";"BRASIL";97012;"BRASÍLIA";1;1;"Presidente";280001602702;80;"LEONARDO PÉRICLES VIEIRA ROQUE";"LÉO PÉRICLES";"#NULO";12;"APTO";2;"DEFERIDO";-3;"#NE";-3;"#NE";-3;"#NE";"PARTIDO ISOLADO";80;"UP";"Unidade Popular";-1;"#NULO#";"#NULO#";"#NULO#";280001681181;"PARTIDO ISOLADO";"UP";"N";41;"Válido";41;4;"NÃO ELEITO"
"04/10/2026";"03:16:54";2022;2;"Eleição Ordinária";1;544;"ELEIÇÃO GERAL FEDERAL 2022";"02/10/2022";"F";"DF";"BR";"BRASIL";97012;"BRASÍLIA";19;1;"Presidente";280001602702;80;"LEONARDO PÉRICLES VIEIRA ROQUE";"LÉO PÉRICLES";"#NULO";12;"APTO";2;"DEFERIDO";-3;"#NE";-3;"#NE";-3;"#NE";"PARTIDO ISOLADO";80;"UP";"Unidade Popular";-1;"#NULO#";"#NULO#";"#NULO#";280001681181;"PARTIDO ISOLADO";"UP";"N";79;"Válido";79;4;"NÃO ELEITO"
"04/10/2026";"03:16:54";2022;2;"Eleição Ordinária";1;544;"ELEIÇÃO GERAL FEDERAL 2022";"02/10/2022";"F";"DF";"BR";"BRASIL";97012;"BRASÍLIA";5;1;"Presidente";280001602702;80;"LEONARDO PÉRICLES VIEIRA ROQUE";"LÉO PÉRICLES";"#NULO";12;"APTO";2;"DEFERIDO";-3;"#NE";-3;"#NE";-3;"#NE";"PARTIDO ISOLADO";80;"UP";"Unidade Popular";-1;"#NULO#";"#NULO#";"#NULO#";280001681181;"PARTIDO ISOLADO";"UP";"N";90;"Válido";90;4;"NÃO ELEITO"
"04/10/2026";"03:16:54";2022;2;"Eleição Ordinária";1;544;"ELEIÇÃO GERAL FEDERAL 2022";"02/10/2022";"F";"DF";"BR";"BRASIL";97012;"BRASÍLIA";16;1;"Presidente";280001602702;80;"LEONARDO PÉRICLES VIEIRA ROQUE";"LÉO PÉRICLES";"#NULO";12;"APTO";2;"DEFERIDO";-3;"#NE";-3;"#NE";-3;"#NE";"PARTIDO ISOLADO";80;"UP";"Unidade Popular";-1;"#NULO#";"#NULO#";"#NULO#";280001681181;"PARTIDO ISOLADO";"UP";"N";77;"Válido";77;4;"NÃO ELEITO"
"04/10/2026";"03:16:54";2022;2;"Eleição Ordinária";1;544;"ELEIÇÃO GERAL FEDERAL 2022";"02/10/2022";"F";"DF";"BR";"BRASIL";97012;"BRASÍLIA";13;1;"Presidente";280001600167;21;"SOFIA PADUA MANZANO";"SOFIA MANZANO";"#NULO";12;"APTO";2;"DEFERIDO";-3;"#NE";-3;"#NE";-3;"#NE";"PARTIDO ISOLADO";21;"PCB";"Partido Comunista Brasileiro";-1;"#NULO#";"#NULO#";"#NULO#";280001681036;"PARTIDO ISOLADO";"PCB";"N";41;"Válido";41;4;"NÃO ELEITO"
"04/10/2026";"03:16:54";2022;2;"Eleição Ordinária";1;544;"ELEIÇÃO GERAL FEDERAL 2022";"02/10/2022";"F";"DF";"BR";"BRASIL";97012;"BRASÍLIA";19;1;"Presidente";280001600167;21;"SOFIA PADUA MANZANO";"SOFIA MANZANO";"#NULO";12;"APTO";2;"DEFERIDO";-3;"#NE";-3;"#NE";-3;"#NE";"PARTIDO ISOLADO";21;"PCB";"Partido Comunista Brasileiro";-1;"#NULO#";"#NULO#";"#NULO#";280001681036;"PARTIDO ISOLADO";"PCB";"N";49;"Válido";49;4;"NÃO ELEITO"
"04/10/2026";"03:16:54";2022;2;"Eleição Ordinária";1;544;"ELEIÇÃO GERAL FEDERAL 2022";"02/10/2022";"F";"DF";"BR";"BRASIL";97012;"BRASÍLIA";11;1;"Presidente";280001600167;21;"SOFIA PADUA MANZANO";"SOFIA MANZANO";"#NULO";12;"APTO";2;"DEFERIDO";-3;"#NE";-3;"#NE";-3;"#NE";"PARTIDO ISOLADO";21;"PCB";"Partido Comunista Brasileiro";-1;"#NULO#";"#NULO#";"#NULO#";280001681036;"PARTIDO ISOLADO";"PCB";"N";41;"Válido";41;4;"NÃO ELEITO"
"04/10/2026";"03:16:54";2022;2;"Eleição Ordinária";1;544;"ELEIÇÃO GERAL FEDERAL 2022";"02/10/2022";"F";"DF";"BR";"BRASIL";97012;"BRASÍLIA";14;1;"Presidente";280001600167;21;"SOFIA PADUA MANZANO";"SOFIA MANZANO";"#NULO";12;"APTO";2;"DEFERIDO";-3;"#NE";-3;"#NE";-3;"#NE";"PARTIDO ISOLADO";21;"PCB";"Partido Comunista Brasileiro";-1;"#NULO#";"#NULO#";"#NULO#";280001681036;"PARTIDO ISOLADO";"PCB";"N";85;"Válido";85;4;"NÃO ELEITO"
"04/10/2026";"03:16:54";2022;2;"Eleição Ordinária";1;544;"ELEIÇÃO GERAL FEDERAL 2022";"02/10/2022";"F";"DF";"BR";"BRASIL";97012;"BRASÍLIA";4;1;"Presidente";280001600167;21;"SOFIA PADUA MANZANO";"SOFIA MANZANO";"#NULO";12;"APTO";2;"DEFERIDO";-3;"#NE";-3;"#NE";-3;"#NE";"PARTIDO ISOLADO";21;"PCB";"Partido Comunista Brasileiro";-1;"#NULO#";"#NULO#";"#NULO#";280001681036;"PARTIDO ISOLADO";"PCB";"N";34;"Válido";34;4;"NÃO ELEITO"
"04/10/2026";"03:16:54";2022;2;"Eleição Ordinária";1;544;"ELEIÇÃO GERAL FEDERAL 2022";"02/10/2022";"F";"DF";"BR";"BRASIL";97012;"BRASÍLIA";15;1;"Presidente";280001600167;21;"SOFIA PADUA MANZANO";"SOFIA MANZANO";"#NULO";12;"APTO";2;"DEFERIDO";-3;"#NE";-3;"#NE";-3;"#NE";"PARTIDO ISOLADO";21;"PCB";"Partido Comunista Brasileiro";-1;"#NULO#";"#NULO#";"#NULO#";280001681036;"PARTIDO ISOLADO";"PCB";"N";76;"Válido";76;4;"NÃO ELEITO"
"04/10/2026";"03:16:54";2022;2;"Eleição Ordinária";1;544;"ELEIÇÃO GERAL FEDERAL 2022";"02/10/2022";"F";"DF";"BR";"BRASIL";97012;"BRASÍLIA";1;1;"Presidente";280001600167;21;"SOFIA PADUA MANZANO";"SOFIA MANZANO";"#NULO";12;"APTO";2;"DEFERIDO";-3;"#NE";-3;"#NE";-3;"#NE";"PARTIDO ISOLADO";21;"PCB";"Partido Comunista Brasileiro";-1;"#NULO#";"#NULO#";"#NULO#";280001681036;"PARTIDO ISOLADO";"PCB";"N";44;"Válido";44;4;"NÃO ELEITO"
"04/10/2026";"03:16:54";2022;2;"Eleição Ordinária";1;544;"ELEIÇÃO GERAL FEDERAL 2022";"02/10/2022";"F";"DF";"BR";"BRASIL";97012;"BRASÍLIA";9;1;"Presidente";280001600167;21;"SOFIA PADUA MANZANO";"SOFIA MANZANO";"#NULO";12;"APTO";2;"DEFERIDO";-3;"#NE";-3;"#NE";-3;"#NE";"PARTIDO ISOLADO";21;"PCB";"Partido Comunista Brasileiro";-1;"#NULO#";"#NULO#";"#NULO#";280001681036;"PARTIDO ISOLADO";"PCB";"N";77;"Válido";77;4;"NÃO ELEITO"
"04/10/2026";"03:16:54";2022;2;"Eleição Ordinária";1;544;"ELEIÇÃO GERAL FEDERAL 2022";"02/10/2022";"F";"DF";"BR";"BRASIL";97012;"BRASÍLIA";4;1;"Presidente";280001607831;16;"VERA LUCIA PEREIRA DA SILVA SALGADO";"VERA";"#NULO";12;"APTO";2;"DEFERIDO";-3;"#NE";-3;"#NE";-3;"#NE";"PARTIDO ISOLADO";16;"PSTU";"Partido Socialista dos Trabalhadores Unificado";-1;"#NULO#";"#NULO#";"#NULO#";280001681360;"PARTIDO ISOLADO";"PSTU";"N";17;"Válido";17;4;"NÃO ELEITO"
"04/10/2026";"03:16:54";2022;2;"Eleição Ordinária";1;544;"ELEIÇÃO GERAL FEDERAL 2022";"02/10/2022";"F";"DF";"BR";"BRASIL";97012;"BRASÍLIA";21;1;"Presidente";280001607831;16;"VERA LUCIA PEREIRA DA SILVA SALGADO";"VERA";"#NULO";12;"APTO";2;"DEFERIDO";-3;"#NE";-3;"#NE";-3;"#NE";"PARTIDO ISOLADO";16;"PSTU";"Partido Socialista dos Trabalhadores Unificado";-1;"#NULO#";"#NULO#";"#NULO#";280001681360;"PARTIDO ISOLADO";"PSTU";"N";30;"Válido";30;4;"NÃO ELEITO"
"04/10/2026";"03:16:54";2022;2;"Eleição Ordinária";1;544;"ELEIÇÃO GERAL FEDERAL 2022";"02/10/2022";"F";"DF";"BR";"BRASIL";97012;"BRASÍLIA";9;1;"Presidente";280001607831;16;"VERA LUCIA PEREIRA DA SILVA SALGADO";"VERA";"#NULO";12;"APTO";2;"DEFERIDO";-3;"#NE";-3;"#NE";-3;"#NE";"PARTIDO ISOLADO";16;"PSTU";"Partido Socialista dos Trabalhadores Unificado";-1;"#NULO#";"#NULO#";"#NULO#";280001681360;"PARTIDO ISOLADO";"PSTU";"N";34;"Válido";34;4;"NÃO ELEITO"
"04/10/2026";"03:16:54";2022;2;"Eleição Ordinária";1;544;"ELEIÇÃO GERAL FEDERAL 2022";"02/10/2022";"F";"DF";"BR";"BRASIL";97012;"BRASÍLIA";19;1;"Presidente";280001607831;16;"VERA LUCIA PEREIRA DA SILVA SALGADO";"VERA";"#NULO";12;"APTO";2;"DEFERIDO";-3;"#NE";-3;"#NE";-3;"#NE";"PARTIDO ISOLADO";16;"PSTU";"Partido Socialista dos Trabalhadores Unificado";-1;"#NULO#";"#NULO#";"#NULO#";280001681360;"PARTIDO ISOLADO";"PSTU";"N";12;"Válido";12;4;"NÃO ELEITO"
"04/10/2026";"03:16:54";2022;2;"Eleição Ordinária";1;544;"ELEIÇÃO GERAL FEDERAL 2022";"02/10/2022";"F";"DF";"BR";"BRASIL";97012;"BRASÍLIA";18;1;"Presidente";280001607831;16;"VERA LUCIA PEREIRA DA SILVA SALGADO";"VERA";"#NULO";12;"APTO";2;"DEFERIDO";-3;"#NE";-3;"#NE";-3;"#NE";"PARTIDO ISOLADO";16;"PSTU";"Partido Socialista dos Trabalhadores Unificado";-1;"#NULO#";"#NULO#";"#NULO#";280001681360;"PARTIDO ISOLADO";"PSTU";"N";25;"Válido";25;4;"NÃO ELEITO"
"04/10/2026";"03:16:54";2022;2;"Eleição Ordinária";1;544;"ELEIÇÃO GERAL FEDERAL 2022";"02/10/2022";"F";"DF";"BR";"BRASIL";97012;"BRASÍLIA";10;1;"Presidente";280001607831;16;"VERA LUCIA PEREIRA DA SILVA SALGADO";"VERA";"#NULO";12;"APTO";2;"DEFERIDO";-3;"#NE";-3;"#NE";-3;"#NE";"PARTIDO ISOLADO";16;"PSTU";"Partido Socialista dos Trabalhadores Unificado";-1;"#NULO#";"#NULO#";"#NULO#";280001681360;"PARTIDO ISOLADO";"PSTU";"N";27;"Válido";27;4;"NÃO ELEITO"
"04/10/2026";"03:16:54";2022;2;"Eleição Ordinária";1;544;"ELEIÇÃO GERAL FEDERAL 2022";"02/10/2022";"F";"DF";"BR";"BRASIL";97012;"BRASÍLIA";13;1;"Presidente";280001607831;16;"VERA LUCIA PEREIRA DA SILVA SALGADO";"VERA";"#NULO";12;"APTO";2;"DEFERIDO";-3;"#NE";-3;"#NE";-3;"#NE";"PARTIDO ISOLADO";16;"PSTU";"Partido Socialista dos Trabalhadores Unificado";-1;"#NULO#";"#NULO#";"#NULO#";280001681360;"PARTIDO ISOLADO";"PSTU";"N";22;"Válido";22;4;"NÃO ELEITO"
"04/10/2026";"03:16:54";2022;2;"Eleição Ordinária";1;544;"ELEIÇÃO GERAL FEDERAL 2022";"02/10/2022";"F";"DF";"BR";"BRASIL";97012;"BRASÍLIA";8;1;"Presidente";280001607831;16;"VERA LUCIA PEREIRA DA SILVA SALGADO";"VERA";"#NULO";12;"APTO";2;"DEFERIDO";-3;"#NE";-3;"#NE";-3;"#NE";"PARTIDO ISOLADO";16;"PSTU";"Partido Socialista dos Trabalhadores Unificado";-1;"#NULO#";"#NULO#";"#NULO#";280001681360;"PARTIDO ISOLADO";"PSTU";"N";26;"Válido";26;4;"NÃO ELEITO"
"04/10/2026";"03:16:54";2022;2;"Eleição Ordinária";1;544;"ELEIÇÃO GERAL FEDERAL 2022";"02/10/2022";"F";"DF";"BR";"BRASIL";97012;"BRASÍLIA";3;1;"Presidente";280001607831;16;"VERA LUCIA PEREIRA DA SILVA SALGADO";"VERA";"#NULO";12;"APTO";2;"DEFERIDO";-3;"#NE";-3;"#NE";-3;"#NE";"PARTIDO ISOLADO";16;"PSTU";"Partido Socialista dos Trabalhadores Unificado";-1;"#NULO#";"#NULO#";"#NULO#";280001681360;"PARTIDO ISOLADO";"PSTU";"N";11;"Válido";11;4;"NÃO ELEITO"
"04/10/2026";"03:16:54";2022;2;"Eleição Ordinária";1;544;"ELEIÇÃO GERAL FEDERAL 2022";"02/10/2022";"F";"DF";"BR";"BRASIL";97012;"BRASÍLIA";11;1;"Presidente";280001607831;16;"VERA LUCIA PEREIRA DA SILVA SALGADO";"VERA";"#NULO";12;"APTO";2;"DEFERIDO";-3;"#NE";-3;"#NE";-3;"#NE";"PARTIDO ISOLADO";16;"PSTU";"Partido Socialista dos Trabalhadores Unificado";-1;"#NULO#";"#NULO#";"#NULO#";280001681360;"PARTIDO ISOLADO";"PSTU";"N";24;"Válido";24;4;"NÃO ELEITO"
"04/10/2026";"03:16:54";2022;2;"Eleição Ordinária";1;544;"ELEIÇÃO GERAL FEDERAL 2022";"02/10/2022";"F";"DF";"BR";"BRASIL";97012;"BRASÍLIA";14;1;"Presidente";280001607831;16;"VERA LUCIA PEREIRA DA SILVA SALGADO";"VERA";"#NULO";12;"APTO";2;"DEFERIDO";-3;"#NE";-3;"#NE";-3;"#NE";"PARTIDO ISOLADO";16;"PSTU";"Partido Socialista dos Trabalhadores Unificado";-1;"#NULO#";"#NULO#";"#NULO#";280001681360;"PARTIDO ISOLADO";"PSTU";"N";28;"Válido";28;4;"NÃO ELEITO"
"04/10/2026";"03:16:54";2022;2;"Eleição Ordinária";1;544;"ELEIÇÃO GERAL FEDERAL 2022";"02/10/2022";"F";"DF";"BR";"BRASIL";97012;"BRASÍLIA";2;1;"Presidente";280001607831;16;"VERA LUCIA PEREIRA DA SILVA SALGADO";"VERA";"#NULO";12;"APTO";2;"DEFERIDO";-3;"#NE";-3;"#NE";-3;"#NE";"PARTIDO ISOLADO";16;"PSTU";"Partido Socialista dos Trabalhadores Unificado";-1;"#NULO#";"#NULO#";"#NULO#";280001681360;"PARTIDO ISOLADO";"PSTU";"N";28;"Válido";28;4;"NÃO ELEITO"
"04/10/2026";"03:16:54";2022;2;"Eleição Ordinária";1;544;"ELEIÇÃO GERAL FEDERAL 2022";"02/10/2022";"F";"DF";"BR";"BRASIL";97012;"BRASÍLIA";20;1;"Presidente";280001607831;16;"VERA LUCIA PEREIRA DA SILVA SALGADO";"VERA";"#NULO";12;"APTO";2;"DEFERIDO";-3;"#NE";-3;"#NE";-3;"#NE";"PARTIDO ISOLADO";16;"PSTU";"Partido Socialista dos Trabalhadores Unificado";-1;"#NULO#";"#NULO#";"#NULO#";280001681360;"PARTIDO ISOLADO";"PSTU";"N";17;"Válido";17;4;"NÃO ELEITO"
"04/10/2026";"03:16:54";2022;2;"Eleição Ordinária";1;544;"ELEIÇÃO GERAL FEDERAL 2022";"02/10/2022";"F";"DF";"BR";"BRASIL";97012;"BRASÍLIA";16;1;"Presidente";280001607831;16;"VERA LUCIA PEREIRA DA SILVA SALGADO";"VERA";"#NULO";12;"APTO";2;"DEFERIDO";-3;"#NE";-3;"#NE";-3;"#NE";"PARTIDO ISOLADO";16;"PSTU";"Partido Socialista dos Trabalhadores Unificado";-1;"#NULO#";"#NULO#";"#NULO#";280001681360;"PARTIDO ISOLADO";"PSTU";"N";30;"Válido";30;4;"NÃO ELEITO"
"04/10/2026";"03:16:54";2022;2;"Eleição Ordinária";1;544;"ELEIÇÃO GERAL FEDERAL 2022";"02/10/2022";"F";"DF";"BR";"BRASIL";97012;"BRASÍLIA";5;1;"Presidente";280001607831;16;"VERA LUCIA PEREIRA DA SILVA SALGADO";"VERA";"#NULO";12;"APTO";2;"DEFERIDO";-3;"#NE";-3;"#NE";-3;"#NE";"PARTIDO ISOLADO";16;"PSTU";"Partido Socialista dos Trabalhadores Unificado";-1;"#NULO#";"#NULO#";"#NULO#";280001681360;"PARTIDO ISOLADO";"PSTU";"N";26;"Válido";26;4;"NÃO ELEITO"
"04/10/2026";"03:16:54";2022;2;"Eleição Ordinária";1;544;"ELEIÇÃO GERAL FEDERAL 2022";"02/10/2022";"F";"DF";"BR";"BRASIL";97012;"BRASÍLIA";1;1;"Presidente";280001607831;16;"VERA LUCIA PEREIRA DA SILVA SALGADO";"VERA";"#NULO";12;"APTO";2;"DEFERIDO";-3;"#NE";-3;"#NE";-3;"#NE";"PARTIDO ISOLADO";16;"PSTU";"Partido Socialista dos Trabalhadores Unificado";-1;"#NULO#";"#NULO#";"#NULO#";280001681360;"PARTIDO ISOLADO";"PSTU";"N";23;"Válido";23;4;"NÃO ELEITO"
"04/10/2026";"03:16:54";2022;2;"Eleição Ordinária";1;544;"ELEIÇÃO GERAL FEDERAL 2022";"02/10/2022";"F";"DF";"BR";"BRASIL";97012;"BRASÍLIA";15;1;"Presidente";280001607831;16;"VERA LUCIA PEREIRA DA SILVA SALGADO";"VERA";"#NULO";12;"APTO";2;"DEFERIDO";-3;"#NE";-3;"#NE";-3;"#NE";"PARTIDO ISOLADO";16;"PSTU";"Partido Socialista dos Trabalhadores Unificado";-1;"#NULO#";"#NULO#";"#NULO#";280001681360;"PARTIDO ISOLADO";"PSTU";"N";36;"Válido";36;4;"NÃO ELEITO"
"04/10/2026";"03:16:54";2022;2;"Eleição Ordinária";1;544;"ELEIÇÃO GERAL FEDERAL 2022";"02/10/2022";"F";"DF";"BR";"BRASIL";97012;"BRASÍLIA";6;1;"Presidente";280001607831;16;"VERA LUCIA PEREIRA DA SILVA SALGADO";"VERA";"#NULO";12;"APTO";2;"DEFERIDO";-3;"#NE";-3;"#NE";-3;"#NE";"PARTIDO ISOLADO";16;"PSTU";"Partido Socialista dos Trabalhadores Unificado";-1;"#NULO#";"#NULO#";"#NULO#";280001681360;"PARTIDO ISOLADO";"PSTU";"N";19;"Válido";19;4;"NÃO ELEITO"
"04/10/2026";"03:16:54";2022;2;"Eleição Ordinária";1;544;"ELEIÇÃO GERAL FEDERAL 2022";"02/10/2022";"F";"DF";"BR";"BRASIL";97012;"BRASÍLIA";17;1;"Presidente";280001607831;16;"VERA LUCIA PEREIRA DA SILVA SALGADO";"VERA";"#NULO";12;"APTO";2;"DEFERIDO";-3;"#NE";-3;"#NE";-3;"#NE";"PARTIDO ISOLADO";16;"PSTU";"Partido Socialista dos Trabalhadores Unificado";-1;"#NULO#";"#NULO#";"#NULO#";280001681360;"PARTIDO ISOLADO";"PSTU";"N";19;"Válido";19;4;"NÃO ELEITO"
"04/10/2026";"03:16:54";2022;2;"Eleição Ordinária";1;544;"ELEIÇÃO GERAL FEDERAL 2022";"02/10/2022";"F";"DF";"BR";"BRASIL";97012;"BRASÍLIA";15;1;"Presidente";280001603612;30;"LUIZ FELIPE CHAVES D AVILA";"FELIPE D AVILA";"#NULO";12;"APTO";2;"DEFERIDO";-3;"#NE";-3;"#NE";-3;"#NE";"PARTIDO ISOLADO";30;"NOVO";"Partido Novo";-1;"#NULO#";"#NULO#";"#NULO#";280001681210;"PARTIDO ISOLADO";"NOVO";"N";1114;"Válido";1114;4;"NÃO ELEITO"
"04/10/2026";"03:16:54";2022;2;"Eleição Ordinária";1;544;"ELEIÇÃO GERAL FEDERAL 2022";"02/10/2022";"F";"DF";"BR";"BRASIL";97012;"BRASÍLIA";17;1;"Presidente";280001603612;30;"LUIZ FELIPE CHAVES D AVILA";"FELIPE D AVILA";"#NULO";12;"APTO";2;"DEFERIDO";-3;"#NE";-3;"#NE";-3;"#NE";"PARTIDO ISOLADO";30;"NOVO";"Partido Novo";-1;"#NULO#";"#NULO#";"#NULO#";280001681210;"PARTIDO ISOLADO";"NOVO";"N";479;"Válido";479;4;"NÃO ELEITO"
"04/10/2026";"03:16:54";2022;2;"Eleição Ordinária";1;544;"ELEIÇÃO GERAL FEDERAL 2022";"02/10/2022";"F";"DF";"BR";"BRASIL";97012;"BRASÍLIA";6;1;"Presidente";280001603612;30;"LUIZ FELIPE CHAVES D AVILA";"FELIPE D AVILA";"#NULO";12;"APTO";2;"DEFERIDO";-3;"#NE";-3;"#NE";-3;"#NE";"PARTIDO ISOLADO";30;"NOVO";"Partido Novo";-1;"#NULO#";"#NULO#";"#NULO#";280001681210;"PARTIDO ISOLADO";"NOVO";"N";347;"Válido";347;4;"NÃO ELEITO"
"04/10/2026";"03:16:54";2022;2;"Eleição Ordinária";1;544;"ELEIÇÃO GERAL FEDERAL 2022";"02/10/2022";"F";"DF";"BR";"BRASIL";97012;"BRASÍLIA";4;1;"Presidente";280001603612;30;"LUIZ FELIPE CHAVES D AVILA";"FELIPE D AVILA";"#NULO";12;"APTO";2;"DEFERIDO";-3;"#NE";-3;"#NE";-3;"#NE";"PARTIDO ISOLADO";30;"NOVO";"Partido Novo";-1;"#NULO#";"#NULO#";"#NULO#";280001681210;"PARTIDO ISOLADO";"NOVO";"N";288;"Válido";288;4;"NÃO ELEITO"
"04/10/2026";"03:16:54";2022;2;"Eleição Ordinária";1;544;"ELEIÇÃO GERAL FEDERAL 2022";"02/10/2022";"F";"DF";"BR";"BRASIL";97012;"BRASÍLIA";13;1;"Presidente";280001603612;30;"LUIZ FELIPE CHAVES D AVILA";"FELIPE D AVILA";"#NULO";12;"APTO";2;"DEFERIDO";-3;"#NE";-3;"#NE";-3;"#NE";"PARTIDO ISOLADO";30;"NOVO";"Partido Novo";-1;"#NULO#";"#NULO#";"#NULO#";280001681210;"PARTIDO ISOLADO";"NOVO";"N";477;"Válido";477;4;"NÃO ELEITO"
"04/10/2026";"03:16:54";2022;2;"Eleição Ordinária";1;544;"ELEIÇÃO GERAL FEDERAL 2022";"02/10/2022";"F";"DF";"BR";"BRASIL";97012;"BRASÍLIA";5;1;"Presidente";280001603612;30;"LUIZ FELIPE CHAVES D AVILA";"FELIPE D AVILA";"#NULO";12;"APTO";2;"DEFERIDO";-3;"#NE";-3;"#NE";-3;"#NE";"PARTIDO ISOLADO";30;"NOVO";"Partido Novo";-1;"#NULO#";"#NULO#";"#NULO#";280001681210;"PARTIDO ISOLADO";"NOVO";"N";536;"Válido";536;4;"NÃO ELEITO"
"04/10/2026";"03:16:54";2022;2;"Eleição Ordinária";1;544;"ELEIÇÃO GERAL FEDERAL 2022";"02/10/2022";"F";"DF";"BR";"BRASIL";97012;"BRASÍLIA";18;1;"Presidente";280001603612;30;"LUIZ FELIPE CHAVES D AVILA";"FELIPE D AVILA";"#NULO";12;"APTO";2;"DEFERIDO";-3;"#NE";-3;"#NE";-3;"#NE";"PARTIDO ISOLADO";30;"NOVO";"Partido Novo";-1;"#NULO#";"#NULO#";"#NULO#";280001681210;"PARTIDO ISOLADO";"NOVO";"N";710;"Válido";710;4;"NÃO ELEITO"
"04/10/2026";"03:16:54";2022;2;"Eleição Ordinária";1;544;"ELEIÇÃO GERAL FEDERAL 2022";"02/10/2022";"F";"DF";"BR";"BRASIL";97012;"BRASÍLIA";20;1;"Presidente";280001603612;30;"LUIZ FELIPE CHAVES D AVILA";"FELIPE D AVILA";"#NULO";12;"APTO";2;"DEFERIDO";-3;"#NE";-3;"#NE";-3;"#NE";"PARTIDO ISOLADO";30;"NOVO";"Partido Novo";-1;"#NULO#";"#NULO#";"#NULO#";280001681210;"PARTIDO ISOLADO";"NOVO";"N";275;"Válido";275;4;"NÃO ELEITO"
"04/10/2026";"03:16:54";2022;2;"Eleição Ordinária";1;544;"ELEIÇÃO GERAL FEDERAL 2022";"02/10/2022";"F";"DF";"BR";"BRASIL";97012;"BRASÍLIA";21;1;"Presidente";280001603612;30;"LUIZ FELIPE CHAVES D AVILA";"FELIPE D AVILA";"#NULO";12;"APTO";2;"DEFERIDO";-3;"#NE";-3;"#NE";-3;"#NE";"PARTIDO ISOLADO";30;"NOVO";"Partido Novo";-1;"#NULO#";"#NULO#";"#NULO#";280001681210;"PARTIDO ISOLADO";"NOVO";"N";343;"Válido";343;4;"NÃO ELEITO"
"04/10/2026";"03:16:54";2022;2;"Eleição Ordinária";1;544;"ELEIÇÃO GERAL FEDERAL 2022";"02/10/2022";"F";"DF";"BR";"BRASIL";97012;"BRASÍLIA";16;1;"Presidente";280001603612;30;"LUIZ FELIPE CHAVES D AVILA";"FELIPE D AVILA";"#NULO";12;"APTO";2;"DEFERIDO";-3;"#NE";-3;"#NE";-3;"#NE";"PARTIDO ISOLADO";30;"NOVO";"Partido Novo";-1;"#NULO#";"#NULO#";"#NULO#";280001681210;"PARTIDO ISOLADO";"NOVO";"N";418;"Válido";418;4;"NÃO ELEITO"
"04/10/2026";"03:16:54";2022;2;"Eleição Ordinária";1;544;"ELEIÇÃO GERAL FEDERAL 2022";"02/10/2022";"F";"DF";"BR";"BRASIL";97012;"BRASÍLIA";2;1;"Presidente";280001603612;30;"LUIZ FELIPE CHAVES D AVILA";"FELIPE D AVILA";"#NULO";12;"APTO";2;"DEFERIDO";-3;"#NE";-3;"#NE";-3;"#NE";"PARTIDO ISOLADO";30;"NOVO";"Partido Novo";-1;"#NULO#";"#NULO#";"#NULO#";280001681210;"PARTIDO ISOLADO";"NOVO";"N";486;"Válido";486;4;"NÃO ELEITO"
"04/10/2026";"03:16:54";2022;2;"Eleição Ordinária";1;544;"ELEIÇÃO GERAL FEDERAL 2022";"02/10/2022";"F";"DF";"BR";"BRASIL";97012;"BRASÍLIA";3;1;"Presidente";280001603612;30;"LUIZ FELIPE CHAVES D AVILA";"FELIPE D AVILA";"#NULO";12;"APTO";2;"DEFERIDO";-3;"#NE";-3;"#NE";-3;"#NE";"PARTIDO ISOLADO";30;"NOVO";"Partido Novo";-1;"#NULO#";"#NULO#";"#NULO#";280001681210;"PARTIDO ISOLADO";"NOVO";"N";294;"Válido";294;4;"NÃO ELEITO"
"04/10/2026";"03:16:54";2022;2;"Eleição Ordinária";1;544;"ELEIÇÃO GERAL FEDERAL 2022";"02/10/2022";"F";"DF";"BR";"BRASIL";97012;"BRASÍLIA";8;1;"Presidente";280001603612;30;"LUIZ FELIPE CHAVES D AVILA";"FELIPE D AVILA";"#NULO";12;"APTO";2;"DEFERIDO";-3;"#NE";-3;"#NE";-3;"#NE";"PARTIDO ISOLADO";30;"NOVO";"Partido Novo";-1;"#NULO#";"#NULO#";"#NULO#";280001681210;"PARTIDO ISOLADO";"NOVO";"N";394;"Válido";394;4;"NÃO ELEITO"
"04/10/2026";"03:16:54";2022;2;"Eleição Ordinária";1;544;"ELEIÇÃO GERAL FEDERAL 2022";"02/10/2022";"F";"DF";"BR";"BRASIL";97012;"BRASÍLIA";9;1;"Presidente";280001603612;30;"LUIZ FELIPE CHAVES D AVILA";"FELIPE D AVILA";"#NULO";12;"APTO";2;"DEFERIDO";-3;"#NE";-3;"#NE";-3;"#NE";"PARTIDO ISOLADO";30;"NOVO";"Partido Novo";-1;"#NULO#";"#NULO#";"#NULO#";280001681210;"PARTIDO ISOLADO";"NOVO";"N";756;"Válido";756;4;"NÃO ELEITO"
"04/10/2026";"03:16:54";2022;2;"Eleição Ordinária";1;544;"ELEIÇÃO GERAL FEDERAL 2022";"02/10/2022";"F";"DF";"BR";"BRASIL";97012;"BRASÍLIA";10;1;"Presidente";280001603612;30;"LUIZ FELIPE CHAVES D AVILA";"FELIPE D AVILA";"#NULO";12;"APTO";2;"DEFERIDO";-3;"#NE";-3;"#NE";-3;"#NE";"PARTIDO ISOLADO";30;"NOVO";"Partido Novo";-1;"#NULO#";"#NULO#";"#NULO#";280001681210;"PARTIDO ISOLADO";"NOVO";"N";566;"Válido";566;4;"NÃO ELEITO"
"04/10/2026";"03:16:54";2022;2;"Eleição Ordinária";1;544;"ELEIÇÃO GERAL FEDERAL 2022";"02/10/2022";"F";"DF";"BR";"BRASIL";97012;"BRASÍLIA";19;1;"Presidente";280001603612;30;"LUIZ FELIPE CHAVES D AVILA";"FELIPE D AVILA";"#NULO";12;"APTO";2;"DEFERIDO";-3;"#NE";-3;"#NE";-3;"#NE";"PARTIDO ISOLADO";30;"NOVO";"Partido Novo";-1;"#NULO#";"#NULO#";"#NULO#";280001681210;"PARTIDO ISOLADO";"NOVO";"N";590;"Válido";590;4;"NÃO ELEITO"
"04/10/2026";"03:16:54";2022;2;"Eleição Ordinária";1;544;"ELEIÇÃO GERAL FEDERAL 2022";"02/10/2022";"F";"DF";"BR";"BRASIL";97012;"BRASÍLIA";14;1;"Presidente";280001603612;30;"LUIZ FELIPE CHAVES D AVILA";"FELIPE D AVILA";"#NULO";12;"APTO";2;"DEFERIDO";-3;"#NE";-3;"#NE";-3;"#NE";"PARTIDO ISOLADO";30;"NOVO";"Partido Novo";-1;"#NULO#";"#NULO#";"#NULO#";280001681210;"PARTIDO ISOLADO";"NOVO";"N";926;"Válido";926;4;"NÃO ELEITO"
"04/10/2026";"03:16:54";2022;2;"Eleição Ordinária";1;544;"ELEIÇÃO GERAL FEDERAL 2022";"02/10/2022";"F";"DF";"BR";"BRASIL";97012;"BRASÍLIA";11;1;"Presidente";280001603612;30;"LUIZ FELIPE CHAVES D AVILA";"FELIPE D AVILA";"#NULO";12;"APTO";2;"DEFERIDO";-3;"#NE";-3;"#NE";-3;"#NE";"PARTIDO ISOLADO";30;"NOVO";"Partido Novo";-1;"#NULO#";"#NULO#";"#NULO#";280001681210;"PARTIDO ISOLADO";"NOVO";"N";664;"Válido";664;4;"NÃO ELEITO"
"04/10/2026";"03:16:54";2022;2;"Eleição Ordinária";1;544;"ELEIÇÃO GERAL FEDERAL 2022";"02/10/2022";"F";"DF";"BR";"BRASIL";97012;"BRASÍLIA";1;1;"Presidente";280001603612;30;"LUIZ FELIPE CHAVES D AVILA";"FELIPE D AVILA";"#NULO";12;"APTO";2;"DEFERIDO";-3;"#NE";-3;"#NE";-3;"#NE";"PARTIDO ISOLADO";30;"NOVO";"Partido Novo";-1;"#NULO#";"#NULO#";"#NULO#";280001681210;"PARTIDO ISOLADO";"NOVO";"N";679;"Válido";679;4;"NÃO ELEITO"
"04/10/2026";"03:16:54";2022;2;"Eleição Ordinária";1;544;"ELEIÇÃO GERAL FEDERAL 2022";"02/10/2022";"F";"DF";"BR";"BRASIL";97012;"BRASÍLIA";3;1;"Presidente";280001607829;13;"LUIZ INÁCIO LULA DA SILVA";"LULA";"#NULO";12;"APTO";2;"DEFERIDO";-3;"#NE";-3;"#NE";-3;"#NE";"COLIGAÇÃO";13;"PT";"Partido dos Trabalhadores";2;"Federação Brasil da Esperança - FE BRASIL";"PT/PC do B/PV";"PC do B / PT / PV";280001681359;"COLIGAÇÃO BRASIL DA ESPERANÇA";"Federação Brasil da Esperança - FE BRASIL (PT / PC do B / PV) / SOLIDARIEDADE / Federação PSOL REDE (PSOL / REDE) / PSB / AGIR / AVANTE / PROS";"N";19602;"Válido";19602;6;"2º TURNO"
"04/10/2026";"03:16:54";2022;2;"Eleição Ordinária";1;544;"ELEIÇÃO GERAL FEDERAL 2022";"02/10/2022";"F";"DF";"BR";"BRASIL";97012;"BRASÍLIA";17;1;"Presidente";280001607829;13;"LUIZ INÁCIO LULA DA SILVA";"LULA";"#NULO";12;"APTO";2;"DEFERIDO";-3;"#NE";-3;"#NE";-3;"#NE";"COLIGAÇÃO";13;"PT";"Partido dos Trabalhadores";2;"Federação Brasil da Esperança - FE BRASIL";"PT/PC do B/PV";"PC do B / PT / PV";280001681359;"COLIGAÇÃO BRASIL DA ESPERANÇA";"Federação Brasil da Esperança - FE BRASIL (PT / PC do B / PV) / SOLIDARIEDADE / Federação PSOL REDE (PSOL / REDE) / PSB / AGIR / AVANTE / PROS";"N";38403;"Válido";38403;6;"2º TURNO"
"04/10/2026";"03:16:54";2022;2;"Eleição Ordinária";1;544;"ELEIÇÃO GERAL FEDERAL 2022";"02/10/2022";"F";"DF";"BR";"BRASIL";97012;"BRASÍLIA";16;1;"Presidente";280001607829;13;"LUIZ INÁCIO LULA DA SILVA";"LULA";"#NULO";12;"APTO";2;"DEFERIDO";-3;"#NE";-3;"#NE";-3;"#NE";"COLIGAÇÃO";13;"PT";"Partido dos Trabalhadores";2;"Federação Brasil da Esperança - FE BRASIL";"PT/PC do B/PV";"PC do B / PT / PV";280001681359;"COLIGAÇÃO BRASIL DA ESPERANÇA";"Federação Brasil da Esperança - FE BRASIL (PT / PC do B / PV) / SOLIDARIEDADE / Federação PSOL REDE (PSOL / REDE) / PSB / AGIR / AVANTE / PROS";"N";42147;"Válido";42147;6;"2º TURNO"
"04/10/2026";"03:16:54";2022;2;"Eleição Ordinária";1;544;"ELEIÇÃO GERAL FEDERAL 2022";"02/10/2022";"F";"DF";"BR";"BRASIL";97012;"BRASÍLIA";18;1;"Presidente";280001607829;13;"LUIZ INÁCIO LULA DA SILVA";"LULA";"#NULO";12;"APTO";2;"DEFERIDO";-3;"#NE";-3;"#NE";-3;"#NE";"COLIGAÇÃO";13;"PT";"Partido dos Trabalhadores";2;"Federação Brasil da Esperança - FE BRASIL";"PT/PC do B/PV";"PC do B / PT / PV";280001681359;"COLIGAÇÃO BRASIL DA ESPERANÇA";"Federação Brasil da Esperança - FE BRASIL (PT / PC do B / PV) / SOLIDARIEDADE / Federação PSOL REDE (PSOL / REDE) / PSB / AGIR / AVANTE / PROS";"N";40231;"Válido";40231;6;"2º TURNO"
"04/10/2026";"03:16:54";2022;2;"Eleição Ordinária";1;544;"ELEIÇÃO GERAL FEDERAL 2022";"02/10/2022";"F";"DF";"BR";"BRASIL";97012;"BRASÍLIA";5;1;"Presidente";280001607829;13;"LUIZ INÁCIO LULA DA SILVA";"LULA";"#NULO";12;"APTO";2;"DEFERIDO";-3;"#NE";-3;"#NE";-3;"#NE";"COLIGAÇÃO";13;"PT";"Partido dos Trabalhadores";2;"Federação Brasil da Esperança - FE BRASIL";"PT/PC do B/PV";"PC do B / PT / PV";280001681359;"COLIGAÇÃO BRASIL DA ESPERANÇA";"Federação Brasil da Esperança - FE BRASIL (PT / PC do B / PV) / SOLIDARIEDADE / Federação PSOL REDE (PSOL / REDE) / PSB / AGIR / AVANTE / PROS";"N";38691;"Válido";38691;6;"2º TURNO"
"04/10/2026";"03:16:54";2022;2;"Eleição Ordinária";1;544;"ELEIÇÃO GERAL FEDERAL 2022";"02/10/2022";"F";"DF";"BR";"BRASIL";97012;"BRASÍLIA";11;1;"Presidente";280001607829;13;"LUIZ INÁCIO LULA DA SILVA";"LULA";"#NULO";12;"APTO";2;"DEFERIDO";-3;"#NE";-3;"#NE";-3;"#NE";"COLIGAÇÃO";13;"PT";"Partido dos Trabalhadores";2;"Federação Brasil da Esperança - FE BRASIL";"PT/PC do B/PV";"PC do B / PT / PV";280001681359;"COLIGAÇÃO BRASIL DA ESPERANÇA";"Federação Brasil da Esperança - FE BRASIL (PT / PC do B / PV) / SOLIDARIEDADE / Federação PSOL REDE (PSOL / REDE) / PSB / AGIR / AVANTE / PROS";"N";22980;"Válido";22980;6;"2º TURNO"
"04/10/2026";"03:16:54";2022;2;"Eleição Ordinária";1;544;"ELEIÇÃO GERAL FEDERAL 2022";"02/10/2022";"F";"DF";"BR";"BRASIL";97012;"BRASÍLIA";8;1;"Presidente";280001607829;13;"LUIZ INÁCIO LULA DA SILVA";"LULA";"#NULO";12;"APTO";2;"DEFERIDO";-3;"#NE";-3;"#NE";-3;"#NE";"COLIGAÇÃO";13;"PT";"Partido dos Trabalhadores";2;"Federação Brasil da Esperança - FE BRASIL";"PT/PC do B/PV";"PC do B / PT / PV";280001681359;"COLIGAÇÃO BRASIL DA ESPERANÇA";"Federação Brasil da Esperança - FE BRASIL (PT / PC do B / PV) / SOLIDARIEDADE / Federação PSOL REDE (PSOL / REDE) / PSB / AGIR / AVANTE / PROS";"N";39668;"Válido";39668;6;"2º TURNO"
"04/10/2026";"03:16:54";2022;2;"Eleição Ordinária";1;544;"ELEIÇÃO GERAL FEDERAL 2022";"02/10/2022";"F";"DF";"BR";"BRASIL";97012;"BRASÍLIA";20;1;"Presidente";280001607829;13;"LUIZ INÁCIO LULA DA SILVA";"LULA";"#NULO";12;"APTO";2;"DEFERIDO";-3;"#NE";-3;"#NE";-3;"#NE";"COLIGAÇÃO";13;"PT";"Partido dos Trabalhadores";2;"Federação Brasil da Esperança - FE BRASIL";"PT/PC do B/PV";"PC do B / PT / PV";280001681359;"COLIGAÇÃO BRASIL DA ESPERANÇA";"Federação Brasil da Esperança - FE BRASIL (PT / PC do B / PV) / SOLIDARIEDADE / Federação PSOL REDE (PSOL / REDE) / PSB / AGIR / AVANTE / PROS";"N";22679;"Válido";22679;6;"2º TURNO"
"04/10/2026";"03:16:54";2022;2;"Eleição Ordinária";1;544;"ELEIÇÃO GERAL FEDERAL 2022";"02/10/2022";"F";"DF";"BR";"BRASIL";97012;"BRASÍLIA";4;1;"Presidente";280001607829;13;"LUIZ INÁCIO LULA DA SILVA";"LULA";"#NULO";12;"APTO";2;"DEFERIDO";-3;"#NE";-3;"#NE";-3;"#NE";"COLIGAÇÃO";13;"PT";"Partido dos Trabalhadores";2;"Federação Brasil da Esperança - FE BRASIL";"PT/PC do B/PV";"PC do B / PT / PV";280001681359;"COLIGAÇÃO BRASIL DA ESPERANÇA";"Federação Brasil da Esperança - FE BRASIL (PT / PC do B / PV) / SOLIDARIEDADE / Federação PSOL REDE (PSOL / REDE) / PSB / AGIR / AVANTE / PROS";"N";29176;"Válido";29176;6;"2º TURNO"
"04/10/2026";"03:16:54";2022;2;"Eleição Ordinária";1;544;"ELEIÇÃO GERAL FEDERAL 2022";"02/10/2022";"F";"DF";"BR";"BRASIL";97012;"BRASÍLIA";10;1;"Presidente";280001607829;13;"LUIZ INÁCIO LULA DA SILVA";"LULA";"#NULO";12;"APTO";2;"DEFERIDO";-3;"#NE";-3;"#NE";-3;"#NE";"COLIGAÇÃO";13;"PT";"Partido dos Trabalhadores";2;"Federação Brasil da Esperança - FE BRASIL";"PT/PC do B/PV";"PC do B / PT / PV";280001681359;"COLIGAÇÃO BRASIL DA ESPERANÇA";"Federação Brasil da Esperança - FE BRASIL (PT / PC do B / PV) / SOLIDARIEDADE / Federação PSOL REDE (PSOL / REDE) / PSB / AGIR / AVANTE / PROS";"N";32743;"Válido";32743;6;"2º TURNO"
"04/10/2026";"03:16:54";2022;2;"Eleição Ordinária";1;544;"ELEIÇÃO GERAL FEDERAL 2022";"02/10/2022";"F";"DF";"BR";"BRASIL";97012;"BRASÍLIA";21;1;"Presidente";280001607829;13;"LUIZ INÁCIO LULA DA SILVA";"LULA";"#NULO";12;"APTO";2;"DEFERIDO";-3;"#NE";-3;"#NE";-3;"#NE";"COLIGAÇÃO";13;"PT";"Partido dos Trabalhadores";2;"Federação Brasil da Esperança - FE BRASIL";"PT/PC do B/PV";"PC do B / PT / PV";280001681359;"COLIGAÇÃO BRASIL DA ESPERANÇA";"Federação Brasil da Esperança - FE BRASIL (PT / PC do B / PV) / SOLIDARIEDADE / Federação PSOL REDE (PSOL / REDE) / PSB / AGIR / AVANTE / PROS";"N";31408;"Válido";31408;6;"2º TURNO"
"04/10/2026";"03:16:54";2022;2;"Eleição Ordinária";1;544;"ELEIÇÃO GERAL FEDERAL 2022";"02/10/2022";"F";"DF";"BR";"BRASIL";97012;"BRASÍLIA";2;1;"Presidente";280001607829;13;"LUIZ INÁCIO LULA DA SILVA";"LULA";"#NULO";12;"APTO";2;"DEFERIDO";-3;"#NE";-3;"#NE";-3;"#NE";"COLIGAÇÃO";13;"PT";"Partido dos Trabalhadores";2;"Federação Brasil da Esperança - FE BRASIL";"PT/PC do B/PV";"PC do B / PT / PV";280001681359;"COLIGAÇÃO BRASIL DA ESPERANÇA";"Federação Brasil da Esperança - FE BRASIL (PT / PC do B / PV) / SOLIDARIEDADE / Federação PSOL REDE (PSOL / REDE) / PSB / AGIR / AVANTE / PROS";"N";35043;"Válido";35043;6;"2º TURNO"
"04/10/2026";"03:16:54";2022;2;"Eleição Ordinária";1;544;"ELEIÇÃO GERAL FEDERAL 2022";"02/10/2022";"F";"DF";"BR";"BRASIL";97012;"BRASÍLIA";9;1;"Presidente";280001607829;13;"LUIZ INÁCIO LULA DA SILVA";"LULA";"#NULO";12;"APTO";2;"DEFERIDO";-3;"#NE";-3;"#NE";-3;"#NE";"COLIGAÇÃO";13;"PT";"Partido dos Trabalhadores";2;"Federação Brasil da Esperança - FE BRASIL";"PT/PC do B/PV";"PC do B / PT / PV";280001681359;"COLIGAÇÃO BRASIL DA ESPERANÇA";"Federação Brasil da Esperança - FE BRASIL (PT / PC do B / PV) / SOLIDARIEDADE / Federação PSOL REDE (PSOL / REDE) / PSB / AGIR / AVANTE / PROS";"N";39437;"Válido";39437;6;"2º TURNO"
"04/10/2026";"03:16:54";2022;2;"Eleição Ordinária";1;544;"ELEIÇÃO GERAL FEDERAL 2022";"02/10/2022";"F";"DF";"BR";"BRASIL";97012;"BRASÍLIA";19;1;"Presidente";280001607829;13;"LUIZ INÁCIO LULA DA SILVA";"LULA";"#NULO";12;"APTO";2;"DEFERIDO";-3;"#NE";-3;"#NE";-3;"#NE";"COLIGAÇÃO";13;"PT";"Partido dos Trabalhadores";2;"Federação Brasil da Esperança - FE BRASIL";"PT/PC do B/PV";"PC do B / PT / PV";280001681359;"COLIGAÇÃO BRASIL DA ESPERANÇA";"Federação Brasil da Esperança - FE BRASIL (PT / PC do B / PV) / SOLIDARIEDADE / Federação PSOL REDE (PSOL / REDE) / PSB / AGIR / AVANTE / PROS";"N";28649;"Válido";28649;6;"2º TURNO"
"04/10/2026";"03:16:54";2022;2;"Eleição Ordinária";1;544;"ELEIÇÃO GERAL FEDERAL 2022";"02/10/2022";"F";"DF";"BR";"BRASIL";97012;"BRASÍLIA";1;1;"Presidente";280001607829;13;"LUIZ INÁCIO LULA DA SILVA";"LULA";"#NULO";12;"APTO";2;"DEFERIDO";-3;"#NE";-3;"#NE";-3;"#NE";"COLIGAÇÃO";13;"PT";"Partido dos Trabalhadores";2;"Federação Brasil da Esperança - FE BRASIL";"PT/PC do B/PV";"PC do B / PT / PV";280001681359;"COLIGAÇÃO BRASIL DA ESPERANÇA";"Federação Brasil da Esperança - FE BRASIL (PT / PC do B / PV) / SOLIDARIEDADE / Federação PSOL REDE (PSOL / REDE) / PSB / AGIR / AVANTE / PROS";"N";24807;"Válido";24807;6;"2º TURNO"
"04/10/2026";"03:16:54";2022;2;"Eleição Ordinária";1;544;"ELEIÇÃO GERAL FEDERAL 2022";"02/10/2022";"F";"DF";"BR";"BRASIL";97012;"BRASÍLIA";13;1;"Presidente";280001607829;13;"LUIZ INÁCIO LULA DA SILVA";"LULA";"#NULO";12;"APTO";2;"DEFERIDO";-3;"#NE";-3;"#NE";-3;"#NE";"COLIGAÇÃO";13;"PT";"Partido dos Trabalhadores";2;"Federação Brasil da Esperança - FE BRASIL";"PT/PC do B/PV";"PC do B / PT / PV";280001681359;"COLIGAÇÃO BRASIL DA ESPERANÇA";"Federação Brasil da Esperança - FE BRASIL (PT / PC do B / PV) / SOLIDARIEDADE / Federação PSOL REDE (PSOL / REDE) / PSB / AGIR / AVANTE / PROS";"N";36024;"Válido";36024;6;"2º TURNO"
"04/10/2026";"03:16:54";2022;2;"Eleição Ordinária";1;544;"ELEIÇÃO GERAL FEDERAL 2022";"02/10/2022";"F";"DF";"BR";"BRASIL";97012;"BRASÍLIA";6;1;"Presidente";280001607829;13;"LUIZ INÁCIO LULA DA SILVA";"LULA";"#NULO";12;"APTO";2;"DEFERIDO";-3;"#NE";-3;"#NE";-3;"#NE";"COLIGAÇÃO";13;"PT";"Partido dos Trabalhadores";2;"Federação Brasil da Esperança - FE BRASIL";"PT/PC do B/PV";"PC do B / PT / PV";280001681359;"COLIGAÇÃO BRASIL DA ESPERANÇA";"Federação Brasil da Esperança - FE BRASIL (PT / PC do B / PV) / SOLIDARIEDADE / Federação PSOL REDE (PSOL / REDE) / PSB / AGIR / AVANTE / PROS";"N";42395;"Válido";42395;6;"2º TURNO"
"04/10/2026";"03:16:54";2022;2;"Eleição Ordinária";1;544;"ELEIÇÃO GERAL FEDERAL 2022";"02/10/2022";"F";"DF";"BR";"BRASIL";97012;"BRASÍLIA";14;1;"Presidente";280001607829;13;"LUIZ INÁCIO LULA DA SILVA";"LULA";"#NULO";12;"APTO";2;"DEFERIDO";-3;"#NE";-3;"#NE";-3;"#NE";"COLIGAÇÃO";13;"PT";"Partido dos Trabalhadores";2;"Federação Brasil da Esperança - FE BRASIL";"PT/PC do B/PV";"PC do B / PT / PV";280001681359;"COLIGAÇÃO BRASIL DA ESPERANÇA";"Federação Brasil da Esperança - FE BRASIL (PT / PC do B / PV) / SOLIDARIEDADE / Federação PSOL REDE (PSOL / REDE) / PSB / AGIR / AVANTE / PROS";"N";38685;"Válido";38685;6;"2º TURNO"
"04/10/2026";"03:16:54";2022;2;"Eleição Ordinária";1;544;"ELEIÇÃO GERAL FEDERAL 2022";"02/10/2022";"F";"DF";"BR";"BRASIL";97012;"BRASÍLIA";15;1;"Presidente";280001607829;13;"LUIZ INÁCIO LULA DA SILVA";"LULA";"#NULO";12;"APTO";2;"DEFERIDO";-3;"#NE";-3;"#NE";-3;"#NE";"COLIGAÇÃO";13;"PT";"Partido dos Trabalhadores";2;"Federação Brasil da Esperança - FE BRASIL";"PT/PC do B/PV";"PC do B / PT / PV";280001681359;"COLIGAÇÃO BRASIL DA ESPERANÇA";"Federação Brasil da Esperança - FE BRASIL (PT / PC do B / PV) / SOLIDARIEDADE / Federação PSOL REDE (PSOL / REDE) / PSB / AGIR / AVANTE / PROS";"N";46766;"Válido";46766;6;"2º TURNO"
"04/10/2026";"03:16:54";2022;2;"Eleição Ordinária";2;545;"ELEIÇÃO GERAL FEDERAL 2022";"30/10/2022";"F";"DF";"BR";"BRASIL";97012;"BRASÍLIA";11;1;"Presidente";280001618036;22;"JAIR MESSIAS BOLSONARO";"JAIR BOLSONARO";"#NULO";12;"APTO";2;"DEFERIDO";-3;"#NE";-3;"#NE";-3;"#NE";"COLIGAÇÃO";22;"PL";"Partido Liberal";-1;"#NULO#";"#NULO#";"#NULO#";280001682069;"PELO BEM DO BRASIL";"PP / REPUBLICANOS / PL";"N";34376;"Válido";34376;4;"NÃO ELEITO"
"04/10/2026";"03:16:54";2022;2;"Eleição Ordinária";2;545;"ELEIÇÃO GERAL FEDERAL 2022";"30/10/2022";"F";"DF";"BR";"BRASIL";97012;"BRASÍLIA";17;1;"Presidente";280001618036;22;"JAIR MESSIAS BOLSONARO";"JAIR BOLSONARO";"#NULO";12;"APTO";2;"DEFERIDO";-3;"#NE";-3;"#NE";-3;"#NE";"COLIGAÇÃO";22;"PL";"Partido Liberal";-1;"#NULO#";"#NULO#";"#NULO#";280001682069;"PELO BEM DO BRASIL";"PP / REPUBLICANOS / PL";"N";60354;"Válido";60354;4;"NÃO ELEITO"
"04/10/2026";"03:16:54";2022;2;"Eleição Ordinária";2;545;"ELEIÇÃO GERAL FEDERAL 2022";"30/10/2022";"F";"DF";"BR";"BRASIL";97012;"BRASÍLIA";13;1;"Presidente";280001618036;22;"JAIR MESSIAS BOLSONARO";"JAIR BOLSONARO";"#NULO";12;"APTO";2;"DEFERIDO";-3;"#NE";-3;"#NE";-3;"#NE";"COLIGAÇÃO";22;"PL";"Partido Liberal";-1;"#NULO#";"#NULO#";"#NULO#";280001682069;"PELO BEM DO BRASIL";"PP / REPUBLICANOS / PL";"N";70727;"Válido";70727;4;"NÃO ELEITO"
"04/10/2026";"03:16:54";2022;2;"Eleição Ordinária";2;545;"ELEIÇÃO GERAL FEDERAL 2022";"30/10/2022";"F";"DF";"BR";"BRASIL";97012;"BRASÍLIA";5;1;"Presidente";280001618036;22;"JAIR MESSIAS BOLSONARO";"JAIR BOLSONARO";"#NULO";12;"APTO";2;"DEFERIDO";-3;"#NE";-3;"#NE";-3;"#NE";"COLIGAÇÃO";22;"PL";"Partido Liberal";-1;"#NULO#";"#NULO#";"#NULO#";280001682069;"PELO BEM DO BRASIL";"PP / REPUBLICANOS / PL";"N";60743;"Válido";60743;4;"NÃO ELEITO"
"04/10/2026";"03:16:54";2022;2;"Eleição Ordinária";2;545;"ELEIÇÃO GERAL FEDERAL 2022";"30/10/2022";"F";"DF";"BR";"BRASIL";97012;"BRASÍLIA";16;1;"Presidente";280001618036;22;"JAIR MESSIAS BOLSONARO";"JAIR BOLSONARO";"#NULO";12;"APTO";2;"DEFERIDO";-3;"#NE";-3;"#NE";-3;"#NE";"COLIGAÇÃO";22;"PL";"Partido Liberal";-1;"#NULO#";"#NULO#";"#NULO#";280001682069;"PELO BEM DO BRASIL";"PP / REPUBLICANOS / PL";"N";73724;"Válido";73724;4;"NÃO ELEITO"
"04/10/2026";"03:16:54";2022;2;"Eleição Ordinária";2;545;"ELEIÇÃO GERAL FEDERAL 2022";"30/10/2022";"F";"DF";"BR";"BRASIL";97012;"BRASÍLIA";2;1;"Presidente";280001618036;22;"JAIR MESSIAS BOLSONARO";"JAIR BOLSONARO";"#NULO";12;"APTO";2;"DEFERIDO";-3;"#NE";-3;"#NE";-3;"#NE";"COLIGAÇÃO";22;"PL";"Partido Liberal";-1;"#NULO#";"#NULO#";"#NULO#";280001682069;"PELO BEM DO BRASIL";"PP / REPUBLICANOS / PL";"N";49933;"Válido";49933;4;"NÃO ELEITO"
"04/10/2026";"03:16:54";2022;2;"Eleição Ordinária";2;545;"ELEIÇÃO GERAL FEDERAL 2022";"30/10/2022";"F";"DF";"BR";"BRASIL";97012;"BRASÍLIA";1;1;"Presidente";280001618036;22;"JAIR MESSIAS BOLSONARO";"JAIR BOLSONARO";"#NULO";12;"APTO";2;"DEFERIDO";-3;"#NE";-3;"#NE";-3;"#NE";"COLIGAÇÃO";22;"PL";"Partido Liberal";-1;"#NULO#";"#NULO#";"#NULO#";280001682069;"PELO BEM DO BRASIL";"PP / REPUBLICANOS / PL";"N";32150;"Válido";32150;4;"NÃO ELEITO"
"04/10/2026";"03:16:54";2022;2;"Eleição Ordinária";2;545;"ELEIÇÃO GERAL FEDERAL 2022";"30/10/2022";"F";"DF";"BR";"BRASIL";97012;"BRASÍLIA";10;1;"Presidente";280001618036;22;"JAIR MESSIAS BOLSONARO";"JAIR BOLSONARO";"#NULO";12;"APTO";2;"DEFERIDO";-3;"#NE";-3;"#NE";-3;"#NE";"COLIGAÇÃO";22;"PL";"Partido Liberal";-1;"#NULO#";"#NULO#";"#NULO#";280001682069;"PELO BEM DO BRASIL";"PP / REPUBLICANOS / PL";"N";60281;"Válido";60281;4;"NÃO ELEITO"
"04/10/2026";"03:16:54";2022;2;"Eleição Ordinária";2;545;"ELEIÇÃO GERAL FEDERAL 2022";"30/10/2022";"F";"DF";"BR";"BRASIL";97012;"BRASÍLIA";4;1;"Presidente";280001618036;22;"JAIR MESSIAS BOLSONARO";"JAIR BOLSONARO";"#NULO";12;"APTO";2;"DEFERIDO";-3;"#NE";-3;"#NE";-3;"#NE";"COLIGAÇÃO";22;"PL";"Partido Liberal";-1;"#NULO#";"#NULO#";"#NULO#";280001682069;"PELO BEM DO BRASIL";"PP / REPUBLICANOS / PL";"N";48576;"Válido";48576;4;"NÃO ELEITO"
"04/10/2026";"03:16:54";2022;2;"Eleição Ordinária";2;545;"ELEIÇÃO GERAL FEDERAL 2022";"30/10/2022";"F";"DF";"BR";"BRASIL";97012;"BRASÍLIA";8;1;"Presidente";280001618036;22;"JAIR MESSIAS BOLSONARO";"JAIR BOLSONARO";"#NULO";12;"APTO";2;"DEFERIDO";-3;"#NE";-3;"#NE";-3;"#NE";"COLIGAÇÃO";22;"PL";"Partido Liberal";-1;"#NULO#";"#NULO#";"#NULO#";280001682069;"PELO BEM DO BRASIL";"PP / REPUBLICANOS / PL";"N";64823;"Válido";64823;4;"NÃO ELEITO"
"04/10/2026";"03:16:54";2022;2;"Eleição Ordinária";2;545;"ELEIÇÃO GERAL FEDERAL 2022";"30/10/2022";"F";"DF";"BR";"BRASIL";97012;"BRASÍLIA";21;1;"Presidente";280001618036;22;"JAIR MESSIAS BOLSONARO";"JAIR BOLSONARO";"#NULO";12;"APTO";2;"DEFERIDO";-3;"#NE";-3;"#NE";-3;"#NE";"COLIGAÇÃO";22;"PL";"Partido Liberal";-1;"#NULO#";"#NULO#";"#NULO#";280001682069;"PELO BEM DO BRASIL";"PP / REPUBLICANOS / PL";"N";55656;"Válido";55656;4;"NÃO ELEITO"
"04/10/2026";"03:16:54";2022;2;"Eleição Ordinária";2;545;"ELEIÇÃO GERAL FEDERAL 2022";"30/10/2022";"F";"DF";"BR";"BRASIL";97012;"BRASÍLIA";20;1;"Presidente";280001618036;22;"JAIR MESSIAS BOLSONARO";"JAIR BOLSONARO";"#NULO";12;"APTO";2;"DEFERIDO";-3;"#NE";-3;"#NE";-3;"#NE";"COLIGAÇÃO";22;"PL";"Partido Liberal";-1;"#NULO#";"#NULO#";"#NULO#";280001682069;"PELO BEM DO BRASIL";"PP / REPUBLICANOS / PL";"N";38523;"Válido";38523;4;"NÃO ELEITO"
"04/10/2026";"03:16:54";2022;2;"Eleição Ordinária";2;545;"ELEIÇÃO GERAL FEDERAL 2022";"30/10/2022";"F";"DF";"BR";"BRASIL";97012;"BRASÍLIA";9;1;"Presidente";280001618036;22;"JAIR MESSIAS BOLSONARO";"JAIR BOLSONARO";"#NULO";12;"APTO";2;"DEFERIDO";-3;"#NE";-3;"#NE";-3;"#NE";"COLIGAÇÃO";22;"PL";"Partido Liberal";-1;"#NULO#";"#NULO#";"#NULO#";280001682069;"PELO BEM DO BRASIL";"PP / REPUBLICANOS / PL";"N";61537;"Válido";61537;4;"NÃO ELEITO"
"04/10/2026";"03:16:54";2022;2;"Eleição Ordinária";2;545;"ELEIÇÃO GERAL FEDERAL 2022";"30/10/2022";"F";"DF";"BR";"BRASIL";97012;"BRASÍLIA";18;1;"Presidente";280001618036;22;"JAIR MESSIAS BOLSONARO";"JAIR BOLSONARO";"#NULO";12;"APTO";2;"DEFERIDO";-3;"#NE";-3;"#NE";-3;"#NE";"COLIGAÇÃO";22;"PL";"Partido Liberal";-1;"#NULO#";"#NULO#";"#NULO#";280001682069;"PELO BEM DO BRASIL";"PP / REPUBLICANOS / PL";"N";56557;"Válido";56557;4;"NÃO ELEITO"
"04/10/2026";"03:16:54";2022;2;"Eleição Ordinária";2;545;"ELEIÇÃO GERAL FEDERAL 2022";"30/10/2022";"F";"DF";"BR";"BRASIL";97012;"BRASÍLIA";14;1;"Presidente";280001618036;22;"JAIR MESSIAS BOLSONARO";"JAIR BOLSONARO";"#NULO";12;"APTO";2;"DEFERIDO";-3;"#NE";-3;"#NE";-3;"#NE";"COLIGAÇÃO";22;"PL";"Partido Liberal";-1;"#NULO#";"#NULO#";"#NULO#";280001682069;"PELO BEM DO BRASIL";"PP / REPUBLICANOS / PL";"N";42385;"Válido";42385;4;"NÃO ELEITO"
"04/10/2026";"03:16:54";2022;2;"Eleição Ordinária";2;545;"ELEIÇÃO GERAL FEDERAL 2022";"30/10/2022";"F";"DF";"BR";"BRASIL";97012;"BRASÍLIA";15;1;"Presidente";280001618036;22;"JAIR MESSIAS BOLSONARO";"JAIR BOLSONARO";"#NULO";12;"APTO";2;"DEFERIDO";-3;"#NE";-3;"#NE";-3;"#NE";"COLIGAÇÃO";22;"PL";"Partido Liberal";-1;"#NULO#";"#NULO#";"#NULO#";280001682069;"PELO BEM DO BRASIL";"PP / REPUBLICANOS / PL";"N";78347;"Válido";78347;4;"NÃO ELEITO"
"04/10/2026";"03:16:54";2022;2;"Eleição Ordinária";2;545;"ELEIÇÃO GERAL FEDERAL 2022";"30/10/2022";"F";"DF";"BR";"BRASIL";97012;"BRASÍLIA";19;1;"Presidente";280001618036;22;"JAIR MESSIAS BOLSONARO";"JAIR BOLSONARO";"#NULO";12;"APTO";2;"DEFERIDO";-3;"#NE";-3;"#NE";-3;"#NE";"COLIGAÇÃO";22;"PL";"Partido Liberal";-1;"#NULO#";"#NULO#";"#NULO#";280001682069;"PELO BEM DO BRASIL";"PP / REPUBLICANOS / PL";"N";55268;"Válido";55268;4;"NÃO ELEITO"
"04/10/2026";"03:16:54";2022;2;"Eleição Ordinária";2;545;"ELEIÇÃO GERAL FEDERAL 2022";"30/10/2022";"F";"DF";"BR";"BRASIL";97012;"BRASÍLIA";6;1;"Presidente";280001618036;22;"JAIR MESSIAS BOLSONARO";"JAIR BOLSONARO";"#NULO";12;"APTO";2;"DEFERIDO";-3;"#NE";-3;"#NE";-3;"#NE";"COLIGAÇÃO";22;"PL";"Partido Liberal";-1;"#NULO#";"#NULO#";"#NULO#";280001682069;"PELO BEM DO BRASIL";"PP / REPUBLICANOS / PL";"N";61430;"Válido";61430;4;"NÃO ELEITO"
"04/10/2026";"03:16:54";2022;2;"Eleição Ordinária";2;545;"ELEIÇÃO GERAL FEDERAL 2022";"30/10/2022";"F";"DF";"BR";"BRASIL";97012;"BRASÍLIA";3;1;"Presidente";280001618036;22;"JAIR MESSIAS BOLSONARO";"JAIR BOLSONARO";"#NULO";12;"APTO";2;"DEFERIDO";-3;"#NE";-3;"#NE";-3;"#NE";"COLIGAÇÃO";22;"PL";"Partido Liberal";-1;"#NULO#";"#NULO#";"#NULO#";280001682069;"PELO BEM DO BRASIL";"PP / REPUBLICANOS / PL";"N";35941;"Válido";35941;4;"NÃO ELEITO"
"04/10/2026";"03:16:54";2022;2;"Eleição Ordinária";2;545;"ELEIÇÃO GERAL FEDERAL 2022";"30/10/2022";"F";"DF";"BR";"BRASIL";97012;"BRASÍLIA";15;1;"Presidente";280001607829;13;"LUIZ INÁCIO LULA DA SILVA";"LULA";"#NULO";12;"APTO";2;"DEFERIDO";-3;"#NE";-3;"#NE";-3;"#NE";"COLIGAÇÃO";13;"PT";"Partido dos Trabalhadores";2;"Federação Brasil da Esperança - FE BRASIL";"PT/PC do B/PV";"PC do B / PT / PV";280001681359;"COLIGAÇÃO BRASIL DA ESPERANÇA";"Federação Brasil da Esperança - FE BRASIL (PT / PC do B / PV) / SOLIDARIEDADE / Federação PSOL REDE (PSOL / REDE) / PSB / AGIR / AVANTE / PROS";"N";52963;"Válido";52963;1;"ELEITO"
"04/10/2026";"03:16:54";2022;2;"Eleição Ordinária";2;545;"ELEIÇÃO GERAL FEDERAL 2022";"30/10/2022";"F";"DF";"BR";"BRASIL";97012;"BRASÍLIA";13;1;"Presidente";280001607829;13;"LUIZ INÁCIO LULA DA SILVA";"LULA";"#NULO";12;"APTO";2;"DEFERIDO";-3;"#NE";-3;"#NE";-3;"#NE";"COLIGAÇÃO";13;"PT";"Partido dos Trabalhadores";2;"Federação Brasil da Esperança - FE BRASIL";"PT/PC do B/PV";"PC do B / PT / PV";280001681359;"COLIGAÇÃO BRASIL DA ESPERANÇA";"Federação Brasil da Esperança - FE BRASIL (PT / PC do B / PV) / SOLIDARIEDADE / Federação PSOL REDE (PSOL / REDE) / PSB / AGIR / AVANTE / PROS";"N";40121;"Válido";40121;1;"ELEITO"
"04/10/2026";"03:16:54";2022;2;"Eleição Ordinária";2;545;"ELEIÇÃO GERAL FEDERAL 2022";"30/10/2022";"F";"DF";"BR";"BRASIL";97012;"BRASÍLIA";21;1;"Presidente";280001607829;13;"LUIZ INÁCIO LULA DA SILVA";"LULA";"#NULO";12;"APTO";2;"DEFERIDO";-3;"#NE";-3;"#NE";-3;"#NE";"COLIGAÇÃO";13;"PT";"Partido dos Trabalhadores";2;"Federação Brasil da Esperança - FE BRASIL";"PT/PC do B/PV";"PC do B / PT / PV";280001681359;"COLIGAÇÃO BRASIL DA ESPERANÇA";"Federação Brasil da Esperança - FE BRASIL (PT / PC do B / PV) / SOLIDARIEDADE / Federação PSOL REDE (PSOL / REDE) / PSB / AGIR / AVANTE / PROS";"N";35162;"Válido";35162;1;"ELEITO"
"04/10/2026";"03:16:54";2022;2;"Eleição Ordinária";2;545;"ELEIÇÃO GERAL FEDERAL 2022";"30/10/2022";"F";"DF";"BR";"BRASIL";97012;"BRASÍLIA";6;1;"Presidente";280001607829;13;"LUIZ INÁCIO LULA DA SILVA";"LULA";"#NULO";12;"APTO";2;"DEFERIDO";-3;"#NE";-3;"#NE";-3;"#NE";"COLIGAÇÃO";13;"PT";"Partido dos Trabalhadores";2;"Federação Brasil da Esperança - FE BRASIL";"PT/PC do B/PV";"PC do B / PT / PV";280001681359;"COLIGAÇÃO BRASIL DA ESPERANÇA";"Federação Brasil da Esperança - FE BRASIL (PT / PC do B / PV) / SOLIDARIEDADE / Federação PSOL REDE (PSOL / REDE) / PSB / AGIR / AVANTE / PROS";"N";46912;"Válido";46912;1;"ELEITO"
"04/10/2026";"03:16:54";2022;2;"Eleição Ordinária";2;545;"ELEIÇÃO GERAL FEDERAL 2022";"30/10/2022";"F";"DF";"BR";"BRASIL";97012;"BRASÍLIA";11;1;"Presidente";280001607829;13;"LUIZ INÁCIO LULA DA SILVA";"LULA";"#NULO";12;"APTO";2;"DEFERIDO";-3;"#NE";-3;"#NE";-3;"#NE";"COLIGAÇÃO";13;"PT";"Partido dos Trabalhadores";2;"Federação Brasil da Esperança - FE BRASIL";"PT/PC do B/PV";"PC do B / PT / PV";280001681359;"COLIGAÇÃO BRASIL DA ESPERANÇA";"Federação Brasil da Esperança - FE BRASIL (PT / PC do B / PV) / SOLIDARIEDADE / Federação PSOL REDE (PSOL / REDE) / PSB / AGIR / AVANTE / PROS";"N";26571;"Válido";26571;1;"ELEITO"
"04/10/2026";"03:16:54";2022;2;"Eleição Ordinária";2;545;"ELEIÇÃO GERAL FEDERAL 2022";"30/10/2022";"F";"DF";"BR";"BRASIL";97012;"BRASÍLIA";1;1;"Presidente";280001607829;13;"LUIZ INÁCIO LULA DA SILVA";"LULA";"#NULO";12;"APTO";2;"DEFERIDO";-3;"#NE";-3;"#NE";-3;"#NE";"COLIGAÇÃO";13;"PT";"Partido dos Trabalhadores";2;"Federação Brasil da Esperança - FE BRASIL";"PT/PC do B/PV";"PC do B / PT / PV";280001681359;"COLIGAÇÃO BRASIL DA ESPERANÇA";"Federação Brasil da Esperança - FE BRASIL (PT / PC do B / PV) / SOLIDARIEDADE / Federação PSOL REDE (PSOL / REDE) / PSB / AGIR / AVANTE / PROS";"N";28563;"Válido";28563;1;"ELEITO"
"04/10/2026";"03:16:54";2022;2;"Eleição Ordinária";2;545;"ELEIÇÃO GERAL FEDERAL 2022";"30/10/2022";"F";"DF";"BR";"BRASIL";97012;"BRASÍLIA";16;1;"Presidente";280001607829;13;"LUIZ INÁCIO LULA DA SILVA";"LULA";"#NULO";12;"APTO";2;"DEFERIDO";-3;"#NE";-3;"#NE";-3;"#NE";"COLIGAÇÃO";13;"PT";"Partido dos Trabalhadores";2;"Federação Brasil da Esperança - FE BRASIL";"PT/PC do B/PV";"PC do B / PT / PV";280001681359;"COLIGAÇÃO BRASIL DA ESPERANÇA";"Federação Brasil da Esperança - FE BRASIL (PT / PC do B / PV) / SOLIDARIEDADE / Federação PSOL REDE (PSOL / REDE) / PSB / AGIR / AVANTE / PROS";"N";46688;"Válido";46688;1;"ELEITO"
"04/10/2026";"03:16:54";2022;2;"Eleição Ordinária";2;545;"ELEIÇÃO GERAL FEDERAL 2022";"30/10/2022";"F";"DF";"BR";"BRASIL";97012;"BRASÍLIA";3;1;"Presidente";280001607829;13;"LUIZ INÁCIO LULA DA SILVA";"LULA";"#NULO";12;"APTO";2;"DEFERIDO";-3;"#NE";-3;"#NE";-3;"#NE";"COLIGAÇÃO";13;"PT";"Partido dos Trabalhadores";2;"Federação Brasil da Esperança - FE BRASIL";"PT/PC do B/PV";"PC do B / PT / PV";280001681359;"COLIGAÇÃO BRASIL DA ESPERANÇA";"Federação Brasil da Esperança - FE BRASIL (PT / PC do B / PV) / SOLIDARIEDADE / Federação PSOL REDE (PSOL / REDE) / PSB / AGIR / AVANTE / PROS";"N";22008;"Válido";22008;1;"ELEITO"
"04/10/2026";"03:16:54";2022;2;"Eleição Ordinária";2;545;"ELEIÇÃO GERAL FEDERAL 2022";"30/10/2022";"F";"DF";"BR";"BRASIL";97012;"BRASÍLIA";19;1;"Presidente";280001607829;13;"LUIZ INÁCIO LULA DA SILVA";"LULA";"#NULO";12;"APTO";2;"DEFERIDO";-3;"#NE";-3;"#NE";-3;"#NE";"COLIGAÇÃO";13;"PT";"Partido dos Trabalhadores";2;"Federação Brasil da Esperança - FE BRASIL";"PT/PC do B/PV";"PC do B / PT / PV";280001681359;"COLIGAÇÃO BRASIL DA ESPERANÇA";"Federação Brasil da Esperança - FE BRASIL (PT / PC do B / PV) / SOLIDARIEDADE / Federação PSOL REDE (PSOL / REDE) / PSB / AGIR / AVANTE / PROS";"N";32107;"Válido";32107;1;"ELEITO"
"04/10/2026";"03:16:54";2022;2;"Eleição Ordinária";2;545;"ELEIÇÃO GERAL FEDERAL 2022";"30/10/2022";"F";"DF";"BR";"BRASIL";97012;"BRASÍLIA";14;1;"Presidente";280001607829;13;"LUIZ INÁCIO LULA DA SILVA";"LULA";"#NULO";12;"APTO";2;"DEFERIDO";-3;"#NE";-3;"#NE";-3;"#NE";"COLIGAÇÃO";13;"PT";"Partido dos Trabalhadores";2;"Federação Brasil da Esperança - FE BRASIL";"PT/PC do B/PV";"PC do B / PT / PV";280001681359;"COLIGAÇÃO BRASIL DA ESPERANÇA";"Federação Brasil da Esperança - FE BRASIL (PT / PC do B / PV) / SOLIDARIEDADE / Federação PSOL REDE (PSOL / REDE) / PSB / AGIR / AVANTE / PROS";"N";44107;"Válido";44107;1;"ELEITO"
"04/10/2026";"03:16:54";2022;2;"Eleição Ordinária";2;545;"ELEIÇÃO GERAL FEDERAL 2022";"30/10/2022";"F";"DF";"BR";"BRASIL";97012;"BRASÍLIA";18;1;"Presidente";280001607829;13;"LUIZ INÁCIO LULA DA SILVA";"LULA";"#NULO";12;"APTO";2;"DEFERIDO";-3;"#NE";-3;"#NE";-3;"#NE";"COLIGAÇÃO";13;"PT";"Partido dos Trabalhadores";2;"Federação Brasil da Esperança - FE BRASIL";"PT/PC do B/PV";"PC do B / PT / PV";280001681359;"COLIGAÇÃO BRASIL DA ESPERANÇA";"Federação Brasil da Esperança - FE BRASIL (PT / PC do B / PV) / SOLIDARIEDADE / Federação PSOL REDE (PSOL / REDE) / PSB / AGIR / AVANTE / PROS";"N";45386;"Válido";45386;1;"ELEITO"
"04/10/2026";"03:16:54";2022;2;"Eleição Ordinária";2;545;"ELEIÇÃO GERAL FEDERAL 2022";"30/10/2022";"F";"DF";"BR";"BRASIL";97012;"BRASÍLIA";5;1;"Presidente";280001607829;13;"LUIZ INÁCIO LULA DA SILVA";"LULA";"#NULO";12;"APTO";2;"DEFERIDO";-3;"#NE";-3;"#NE";-3;"#NE";"COLIGAÇÃO";13;"PT";"Partido dos Trabalhadores";2;"Federação Brasil da Esperança - FE BRASIL";"PT/PC do B/PV";"PC do B / PT / PV";280001681359;"COLIGAÇÃO BRASIL DA ESPERANÇA";"Federação Brasil da Esperança - FE BRASIL (PT / PC do B / PV) / SOLIDARIEDADE / Federação PSOL REDE (PSOL / REDE) / PSB / AGIR / AVANTE / PROS";"N";43476;"Válido";43476;1;"ELEITO"
"04/10/2026";"03:16:54";2022;2;"Eleição Ordinária";2;545;"ELEIÇÃO GERAL FEDERAL 2022";"30/10/2022";"F";"DF";"BR";"BRASIL";97012;"BRASÍLIA";17;1;"Presidente";280001607829;13;"LUIZ INÁCIO LULA DA SILVA";"LULA";"#NULO";12;"APTO";2;"DEFERIDO";-3;"#NE";-3;"#NE";-3;"#NE";"COLIGAÇÃO";13;"PT";"Partido dos Trabalhadores";2;"Federação Brasil da Esperança - FE BRASIL";"PT/PC do B/PV";"PC do B / PT / PV";280001681359;"COLIGAÇÃO BRASIL DA ESPERANÇA";"Federação Brasil da Esperança - FE BRASIL (PT / PC do B / PV) / SOLIDARIEDADE / Federação PSOL REDE (PSOL / REDE) / PSB / AGIR / AVANTE / PROS";"N";42653;"Válido";42653;1;"ELEITO"
"04/10/2026";"03:16:54";2022;2;"Eleição Ordinária";2;545;"ELEIÇÃO GERAL FEDERAL 2022";"30/10/2022";"F";"DF";"BR";"BRASIL";97012;"BRASÍLIA";20;1;"Presidente";280001607829;13;"LUIZ INÁCIO LULA DA SILVA";"LULA";"#NULO";12;"APTO";2;"DEFERIDO";-3;"#NE";-3;"#NE";-3;"#NE";"COLIGAÇÃO";13;"PT";"Partido dos Trabalhadores";2;"Federação Brasil da Esperança - FE BRASIL";"PT/PC do B/PV";"PC do B / PT / PV";280001681359;"COLIGAÇÃO BRASIL DA ESPERANÇA";"Federação Brasil da Esperança - FE BRASIL (PT / PC do B / PV) / SOLIDARIEDADE / Federação PSOL REDE (PSOL / REDE) / PSB / AGIR / AVANTE / PROS";"N";25193;"Válido";25193;1;"ELEITO"
"04/10/2026";"03:16:54";2022;2;"Eleição Ordinária";2;545;"ELEIÇÃO GERAL FEDERAL 2022";"30/10/2022";"F";"DF";"BR";"BRASIL";97012;"BRASÍLIA";9;1;"Presidente";280001607829;13;"LUIZ INÁCIO LULA DA SILVA";"LULA";"#NULO";12;"APTO";2;"DEFERIDO";-3;"#NE";-3;"#NE";-3;"#NE";"COLIGAÇÃO";13;"PT";"Partido dos Trabalhadores";2;"Federação Brasil da Esperança - FE BRASIL";"PT/PC do B/PV";"PC do B / PT / PV";280001681359;"COLIGAÇÃO BRASIL DA ESPERANÇA";"Federação Brasil da Esperança - FE BRASIL (PT / PC do B / PV) / SOLIDARIEDADE / Federação PSOL REDE (PSOL / REDE) / PSB / AGIR / AVANTE / PROS";"N";44298;"Válido";44298;1;"ELEITO"
"04/10/2026";"03:16:54";2022;2;"Eleição Ordinária";2;545;"ELEIÇÃO GERAL FEDERAL 2022";"30/10/2022";"F";"DF";"BR";"BRASIL";97012;"BRASÍLIA";10;1;"Presidente";280001607829;13;"LUIZ INÁCIO LULA DA SILVA";"LULA";"#NULO";12;"APTO";2;"DEFERIDO";-3;"#NE";-3;"#NE";-3;"#NE";"COLIGAÇÃO";13;"PT";"Partido dos Trabalhadores";2;"Federação Brasil da Esperança - FE BRASIL";"PT/PC do B/PV";"PC do B / PT / PV";280001681359;"COLIGAÇÃO BRASIL DA ESPERANÇA";"Federação Brasil da Esperança - FE BRASIL (PT / PC do B / PV) / SOLIDARIEDADE / Federação PSOL REDE (PSOL / REDE) / PSB / AGIR / AVANTE / PROS";"N";36787;"Válido";36787;1;"ELEITO"
"04/10/2026";"03:16:54";2022;2;"Eleição Ordinária";2;545;"ELEIÇÃO GERAL FEDERAL 2022";"30/10/2022";"F";"DF";"BR";"BRASIL";97012;"BRASÍLIA";8;1;"Presidente";280001607829;13;"LUIZ INÁCIO LULA DA SILVA";"LULA";"#NULO";12;"APTO";2;"DEFERIDO";-3;"#NE";-3;"#NE";-3;"#NE";"COLIGAÇÃO";13;"PT";"Partido dos Trabalhadores";2;"Federação Brasil da Esperança - FE BRASIL";"PT/PC do B/PV";"PC do B / PT / PV";280001681359;"COLIGAÇÃO BRASIL DA ESPERANÇA";"Federação Brasil da Esperança - FE BRASIL (PT / PC do B / PV) / SOLIDARIEDADE / Federação PSOL REDE (PSOL / REDE) / PSB / AGIR / AVANTE / PROS";"N";44223;"Válido";44223;1;"ELEITO"
"04/10/2026";"03:16:54";2022;2;"Eleição Ordinária";2;545;"ELEIÇÃO GERAL FEDERAL 2022";"30/10/2022";"F";"DF";"BR";"BRASIL";97012;"BRASÍLIA";2;1;"Presidente";280001607829;13;"LUIZ INÁCIO LULA DA SILVA";"LULA";"#NULO";12;"APTO";2;"DEFERIDO";-3;"#NE";-3;"#NE";-3;"#NE";"COLIGAÇÃO";13;"PT";"Partido dos Trabalhadores";2;"Federação Brasil da Esperança - FE BRASIL";"PT/PC do B/PV";"PC do B / PT / PV";280001681359;"COLIGAÇÃO BRASIL DA ESPERANÇA";"Federação Brasil da Esperança - FE BRASIL (PT / PC do B / PV) / SOLIDARIEDADE / Federação PSOL REDE (PSOL / REDE) / PSB / AGIR / AVANTE / PROS";"N";39511;"Válido";39511;1;"ELEITO"
"04/10/2026";"03:16:54";2022;2;"Eleição Ordinária";2;545;"ELEIÇÃO GERAL FEDERAL 2022";"30/10/2022";"F";"DF";"BR";"BRASIL";97012;"BRASÍLIA";4;1;"Presidente";280001607829;13;"LUIZ INÁCIO LULA DA SILVA";"LULA";"#NULO";12;"APTO";2;"DEFERIDO";-3;"#NE";-3;"#NE";-3;"#NE";"COLIGAÇÃO";13;"PT";"Partido dos Trabalhadores";2;"Federação Brasil da Esperança - FE BRASIL";"PT/PC do B/PV";"PC do B / PT / PV";280001681359;"COLIGAÇÃO BRASIL DA ESPERANÇA";"Federação Brasil da Esperança - FE BRASIL (PT / PC do B / PV) / SOLIDARIEDADE / Federação PSOL REDE (PSOL / REDE) / PSB / AGIR / AVANTE / PROS";"N";32566;"Válido";32566;1;"ELEITO"
