Conta: 325583868777  Região: us-east-1

== 1/3 bootstrap do backend remoto
[0m[1mInitializing the backend...[0m

[0m[1mInitializing provider plugins...[0m
- Reusing previous version of hashicorp/aws from the dependency lock file
- Using previously-installed hashicorp/aws v6.67.0

[0m[1m[32mTerraform has been successfully initialized![0m[32m[0m
[0m[32m
You may now begin working with Terraform. Try running "terraform plan" to see
any changes that are required for your infrastructure. All Terraform commands
should now work.

If you ever set or change modules or backend configuration for Terraform,
rerun this command to reinitialize your working directory. If you forget, other
commands will detect it and remind you to do so if necessary.[0m
[0m[1mdata.aws_caller_identity.atual: Reading...[0m[0m
[0m[1mdata.aws_caller_identity.atual: Read complete after 0s [id=325583868777][0m

Terraform used the selected providers to generate the following execution
plan. Resource actions are indicated with the following symbols:
  [32m+[0m create[0m

Terraform will perform the following actions:

[1m  # aws_dynamodb_table.tflock[0m will be created
[0m  [32m+[0m[0m resource "aws_dynamodb_table" "tflock" {
      [32m+[0m[0m arn              = (known after apply)
      [32m+[0m[0m billing_mode     = "PAY_PER_REQUEST"
      [32m+[0m[0m hash_key         = "LockID"
      [32m+[0m[0m id               = (known after apply)
      [32m+[0m[0m name             = "eda262-g06-tflock"
      [32m+[0m[0m read_capacity    = (known after apply)
      [32m+[0m[0m region           = "us-east-1"
      [32m+[0m[0m stream_arn       = (known after apply)
      [32m+[0m[0m stream_label     = (known after apply)
      [32m+[0m[0m stream_view_type = (known after apply)
      [32m+[0m[0m tags_all         = {
          [32m+[0m[0m "grupo"   = "g06"
          [32m+[0m[0m "projeto" = "engenharia-de-dados"
          [32m+[0m[0m "turma"   = "eda262"
        }
      [32m+[0m[0m write_capacity   = (known after apply)

      [32m+[0m[0m attribute {
          [32m+[0m[0m name = "LockID"
          [32m+[0m[0m type = "S"
        }

      [32m+[0m[0m global_secondary_index (known after apply)

      [32m+[0m[0m global_table_witness (known after apply)

      [32m+[0m[0m point_in_time_recovery (known after apply)

      [32m+[0m[0m server_side_encryption (known after apply)

      [32m+[0m[0m ttl (known after apply)

      [32m+[0m[0m warm_throughput (known after apply)
    }

[1m  # aws_s3_bucket.tfstate[0m will be created
[0m  [32m+[0m[0m resource "aws_s3_bucket" "tfstate" {
      [32m+[0m[0m acceleration_status         = (known after apply)
      [32m+[0m[0m acl                         = (known after apply)
      [32m+[0m[0m arn                         = (known after apply)
      [32m+[0m[0m bucket                      = "eda262-g06-tfstate"
      [32m+[0m[0m bucket_domain_name          = (known after apply)
      [32m+[0m[0m bucket_namespace            = (known after apply)
      [32m+[0m[0m bucket_prefix               = (known after apply)
      [32m+[0m[0m bucket_region               = (known after apply)
      [32m+[0m[0m bucket_regional_domain_name = (known after apply)
      [32m+[0m[0m force_destroy               = true
      [32m+[0m[0m hosted_zone_id              = (known after apply)
      [32m+[0m[0m id                          = (known after apply)
      [32m+[0m[0m object_lock_enabled         = (known after apply)
      [32m+[0m[0m policy                      = (known after apply)
      [32m+[0m[0m region                      = "us-east-1"
      [32m+[0m[0m request_payer               = (known after apply)
      [32m+[0m[0m tags_all                    = {
          [32m+[0m[0m "grupo"   = "g06"
          [32m+[0m[0m "projeto" = "engenharia-de-dados"
          [32m+[0m[0m "turma"   = "eda262"
        }
      [32m+[0m[0m website_domain              = (known after apply)
      [32m+[0m[0m website_endpoint            = (known after apply)

      [32m+[0m[0m cors_rule (known after apply)

      [32m+[0m[0m grant (known after apply)

      [32m+[0m[0m lifecycle_rule (known after apply)

      [32m+[0m[0m logging (known after apply)

      [32m+[0m[0m object_lock_configuration (known after apply)

      [32m+[0m[0m replication_configuration (known after apply)

      [32m+[0m[0m server_side_encryption_configuration (known after apply)

      [32m+[0m[0m versioning (known after apply)

      [32m+[0m[0m website (known after apply)
    }

[1m  # aws_s3_bucket_public_access_block.tfstate[0m will be created
[0m  [32m+[0m[0m resource "aws_s3_bucket_public_access_block" "tfstate" {
      [32m+[0m[0m block_public_acls       = true
      [32m+[0m[0m block_public_policy     = true
      [32m+[0m[0m bucket                  = (known after apply)
      [32m+[0m[0m id                      = (known after apply)
      [32m+[0m[0m ignore_public_acls      = true
      [32m+[0m[0m region                  = "us-east-1"
      [32m+[0m[0m restrict_public_buckets = true
    }

[1m  # aws_s3_bucket_server_side_encryption_configuration.tfstate[0m will be created
[0m  [32m+[0m[0m resource "aws_s3_bucket_server_side_encryption_configuration" "tfstate" {
      [32m+[0m[0m bucket = (known after apply)
      [32m+[0m[0m id     = (known after apply)
      [32m+[0m[0m region = "us-east-1"

      [32m+[0m[0m rule {
          [32m+[0m[0m blocked_encryption_types = (known after apply)
          [32m+[0m[0m bucket_key_enabled       = (known after apply)

          [32m+[0m[0m apply_server_side_encryption_by_default {
              [32m+[0m[0m kms_master_key_id = (known after apply)
              [32m+[0m[0m sse_algorithm     = "AES256"
            }
        }
    }

[1m  # aws_s3_bucket_versioning.tfstate[0m will be created
[0m  [32m+[0m[0m resource "aws_s3_bucket_versioning" "tfstate" {
      [32m+[0m[0m bucket = (known after apply)
      [32m+[0m[0m id     = (known after apply)
      [32m+[0m[0m region = "us-east-1"

      [32m+[0m[0m versioning_configuration {
          [32m+[0m[0m mfa_delete = (known after apply)
          [32m+[0m[0m status     = "Enabled"
        }
    }

[1mPlan:[0m [0m5 to add, 0 to change, 0 to destroy.

Changes to Outputs:
  [32m+[0m[0m backend_hcl    = <<-EOT
        bucket         = "eda262-g06-tfstate"
        key            = "parte-1/terraform.tfstate"
        region         = "us-east-1"
        dynamodb_table = "eda262-g06-tflock"
        encrypt        = true
    EOT
  [32m+[0m[0m bucket_tfstate = "eda262-g06-tfstate"
  [32m+[0m[0m tabela_lock    = "eda262-g06-tflock"
[0m[1maws_dynamodb_table.tflock: Creating...[0m[0m
[0m[1maws_s3_bucket.tfstate: Creating...[0m[0m
[0m[1maws_s3_bucket.tfstate: Creation complete after 5s [id=eda262-g06-tfstate][0m
[0m[1maws_s3_bucket_versioning.tfstate: Creating...[0m[0m
[0m[1maws_s3_bucket_public_access_block.tfstate: Creating...[0m[0m
[0m[1maws_s3_bucket_server_side_encryption_configuration.tfstate: Creating...[0m[0m
[0m[1maws_s3_bucket_public_access_block.tfstate: Creation complete after 1s [id=eda262-g06-tfstate][0m
[0m[1maws_s3_bucket_server_side_encryption_configuration.tfstate: Creation complete after 1s [id=eda262-g06-tfstate][0m
[0m[1maws_s3_bucket_versioning.tfstate: Creation complete after 3s [id=eda262-g06-tfstate][0m
[0m[1maws_dynamodb_table.tflock: Still creating... [00m10s elapsed][0m[0m
[0m[1maws_dynamodb_table.tflock: Creation complete after 20s [id=eda262-g06-tflock][0m
[0m[1m[32m
Apply complete! Resources: 5 added, 0 changed, 0 destroyed.[0m
[0m[1m[32m
Outputs:

[0mbackend_hcl = <<EOT
bucket         = "eda262-g06-tfstate"
key            = "parte-1/terraform.tfstate"
region         = "us-east-1"
dynamodb_table = "eda262-g06-tflock"
encrypt        = true

EOT
bucket_tfstate = "eda262-g06-tfstate"
tabela_lock = "eda262-g06-tflock"
backend.hcl gerado:
   bucket         = "eda262-g06-tfstate"
   key            = "parte-1/terraform.tfstate"
   region         = "us-east-1"
   dynamodb_table = "eda262-g06-tflock"
   encrypt        = true

== 2/3 init com backend remoto + workspace 'av1'
[0m[1mInitializing the backend...[0m
[0m[32m
Successfully configured the backend "s3"! Terraform will automatically
use this backend unless the backend configuration changes.[0m

[0m[1mInitializing modules...[0m

[0m[1mInitializing provider plugins...[0m
- Reusing previous version of hashicorp/aws from the dependency lock file
- Using previously-installed hashicorp/aws v6.67.0

[33m╷[0m[0m
[33m│[0m [0m[1m[33mWarning: [0m[0m[1mDeprecated Parameter[0m
[33m│[0m [0m
[33m│[0m [0m[0m  on versions.tf line 14, in terraform:
[33m│[0m [0m  14:   backend "s3" [4m{[0m[0m
[33m│[0m [0m
[33m│[0m [0mThe parameter "dynamodb_table" is deprecated. Use parameter "use_lockfile"
[33m│[0m [0minstead.
[33m╵[0m[0m
[0m[1m[32mTerraform has been successfully initialized![0m[32m[0m
[0m[32m
You may now begin working with Terraform. Try running "terraform plan" to see
any changes that are required for your infrastructure. All Terraform commands
should now work.

If you ever set or change modules or backend configuration for Terraform,
rerun this command to reinitialize your working directory. If you forget, other
commands will detect it and remind you to do so if necessary.[0m
[33m[33m╷[0m[0m
[33m│[0m [0m[1m[33mWarning: [0m[0m[1mDeprecated Parameter[0m
[33m│[0m [0m
[33m│[0m [0m[0mThe parameter "dynamodb_table" is deprecated. Use parameter "use_lockfile"
[33m│[0m [0minstead.
[33m╵[0m[0m
[0m[0m
[33m[33m╷[0m[0m
[33m│[0m [0m[1m[33mWarning: [0m[0m[1mDeprecated Parameter[0m
[33m│[0m [0m
[33m│[0m [0m[0mThe parameter "dynamodb_table" is deprecated. Use parameter "use_lockfile"
[33m│[0m [0minstead.
[33m╵[0m[0m
[0m[0m
[0m[32m[1mCreated and switched to workspace "av1"![0m[32m

You're now on a new, empty workspace. Workspaces isolate their state,
so if you run "terraform plan" Terraform will not see any existing state
for this configuration.[0m

== 3/3 apply
[33m╷[0m[0m
[33m│[0m [0m[1m[33mWarning: [0m[0m[1mDeprecated Parameter[0m
[33m│[0m [0m
[33m│[0m [0m[0mThe parameter "dynamodb_table" is deprecated. Use parameter "use_lockfile"
[33m│[0m [0minstead.
[33m╵[0m[0m
Acquiring state lock. This may take a few moments...
[0m[1mdata.aws_caller_identity.atual: Reading...[0m[0m
[0m[1mdata.aws_caller_identity.atual: Read complete after 0s [id=325583868777][0m

Terraform used the selected providers to generate the following execution
plan. Resource actions are indicated with the following symbols:
  [32m+[0m create[0m

Terraform will perform the following actions:

[1m  # module.lake.aws_athena_named_query.consultas["pergunta-votos-validos-por-regiao"][0m will be created
[0m  [32m+[0m[0m resource "aws_athena_named_query" "consultas" {
      [32m+[0m[0m database    = "eda262_g06_eleicoes"
      [32m+[0m[0m description = "Projeto EDA 2026.2 - g06"
      [32m+[0m[0m id          = (known after apply)
      [32m+[0m[0m name        = "eda262-g06-pergunta-votos-validos-por-regiao"
      [32m+[0m[0m query       = <<-EOT
            -- ============================================================================
            -- PERGUNTA DE NEGÓCIO (descritiva)
            -- Como os votos válidos para Presidente, Governador e Senador se distribuíram
            -- em cada região do Brasil (N, NE, CO, SE, S e exterior), no 1º e no 2º turno
            -- das eleições gerais de 2018 e 2022?
            --
            -- Presidente: por candidato (a disputa é a mesma no país inteiro).
            -- Governador e Senador: por PARTIDO, porque cada UF tem candidatos próprios e
            -- somar "candidatos" de estados diferentes numa região não faz sentido.
            -- Percentual sobre os votos válidos da região, do cargo e do turno.
            -- Mostra os 3 primeiros de cada recorte.
            -- ============================================================================
            WITH por_regiao AS (
                SELECT
                    ano_eleicao,
                    nr_turno,
                    cd_cargo,
                    ds_cargo,
                    regiao,
                    COALESCE(sg_partido, '(sem sigla)')                    AS sg_partido,
                    CASE WHEN cd_cargo = 1 THEN nm_urna_candidato END      AS candidato_presidente,
                    SUM(qt_votos_validos)                                  AS votos_validos
                FROM trusted_votos_validos_zona
                GROUP BY 1, 2, 3, 4, 5, 6, 7
            ),
            com_percentual AS (
                SELECT
                    *,
                    ROUND(100 * CAST(votos_validos AS double)
                          / SUM(votos_validos) OVER (PARTITION BY ano_eleicao, nr_turno, cd_cargo, regiao), 2)
                                                                           AS pct_votos_validos,
                    RANK() OVER (PARTITION BY ano_eleicao, nr_turno, cd_cargo, regiao
                                 ORDER BY votos_validos DESC)              AS posicao
                FROM por_regiao
            )
            SELECT
                ano_eleicao,
                nr_turno,
                ds_cargo,
                regiao,
                posicao,
                sg_partido,
                candidato_presidente,
                votos_validos,
                pct_votos_validos
            FROM com_percentual
            WHERE posicao <= 3
            ORDER BY
                ano_eleicao,
                nr_turno,
                cd_cargo,
                CASE regiao WHEN 'N' THEN 1 WHEN 'NE' THEN 2 WHEN 'CO' THEN 3
                            WHEN 'SE' THEN 4 WHEN 'S' THEN 5 ELSE 6 END,
                posicao
        EOT
      [32m+[0m[0m region      = "us-east-1"
      [32m+[0m[0m workgroup   = (known after apply)
    }

[1m  # module.lake.aws_athena_named_query.consultas["presidente-2t-por-regiao-2018-2022"][0m will be created
[0m  [32m+[0m[0m resource "aws_athena_named_query" "consultas" {
      [32m+[0m[0m database    = "eda262_g06_eleicoes"
      [32m+[0m[0m description = "Projeto EDA 2026.2 - g06"
      [32m+[0m[0m id          = (known after apply)
      [32m+[0m[0m name        = "eda262-g06-presidente-2t-por-regiao-2018-2022"
      [32m+[0m[0m query       = <<-EOT
            -- ============================================================================
            -- Recorte da pergunta: 2º turno para Presidente, 2018 x 2022, por região.
            -- Para cada região: quem ficou à frente, com que percentual dos votos válidos
            -- e qual a margem em pontos percentuais.
            -- ============================================================================
            WITH por_regiao AS (
                SELECT ano_eleicao, regiao, nm_urna_candidato, sg_partido,
                       SUM(qt_votos_validos) AS votos_validos
                FROM trusted_votos_validos_zona
                WHERE cd_cargo = 1 AND nr_turno = 2
                GROUP BY 1, 2, 3, 4
            ),
            ranqueado AS (
                SELECT *,
                       100 * CAST(votos_validos AS double) / SUM(votos_validos) OVER (PARTITION BY ano_eleicao, regiao) AS pct,
                       ROW_NUMBER() OVER (PARTITION BY ano_eleicao, regiao ORDER BY votos_validos DESC) AS pos
                FROM por_regiao
            )
            SELECT
                ano_eleicao,
                regiao,
                MAX(CASE WHEN pos = 1 THEN nm_urna_candidato || ' (' || sg_partido || ')' END) AS a_frente,
                ROUND(MAX(CASE WHEN pos = 1 THEN pct END), 2)                                  AS pct_a_frente,
                MAX(CASE WHEN pos = 2 THEN nm_urna_candidato || ' (' || sg_partido || ')' END) AS segundo,
                ROUND(MAX(CASE WHEN pos = 2 THEN pct END), 2)                                  AS pct_segundo,
                ROUND(MAX(CASE WHEN pos = 1 THEN pct END) - MAX(CASE WHEN pos = 2 THEN pct END), 2) AS margem_pp,
                SUM(CASE WHEN pos IN (1, 2) THEN votos_validos END)                            AS votos_validos_regiao
            FROM ranqueado
            GROUP BY ano_eleicao, regiao
            ORDER BY ano_eleicao,
                     CASE regiao WHEN 'N' THEN 1 WHEN 'NE' THEN 2 WHEN 'CO' THEN 3
                                 WHEN 'SE' THEN 4 WHEN 'S' THEN 5 ELSE 6 END
        EOT
      [32m+[0m[0m region      = "us-east-1"
      [32m+[0m[0m workgroup   = (known after apply)
    }

[1m  # module.lake.aws_athena_workgroup.lake[0m will be created
[0m  [32m+[0m[0m resource "aws_athena_workgroup" "lake" {
      [32m+[0m[0m arn           = (known after apply)
      [32m+[0m[0m description   = "Consultas do lake de eleições (g06). Teto por consulta: 116391936 bytes."
      [32m+[0m[0m force_destroy = true
      [32m+[0m[0m id            = (known after apply)
      [32m+[0m[0m name          = "eda262-g06-wg"
      [32m+[0m[0m region        = "us-east-1"
      [32m+[0m[0m state         = "ENABLED"
      [32m+[0m[0m tags_all      = {
          [32m+[0m[0m "grupo"   = "g06"
          [32m+[0m[0m "projeto" = "engenharia-de-dados"
          [32m+[0m[0m "turma"   = "eda262"
        }

      [32m+[0m[0m configuration {
          [32m+[0m[0m bytes_scanned_cutoff_per_query          = 116391936
          [32m+[0m[0m enable_minimum_encryption_configuration = (known after apply)
          [32m+[0m[0m enforce_workgroup_configuration         = true
          [32m+[0m[0m publish_cloudwatch_metrics_enabled      = true
          [32m+[0m[0m requester_pays_enabled                  = false

          [32m+[0m[0m result_configuration {
              [32m+[0m[0m output_location = (known after apply)

              [32m+[0m[0m encryption_configuration {
                  [32m+[0m[0m encryption_option = "SSE_S3"
                }
            }
        }
    }

[1m  # module.lake.aws_glue_catalog_database.eleicoes[0m will be created
[0m  [32m+[0m[0m resource "aws_glue_catalog_database" "eleicoes" {
      [32m+[0m[0m arn          = (known after apply)
      [32m+[0m[0m catalog_id   = (known after apply)
      [32m+[0m[0m description  = "Resultados das eleições gerais 2018 e 2022 (TSE) - projeto EDA 2026.2"
      [32m+[0m[0m id           = (known after apply)
      [32m+[0m[0m location_uri = (known after apply)
      [32m+[0m[0m name         = "eda262_g06_eleicoes"
      [32m+[0m[0m region       = "us-east-1"
      [32m+[0m[0m tags_all     = {
          [32m+[0m[0m "grupo"   = "g06"
          [32m+[0m[0m "projeto" = "engenharia-de-dados"
          [32m+[0m[0m "turma"   = "eda262"
        }

      [32m+[0m[0m create_table_default_permission (known after apply)
    }

[1m  # module.lake.aws_glue_catalog_table.raw["2018"][0m will be created
[0m  [32m+[0m[0m resource "aws_glue_catalog_table" "raw" {
      [32m+[0m[0m arn           = (known after apply)
      [32m+[0m[0m catalog_id    = (known after apply)
      [32m+[0m[0m database_name = "eda262_g06_eleicoes"
      [32m+[0m[0m description   = "RAW: recorte fiel do arquivo do TSE (ISO-8859-1, separador ';'), só cargos 1, 3 e 5."
      [32m+[0m[0m id            = (known after apply)
      [32m+[0m[0m name          = "raw_votacao_candidato_munzona_2018"
      [32m+[0m[0m parameters    = {
          [32m+[0m[0m "camada"                 = "raw"
          [32m+[0m[0m "classification"         = "csv"
          [32m+[0m[0m "encoding_origem"        = "ISO-8859-1"
          [32m+[0m[0m "fonte"                  = "https://cdn.tse.jus.br/estatistica/sead/odsele/votacao_candidato_munzona/votacao_candidato_munzona_2018.zip"
          [32m+[0m[0m "skip.header.line.count" = "1"
        }
      [32m+[0m[0m region        = "us-east-1"
      [32m+[0m[0m table_type    = "EXTERNAL_TABLE"

      [32m+[0m[0m partition_index (known after apply)

      [32m+[0m[0m storage_descriptor {
          [32m+[0m[0m additional_locations = (known after apply)
          [32m+[0m[0m bucket_columns       = (known after apply)
          [32m+[0m[0m input_format         = "org.apache.hadoop.mapred.TextInputFormat"
          [32m+[0m[0m location             = (known after apply)
          [32m+[0m[0m output_format        = "org.apache.hadoop.hive.ql.io.HiveIgnoreKeyTextOutputFormat"
          [32m+[0m[0m parameters           = (known after apply)

          [32m+[0m[0m columns {
              [32m+[0m[0m name       = "dt_geracao"
              [32m+[0m[0m parameters = (known after apply)
              [32m+[0m[0m type       = "string"
            }
          [32m+[0m[0m columns {
              [32m+[0m[0m name       = "hh_geracao"
              [32m+[0m[0m parameters = (known after apply)
              [32m+[0m[0m type       = "string"
            }
          [32m+[0m[0m columns {
              [32m+[0m[0m name       = "ano_eleicao"
              [32m+[0m[0m parameters = (known after apply)
              [32m+[0m[0m type       = "string"
            }
          [32m+[0m[0m columns {
              [32m+[0m[0m name       = "cd_tipo_eleicao"
              [32m+[0m[0m parameters = (known after apply)
              [32m+[0m[0m type       = "string"
            }
          [32m+[0m[0m columns {
              [32m+[0m[0m name       = "nm_tipo_eleicao"
              [32m+[0m[0m parameters = (known after apply)
              [32m+[0m[0m type       = "string"
            }
          [32m+[0m[0m columns {
              [32m+[0m[0m name       = "nr_turno"
              [32m+[0m[0m parameters = (known after apply)
              [32m+[0m[0m type       = "string"
            }
          [32m+[0m[0m columns {
              [32m+[0m[0m name       = "cd_eleicao"
              [32m+[0m[0m parameters = (known after apply)
              [32m+[0m[0m type       = "string"
            }
          [32m+[0m[0m columns {
              [32m+[0m[0m name       = "ds_eleicao"
              [32m+[0m[0m parameters = (known after apply)
              [32m+[0m[0m type       = "string"
            }
          [32m+[0m[0m columns {
              [32m+[0m[0m name       = "dt_eleicao"
              [32m+[0m[0m parameters = (known after apply)
              [32m+[0m[0m type       = "string"
            }
          [32m+[0m[0m columns {
              [32m+[0m[0m name       = "tp_abrangencia"
              [32m+[0m[0m parameters = (known after apply)
              [32m+[0m[0m type       = "string"
            }
          [32m+[0m[0m columns {
              [32m+[0m[0m name       = "sg_uf"
              [32m+[0m[0m parameters = (known after apply)
              [32m+[0m[0m type       = "string"
            }
          [32m+[0m[0m columns {
              [32m+[0m[0m name       = "sg_ue"
              [32m+[0m[0m parameters = (known after apply)
              [32m+[0m[0m type       = "string"
            }
          [32m+[0m[0m columns {
              [32m+[0m[0m name       = "nm_ue"
              [32m+[0m[0m parameters = (known after apply)
              [32m+[0m[0m type       = "string"
            }
          [32m+[0m[0m columns {
              [32m+[0m[0m name       = "cd_municipio"
              [32m+[0m[0m parameters = (known after apply)
              [32m+[0m[0m type       = "string"
            }
          [32m+[0m[0m columns {
              [32m+[0m[0m name       = "nm_municipio"
              [32m+[0m[0m parameters = (known after apply)
              [32m+[0m[0m type       = "string"
            }
          [32m+[0m[0m columns {
              [32m+[0m[0m name       = "nr_zona"
              [32m+[0m[0m parameters = (known after apply)
              [32m+[0m[0m type       = "string"
            }
          [32m+[0m[0m columns {
              [32m+[0m[0m name       = "cd_cargo"
              [32m+[0m[0m parameters = (known after apply)
              [32m+[0m[0m type       = "string"
            }
          [32m+[0m[0m columns {
              [32m+[0m[0m name       = "ds_cargo"
              [32m+[0m[0m parameters = (known after apply)
              [32m+[0m[0m type       = "string"
            }
          [32m+[0m[0m columns {
              [32m+[0m[0m name       = "sq_candidato"
              [32m+[0m[0m parameters = (known after apply)
              [32m+[0m[0m type       = "string"
            }
          [32m+[0m[0m columns {
              [32m+[0m[0m name       = "nr_candidato"
              [32m+[0m[0m parameters = (known after apply)
              [32m+[0m[0m type       = "string"
            }
          [32m+[0m[0m columns {
              [32m+[0m[0m name       = "nm_candidato"
              [32m+[0m[0m parameters = (known after apply)
              [32m+[0m[0m type       = "string"
            }
          [32m+[0m[0m columns {
              [32m+[0m[0m name       = "nm_urna_candidato"
              [32m+[0m[0m parameters = (known after apply)
              [32m+[0m[0m type       = "string"
            }
          [32m+[0m[0m columns {
              [32m+[0m[0m name       = "nm_social_candidato"
              [32m+[0m[0m parameters = (known after apply)
              [32m+[0m[0m type       = "string"
            }
          [32m+[0m[0m columns {
              [32m+[0m[0m name       = "cd_situacao_candidatura"
              [32m+[0m[0m parameters = (known after apply)
              [32m+[0m[0m type       = "string"
            }
          [32m+[0m[0m columns {
              [32m+[0m[0m name       = "ds_situacao_candidatura"
              [32m+[0m[0m parameters = (known after apply)
              [32m+[0m[0m type       = "string"
            }
          [32m+[0m[0m columns {
              [32m+[0m[0m name       = "cd_detalhe_situacao_cand"
              [32m+[0m[0m parameters = (known after apply)
              [32m+[0m[0m type       = "string"
            }
          [32m+[0m[0m columns {
              [32m+[0m[0m name       = "ds_detalhe_situacao_cand"
              [32m+[0m[0m parameters = (known after apply)
              [32m+[0m[0m type       = "string"
            }
          [32m+[0m[0m columns {
              [32m+[0m[0m name       = "cd_situacao_julgamento"
              [32m+[0m[0m parameters = (known after apply)
              [32m+[0m[0m type       = "string"
            }
          [32m+[0m[0m columns {
              [32m+[0m[0m name       = "ds_situacao_julgamento"
              [32m+[0m[0m parameters = (known after apply)
              [32m+[0m[0m type       = "string"
            }
          [32m+[0m[0m columns {
              [32m+[0m[0m name       = "cd_situacao_cassacao"
              [32m+[0m[0m parameters = (known after apply)
              [32m+[0m[0m type       = "string"
            }
          [32m+[0m[0m columns {
              [32m+[0m[0m name       = "ds_situacao_cassacao"
              [32m+[0m[0m parameters = (known after apply)
              [32m+[0m[0m type       = "string"
            }
          [32m+[0m[0m columns {
              [32m+[0m[0m name       = "cd_situacao_diploma"
              [32m+[0m[0m parameters = (known after apply)
              [32m+[0m[0m type       = "string"
            }
          [32m+[0m[0m columns {
              [32m+[0m[0m name       = "ds_situacao_diploma"
              [32m+[0m[0m parameters = (known after apply)
              [32m+[0m[0m type       = "string"
            }
          [32m+[0m[0m columns {
              [32m+[0m[0m name       = "tp_agremiacao"
              [32m+[0m[0m parameters = (known after apply)
              [32m+[0m[0m type       = "string"
            }
          [32m+[0m[0m columns {
              [32m+[0m[0m name       = "nr_partido"
              [32m+[0m[0m parameters = (known after apply)
              [32m+[0m[0m type       = "string"
            }
          [32m+[0m[0m columns {
              [32m+[0m[0m name       = "sg_partido"
              [32m+[0m[0m parameters = (known after apply)
              [32m+[0m[0m type       = "string"
            }
          [32m+[0m[0m columns {
              [32m+[0m[0m name       = "nm_partido"
              [32m+[0m[0m parameters = (known after apply)
              [32m+[0m[0m type       = "string"
            }
          [32m+[0m[0m columns {
              [32m+[0m[0m name       = "nr_federacao"
              [32m+[0m[0m parameters = (known after apply)
              [32m+[0m[0m type       = "string"
            }
          [32m+[0m[0m columns {
              [32m+[0m[0m name       = "nm_federacao"
              [32m+[0m[0m parameters = (known after apply)
              [32m+[0m[0m type       = "string"
            }
          [32m+[0m[0m columns {
              [32m+[0m[0m name       = "sg_federacao"
              [32m+[0m[0m parameters = (known after apply)
              [32m+[0m[0m type       = "string"
            }
          [32m+[0m[0m columns {
              [32m+[0m[0m name       = "ds_composicao_federacao"
              [32m+[0m[0m parameters = (known after apply)
              [32m+[0m[0m type       = "string"
            }
          [32m+[0m[0m columns {
              [32m+[0m[0m name       = "sq_coligacao"
              [32m+[0m[0m parameters = (known after apply)
              [32m+[0m[0m type       = "string"
            }
          [32m+[0m[0m columns {
              [32m+[0m[0m name       = "nm_coligacao"
              [32m+[0m[0m parameters = (known after apply)
              [32m+[0m[0m type       = "string"
            }
          [32m+[0m[0m columns {
              [32m+[0m[0m name       = "ds_composicao_coligacao"
              [32m+[0m[0m parameters = (known after apply)
              [32m+[0m[0m type       = "string"
            }
          [32m+[0m[0m columns {
              [32m+[0m[0m name       = "st_voto_em_transito"
              [32m+[0m[0m parameters = (known after apply)
              [32m+[0m[0m type       = "string"
            }
          [32m+[0m[0m columns {
              [32m+[0m[0m name       = "qt_votos_nominais"
              [32m+[0m[0m parameters = (known after apply)
              [32m+[0m[0m type       = "string"
            }
          [32m+[0m[0m columns {
              [32m+[0m[0m name       = "nm_tipo_destinacao_votos"
              [32m+[0m[0m parameters = (known after apply)
              [32m+[0m[0m type       = "string"
            }
          [32m+[0m[0m columns {
              [32m+[0m[0m name       = "qt_votos_nominais_validos"
              [32m+[0m[0m parameters = (known after apply)
              [32m+[0m[0m type       = "string"
            }
          [32m+[0m[0m columns {
              [32m+[0m[0m name       = "cd_sit_tot_turno"
              [32m+[0m[0m parameters = (known after apply)
              [32m+[0m[0m type       = "string"
            }
          [32m+[0m[0m columns {
              [32m+[0m[0m name       = "ds_sit_tot_turno"
              [32m+[0m[0m parameters = (known after apply)
              [32m+[0m[0m type       = "string"
            }

          [32m+[0m[0m ser_de_info {
              [32m+[0m[0m name                  = "opencsv"
              [32m+[0m[0m parameters            = {
                  [32m+[0m[0m "escapeChar"    = "\\"
                  [32m+[0m[0m "quoteChar"     = "\""
                  [32m+[0m[0m "separatorChar" = ";"
                }
              [32m+[0m[0m serialization_library = "org.apache.hadoop.hive.serde2.OpenCSVSerde"
            }
        }

      [32m+[0m[0m view_definition (known after apply)
    }

[1m  # module.lake.aws_glue_catalog_table.raw["2022"][0m will be created
[0m  [32m+[0m[0m resource "aws_glue_catalog_table" "raw" {
      [32m+[0m[0m arn           = (known after apply)
      [32m+[0m[0m catalog_id    = (known after apply)
      [32m+[0m[0m database_name = "eda262_g06_eleicoes"
      [32m+[0m[0m description   = "RAW: recorte fiel do arquivo do TSE (ISO-8859-1, separador ';'), só cargos 1, 3 e 5."
      [32m+[0m[0m id            = (known after apply)
      [32m+[0m[0m name          = "raw_votacao_candidato_munzona_2022"
      [32m+[0m[0m parameters    = {
          [32m+[0m[0m "camada"                 = "raw"
          [32m+[0m[0m "classification"         = "csv"
          [32m+[0m[0m "encoding_origem"        = "ISO-8859-1"
          [32m+[0m[0m "fonte"                  = "https://cdn.tse.jus.br/estatistica/sead/odsele/votacao_candidato_munzona/votacao_candidato_munzona_2022.zip"
          [32m+[0m[0m "skip.header.line.count" = "1"
        }
      [32m+[0m[0m region        = "us-east-1"
      [32m+[0m[0m table_type    = "EXTERNAL_TABLE"

      [32m+[0m[0m partition_index (known after apply)

      [32m+[0m[0m storage_descriptor {
          [32m+[0m[0m additional_locations = (known after apply)
          [32m+[0m[0m bucket_columns       = (known after apply)
          [32m+[0m[0m input_format         = "org.apache.hadoop.mapred.TextInputFormat"
          [32m+[0m[0m location             = (known after apply)
          [32m+[0m[0m output_format        = "org.apache.hadoop.hive.ql.io.HiveIgnoreKeyTextOutputFormat"
          [32m+[0m[0m parameters           = (known after apply)

          [32m+[0m[0m columns {
              [32m+[0m[0m name       = "dt_geracao"
              [32m+[0m[0m parameters = (known after apply)
              [32m+[0m[0m type       = "string"
            }
          [32m+[0m[0m columns {
              [32m+[0m[0m name       = "hh_geracao"
              [32m+[0m[0m parameters = (known after apply)
              [32m+[0m[0m type       = "string"
            }
          [32m+[0m[0m columns {
              [32m+[0m[0m name       = "ano_eleicao"
              [32m+[0m[0m parameters = (known after apply)
              [32m+[0m[0m type       = "string"
            }
          [32m+[0m[0m columns {
              [32m+[0m[0m name       = "cd_tipo_eleicao"
              [32m+[0m[0m parameters = (known after apply)
              [32m+[0m[0m type       = "string"
            }
          [32m+[0m[0m columns {
              [32m+[0m[0m name       = "nm_tipo_eleicao"
              [32m+[0m[0m parameters = (known after apply)
              [32m+[0m[0m type       = "string"
            }
          [32m+[0m[0m columns {
              [32m+[0m[0m name       = "nr_turno"
              [32m+[0m[0m parameters = (known after apply)
              [32m+[0m[0m type       = "string"
            }
          [32m+[0m[0m columns {
              [32m+[0m[0m name       = "cd_eleicao"
              [32m+[0m[0m parameters = (known after apply)
              [32m+[0m[0m type       = "string"
            }
          [32m+[0m[0m columns {
              [32m+[0m[0m name       = "ds_eleicao"
              [32m+[0m[0m parameters = (known after apply)
              [32m+[0m[0m type       = "string"
            }
          [32m+[0m[0m columns {
              [32m+[0m[0m name       = "dt_eleicao"
              [32m+[0m[0m parameters = (known after apply)
              [32m+[0m[0m type       = "string"
            }
          [32m+[0m[0m columns {
              [32m+[0m[0m name       = "tp_abrangencia"
              [32m+[0m[0m parameters = (known after apply)
              [32m+[0m[0m type       = "string"
            }
          [32m+[0m[0m columns {
              [32m+[0m[0m name       = "sg_uf"
              [32m+[0m[0m parameters = (known after apply)
              [32m+[0m[0m type       = "string"
            }
          [32m+[0m[0m columns {
              [32m+[0m[0m name       = "sg_ue"
              [32m+[0m[0m parameters = (known after apply)
              [32m+[0m[0m type       = "string"
            }
          [32m+[0m[0m columns {
              [32m+[0m[0m name       = "nm_ue"
              [32m+[0m[0m parameters = (known after apply)
              [32m+[0m[0m type       = "string"
            }
          [32m+[0m[0m columns {
              [32m+[0m[0m name       = "cd_municipio"
              [32m+[0m[0m parameters = (known after apply)
              [32m+[0m[0m type       = "string"
            }
          [32m+[0m[0m columns {
              [32m+[0m[0m name       = "nm_municipio"
              [32m+[0m[0m parameters = (known after apply)
              [32m+[0m[0m type       = "string"
            }
          [32m+[0m[0m columns {
              [32m+[0m[0m name       = "nr_zona"
              [32m+[0m[0m parameters = (known after apply)
              [32m+[0m[0m type       = "string"
            }
          [32m+[0m[0m columns {
              [32m+[0m[0m name       = "cd_cargo"
              [32m+[0m[0m parameters = (known after apply)
              [32m+[0m[0m type       = "string"
            }
          [32m+[0m[0m columns {
              [32m+[0m[0m name       = "ds_cargo"
              [32m+[0m[0m parameters = (known after apply)
              [32m+[0m[0m type       = "string"
            }
          [32m+[0m[0m columns {
              [32m+[0m[0m name       = "sq_candidato"
              [32m+[0m[0m parameters = (known after apply)
              [32m+[0m[0m type       = "string"
            }
          [32m+[0m[0m columns {
              [32m+[0m[0m name       = "nr_candidato"
              [32m+[0m[0m parameters = (known after apply)
              [32m+[0m[0m type       = "string"
            }
          [32m+[0m[0m columns {
              [32m+[0m[0m name       = "nm_candidato"
              [32m+[0m[0m parameters = (known after apply)
              [32m+[0m[0m type       = "string"
            }
          [32m+[0m[0m columns {
              [32m+[0m[0m name       = "nm_urna_candidato"
              [32m+[0m[0m parameters = (known after apply)
              [32m+[0m[0m type       = "string"
            }
          [32m+[0m[0m columns {
              [32m+[0m[0m name       = "nm_social_candidato"
              [32m+[0m[0m parameters = (known after apply)
              [32m+[0m[0m type       = "string"
            }
          [32m+[0m[0m columns {
              [32m+[0m[0m name       = "cd_situacao_candidatura"
              [32m+[0m[0m parameters = (known after apply)
              [32m+[0m[0m type       = "string"
            }
          [32m+[0m[0m columns {
              [32m+[0m[0m name       = "ds_situacao_candidatura"
              [32m+[0m[0m parameters = (known after apply)
              [32m+[0m[0m type       = "string"
            }
          [32m+[0m[0m columns {
              [32m+[0m[0m name       = "cd_detalhe_situacao_cand"
              [32m+[0m[0m parameters = (known after apply)
              [32m+[0m[0m type       = "string"
            }
          [32m+[0m[0m columns {
              [32m+[0m[0m name       = "ds_detalhe_situacao_cand"
              [32m+[0m[0m parameters = (known after apply)
              [32m+[0m[0m type       = "string"
            }
          [32m+[0m[0m columns {
              [32m+[0m[0m name       = "cd_situacao_julgamento"
              [32m+[0m[0m parameters = (known after apply)
              [32m+[0m[0m type       = "string"
            }
          [32m+[0m[0m columns {
              [32m+[0m[0m name       = "ds_situacao_julgamento"
              [32m+[0m[0m parameters = (known after apply)
              [32m+[0m[0m type       = "string"
            }
          [32m+[0m[0m columns {
              [32m+[0m[0m name       = "cd_situacao_cassacao"
              [32m+[0m[0m parameters = (known after apply)
              [32m+[0m[0m type       = "string"
            }
          [32m+[0m[0m columns {
              [32m+[0m[0m name       = "ds_situacao_cassacao"
              [32m+[0m[0m parameters = (known after apply)
              [32m+[0m[0m type       = "string"
            }
          [32m+[0m[0m columns {
              [32m+[0m[0m name       = "cd_situacao_dconst_diploma"
              [32m+[0m[0m parameters = (known after apply)
              [32m+[0m[0m type       = "string"
            }
          [32m+[0m[0m columns {
              [32m+[0m[0m name       = "ds_situacao_dconst_diploma"
              [32m+[0m[0m parameters = (known after apply)
              [32m+[0m[0m type       = "string"
            }
          [32m+[0m[0m columns {
              [32m+[0m[0m name       = "tp_agremiacao"
              [32m+[0m[0m parameters = (known after apply)
              [32m+[0m[0m type       = "string"
            }
          [32m+[0m[0m columns {
              [32m+[0m[0m name       = "nr_partido"
              [32m+[0m[0m parameters = (known after apply)
              [32m+[0m[0m type       = "string"
            }
          [32m+[0m[0m columns {
              [32m+[0m[0m name       = "sg_partido"
              [32m+[0m[0m parameters = (known after apply)
              [32m+[0m[0m type       = "string"
            }
          [32m+[0m[0m columns {
              [32m+[0m[0m name       = "nm_partido"
              [32m+[0m[0m parameters = (known after apply)
              [32m+[0m[0m type       = "string"
            }
          [32m+[0m[0m columns {
              [32m+[0m[0m name       = "nr_federacao"
              [32m+[0m[0m parameters = (known after apply)
              [32m+[0m[0m type       = "string"
            }
          [32m+[0m[0m columns {
              [32m+[0m[0m name       = "nm_federacao"
              [32m+[0m[0m parameters = (known after apply)
              [32m+[0m[0m type       = "string"
            }
          [32m+[0m[0m columns {
              [32m+[0m[0m name       = "sg_federacao"
              [32m+[0m[0m parameters = (known after apply)
              [32m+[0m[0m type       = "string"
            }
          [32m+[0m[0m columns {
              [32m+[0m[0m name       = "ds_composicao_federacao"
              [32m+[0m[0m parameters = (known after apply)
              [32m+[0m[0m type       = "string"
            }
          [32m+[0m[0m columns {
              [32m+[0m[0m name       = "sq_coligacao"
              [32m+[0m[0m parameters = (known after apply)
              [32m+[0m[0m type       = "string"
            }
          [32m+[0m[0m columns {
              [32m+[0m[0m name       = "nm_coligacao"
              [32m+[0m[0m parameters = (known after apply)
              [32m+[0m[0m type       = "string"
            }
          [32m+[0m[0m columns {
              [32m+[0m[0m name       = "ds_composicao_coligacao"
              [32m+[0m[0m parameters = (known after apply)
              [32m+[0m[0m type       = "string"
            }
          [32m+[0m[0m columns {
              [32m+[0m[0m name       = "st_voto_em_transito"
              [32m+[0m[0m parameters = (known after apply)
              [32m+[0m[0m type       = "string"
            }
          [32m+[0m[0m columns {
              [32m+[0m[0m name       = "qt_votos_nominais"
              [32m+[0m[0m parameters = (known after apply)
              [32m+[0m[0m type       = "string"
            }
          [32m+[0m[0m columns {
              [32m+[0m[0m name       = "nm_tipo_destinacao_votos"
              [32m+[0m[0m parameters = (known after apply)
              [32m+[0m[0m type       = "string"
            }
          [32m+[0m[0m columns {
              [32m+[0m[0m name       = "qt_votos_nominais_validos"
              [32m+[0m[0m parameters = (known after apply)
              [32m+[0m[0m type       = "string"
            }
          [32m+[0m[0m columns {
              [32m+[0m[0m name       = "cd_sit_tot_turno"
              [32m+[0m[0m parameters = (known after apply)
              [32m+[0m[0m type       = "string"
            }
          [32m+[0m[0m columns {
              [32m+[0m[0m name       = "ds_sit_tot_turno"
              [32m+[0m[0m parameters = (known after apply)
              [32m+[0m[0m type       = "string"
            }

          [32m+[0m[0m ser_de_info {
              [32m+[0m[0m name                  = "opencsv"
              [32m+[0m[0m parameters            = {
                  [32m+[0m[0m "escapeChar"    = "\\"
                  [32m+[0m[0m "quoteChar"     = "\""
                  [32m+[0m[0m "separatorChar" = ";"
                }
              [32m+[0m[0m serialization_library = "org.apache.hadoop.hive.serde2.OpenCSVSerde"
            }
        }

      [32m+[0m[0m view_definition (known after apply)
    }

[1m  # module.lake.aws_glue_catalog_table.trusted[0m will be created
[0m  [32m+[0m[0m resource "aws_glue_catalog_table" "trusted" {
      [32m+[0m[0m arn           = (known after apply)
      [32m+[0m[0m catalog_id    = (known after apply)
      [32m+[0m[0m database_name = "eda262_g06_eleicoes"
      [32m+[0m[0m description   = "TRUSTED: votos válidos por candidato e zona eleitoral, Presidente/Governador/Senador, 2018 e 2022, 1º e 2º turnos."
      [32m+[0m[0m id            = (known after apply)
      [32m+[0m[0m name          = "trusted_votos_validos_zona"
      [32m+[0m[0m parameters    = {
          [32m+[0m[0m "camada"                 = "trusted"
          [32m+[0m[0m "chave_primaria"         = "ano_eleicao,nr_turno,cd_cargo,sg_uf,cd_municipio,nr_zona,sq_candidato"
          [32m+[0m[0m "classification"         = "csv"
          [32m+[0m[0m "grao"                   = "1 linha = votos válidos de 1 candidato, em 1 zona eleitoral de 1 município, em 1 turno, para 1 cargo, em 1 eleição (ano)"
          [32m+[0m[0m "medida"                 = "qt_votos_validos (aditiva em todas as dimensões)"
          [32m+[0m[0m "skip.header.line.count" = "1"
        }
      [32m+[0m[0m region        = "us-east-1"
      [32m+[0m[0m table_type    = "EXTERNAL_TABLE"

      [32m+[0m[0m partition_index (known after apply)

      [32m+[0m[0m storage_descriptor {
          [32m+[0m[0m additional_locations = (known after apply)
          [32m+[0m[0m bucket_columns       = (known after apply)
          [32m+[0m[0m input_format         = "org.apache.hadoop.mapred.TextInputFormat"
          [32m+[0m[0m location             = (known after apply)
          [32m+[0m[0m output_format        = "org.apache.hadoop.hive.ql.io.HiveIgnoreKeyTextOutputFormat"
          [32m+[0m[0m parameters           = (known after apply)

          [32m+[0m[0m columns {
              [32m+[0m[0m comment    = "Chave. Ano da eleição geral (2018 ou 2022)."
              [32m+[0m[0m name       = "ano_eleicao"
              [32m+[0m[0m parameters = (known after apply)
              [32m+[0m[0m type       = "int"
            }
          [32m+[0m[0m columns {
              [32m+[0m[0m comment    = "Chave. 1 ou 2."
              [32m+[0m[0m name       = "nr_turno"
              [32m+[0m[0m parameters = (known after apply)
              [32m+[0m[0m type       = "int"
            }
          [32m+[0m[0m columns {
              [32m+[0m[0m comment    = "Data do turno da eleição geral (eleições suplementares ficam de fora)."
              [32m+[0m[0m name       = "dt_eleicao"
              [32m+[0m[0m parameters = (known after apply)
              [32m+[0m[0m type       = "date"
            }
          [32m+[0m[0m columns {
              [32m+[0m[0m comment    = "Chave. 1 = Presidente, 3 = Governador, 5 = Senador."
              [32m+[0m[0m name       = "cd_cargo"
              [32m+[0m[0m parameters = (known after apply)
              [32m+[0m[0m type       = "int"
            }
          [32m+[0m[0m columns {
              [32m+[0m[0m comment    = "PRESIDENTE | GOVERNADOR | SENADOR (normalizado a partir de cd_cargo)."
              [32m+[0m[0m name       = "ds_cargo"
              [32m+[0m[0m parameters = (known after apply)
              [32m+[0m[0m type       = "string"
            }
          [32m+[0m[0m columns {
              [32m+[0m[0m comment    = "N | NE | CO | SE | S | EX (exterior). Derivada de sg_uf."
              [32m+[0m[0m name       = "regiao"
              [32m+[0m[0m parameters = (known after apply)
              [32m+[0m[0m type       = "string"
            }
          [32m+[0m[0m columns {
              [32m+[0m[0m comment    = "Chave. UF da zona; ZZ = exterior."
              [32m+[0m[0m name       = "sg_uf"
              [32m+[0m[0m parameters = (known after apply)
              [32m+[0m[0m type       = "string"
            }
          [32m+[0m[0m columns {
              [32m+[0m[0m comment    = "Chave. Código TSE do município."
              [32m+[0m[0m name       = "cd_municipio"
              [32m+[0m[0m parameters = (known after apply)
              [32m+[0m[0m type       = "int"
            }
          [32m+[0m[0m columns {
              [32m+[0m[0m comment    = "Nome do município (UTF-8)."
              [32m+[0m[0m name       = "nm_municipio"
              [32m+[0m[0m parameters = (known after apply)
              [32m+[0m[0m type       = "string"
            }
          [32m+[0m[0m columns {
              [32m+[0m[0m comment    = "Chave. Número da zona eleitoral."
              [32m+[0m[0m name       = "nr_zona"
              [32m+[0m[0m parameters = (known after apply)
              [32m+[0m[0m type       = "int"
            }
          [32m+[0m[0m columns {
              [32m+[0m[0m comment    = "Chave. Sequencial do candidato no TSE (estável dentro da eleição)."
              [32m+[0m[0m name       = "sq_candidato"
              [32m+[0m[0m parameters = (known after apply)
              [32m+[0m[0m type       = "bigint"
            }
          [32m+[0m[0m columns {
              [32m+[0m[0m comment    = "Número de urna (não é chave: repete entre UFs e anos)."
              [32m+[0m[0m name       = "nr_candidato"
              [32m+[0m[0m parameters = (known after apply)
              [32m+[0m[0m type       = "int"
            }
          [32m+[0m[0m columns {
              [32m+[0m[0m comment    = "Nome de urna."
              [32m+[0m[0m name       = "nm_urna_candidato"
              [32m+[0m[0m parameters = (known after apply)
              [32m+[0m[0m type       = "string"
            }
          [32m+[0m[0m columns {
              [32m+[0m[0m comment    = "Sigla do partido; nulo quando o TSE manda #NE#/#NULO#."
              [32m+[0m[0m name       = "sg_partido"
              [32m+[0m[0m parameters = (known after apply)
              [32m+[0m[0m type       = "string"
            }
          [32m+[0m[0m columns {
              [32m+[0m[0m comment    = "Medida. Votos nominais válidos (sem brancos, nulos e anulados)."
              [32m+[0m[0m name       = "qt_votos_validos"
              [32m+[0m[0m parameters = (known after apply)
              [32m+[0m[0m type       = "bigint"
            }

          [32m+[0m[0m ser_de_info {
              [32m+[0m[0m name                  = "tsv"
              [32m+[0m[0m parameters            = {
                  [32m+[0m[0m "field.delim"          = "\t"
                  [32m+[0m[0m "serialization.format" = "\t"
                }
              [32m+[0m[0m serialization_library = "org.apache.hadoop.hive.serde2.lazy.LazySimpleSerDe"
            }
        }

      [32m+[0m[0m view_definition (known after apply)
    }

[1m  # module.lake.aws_s3_bucket.lake["raw"][0m will be created
[0m  [32m+[0m[0m resource "aws_s3_bucket" "lake" {
      [32m+[0m[0m acceleration_status         = (known after apply)
      [32m+[0m[0m acl                         = (known after apply)
      [32m+[0m[0m arn                         = (known after apply)
      [32m+[0m[0m bucket                      = "eda262-g06-lake-raw"
      [32m+[0m[0m bucket_domain_name          = (known after apply)
      [32m+[0m[0m bucket_namespace            = (known after apply)
      [32m+[0m[0m bucket_prefix               = (known after apply)
      [32m+[0m[0m bucket_region               = (known after apply)
      [32m+[0m[0m bucket_regional_domain_name = (known after apply)
      [32m+[0m[0m force_destroy               = true
      [32m+[0m[0m hosted_zone_id              = (known after apply)
      [32m+[0m[0m id                          = (known after apply)
      [32m+[0m[0m object_lock_enabled         = (known after apply)
      [32m+[0m[0m policy                      = (known after apply)
      [32m+[0m[0m region                      = "us-east-1"
      [32m+[0m[0m request_payer               = (known after apply)
      [32m+[0m[0m tags_all                    = {
          [32m+[0m[0m "grupo"   = "g06"
          [32m+[0m[0m "projeto" = "engenharia-de-dados"
          [32m+[0m[0m "turma"   = "eda262"
        }
      [32m+[0m[0m website_domain              = (known after apply)
      [32m+[0m[0m website_endpoint            = (known after apply)

      [32m+[0m[0m cors_rule (known after apply)

      [32m+[0m[0m grant (known after apply)

      [32m+[0m[0m lifecycle_rule (known after apply)

      [32m+[0m[0m logging (known after apply)

      [32m+[0m[0m object_lock_configuration (known after apply)

      [32m+[0m[0m replication_configuration (known after apply)

      [32m+[0m[0m server_side_encryption_configuration (known after apply)

      [32m+[0m[0m versioning (known after apply)

      [32m+[0m[0m website (known after apply)
    }

[1m  # module.lake.aws_s3_bucket.lake["resultados"][0m will be created
[0m  [32m+[0m[0m resource "aws_s3_bucket" "lake" {
      [32m+[0m[0m acceleration_status         = (known after apply)
      [32m+[0m[0m acl                         = (known after apply)
      [32m+[0m[0m arn                         = (known after apply)
      [32m+[0m[0m bucket                      = "eda262-g06-athena-resultados"
      [32m+[0m[0m bucket_domain_name          = (known after apply)
      [32m+[0m[0m bucket_namespace            = (known after apply)
      [32m+[0m[0m bucket_prefix               = (known after apply)
      [32m+[0m[0m bucket_region               = (known after apply)
      [32m+[0m[0m bucket_regional_domain_name = (known after apply)
      [32m+[0m[0m force_destroy               = true
      [32m+[0m[0m hosted_zone_id              = (known after apply)
      [32m+[0m[0m id                          = (known after apply)
      [32m+[0m[0m object_lock_enabled         = (known after apply)
      [32m+[0m[0m policy                      = (known after apply)
      [32m+[0m[0m region                      = "us-east-1"
      [32m+[0m[0m request_payer               = (known after apply)
      [32m+[0m[0m tags_all                    = {
          [32m+[0m[0m "grupo"   = "g06"
          [32m+[0m[0m "projeto" = "engenharia-de-dados"
          [32m+[0m[0m "turma"   = "eda262"
        }
      [32m+[0m[0m website_domain              = (known after apply)
      [32m+[0m[0m website_endpoint            = (known after apply)

      [32m+[0m[0m cors_rule (known after apply)

      [32m+[0m[0m grant (known after apply)

      [32m+[0m[0m lifecycle_rule (known after apply)

      [32m+[0m[0m logging (known after apply)

      [32m+[0m[0m object_lock_configuration (known after apply)

      [32m+[0m[0m replication_configuration (known after apply)

      [32m+[0m[0m server_side_encryption_configuration (known after apply)

      [32m+[0m[0m versioning (known after apply)

      [32m+[0m[0m website (known after apply)
    }

[1m  # module.lake.aws_s3_bucket.lake["trusted"][0m will be created
[0m  [32m+[0m[0m resource "aws_s3_bucket" "lake" {
      [32m+[0m[0m acceleration_status         = (known after apply)
      [32m+[0m[0m acl                         = (known after apply)
      [32m+[0m[0m arn                         = (known after apply)
      [32m+[0m[0m bucket                      = "eda262-g06-lake-trusted"
      [32m+[0m[0m bucket_domain_name          = (known after apply)
      [32m+[0m[0m bucket_namespace            = (known after apply)
      [32m+[0m[0m bucket_prefix               = (known after apply)
      [32m+[0m[0m bucket_region               = (known after apply)
      [32m+[0m[0m bucket_regional_domain_name = (known after apply)
      [32m+[0m[0m force_destroy               = true
      [32m+[0m[0m hosted_zone_id              = (known after apply)
      [32m+[0m[0m id                          = (known after apply)
      [32m+[0m[0m object_lock_enabled         = (known after apply)
      [32m+[0m[0m policy                      = (known after apply)
      [32m+[0m[0m region                      = "us-east-1"
      [32m+[0m[0m request_payer               = (known after apply)
      [32m+[0m[0m tags_all                    = {
          [32m+[0m[0m "grupo"   = "g06"
          [32m+[0m[0m "projeto" = "engenharia-de-dados"
          [32m+[0m[0m "turma"   = "eda262"
        }
      [32m+[0m[0m website_domain              = (known after apply)
      [32m+[0m[0m website_endpoint            = (known after apply)

      [32m+[0m[0m cors_rule (known after apply)

      [32m+[0m[0m grant (known after apply)

      [32m+[0m[0m lifecycle_rule (known after apply)

      [32m+[0m[0m logging (known after apply)

      [32m+[0m[0m object_lock_configuration (known after apply)

      [32m+[0m[0m replication_configuration (known after apply)

      [32m+[0m[0m server_side_encryption_configuration (known after apply)

      [32m+[0m[0m versioning (known after apply)

      [32m+[0m[0m website (known after apply)
    }

[1m  # module.lake.aws_s3_bucket_public_access_block.lake["raw"][0m will be created
[0m  [32m+[0m[0m resource "aws_s3_bucket_public_access_block" "lake" {
      [32m+[0m[0m block_public_acls       = true
      [32m+[0m[0m block_public_policy     = true
      [32m+[0m[0m bucket                  = (known after apply)
      [32m+[0m[0m id                      = (known after apply)
      [32m+[0m[0m ignore_public_acls      = true
      [32m+[0m[0m region                  = "us-east-1"
      [32m+[0m[0m restrict_public_buckets = true
    }

[1m  # module.lake.aws_s3_bucket_public_access_block.lake["resultados"][0m will be created
[0m  [32m+[0m[0m resource "aws_s3_bucket_public_access_block" "lake" {
      [32m+[0m[0m block_public_acls       = true
      [32m+[0m[0m block_public_policy     = true
      [32m+[0m[0m bucket                  = (known after apply)
      [32m+[0m[0m id                      = (known after apply)
      [32m+[0m[0m ignore_public_acls      = true
      [32m+[0m[0m region                  = "us-east-1"
      [32m+[0m[0m restrict_public_buckets = true
    }

[1m  # module.lake.aws_s3_bucket_public_access_block.lake["trusted"][0m will be created
[0m  [32m+[0m[0m resource "aws_s3_bucket_public_access_block" "lake" {
      [32m+[0m[0m block_public_acls       = true
      [32m+[0m[0m block_public_policy     = true
      [32m+[0m[0m bucket                  = (known after apply)
      [32m+[0m[0m id                      = (known after apply)
      [32m+[0m[0m ignore_public_acls      = true
      [32m+[0m[0m region                  = "us-east-1"
      [32m+[0m[0m restrict_public_buckets = true
    }

[1m  # module.lake.aws_s3_bucket_server_side_encryption_configuration.lake["raw"][0m will be created
[0m  [32m+[0m[0m resource "aws_s3_bucket_server_side_encryption_configuration" "lake" {
      [32m+[0m[0m bucket = (known after apply)
      [32m+[0m[0m id     = (known after apply)
      [32m+[0m[0m region = "us-east-1"

      [32m+[0m[0m rule {
          [32m+[0m[0m blocked_encryption_types = (known after apply)
          [32m+[0m[0m bucket_key_enabled       = (known after apply)

          [32m+[0m[0m apply_server_side_encryption_by_default {
              [32m+[0m[0m kms_master_key_id = (known after apply)
              [32m+[0m[0m sse_algorithm     = "AES256"
            }
        }
    }

[1m  # module.lake.aws_s3_bucket_server_side_encryption_configuration.lake["resultados"][0m will be created
[0m  [32m+[0m[0m resource "aws_s3_bucket_server_side_encryption_configuration" "lake" {
      [32m+[0m[0m bucket = (known after apply)
      [32m+[0m[0m id     = (known after apply)
      [32m+[0m[0m region = "us-east-1"

      [32m+[0m[0m rule {
          [32m+[0m[0m blocked_encryption_types = (known after apply)
          [32m+[0m[0m bucket_key_enabled       = (known after apply)

          [32m+[0m[0m apply_server_side_encryption_by_default {
              [32m+[0m[0m kms_master_key_id = (known after apply)
              [32m+[0m[0m sse_algorithm     = "AES256"
            }
        }
    }

[1m  # module.lake.aws_s3_bucket_server_side_encryption_configuration.lake["trusted"][0m will be created
[0m  [32m+[0m[0m resource "aws_s3_bucket_server_side_encryption_configuration" "lake" {
      [32m+[0m[0m bucket = (known after apply)
      [32m+[0m[0m id     = (known after apply)
      [32m+[0m[0m region = "us-east-1"

      [32m+[0m[0m rule {
          [32m+[0m[0m blocked_encryption_types = (known after apply)
          [32m+[0m[0m bucket_key_enabled       = (known after apply)

          [32m+[0m[0m apply_server_side_encryption_by_default {
              [32m+[0m[0m kms_master_key_id = (known after apply)
              [32m+[0m[0m sse_algorithm     = "AES256"
            }
        }
    }

[1m  # module.lake.aws_s3_object.raw["tse/votacao_candidato_munzona/ano_2018/votacao_candidato_munzona_2018_AC.csv"][0m will be created
[0m  [32m+[0m[0m resource "aws_s3_object" "raw" {
      [32m+[0m[0m acl                    = (known after apply)
      [32m+[0m[0m arn                    = (known after apply)
      [32m+[0m[0m bucket                 = (known after apply)
      [32m+[0m[0m bucket_key_enabled     = (known after apply)
      [32m+[0m[0m checksum_crc32         = (known after apply)
      [32m+[0m[0m checksum_crc32c        = (known after apply)
      [32m+[0m[0m checksum_crc64nvme     = (known after apply)
      [32m+[0m[0m checksum_sha1          = (known after apply)
      [32m+[0m[0m checksum_sha256        = (known after apply)
      [32m+[0m[0m content_type           = "text/csv; charset=iso-8859-1"
      [32m+[0m[0m etag                   = "70b16d6a786b29b3633f6746bd6dfb4b"
      [32m+[0m[0m force_destroy          = false
      [32m+[0m[0m id                     = (known after apply)
      [32m+[0m[0m key                    = "tse/votacao_candidato_munzona/ano_2018/votacao_candidato_munzona_2018_AC.csv"
      [32m+[0m[0m kms_key_id             = (known after apply)
      [32m+[0m[0m region                 = "us-east-1"
      [32m+[0m[0m server_side_encryption = (known after apply)
      [32m+[0m[0m source                 = "./../dados/raw/tse/votacao_candidato_munzona/ano_2018/votacao_candidato_munzona_2018_AC.csv"
      [32m+[0m[0m storage_class          = (known after apply)
      [32m+[0m[0m tags_all               = {
          [32m+[0m[0m "grupo"   = "g06"
          [32m+[0m[0m "projeto" = "engenharia-de-dados"
          [32m+[0m[0m "turma"   = "eda262"
        }
      [32m+[0m[0m version_id             = (known after apply)
    }

[1m  # module.lake.aws_s3_object.raw["tse/votacao_candidato_munzona/ano_2018/votacao_candidato_munzona_2018_AL.csv"][0m will be created
[0m  [32m+[0m[0m resource "aws_s3_object" "raw" {
      [32m+[0m[0m acl                    = (known after apply)
      [32m+[0m[0m arn                    = (known after apply)
      [32m+[0m[0m bucket                 = (known after apply)
      [32m+[0m[0m bucket_key_enabled     = (known after apply)
      [32m+[0m[0m checksum_crc32         = (known after apply)
      [32m+[0m[0m checksum_crc32c        = (known after apply)
      [32m+[0m[0m checksum_crc64nvme     = (known after apply)
      [32m+[0m[0m checksum_sha1          = (known after apply)
      [32m+[0m[0m checksum_sha256        = (known after apply)
      [32m+[0m[0m content_type           = "text/csv; charset=iso-8859-1"
      [32m+[0m[0m etag                   = "2cbafaec299d9283c32a9eee512700a9"
      [32m+[0m[0m force_destroy          = false
      [32m+[0m[0m id                     = (known after apply)
      [32m+[0m[0m key                    = "tse/votacao_candidato_munzona/ano_2018/votacao_candidato_munzona_2018_AL.csv"
      [32m+[0m[0m kms_key_id             = (known after apply)
      [32m+[0m[0m region                 = "us-east-1"
      [32m+[0m[0m server_side_encryption = (known after apply)
      [32m+[0m[0m source                 = "./../dados/raw/tse/votacao_candidato_munzona/ano_2018/votacao_candidato_munzona_2018_AL.csv"
      [32m+[0m[0m storage_class          = (known after apply)
      [32m+[0m[0m tags_all               = {
          [32m+[0m[0m "grupo"   = "g06"
          [32m+[0m[0m "projeto" = "engenharia-de-dados"
          [32m+[0m[0m "turma"   = "eda262"
        }
      [32m+[0m[0m version_id             = (known after apply)
    }

[1m  # module.lake.aws_s3_object.raw["tse/votacao_candidato_munzona/ano_2018/votacao_candidato_munzona_2018_AM.csv"][0m will be created
[0m  [32m+[0m[0m resource "aws_s3_object" "raw" {
      [32m+[0m[0m acl                    = (known after apply)
      [32m+[0m[0m arn                    = (known after apply)
      [32m+[0m[0m bucket                 = (known after apply)
      [32m+[0m[0m bucket_key_enabled     = (known after apply)
      [32m+[0m[0m checksum_crc32         = (known after apply)
      [32m+[0m[0m checksum_crc32c        = (known after apply)
      [32m+[0m[0m checksum_crc64nvme     = (known after apply)
      [32m+[0m[0m checksum_sha1          = (known after apply)
      [32m+[0m[0m checksum_sha256        = (known after apply)
      [32m+[0m[0m content_type           = "text/csv; charset=iso-8859-1"
      [32m+[0m[0m etag                   = "fc4ea5e0efa4a94af6fa8533d71ead13"
      [32m+[0m[0m force_destroy          = false
      [32m+[0m[0m id                     = (known after apply)
      [32m+[0m[0m key                    = "tse/votacao_candidato_munzona/ano_2018/votacao_candidato_munzona_2018_AM.csv"
      [32m+[0m[0m kms_key_id             = (known after apply)
      [32m+[0m[0m region                 = "us-east-1"
      [32m+[0m[0m server_side_encryption = (known after apply)
      [32m+[0m[0m source                 = "./../dados/raw/tse/votacao_candidato_munzona/ano_2018/votacao_candidato_munzona_2018_AM.csv"
      [32m+[0m[0m storage_class          = (known after apply)
      [32m+[0m[0m tags_all               = {
          [32m+[0m[0m "grupo"   = "g06"
          [32m+[0m[0m "projeto" = "engenharia-de-dados"
          [32m+[0m[0m "turma"   = "eda262"
        }
      [32m+[0m[0m version_id             = (known after apply)
    }

[1m  # module.lake.aws_s3_object.raw["tse/votacao_candidato_munzona/ano_2018/votacao_candidato_munzona_2018_AP.csv"][0m will be created
[0m  [32m+[0m[0m resource "aws_s3_object" "raw" {
      [32m+[0m[0m acl                    = (known after apply)
      [32m+[0m[0m arn                    = (known after apply)
      [32m+[0m[0m bucket                 = (known after apply)
      [32m+[0m[0m bucket_key_enabled     = (known after apply)
      [32m+[0m[0m checksum_crc32         = (known after apply)
      [32m+[0m[0m checksum_crc32c        = (known after apply)
      [32m+[0m[0m checksum_crc64nvme     = (known after apply)
      [32m+[0m[0m checksum_sha1          = (known after apply)
      [32m+[0m[0m checksum_sha256        = (known after apply)
      [32m+[0m[0m content_type           = "text/csv; charset=iso-8859-1"
      [32m+[0m[0m etag                   = "75f26723eb976ae9cc151b3d370eb7cd"
      [32m+[0m[0m force_destroy          = false
      [32m+[0m[0m id                     = (known after apply)
      [32m+[0m[0m key                    = "tse/votacao_candidato_munzona/ano_2018/votacao_candidato_munzona_2018_AP.csv"
      [32m+[0m[0m kms_key_id             = (known after apply)
      [32m+[0m[0m region                 = "us-east-1"
      [32m+[0m[0m server_side_encryption = (known after apply)
      [32m+[0m[0m source                 = "./../dados/raw/tse/votacao_candidato_munzona/ano_2018/votacao_candidato_munzona_2018_AP.csv"
      [32m+[0m[0m storage_class          = (known after apply)
      [32m+[0m[0m tags_all               = {
          [32m+[0m[0m "grupo"   = "g06"
          [32m+[0m[0m "projeto" = "engenharia-de-dados"
          [32m+[0m[0m "turma"   = "eda262"
        }
      [32m+[0m[0m version_id             = (known after apply)
    }

[1m  # module.lake.aws_s3_object.raw["tse/votacao_candidato_munzona/ano_2018/votacao_candidato_munzona_2018_BA.csv"][0m will be created
[0m  [32m+[0m[0m resource "aws_s3_object" "raw" {
      [32m+[0m[0m acl                    = (known after apply)
      [32m+[0m[0m arn                    = (known after apply)
      [32m+[0m[0m bucket                 = (known after apply)
      [32m+[0m[0m bucket_key_enabled     = (known after apply)
      [32m+[0m[0m checksum_crc32         = (known after apply)
      [32m+[0m[0m checksum_crc32c        = (known after apply)
      [32m+[0m[0m checksum_crc64nvme     = (known after apply)
      [32m+[0m[0m checksum_sha1          = (known after apply)
      [32m+[0m[0m checksum_sha256        = (known after apply)
      [32m+[0m[0m content_type           = "text/csv; charset=iso-8859-1"
      [32m+[0m[0m etag                   = "5101c0d2b9c4b5615c8b36fb2d043d0c"
      [32m+[0m[0m force_destroy          = false
      [32m+[0m[0m id                     = (known after apply)
      [32m+[0m[0m key                    = "tse/votacao_candidato_munzona/ano_2018/votacao_candidato_munzona_2018_BA.csv"
      [32m+[0m[0m kms_key_id             = (known after apply)
      [32m+[0m[0m region                 = "us-east-1"
      [32m+[0m[0m server_side_encryption = (known after apply)
      [32m+[0m[0m source                 = "./../dados/raw/tse/votacao_candidato_munzona/ano_2018/votacao_candidato_munzona_2018_BA.csv"
      [32m+[0m[0m storage_class          = (known after apply)
      [32m+[0m[0m tags_all               = {
          [32m+[0m[0m "grupo"   = "g06"
          [32m+[0m[0m "projeto" = "engenharia-de-dados"
          [32m+[0m[0m "turma"   = "eda262"
        }
      [32m+[0m[0m version_id             = (known after apply)
    }

[1m  # module.lake.aws_s3_object.raw["tse/votacao_candidato_munzona/ano_2018/votacao_candidato_munzona_2018_CE.csv"][0m will be created
[0m  [32m+[0m[0m resource "aws_s3_object" "raw" {
      [32m+[0m[0m acl                    = (known after apply)
      [32m+[0m[0m arn                    = (known after apply)
      [32m+[0m[0m bucket                 = (known after apply)
      [32m+[0m[0m bucket_key_enabled     = (known after apply)
      [32m+[0m[0m checksum_crc32         = (known after apply)
      [32m+[0m[0m checksum_crc32c        = (known after apply)
      [32m+[0m[0m checksum_crc64nvme     = (known after apply)
      [32m+[0m[0m checksum_sha1          = (known after apply)
      [32m+[0m[0m checksum_sha256        = (known after apply)
      [32m+[0m[0m content_type           = "text/csv; charset=iso-8859-1"
      [32m+[0m[0m etag                   = "bdb2bea73452cc11da9e005fb46cbe26"
      [32m+[0m[0m force_destroy          = false
      [32m+[0m[0m id                     = (known after apply)
      [32m+[0m[0m key                    = "tse/votacao_candidato_munzona/ano_2018/votacao_candidato_munzona_2018_CE.csv"
      [32m+[0m[0m kms_key_id             = (known after apply)
      [32m+[0m[0m region                 = "us-east-1"
      [32m+[0m[0m server_side_encryption = (known after apply)
      [32m+[0m[0m source                 = "./../dados/raw/tse/votacao_candidato_munzona/ano_2018/votacao_candidato_munzona_2018_CE.csv"
      [32m+[0m[0m storage_class          = (known after apply)
      [32m+[0m[0m tags_all               = {
          [32m+[0m[0m "grupo"   = "g06"
          [32m+[0m[0m "projeto" = "engenharia-de-dados"
          [32m+[0m[0m "turma"   = "eda262"
        }
      [32m+[0m[0m version_id             = (known after apply)
    }

[1m  # module.lake.aws_s3_object.raw["tse/votacao_candidato_munzona/ano_2018/votacao_candidato_munzona_2018_DF.csv"][0m will be created
[0m  [32m+[0m[0m resource "aws_s3_object" "raw" {
      [32m+[0m[0m acl                    = (known after apply)
      [32m+[0m[0m arn                    = (known after apply)
      [32m+[0m[0m bucket                 = (known after apply)
      [32m+[0m[0m bucket_key_enabled     = (known after apply)
      [32m+[0m[0m checksum_crc32         = (known after apply)
      [32m+[0m[0m checksum_crc32c        = (known after apply)
      [32m+[0m[0m checksum_crc64nvme     = (known after apply)
      [32m+[0m[0m checksum_sha1          = (known after apply)
      [32m+[0m[0m checksum_sha256        = (known after apply)
      [32m+[0m[0m content_type           = "text/csv; charset=iso-8859-1"
      [32m+[0m[0m etag                   = "12804666c632c6c5106ec1c52dc95f9e"
      [32m+[0m[0m force_destroy          = false
      [32m+[0m[0m id                     = (known after apply)
      [32m+[0m[0m key                    = "tse/votacao_candidato_munzona/ano_2018/votacao_candidato_munzona_2018_DF.csv"
      [32m+[0m[0m kms_key_id             = (known after apply)
      [32m+[0m[0m region                 = "us-east-1"
      [32m+[0m[0m server_side_encryption = (known after apply)
      [32m+[0m[0m source                 = "./../dados/raw/tse/votacao_candidato_munzona/ano_2018/votacao_candidato_munzona_2018_DF.csv"
      [32m+[0m[0m storage_class          = (known after apply)
      [32m+[0m[0m tags_all               = {
          [32m+[0m[0m "grupo"   = "g06"
          [32m+[0m[0m "projeto" = "engenharia-de-dados"
          [32m+[0m[0m "turma"   = "eda262"
        }
      [32m+[0m[0m version_id             = (known after apply)
    }

[1m  # module.lake.aws_s3_object.raw["tse/votacao_candidato_munzona/ano_2018/votacao_candidato_munzona_2018_ES.csv"][0m will be created
[0m  [32m+[0m[0m resource "aws_s3_object" "raw" {
      [32m+[0m[0m acl                    = (known after apply)
      [32m+[0m[0m arn                    = (known after apply)
      [32m+[0m[0m bucket                 = (known after apply)
      [32m+[0m[0m bucket_key_enabled     = (known after apply)
      [32m+[0m[0m checksum_crc32         = (known after apply)
      [32m+[0m[0m checksum_crc32c        = (known after apply)
      [32m+[0m[0m checksum_crc64nvme     = (known after apply)
      [32m+[0m[0m checksum_sha1          = (known after apply)
      [32m+[0m[0m checksum_sha256        = (known after apply)
      [32m+[0m[0m content_type           = "text/csv; charset=iso-8859-1"
      [32m+[0m[0m etag                   = "205c9aae9b3e1565a5229f1fad13edd0"
      [32m+[0m[0m force_destroy          = false
      [32m+[0m[0m id                     = (known after apply)
      [32m+[0m[0m key                    = "tse/votacao_candidato_munzona/ano_2018/votacao_candidato_munzona_2018_ES.csv"
      [32m+[0m[0m kms_key_id             = (known after apply)
      [32m+[0m[0m region                 = "us-east-1"
      [32m+[0m[0m server_side_encryption = (known after apply)
      [32m+[0m[0m source                 = "./../dados/raw/tse/votacao_candidato_munzona/ano_2018/votacao_candidato_munzona_2018_ES.csv"
      [32m+[0m[0m storage_class          = (known after apply)
      [32m+[0m[0m tags_all               = {
          [32m+[0m[0m "grupo"   = "g06"
          [32m+[0m[0m "projeto" = "engenharia-de-dados"
          [32m+[0m[0m "turma"   = "eda262"
        }
      [32m+[0m[0m version_id             = (known after apply)
    }

[1m  # module.lake.aws_s3_object.raw["tse/votacao_candidato_munzona/ano_2018/votacao_candidato_munzona_2018_GO.csv"][0m will be created
[0m  [32m+[0m[0m resource "aws_s3_object" "raw" {
      [32m+[0m[0m acl                    = (known after apply)
      [32m+[0m[0m arn                    = (known after apply)
      [32m+[0m[0m bucket                 = (known after apply)
      [32m+[0m[0m bucket_key_enabled     = (known after apply)
      [32m+[0m[0m checksum_crc32         = (known after apply)
      [32m+[0m[0m checksum_crc32c        = (known after apply)
      [32m+[0m[0m checksum_crc64nvme     = (known after apply)
      [32m+[0m[0m checksum_sha1          = (known after apply)
      [32m+[0m[0m checksum_sha256        = (known after apply)
      [32m+[0m[0m content_type           = "text/csv; charset=iso-8859-1"
      [32m+[0m[0m etag                   = "d19350e545dacc6afd778189dc4dbf2c"
      [32m+[0m[0m force_destroy          = false
      [32m+[0m[0m id                     = (known after apply)
      [32m+[0m[0m key                    = "tse/votacao_candidato_munzona/ano_2018/votacao_candidato_munzona_2018_GO.csv"
      [32m+[0m[0m kms_key_id             = (known after apply)
      [32m+[0m[0m region                 = "us-east-1"
      [32m+[0m[0m server_side_encryption = (known after apply)
      [32m+[0m[0m source                 = "./../dados/raw/tse/votacao_candidato_munzona/ano_2018/votacao_candidato_munzona_2018_GO.csv"
      [32m+[0m[0m storage_class          = (known after apply)
      [32m+[0m[0m tags_all               = {
          [32m+[0m[0m "grupo"   = "g06"
          [32m+[0m[0m "projeto" = "engenharia-de-dados"
          [32m+[0m[0m "turma"   = "eda262"
        }
      [32m+[0m[0m version_id             = (known after apply)
    }

[1m  # module.lake.aws_s3_object.raw["tse/votacao_candidato_munzona/ano_2018/votacao_candidato_munzona_2018_MA.csv"][0m will be created
[0m  [32m+[0m[0m resource "aws_s3_object" "raw" {
      [32m+[0m[0m acl                    = (known after apply)
      [32m+[0m[0m arn                    = (known after apply)
      [32m+[0m[0m bucket                 = (known after apply)
      [32m+[0m[0m bucket_key_enabled     = (known after apply)
      [32m+[0m[0m checksum_crc32         = (known after apply)
      [32m+[0m[0m checksum_crc32c        = (known after apply)
      [32m+[0m[0m checksum_crc64nvme     = (known after apply)
      [32m+[0m[0m checksum_sha1          = (known after apply)
      [32m+[0m[0m checksum_sha256        = (known after apply)
      [32m+[0m[0m content_type           = "text/csv; charset=iso-8859-1"
      [32m+[0m[0m etag                   = "ab8f2e039c666cd52d265ae06819e9b6"
      [32m+[0m[0m force_destroy          = false
      [32m+[0m[0m id                     = (known after apply)
      [32m+[0m[0m key                    = "tse/votacao_candidato_munzona/ano_2018/votacao_candidato_munzona_2018_MA.csv"
      [32m+[0m[0m kms_key_id             = (known after apply)
      [32m+[0m[0m region                 = "us-east-1"
      [32m+[0m[0m server_side_encryption = (known after apply)
      [32m+[0m[0m source                 = "./../dados/raw/tse/votacao_candidato_munzona/ano_2018/votacao_candidato_munzona_2018_MA.csv"
      [32m+[0m[0m storage_class          = (known after apply)
      [32m+[0m[0m tags_all               = {
          [32m+[0m[0m "grupo"   = "g06"
          [32m+[0m[0m "projeto" = "engenharia-de-dados"
          [32m+[0m[0m "turma"   = "eda262"
        }
      [32m+[0m[0m version_id             = (known after apply)
    }

[1m  # module.lake.aws_s3_object.raw["tse/votacao_candidato_munzona/ano_2018/votacao_candidato_munzona_2018_MG.csv"][0m will be created
[0m  [32m+[0m[0m resource "aws_s3_object" "raw" {
      [32m+[0m[0m acl                    = (known after apply)
      [32m+[0m[0m arn                    = (known after apply)
      [32m+[0m[0m bucket                 = (known after apply)
      [32m+[0m[0m bucket_key_enabled     = (known after apply)
      [32m+[0m[0m checksum_crc32         = (known after apply)
      [32m+[0m[0m checksum_crc32c        = (known after apply)
      [32m+[0m[0m checksum_crc64nvme     = (known after apply)
      [32m+[0m[0m checksum_sha1          = (known after apply)
      [32m+[0m[0m checksum_sha256        = (known after apply)
      [32m+[0m[0m content_type           = "text/csv; charset=iso-8859-1"
      [32m+[0m[0m etag                   = "d38b00339f36eb92c02f430cbc8f5f54"
      [32m+[0m[0m force_destroy          = false
      [32m+[0m[0m id                     = (known after apply)
      [32m+[0m[0m key                    = "tse/votacao_candidato_munzona/ano_2018/votacao_candidato_munzona_2018_MG.csv"
      [32m+[0m[0m kms_key_id             = (known after apply)
      [32m+[0m[0m region                 = "us-east-1"
      [32m+[0m[0m server_side_encryption = (known after apply)
      [32m+[0m[0m source                 = "./../dados/raw/tse/votacao_candidato_munzona/ano_2018/votacao_candidato_munzona_2018_MG.csv"
      [32m+[0m[0m storage_class          = (known after apply)
      [32m+[0m[0m tags_all               = {
          [32m+[0m[0m "grupo"   = "g06"
          [32m+[0m[0m "projeto" = "engenharia-de-dados"
          [32m+[0m[0m "turma"   = "eda262"
        }
      [32m+[0m[0m version_id             = (known after apply)
    }

[1m  # module.lake.aws_s3_object.raw["tse/votacao_candidato_munzona/ano_2018/votacao_candidato_munzona_2018_MS.csv"][0m will be created
[0m  [32m+[0m[0m resource "aws_s3_object" "raw" {
      [32m+[0m[0m acl                    = (known after apply)
      [32m+[0m[0m arn                    = (known after apply)
      [32m+[0m[0m bucket                 = (known after apply)
      [32m+[0m[0m bucket_key_enabled     = (known after apply)
      [32m+[0m[0m checksum_crc32         = (known after apply)
      [32m+[0m[0m checksum_crc32c        = (known after apply)
      [32m+[0m[0m checksum_crc64nvme     = (known after apply)
      [32m+[0m[0m checksum_sha1          = (known after apply)
      [32m+[0m[0m checksum_sha256        = (known after apply)
      [32m+[0m[0m content_type           = "text/csv; charset=iso-8859-1"
      [32m+[0m[0m etag                   = "27515a7656ef21283ae735384bc6a4b5"
      [32m+[0m[0m force_destroy          = false
      [32m+[0m[0m id                     = (known after apply)
      [32m+[0m[0m key                    = "tse/votacao_candidato_munzona/ano_2018/votacao_candidato_munzona_2018_MS.csv"
      [32m+[0m[0m kms_key_id             = (known after apply)
      [32m+[0m[0m region                 = "us-east-1"
      [32m+[0m[0m server_side_encryption = (known after apply)
      [32m+[0m[0m source                 = "./../dados/raw/tse/votacao_candidato_munzona/ano_2018/votacao_candidato_munzona_2018_MS.csv"
      [32m+[0m[0m storage_class          = (known after apply)
      [32m+[0m[0m tags_all               = {
          [32m+[0m[0m "grupo"   = "g06"
          [32m+[0m[0m "projeto" = "engenharia-de-dados"
          [32m+[0m[0m "turma"   = "eda262"
        }
      [32m+[0m[0m version_id             = (known after apply)
    }

[1m  # module.lake.aws_s3_object.raw["tse/votacao_candidato_munzona/ano_2018/votacao_candidato_munzona_2018_MT.csv"][0m will be created
[0m  [32m+[0m[0m resource "aws_s3_object" "raw" {
      [32m+[0m[0m acl                    = (known after apply)
      [32m+[0m[0m arn                    = (known after apply)
      [32m+[0m[0m bucket                 = (known after apply)
      [32m+[0m[0m bucket_key_enabled     = (known after apply)
      [32m+[0m[0m checksum_crc32         = (known after apply)
      [32m+[0m[0m checksum_crc32c        = (known after apply)
      [32m+[0m[0m checksum_crc64nvme     = (known after apply)
      [32m+[0m[0m checksum_sha1          = (known after apply)
      [32m+[0m[0m checksum_sha256        = (known after apply)
      [32m+[0m[0m content_type           = "text/csv; charset=iso-8859-1"
      [32m+[0m[0m etag                   = "e1dbd9cf914d5e1ced890e1344b65807"
      [32m+[0m[0m force_destroy          = false
      [32m+[0m[0m id                     = (known after apply)
      [32m+[0m[0m key                    = "tse/votacao_candidato_munzona/ano_2018/votacao_candidato_munzona_2018_MT.csv"
      [32m+[0m[0m kms_key_id             = (known after apply)
      [32m+[0m[0m region                 = "us-east-1"
      [32m+[0m[0m server_side_encryption = (known after apply)
      [32m+[0m[0m source                 = "./../dados/raw/tse/votacao_candidato_munzona/ano_2018/votacao_candidato_munzona_2018_MT.csv"
      [32m+[0m[0m storage_class          = (known after apply)
      [32m+[0m[0m tags_all               = {
          [32m+[0m[0m "grupo"   = "g06"
          [32m+[0m[0m "projeto" = "engenharia-de-dados"
          [32m+[0m[0m "turma"   = "eda262"
        }
      [32m+[0m[0m version_id             = (known after apply)
    }

[1m  # module.lake.aws_s3_object.raw["tse/votacao_candidato_munzona/ano_2018/votacao_candidato_munzona_2018_PA.csv"][0m will be created
[0m  [32m+[0m[0m resource "aws_s3_object" "raw" {
      [32m+[0m[0m acl                    = (known after apply)
      [32m+[0m[0m arn                    = (known after apply)
      [32m+[0m[0m bucket                 = (known after apply)
      [32m+[0m[0m bucket_key_enabled     = (known after apply)
      [32m+[0m[0m checksum_crc32         = (known after apply)
      [32m+[0m[0m checksum_crc32c        = (known after apply)
      [32m+[0m[0m checksum_crc64nvme     = (known after apply)
      [32m+[0m[0m checksum_sha1          = (known after apply)
      [32m+[0m[0m checksum_sha256        = (known after apply)
      [32m+[0m[0m content_type           = "text/csv; charset=iso-8859-1"
      [32m+[0m[0m etag                   = "1a8174328df1c40372b13afe80d1ac91"
      [32m+[0m[0m force_destroy          = false
      [32m+[0m[0m id                     = (known after apply)
      [32m+[0m[0m key                    = "tse/votacao_candidato_munzona/ano_2018/votacao_candidato_munzona_2018_PA.csv"
      [32m+[0m[0m kms_key_id             = (known after apply)
      [32m+[0m[0m region                 = "us-east-1"
      [32m+[0m[0m server_side_encryption = (known after apply)
      [32m+[0m[0m source                 = "./../dados/raw/tse/votacao_candidato_munzona/ano_2018/votacao_candidato_munzona_2018_PA.csv"
      [32m+[0m[0m storage_class          = (known after apply)
      [32m+[0m[0m tags_all               = {
          [32m+[0m[0m "grupo"   = "g06"
          [32m+[0m[0m "projeto" = "engenharia-de-dados"
          [32m+[0m[0m "turma"   = "eda262"
        }
      [32m+[0m[0m version_id             = (known after apply)
    }

[1m  # module.lake.aws_s3_object.raw["tse/votacao_candidato_munzona/ano_2018/votacao_candidato_munzona_2018_PB.csv"][0m will be created
[0m  [32m+[0m[0m resource "aws_s3_object" "raw" {
      [32m+[0m[0m acl                    = (known after apply)
      [32m+[0m[0m arn                    = (known after apply)
      [32m+[0m[0m bucket                 = (known after apply)
      [32m+[0m[0m bucket_key_enabled     = (known after apply)
      [32m+[0m[0m checksum_crc32         = (known after apply)
      [32m+[0m[0m checksum_crc32c        = (known after apply)
      [32m+[0m[0m checksum_crc64nvme     = (known after apply)
      [32m+[0m[0m checksum_sha1          = (known after apply)
      [32m+[0m[0m checksum_sha256        = (known after apply)
      [32m+[0m[0m content_type           = "text/csv; charset=iso-8859-1"
      [32m+[0m[0m etag                   = "a55022a88ee71b994a785d1b142164a7"
      [32m+[0m[0m force_destroy          = false
      [32m+[0m[0m id                     = (known after apply)
      [32m+[0m[0m key                    = "tse/votacao_candidato_munzona/ano_2018/votacao_candidato_munzona_2018_PB.csv"
      [32m+[0m[0m kms_key_id             = (known after apply)
      [32m+[0m[0m region                 = "us-east-1"
      [32m+[0m[0m server_side_encryption = (known after apply)
      [32m+[0m[0m source                 = "./../dados/raw/tse/votacao_candidato_munzona/ano_2018/votacao_candidato_munzona_2018_PB.csv"
      [32m+[0m[0m storage_class          = (known after apply)
      [32m+[0m[0m tags_all               = {
          [32m+[0m[0m "grupo"   = "g06"
          [32m+[0m[0m "projeto" = "engenharia-de-dados"
          [32m+[0m[0m "turma"   = "eda262"
        }
      [32m+[0m[0m version_id             = (known after apply)
    }

[1m  # module.lake.aws_s3_object.raw["tse/votacao_candidato_munzona/ano_2018/votacao_candidato_munzona_2018_PE.csv"][0m will be created
[0m  [32m+[0m[0m resource "aws_s3_object" "raw" {
      [32m+[0m[0m acl                    = (known after apply)
      [32m+[0m[0m arn                    = (known after apply)
      [32m+[0m[0m bucket                 = (known after apply)
      [32m+[0m[0m bucket_key_enabled     = (known after apply)
      [32m+[0m[0m checksum_crc32         = (known after apply)
      [32m+[0m[0m checksum_crc32c        = (known after apply)
      [32m+[0m[0m checksum_crc64nvme     = (known after apply)
      [32m+[0m[0m checksum_sha1          = (known after apply)
      [32m+[0m[0m checksum_sha256        = (known after apply)
      [32m+[0m[0m content_type           = "text/csv; charset=iso-8859-1"
      [32m+[0m[0m etag                   = "ea5e5497b096e26baf241326951d432c"
      [32m+[0m[0m force_destroy          = false
      [32m+[0m[0m id                     = (known after apply)
      [32m+[0m[0m key                    = "tse/votacao_candidato_munzona/ano_2018/votacao_candidato_munzona_2018_PE.csv"
      [32m+[0m[0m kms_key_id             = (known after apply)
      [32m+[0m[0m region                 = "us-east-1"
      [32m+[0m[0m server_side_encryption = (known after apply)
      [32m+[0m[0m source                 = "./../dados/raw/tse/votacao_candidato_munzona/ano_2018/votacao_candidato_munzona_2018_PE.csv"
      [32m+[0m[0m storage_class          = (known after apply)
      [32m+[0m[0m tags_all               = {
          [32m+[0m[0m "grupo"   = "g06"
          [32m+[0m[0m "projeto" = "engenharia-de-dados"
          [32m+[0m[0m "turma"   = "eda262"
        }
      [32m+[0m[0m version_id             = (known after apply)
    }

[1m  # module.lake.aws_s3_object.raw["tse/votacao_candidato_munzona/ano_2018/votacao_candidato_munzona_2018_PI.csv"][0m will be created
[0m  [32m+[0m[0m resource "aws_s3_object" "raw" {
      [32m+[0m[0m acl                    = (known after apply)
      [32m+[0m[0m arn                    = (known after apply)
      [32m+[0m[0m bucket                 = (known after apply)
      [32m+[0m[0m bucket_key_enabled     = (known after apply)
      [32m+[0m[0m checksum_crc32         = (known after apply)
      [32m+[0m[0m checksum_crc32c        = (known after apply)
      [32m+[0m[0m checksum_crc64nvme     = (known after apply)
      [32m+[0m[0m checksum_sha1          = (known after apply)
      [32m+[0m[0m checksum_sha256        = (known after apply)
      [32m+[0m[0m content_type           = "text/csv; charset=iso-8859-1"
      [32m+[0m[0m etag                   = "2d66a3b71368dac8defeebfb736e24fa"
      [32m+[0m[0m force_destroy          = false
      [32m+[0m[0m id                     = (known after apply)
      [32m+[0m[0m key                    = "tse/votacao_candidato_munzona/ano_2018/votacao_candidato_munzona_2018_PI.csv"
      [32m+[0m[0m kms_key_id             = (known after apply)
      [32m+[0m[0m region                 = "us-east-1"
      [32m+[0m[0m server_side_encryption = (known after apply)
      [32m+[0m[0m source                 = "./../dados/raw/tse/votacao_candidato_munzona/ano_2018/votacao_candidato_munzona_2018_PI.csv"
      [32m+[0m[0m storage_class          = (known after apply)
      [32m+[0m[0m tags_all               = {
          [32m+[0m[0m "grupo"   = "g06"
          [32m+[0m[0m "projeto" = "engenharia-de-dados"
          [32m+[0m[0m "turma"   = "eda262"
        }
      [32m+[0m[0m version_id             = (known after apply)
    }

[1m  # module.lake.aws_s3_object.raw["tse/votacao_candidato_munzona/ano_2018/votacao_candidato_munzona_2018_PR.csv"][0m will be created
[0m  [32m+[0m[0m resource "aws_s3_object" "raw" {
      [32m+[0m[0m acl                    = (known after apply)
      [32m+[0m[0m arn                    = (known after apply)
      [32m+[0m[0m bucket                 = (known after apply)
      [32m+[0m[0m bucket_key_enabled     = (known after apply)
      [32m+[0m[0m checksum_crc32         = (known after apply)
      [32m+[0m[0m checksum_crc32c        = (known after apply)
      [32m+[0m[0m checksum_crc64nvme     = (known after apply)
      [32m+[0m[0m checksum_sha1          = (known after apply)
      [32m+[0m[0m checksum_sha256        = (known after apply)
      [32m+[0m[0m content_type           = "text/csv; charset=iso-8859-1"
      [32m+[0m[0m etag                   = "256e2923f7dc584376bf6be8604a45e2"
      [32m+[0m[0m force_destroy          = false
      [32m+[0m[0m id                     = (known after apply)
      [32m+[0m[0m key                    = "tse/votacao_candidato_munzona/ano_2018/votacao_candidato_munzona_2018_PR.csv"
      [32m+[0m[0m kms_key_id             = (known after apply)
      [32m+[0m[0m region                 = "us-east-1"
      [32m+[0m[0m server_side_encryption = (known after apply)
      [32m+[0m[0m source                 = "./../dados/raw/tse/votacao_candidato_munzona/ano_2018/votacao_candidato_munzona_2018_PR.csv"
      [32m+[0m[0m storage_class          = (known after apply)
      [32m+[0m[0m tags_all               = {
          [32m+[0m[0m "grupo"   = "g06"
          [32m+[0m[0m "projeto" = "engenharia-de-dados"
          [32m+[0m[0m "turma"   = "eda262"
        }
      [32m+[0m[0m version_id             = (known after apply)
    }

[1m  # module.lake.aws_s3_object.raw["tse/votacao_candidato_munzona/ano_2018/votacao_candidato_munzona_2018_RJ.csv"][0m will be created
[0m  [32m+[0m[0m resource "aws_s3_object" "raw" {
      [32m+[0m[0m acl                    = (known after apply)
      [32m+[0m[0m arn                    = (known after apply)
      [32m+[0m[0m bucket                 = (known after apply)
      [32m+[0m[0m bucket_key_enabled     = (known after apply)
      [32m+[0m[0m checksum_crc32         = (known after apply)
      [32m+[0m[0m checksum_crc32c        = (known after apply)
      [32m+[0m[0m checksum_crc64nvme     = (known after apply)
      [32m+[0m[0m checksum_sha1          = (known after apply)
      [32m+[0m[0m checksum_sha256        = (known after apply)
      [32m+[0m[0m content_type           = "text/csv; charset=iso-8859-1"
      [32m+[0m[0m etag                   = "af1aaad096b9b132d10b8054feb60e86"
      [32m+[0m[0m force_destroy          = false
      [32m+[0m[0m id                     = (known after apply)
      [32m+[0m[0m key                    = "tse/votacao_candidato_munzona/ano_2018/votacao_candidato_munzona_2018_RJ.csv"
      [32m+[0m[0m kms_key_id             = (known after apply)
      [32m+[0m[0m region                 = "us-east-1"
      [32m+[0m[0m server_side_encryption = (known after apply)
      [32m+[0m[0m source                 = "./../dados/raw/tse/votacao_candidato_munzona/ano_2018/votacao_candidato_munzona_2018_RJ.csv"
      [32m+[0m[0m storage_class          = (known after apply)
      [32m+[0m[0m tags_all               = {
          [32m+[0m[0m "grupo"   = "g06"
          [32m+[0m[0m "projeto" = "engenharia-de-dados"
          [32m+[0m[0m "turma"   = "eda262"
        }
      [32m+[0m[0m version_id             = (known after apply)
    }

[1m  # module.lake.aws_s3_object.raw["tse/votacao_candidato_munzona/ano_2018/votacao_candidato_munzona_2018_RN.csv"][0m will be created
[0m  [32m+[0m[0m resource "aws_s3_object" "raw" {
      [32m+[0m[0m acl                    = (known after apply)
      [32m+[0m[0m arn                    = (known after apply)
      [32m+[0m[0m bucket                 = (known after apply)
      [32m+[0m[0m bucket_key_enabled     = (known after apply)
      [32m+[0m[0m checksum_crc32         = (known after apply)
      [32m+[0m[0m checksum_crc32c        = (known after apply)
      [32m+[0m[0m checksum_crc64nvme     = (known after apply)
      [32m+[0m[0m checksum_sha1          = (known after apply)
      [32m+[0m[0m checksum_sha256        = (known after apply)
      [32m+[0m[0m content_type           = "text/csv; charset=iso-8859-1"
      [32m+[0m[0m etag                   = "68a733b0b4008dfa2c2cef51773e52de"
      [32m+[0m[0m force_destroy          = false
      [32m+[0m[0m id                     = (known after apply)
      [32m+[0m[0m key                    = "tse/votacao_candidato_munzona/ano_2018/votacao_candidato_munzona_2018_RN.csv"
      [32m+[0m[0m kms_key_id             = (known after apply)
      [32m+[0m[0m region                 = "us-east-1"
      [32m+[0m[0m server_side_encryption = (known after apply)
      [32m+[0m[0m source                 = "./../dados/raw/tse/votacao_candidato_munzona/ano_2018/votacao_candidato_munzona_2018_RN.csv"
      [32m+[0m[0m storage_class          = (known after apply)
      [32m+[0m[0m tags_all               = {
          [32m+[0m[0m "grupo"   = "g06"
          [32m+[0m[0m "projeto" = "engenharia-de-dados"
          [32m+[0m[0m "turma"   = "eda262"
        }
      [32m+[0m[0m version_id             = (known after apply)
    }

[1m  # module.lake.aws_s3_object.raw["tse/votacao_candidato_munzona/ano_2018/votacao_candidato_munzona_2018_RO.csv"][0m will be created
[0m  [32m+[0m[0m resource "aws_s3_object" "raw" {
      [32m+[0m[0m acl                    = (known after apply)
      [32m+[0m[0m arn                    = (known after apply)
      [32m+[0m[0m bucket                 = (known after apply)
      [32m+[0m[0m bucket_key_enabled     = (known after apply)
      [32m+[0m[0m checksum_crc32         = (known after apply)
      [32m+[0m[0m checksum_crc32c        = (known after apply)
      [32m+[0m[0m checksum_crc64nvme     = (known after apply)
      [32m+[0m[0m checksum_sha1          = (known after apply)
      [32m+[0m[0m checksum_sha256        = (known after apply)
      [32m+[0m[0m content_type           = "text/csv; charset=iso-8859-1"
      [32m+[0m[0m etag                   = "8ca52906e7e31a5eac494812547b2f25"
      [32m+[0m[0m force_destroy          = false
      [32m+[0m[0m id                     = (known after apply)
      [32m+[0m[0m key                    = "tse/votacao_candidato_munzona/ano_2018/votacao_candidato_munzona_2018_RO.csv"
      [32m+[0m[0m kms_key_id             = (known after apply)
      [32m+[0m[0m region                 = "us-east-1"
      [32m+[0m[0m server_side_encryption = (known after apply)
      [32m+[0m[0m source                 = "./../dados/raw/tse/votacao_candidato_munzona/ano_2018/votacao_candidato_munzona_2018_RO.csv"
      [32m+[0m[0m storage_class          = (known after apply)
      [32m+[0m[0m tags_all               = {
          [32m+[0m[0m "grupo"   = "g06"
          [32m+[0m[0m "projeto" = "engenharia-de-dados"
          [32m+[0m[0m "turma"   = "eda262"
        }
      [32m+[0m[0m version_id             = (known after apply)
    }

[1m  # module.lake.aws_s3_object.raw["tse/votacao_candidato_munzona/ano_2018/votacao_candidato_munzona_2018_RR.csv"][0m will be created
[0m  [32m+[0m[0m resource "aws_s3_object" "raw" {
      [32m+[0m[0m acl                    = (known after apply)
      [32m+[0m[0m arn                    = (known after apply)
      [32m+[0m[0m bucket                 = (known after apply)
      [32m+[0m[0m bucket_key_enabled     = (known after apply)
      [32m+[0m[0m checksum_crc32         = (known after apply)
      [32m+[0m[0m checksum_crc32c        = (known after apply)
      [32m+[0m[0m checksum_crc64nvme     = (known after apply)
      [32m+[0m[0m checksum_sha1          = (known after apply)
      [32m+[0m[0m checksum_sha256        = (known after apply)
      [32m+[0m[0m content_type           = "text/csv; charset=iso-8859-1"
      [32m+[0m[0m etag                   = "1a1cb57cd8a4ae436be8a304591f3185"
      [32m+[0m[0m force_destroy          = false
      [32m+[0m[0m id                     = (known after apply)
      [32m+[0m[0m key                    = "tse/votacao_candidato_munzona/ano_2018/votacao_candidato_munzona_2018_RR.csv"
      [32m+[0m[0m kms_key_id             = (known after apply)
      [32m+[0m[0m region                 = "us-east-1"
      [32m+[0m[0m server_side_encryption = (known after apply)
      [32m+[0m[0m source                 = "./../dados/raw/tse/votacao_candidato_munzona/ano_2018/votacao_candidato_munzona_2018_RR.csv"
      [32m+[0m[0m storage_class          = (known after apply)
      [32m+[0m[0m tags_all               = {
          [32m+[0m[0m "grupo"   = "g06"
          [32m+[0m[0m "projeto" = "engenharia-de-dados"
          [32m+[0m[0m "turma"   = "eda262"
        }
      [32m+[0m[0m version_id             = (known after apply)
    }

[1m  # module.lake.aws_s3_object.raw["tse/votacao_candidato_munzona/ano_2018/votacao_candidato_munzona_2018_RS.csv"][0m will be created
[0m  [32m+[0m[0m resource "aws_s3_object" "raw" {
      [32m+[0m[0m acl                    = (known after apply)
      [32m+[0m[0m arn                    = (known after apply)
      [32m+[0m[0m bucket                 = (known after apply)
      [32m+[0m[0m bucket_key_enabled     = (known after apply)
      [32m+[0m[0m checksum_crc32         = (known after apply)
      [32m+[0m[0m checksum_crc32c        = (known after apply)
      [32m+[0m[0m checksum_crc64nvme     = (known after apply)
      [32m+[0m[0m checksum_sha1          = (known after apply)
      [32m+[0m[0m checksum_sha256        = (known after apply)
      [32m+[0m[0m content_type           = "text/csv; charset=iso-8859-1"
      [32m+[0m[0m etag                   = "8bc0cf35901c9f719f8660921a805c78"
      [32m+[0m[0m force_destroy          = false
      [32m+[0m[0m id                     = (known after apply)
      [32m+[0m[0m key                    = "tse/votacao_candidato_munzona/ano_2018/votacao_candidato_munzona_2018_RS.csv"
      [32m+[0m[0m kms_key_id             = (known after apply)
      [32m+[0m[0m region                 = "us-east-1"
      [32m+[0m[0m server_side_encryption = (known after apply)
      [32m+[0m[0m source                 = "./../dados/raw/tse/votacao_candidato_munzona/ano_2018/votacao_candidato_munzona_2018_RS.csv"
      [32m+[0m[0m storage_class          = (known after apply)
      [32m+[0m[0m tags_all               = {
          [32m+[0m[0m "grupo"   = "g06"
          [32m+[0m[0m "projeto" = "engenharia-de-dados"
          [32m+[0m[0m "turma"   = "eda262"
        }
      [32m+[0m[0m version_id             = (known after apply)
    }

[1m  # module.lake.aws_s3_object.raw["tse/votacao_candidato_munzona/ano_2018/votacao_candidato_munzona_2018_SC.csv"][0m will be created
[0m  [32m+[0m[0m resource "aws_s3_object" "raw" {
      [32m+[0m[0m acl                    = (known after apply)
      [32m+[0m[0m arn                    = (known after apply)
      [32m+[0m[0m bucket                 = (known after apply)
      [32m+[0m[0m bucket_key_enabled     = (known after apply)
      [32m+[0m[0m checksum_crc32         = (known after apply)
      [32m+[0m[0m checksum_crc32c        = (known after apply)
      [32m+[0m[0m checksum_crc64nvme     = (known after apply)
      [32m+[0m[0m checksum_sha1          = (known after apply)
      [32m+[0m[0m checksum_sha256        = (known after apply)
      [32m+[0m[0m content_type           = "text/csv; charset=iso-8859-1"
      [32m+[0m[0m etag                   = "47f2e3b883892fa08896cea11a8209dc"
      [32m+[0m[0m force_destroy          = false
      [32m+[0m[0m id                     = (known after apply)
      [32m+[0m[0m key                    = "tse/votacao_candidato_munzona/ano_2018/votacao_candidato_munzona_2018_SC.csv"
      [32m+[0m[0m kms_key_id             = (known after apply)
      [32m+[0m[0m region                 = "us-east-1"
      [32m+[0m[0m server_side_encryption = (known after apply)
      [32m+[0m[0m source                 = "./../dados/raw/tse/votacao_candidato_munzona/ano_2018/votacao_candidato_munzona_2018_SC.csv"
      [32m+[0m[0m storage_class          = (known after apply)
      [32m+[0m[0m tags_all               = {
          [32m+[0m[0m "grupo"   = "g06"
          [32m+[0m[0m "projeto" = "engenharia-de-dados"
          [32m+[0m[0m "turma"   = "eda262"
        }
      [32m+[0m[0m version_id             = (known after apply)
    }

[1m  # module.lake.aws_s3_object.raw["tse/votacao_candidato_munzona/ano_2018/votacao_candidato_munzona_2018_SE.csv"][0m will be created
[0m  [32m+[0m[0m resource "aws_s3_object" "raw" {
      [32m+[0m[0m acl                    = (known after apply)
      [32m+[0m[0m arn                    = (known after apply)
      [32m+[0m[0m bucket                 = (known after apply)
      [32m+[0m[0m bucket_key_enabled     = (known after apply)
      [32m+[0m[0m checksum_crc32         = (known after apply)
      [32m+[0m[0m checksum_crc32c        = (known after apply)
      [32m+[0m[0m checksum_crc64nvme     = (known after apply)
      [32m+[0m[0m checksum_sha1          = (known after apply)
      [32m+[0m[0m checksum_sha256        = (known after apply)
      [32m+[0m[0m content_type           = "text/csv; charset=iso-8859-1"
      [32m+[0m[0m etag                   = "63593babf1c953dd5a09c0f7efbc4df5"
      [32m+[0m[0m force_destroy          = false
      [32m+[0m[0m id                     = (known after apply)
      [32m+[0m[0m key                    = "tse/votacao_candidato_munzona/ano_2018/votacao_candidato_munzona_2018_SE.csv"
      [32m+[0m[0m kms_key_id             = (known after apply)
      [32m+[0m[0m region                 = "us-east-1"
      [32m+[0m[0m server_side_encryption = (known after apply)
      [32m+[0m[0m source                 = "./../dados/raw/tse/votacao_candidato_munzona/ano_2018/votacao_candidato_munzona_2018_SE.csv"
      [32m+[0m[0m storage_class          = (known after apply)
      [32m+[0m[0m tags_all               = {
          [32m+[0m[0m "grupo"   = "g06"
          [32m+[0m[0m "projeto" = "engenharia-de-dados"
          [32m+[0m[0m "turma"   = "eda262"
        }
      [32m+[0m[0m version_id             = (known after apply)
    }

[1m  # module.lake.aws_s3_object.raw["tse/votacao_candidato_munzona/ano_2018/votacao_candidato_munzona_2018_SP.csv"][0m will be created
[0m  [32m+[0m[0m resource "aws_s3_object" "raw" {
      [32m+[0m[0m acl                    = (known after apply)
      [32m+[0m[0m arn                    = (known after apply)
      [32m+[0m[0m bucket                 = (known after apply)
      [32m+[0m[0m bucket_key_enabled     = (known after apply)
      [32m+[0m[0m checksum_crc32         = (known after apply)
      [32m+[0m[0m checksum_crc32c        = (known after apply)
      [32m+[0m[0m checksum_crc64nvme     = (known after apply)
      [32m+[0m[0m checksum_sha1          = (known after apply)
      [32m+[0m[0m checksum_sha256        = (known after apply)
      [32m+[0m[0m content_type           = "text/csv; charset=iso-8859-1"
      [32m+[0m[0m etag                   = "cdc1d37554c33722609371edb80e16ae"
      [32m+[0m[0m force_destroy          = false
      [32m+[0m[0m id                     = (known after apply)
      [32m+[0m[0m key                    = "tse/votacao_candidato_munzona/ano_2018/votacao_candidato_munzona_2018_SP.csv"
      [32m+[0m[0m kms_key_id             = (known after apply)
      [32m+[0m[0m region                 = "us-east-1"
      [32m+[0m[0m server_side_encryption = (known after apply)
      [32m+[0m[0m source                 = "./../dados/raw/tse/votacao_candidato_munzona/ano_2018/votacao_candidato_munzona_2018_SP.csv"
      [32m+[0m[0m storage_class          = (known after apply)
      [32m+[0m[0m tags_all               = {
          [32m+[0m[0m "grupo"   = "g06"
          [32m+[0m[0m "projeto" = "engenharia-de-dados"
          [32m+[0m[0m "turma"   = "eda262"
        }
      [32m+[0m[0m version_id             = (known after apply)
    }

[1m  # module.lake.aws_s3_object.raw["tse/votacao_candidato_munzona/ano_2018/votacao_candidato_munzona_2018_TO.csv"][0m will be created
[0m  [32m+[0m[0m resource "aws_s3_object" "raw" {
      [32m+[0m[0m acl                    = (known after apply)
      [32m+[0m[0m arn                    = (known after apply)
      [32m+[0m[0m bucket                 = (known after apply)
      [32m+[0m[0m bucket_key_enabled     = (known after apply)
      [32m+[0m[0m checksum_crc32         = (known after apply)
      [32m+[0m[0m checksum_crc32c        = (known after apply)
      [32m+[0m[0m checksum_crc64nvme     = (known after apply)
      [32m+[0m[0m checksum_sha1          = (known after apply)
      [32m+[0m[0m checksum_sha256        = (known after apply)
      [32m+[0m[0m content_type           = "text/csv; charset=iso-8859-1"
      [32m+[0m[0m etag                   = "92f69e8c7d2b0fbbfe34d80593f4f0ec"
      [32m+[0m[0m force_destroy          = false
      [32m+[0m[0m id                     = (known after apply)
      [32m+[0m[0m key                    = "tse/votacao_candidato_munzona/ano_2018/votacao_candidato_munzona_2018_TO.csv"
      [32m+[0m[0m kms_key_id             = (known after apply)
      [32m+[0m[0m region                 = "us-east-1"
      [32m+[0m[0m server_side_encryption = (known after apply)
      [32m+[0m[0m source                 = "./../dados/raw/tse/votacao_candidato_munzona/ano_2018/votacao_candidato_munzona_2018_TO.csv"
      [32m+[0m[0m storage_class          = (known after apply)
      [32m+[0m[0m tags_all               = {
          [32m+[0m[0m "grupo"   = "g06"
          [32m+[0m[0m "projeto" = "engenharia-de-dados"
          [32m+[0m[0m "turma"   = "eda262"
        }
      [32m+[0m[0m version_id             = (known after apply)
    }

[1m  # module.lake.aws_s3_object.raw["tse/votacao_candidato_munzona/ano_2018/votacao_candidato_munzona_2018_ZZ.csv"][0m will be created
[0m  [32m+[0m[0m resource "aws_s3_object" "raw" {
      [32m+[0m[0m acl                    = (known after apply)
      [32m+[0m[0m arn                    = (known after apply)
      [32m+[0m[0m bucket                 = (known after apply)
      [32m+[0m[0m bucket_key_enabled     = (known after apply)
      [32m+[0m[0m checksum_crc32         = (known after apply)
      [32m+[0m[0m checksum_crc32c        = (known after apply)
      [32m+[0m[0m checksum_crc64nvme     = (known after apply)
      [32m+[0m[0m checksum_sha1          = (known after apply)
      [32m+[0m[0m checksum_sha256        = (known after apply)
      [32m+[0m[0m content_type           = "text/csv; charset=iso-8859-1"
      [32m+[0m[0m etag                   = "67327bad069c31fe273be055c8ef302a"
      [32m+[0m[0m force_destroy          = false
      [32m+[0m[0m id                     = (known after apply)
      [32m+[0m[0m key                    = "tse/votacao_candidato_munzona/ano_2018/votacao_candidato_munzona_2018_ZZ.csv"
      [32m+[0m[0m kms_key_id             = (known after apply)
      [32m+[0m[0m region                 = "us-east-1"
      [32m+[0m[0m server_side_encryption = (known after apply)
      [32m+[0m[0m source                 = "./../dados/raw/tse/votacao_candidato_munzona/ano_2018/votacao_candidato_munzona_2018_ZZ.csv"
      [32m+[0m[0m storage_class          = (known after apply)
      [32m+[0m[0m tags_all               = {
          [32m+[0m[0m "grupo"   = "g06"
          [32m+[0m[0m "projeto" = "engenharia-de-dados"
          [32m+[0m[0m "turma"   = "eda262"
        }
      [32m+[0m[0m version_id             = (known after apply)
    }

[1m  # module.lake.aws_s3_object.raw["tse/votacao_candidato_munzona/ano_2022/votacao_candidato_munzona_2022_AC.csv"][0m will be created
[0m  [32m+[0m[0m resource "aws_s3_object" "raw" {
      [32m+[0m[0m acl                    = (known after apply)
      [32m+[0m[0m arn                    = (known after apply)
      [32m+[0m[0m bucket                 = (known after apply)
      [32m+[0m[0m bucket_key_enabled     = (known after apply)
      [32m+[0m[0m checksum_crc32         = (known after apply)
      [32m+[0m[0m checksum_crc32c        = (known after apply)
      [32m+[0m[0m checksum_crc64nvme     = (known after apply)
      [32m+[0m[0m checksum_sha1          = (known after apply)
      [32m+[0m[0m checksum_sha256        = (known after apply)
      [32m+[0m[0m content_type           = "text/csv; charset=iso-8859-1"
      [32m+[0m[0m etag                   = "2505538f03aceb45e79a295e6283a47d"
      [32m+[0m[0m force_destroy          = false
      [32m+[0m[0m id                     = (known after apply)
      [32m+[0m[0m key                    = "tse/votacao_candidato_munzona/ano_2022/votacao_candidato_munzona_2022_AC.csv"
      [32m+[0m[0m kms_key_id             = (known after apply)
      [32m+[0m[0m region                 = "us-east-1"
      [32m+[0m[0m server_side_encryption = (known after apply)
      [32m+[0m[0m source                 = "./../dados/raw/tse/votacao_candidato_munzona/ano_2022/votacao_candidato_munzona_2022_AC.csv"
      [32m+[0m[0m storage_class          = (known after apply)
      [32m+[0m[0m tags_all               = {
          [32m+[0m[0m "grupo"   = "g06"
          [32m+[0m[0m "projeto" = "engenharia-de-dados"
          [32m+[0m[0m "turma"   = "eda262"
        }
      [32m+[0m[0m version_id             = (known after apply)
    }

[1m  # module.lake.aws_s3_object.raw["tse/votacao_candidato_munzona/ano_2022/votacao_candidato_munzona_2022_AL.csv"][0m will be created
[0m  [32m+[0m[0m resource "aws_s3_object" "raw" {
      [32m+[0m[0m acl                    = (known after apply)
      [32m+[0m[0m arn                    = (known after apply)
      [32m+[0m[0m bucket                 = (known after apply)
      [32m+[0m[0m bucket_key_enabled     = (known after apply)
      [32m+[0m[0m checksum_crc32         = (known after apply)
      [32m+[0m[0m checksum_crc32c        = (known after apply)
      [32m+[0m[0m checksum_crc64nvme     = (known after apply)
      [32m+[0m[0m checksum_sha1          = (known after apply)
      [32m+[0m[0m checksum_sha256        = (known after apply)
      [32m+[0m[0m content_type           = "text/csv; charset=iso-8859-1"
      [32m+[0m[0m etag                   = "2b75b343b9af969b8910c3b223ba4f37"
      [32m+[0m[0m force_destroy          = false
      [32m+[0m[0m id                     = (known after apply)
      [32m+[0m[0m key                    = "tse/votacao_candidato_munzona/ano_2022/votacao_candidato_munzona_2022_AL.csv"
      [32m+[0m[0m kms_key_id             = (known after apply)
      [32m+[0m[0m region                 = "us-east-1"
      [32m+[0m[0m server_side_encryption = (known after apply)
      [32m+[0m[0m source                 = "./../dados/raw/tse/votacao_candidato_munzona/ano_2022/votacao_candidato_munzona_2022_AL.csv"
      [32m+[0m[0m storage_class          = (known after apply)
      [32m+[0m[0m tags_all               = {
          [32m+[0m[0m "grupo"   = "g06"
          [32m+[0m[0m "projeto" = "engenharia-de-dados"
          [32m+[0m[0m "turma"   = "eda262"
        }
      [32m+[0m[0m version_id             = (known after apply)
    }

[1m  # module.lake.aws_s3_object.raw["tse/votacao_candidato_munzona/ano_2022/votacao_candidato_munzona_2022_AM.csv"][0m will be created
[0m  [32m+[0m[0m resource "aws_s3_object" "raw" {
      [32m+[0m[0m acl                    = (known after apply)
      [32m+[0m[0m arn                    = (known after apply)
      [32m+[0m[0m bucket                 = (known after apply)
      [32m+[0m[0m bucket_key_enabled     = (known after apply)
      [32m+[0m[0m checksum_crc32         = (known after apply)
      [32m+[0m[0m checksum_crc32c        = (known after apply)
      [32m+[0m[0m checksum_crc64nvme     = (known after apply)
      [32m+[0m[0m checksum_sha1          = (known after apply)
      [32m+[0m[0m checksum_sha256        = (known after apply)
      [32m+[0m[0m content_type           = "text/csv; charset=iso-8859-1"
      [32m+[0m[0m etag                   = "e14f2460021ef604326450c07a0bbf2b"
      [32m+[0m[0m force_destroy          = false
      [32m+[0m[0m id                     = (known after apply)
      [32m+[0m[0m key                    = "tse/votacao_candidato_munzona/ano_2022/votacao_candidato_munzona_2022_AM.csv"
      [32m+[0m[0m kms_key_id             = (known after apply)
      [32m+[0m[0m region                 = "us-east-1"
      [32m+[0m[0m server_side_encryption = (known after apply)
      [32m+[0m[0m source                 = "./../dados/raw/tse/votacao_candidato_munzona/ano_2022/votacao_candidato_munzona_2022_AM.csv"
      [32m+[0m[0m storage_class          = (known after apply)
      [32m+[0m[0m tags_all               = {
          [32m+[0m[0m "grupo"   = "g06"
          [32m+[0m[0m "projeto" = "engenharia-de-dados"
          [32m+[0m[0m "turma"   = "eda262"
        }
      [32m+[0m[0m version_id             = (known after apply)
    }

[1m  # module.lake.aws_s3_object.raw["tse/votacao_candidato_munzona/ano_2022/votacao_candidato_munzona_2022_AP.csv"][0m will be created
[0m  [32m+[0m[0m resource "aws_s3_object" "raw" {
      [32m+[0m[0m acl                    = (known after apply)
      [32m+[0m[0m arn                    = (known after apply)
      [32m+[0m[0m bucket                 = (known after apply)
      [32m+[0m[0m bucket_key_enabled     = (known after apply)
      [32m+[0m[0m checksum_crc32         = (known after apply)
      [32m+[0m[0m checksum_crc32c        = (known after apply)
      [32m+[0m[0m checksum_crc64nvme     = (known after apply)
      [32m+[0m[0m checksum_sha1          = (known after apply)
      [32m+[0m[0m checksum_sha256        = (known after apply)
      [32m+[0m[0m content_type           = "text/csv; charset=iso-8859-1"
      [32m+[0m[0m etag                   = "30863104f819188261dd99a188ea0a40"
      [32m+[0m[0m force_destroy          = false
      [32m+[0m[0m id                     = (known after apply)
      [32m+[0m[0m key                    = "tse/votacao_candidato_munzona/ano_2022/votacao_candidato_munzona_2022_AP.csv"
      [32m+[0m[0m kms_key_id             = (known after apply)
      [32m+[0m[0m region                 = "us-east-1"
      [32m+[0m[0m server_side_encryption = (known after apply)
      [32m+[0m[0m source                 = "./../dados/raw/tse/votacao_candidato_munzona/ano_2022/votacao_candidato_munzona_2022_AP.csv"
      [32m+[0m[0m storage_class          = (known after apply)
      [32m+[0m[0m tags_all               = {
          [32m+[0m[0m "grupo"   = "g06"
          [32m+[0m[0m "projeto" = "engenharia-de-dados"
          [32m+[0m[0m "turma"   = "eda262"
        }
      [32m+[0m[0m version_id             = (known after apply)
    }

[1m  # module.lake.aws_s3_object.raw["tse/votacao_candidato_munzona/ano_2022/votacao_candidato_munzona_2022_BA.csv"][0m will be created
[0m  [32m+[0m[0m resource "aws_s3_object" "raw" {
      [32m+[0m[0m acl                    = (known after apply)
      [32m+[0m[0m arn                    = (known after apply)
      [32m+[0m[0m bucket                 = (known after apply)
      [32m+[0m[0m bucket_key_enabled     = (known after apply)
      [32m+[0m[0m checksum_crc32         = (known after apply)
      [32m+[0m[0m checksum_crc32c        = (known after apply)
      [32m+[0m[0m checksum_crc64nvme     = (known after apply)
      [32m+[0m[0m checksum_sha1          = (known after apply)
      [32m+[0m[0m checksum_sha256        = (known after apply)
      [32m+[0m[0m content_type           = "text/csv; charset=iso-8859-1"
      [32m+[0m[0m etag                   = "896f294a30f105a4bc8aeeba88d54b60"
      [32m+[0m[0m force_destroy          = false
      [32m+[0m[0m id                     = (known after apply)
      [32m+[0m[0m key                    = "tse/votacao_candidato_munzona/ano_2022/votacao_candidato_munzona_2022_BA.csv"
      [32m+[0m[0m kms_key_id             = (known after apply)
      [32m+[0m[0m region                 = "us-east-1"
      [32m+[0m[0m server_side_encryption = (known after apply)
      [32m+[0m[0m source                 = "./../dados/raw/tse/votacao_candidato_munzona/ano_2022/votacao_candidato_munzona_2022_BA.csv"
      [32m+[0m[0m storage_class          = (known after apply)
      [32m+[0m[0m tags_all               = {
          [32m+[0m[0m "grupo"   = "g06"
          [32m+[0m[0m "projeto" = "engenharia-de-dados"
          [32m+[0m[0m "turma"   = "eda262"
        }
      [32m+[0m[0m version_id             = (known after apply)
    }

[1m  # module.lake.aws_s3_object.raw["tse/votacao_candidato_munzona/ano_2022/votacao_candidato_munzona_2022_CE.csv"][0m will be created
[0m  [32m+[0m[0m resource "aws_s3_object" "raw" {
      [32m+[0m[0m acl                    = (known after apply)
      [32m+[0m[0m arn                    = (known after apply)
      [32m+[0m[0m bucket                 = (known after apply)
      [32m+[0m[0m bucket_key_enabled     = (known after apply)
      [32m+[0m[0m checksum_crc32         = (known after apply)
      [32m+[0m[0m checksum_crc32c        = (known after apply)
      [32m+[0m[0m checksum_crc64nvme     = (known after apply)
      [32m+[0m[0m checksum_sha1          = (known after apply)
      [32m+[0m[0m checksum_sha256        = (known after apply)
      [32m+[0m[0m content_type           = "text/csv; charset=iso-8859-1"
      [32m+[0m[0m etag                   = "c90293f19c330d28e082cd613284027c"
      [32m+[0m[0m force_destroy          = false
      [32m+[0m[0m id                     = (known after apply)
      [32m+[0m[0m key                    = "tse/votacao_candidato_munzona/ano_2022/votacao_candidato_munzona_2022_CE.csv"
      [32m+[0m[0m kms_key_id             = (known after apply)
      [32m+[0m[0m region                 = "us-east-1"
      [32m+[0m[0m server_side_encryption = (known after apply)
      [32m+[0m[0m source                 = "./../dados/raw/tse/votacao_candidato_munzona/ano_2022/votacao_candidato_munzona_2022_CE.csv"
      [32m+[0m[0m storage_class          = (known after apply)
      [32m+[0m[0m tags_all               = {
          [32m+[0m[0m "grupo"   = "g06"
          [32m+[0m[0m "projeto" = "engenharia-de-dados"
          [32m+[0m[0m "turma"   = "eda262"
        }
      [32m+[0m[0m version_id             = (known after apply)
    }

[1m  # module.lake.aws_s3_object.raw["tse/votacao_candidato_munzona/ano_2022/votacao_candidato_munzona_2022_DF.csv"][0m will be created
[0m  [32m+[0m[0m resource "aws_s3_object" "raw" {
      [32m+[0m[0m acl                    = (known after apply)
      [32m+[0m[0m arn                    = (known after apply)
      [32m+[0m[0m bucket                 = (known after apply)
      [32m+[0m[0m bucket_key_enabled     = (known after apply)
      [32m+[0m[0m checksum_crc32         = (known after apply)
      [32m+[0m[0m checksum_crc32c        = (known after apply)
      [32m+[0m[0m checksum_crc64nvme     = (known after apply)
      [32m+[0m[0m checksum_sha1          = (known after apply)
      [32m+[0m[0m checksum_sha256        = (known after apply)
      [32m+[0m[0m content_type           = "text/csv; charset=iso-8859-1"
      [32m+[0m[0m etag                   = "fa039c4dc9447550dbddd0070a2ed667"
      [32m+[0m[0m force_destroy          = false
      [32m+[0m[0m id                     = (known after apply)
      [32m+[0m[0m key                    = "tse/votacao_candidato_munzona/ano_2022/votacao_candidato_munzona_2022_DF.csv"
      [32m+[0m[0m kms_key_id             = (known after apply)
      [32m+[0m[0m region                 = "us-east-1"
      [32m+[0m[0m server_side_encryption = (known after apply)
      [32m+[0m[0m source                 = "./../dados/raw/tse/votacao_candidato_munzona/ano_2022/votacao_candidato_munzona_2022_DF.csv"
      [32m+[0m[0m storage_class          = (known after apply)
      [32m+[0m[0m tags_all               = {
          [32m+[0m[0m "grupo"   = "g06"
          [32m+[0m[0m "projeto" = "engenharia-de-dados"
          [32m+[0m[0m "turma"   = "eda262"
        }
      [32m+[0m[0m version_id             = (known after apply)
    }

[1m  # module.lake.aws_s3_object.raw["tse/votacao_candidato_munzona/ano_2022/votacao_candidato_munzona_2022_ES.csv"][0m will be created
[0m  [32m+[0m[0m resource "aws_s3_object" "raw" {
      [32m+[0m[0m acl                    = (known after apply)
      [32m+[0m[0m arn                    = (known after apply)
      [32m+[0m[0m bucket                 = (known after apply)
      [32m+[0m[0m bucket_key_enabled     = (known after apply)
      [32m+[0m[0m checksum_crc32         = (known after apply)
      [32m+[0m[0m checksum_crc32c        = (known after apply)
      [32m+[0m[0m checksum_crc64nvme     = (known after apply)
      [32m+[0m[0m checksum_sha1          = (known after apply)
      [32m+[0m[0m checksum_sha256        = (known after apply)
      [32m+[0m[0m content_type           = "text/csv; charset=iso-8859-1"
      [32m+[0m[0m etag                   = "200e7ecb70ea49c5d44b5d63e725897c"
      [32m+[0m[0m force_destroy          = false
      [32m+[0m[0m id                     = (known after apply)
      [32m+[0m[0m key                    = "tse/votacao_candidato_munzona/ano_2022/votacao_candidato_munzona_2022_ES.csv"
      [32m+[0m[0m kms_key_id             = (known after apply)
      [32m+[0m[0m region                 = "us-east-1"
      [32m+[0m[0m server_side_encryption = (known after apply)
      [32m+[0m[0m source                 = "./../dados/raw/tse/votacao_candidato_munzona/ano_2022/votacao_candidato_munzona_2022_ES.csv"
      [32m+[0m[0m storage_class          = (known after apply)
      [32m+[0m[0m tags_all               = {
          [32m+[0m[0m "grupo"   = "g06"
          [32m+[0m[0m "projeto" = "engenharia-de-dados"
          [32m+[0m[0m "turma"   = "eda262"
        }
      [32m+[0m[0m version_id             = (known after apply)
    }

[1m  # module.lake.aws_s3_object.raw["tse/votacao_candidato_munzona/ano_2022/votacao_candidato_munzona_2022_GO.csv"][0m will be created
[0m  [32m+[0m[0m resource "aws_s3_object" "raw" {
      [32m+[0m[0m acl                    = (known after apply)
      [32m+[0m[0m arn                    = (known after apply)
      [32m+[0m[0m bucket                 = (known after apply)
      [32m+[0m[0m bucket_key_enabled     = (known after apply)
      [32m+[0m[0m checksum_crc32         = (known after apply)
      [32m+[0m[0m checksum_crc32c        = (known after apply)
      [32m+[0m[0m checksum_crc64nvme     = (known after apply)
      [32m+[0m[0m checksum_sha1          = (known after apply)
      [32m+[0m[0m checksum_sha256        = (known after apply)
      [32m+[0m[0m content_type           = "text/csv; charset=iso-8859-1"
      [32m+[0m[0m etag                   = "92c0761d45a42467643dc60601628067"
      [32m+[0m[0m force_destroy          = false
      [32m+[0m[0m id                     = (known after apply)
      [32m+[0m[0m key                    = "tse/votacao_candidato_munzona/ano_2022/votacao_candidato_munzona_2022_GO.csv"
      [32m+[0m[0m kms_key_id             = (known after apply)
      [32m+[0m[0m region                 = "us-east-1"
      [32m+[0m[0m server_side_encryption = (known after apply)
      [32m+[0m[0m source                 = "./../dados/raw/tse/votacao_candidato_munzona/ano_2022/votacao_candidato_munzona_2022_GO.csv"
      [32m+[0m[0m storage_class          = (known after apply)
      [32m+[0m[0m tags_all               = {
          [32m+[0m[0m "grupo"   = "g06"
          [32m+[0m[0m "projeto" = "engenharia-de-dados"
          [32m+[0m[0m "turma"   = "eda262"
        }
      [32m+[0m[0m version_id             = (known after apply)
    }

[1m  # module.lake.aws_s3_object.raw["tse/votacao_candidato_munzona/ano_2022/votacao_candidato_munzona_2022_MA.csv"][0m will be created
[0m  [32m+[0m[0m resource "aws_s3_object" "raw" {
      [32m+[0m[0m acl                    = (known after apply)
      [32m+[0m[0m arn                    = (known after apply)
      [32m+[0m[0m bucket                 = (known after apply)
      [32m+[0m[0m bucket_key_enabled     = (known after apply)
      [32m+[0m[0m checksum_crc32         = (known after apply)
      [32m+[0m[0m checksum_crc32c        = (known after apply)
      [32m+[0m[0m checksum_crc64nvme     = (known after apply)
      [32m+[0m[0m checksum_sha1          = (known after apply)
      [32m+[0m[0m checksum_sha256        = (known after apply)
      [32m+[0m[0m content_type           = "text/csv; charset=iso-8859-1"
      [32m+[0m[0m etag                   = "281d4333376e1c6c8e2e7c52eeb36f9c"
      [32m+[0m[0m force_destroy          = false
      [32m+[0m[0m id                     = (known after apply)
      [32m+[0m[0m key                    = "tse/votacao_candidato_munzona/ano_2022/votacao_candidato_munzona_2022_MA.csv"
      [32m+[0m[0m kms_key_id             = (known after apply)
      [32m+[0m[0m region                 = "us-east-1"
      [32m+[0m[0m server_side_encryption = (known after apply)
      [32m+[0m[0m source                 = "./../dados/raw/tse/votacao_candidato_munzona/ano_2022/votacao_candidato_munzona_2022_MA.csv"
      [32m+[0m[0m storage_class          = (known after apply)
      [32m+[0m[0m tags_all               = {
          [32m+[0m[0m "grupo"   = "g06"
          [32m+[0m[0m "projeto" = "engenharia-de-dados"
          [32m+[0m[0m "turma"   = "eda262"
        }
      [32m+[0m[0m version_id             = (known after apply)
    }

[1m  # module.lake.aws_s3_object.raw["tse/votacao_candidato_munzona/ano_2022/votacao_candidato_munzona_2022_MG.csv"][0m will be created
[0m  [32m+[0m[0m resource "aws_s3_object" "raw" {
      [32m+[0m[0m acl                    = (known after apply)
      [32m+[0m[0m arn                    = (known after apply)
      [32m+[0m[0m bucket                 = (known after apply)
      [32m+[0m[0m bucket_key_enabled     = (known after apply)
      [32m+[0m[0m checksum_crc32         = (known after apply)
      [32m+[0m[0m checksum_crc32c        = (known after apply)
      [32m+[0m[0m checksum_crc64nvme     = (known after apply)
      [32m+[0m[0m checksum_sha1          = (known after apply)
      [32m+[0m[0m checksum_sha256        = (known after apply)
      [32m+[0m[0m content_type           = "text/csv; charset=iso-8859-1"
      [32m+[0m[0m etag                   = "36469c2eff6b93e62467fda8413c6832"
      [32m+[0m[0m force_destroy          = false
      [32m+[0m[0m id                     = (known after apply)
      [32m+[0m[0m key                    = "tse/votacao_candidato_munzona/ano_2022/votacao_candidato_munzona_2022_MG.csv"
      [32m+[0m[0m kms_key_id             = (known after apply)
      [32m+[0m[0m region                 = "us-east-1"
      [32m+[0m[0m server_side_encryption = (known after apply)
      [32m+[0m[0m source                 = "./../dados/raw/tse/votacao_candidato_munzona/ano_2022/votacao_candidato_munzona_2022_MG.csv"
      [32m+[0m[0m storage_class          = (known after apply)
      [32m+[0m[0m tags_all               = {
          [32m+[0m[0m "grupo"   = "g06"
          [32m+[0m[0m "projeto" = "engenharia-de-dados"
          [32m+[0m[0m "turma"   = "eda262"
        }
      [32m+[0m[0m version_id             = (known after apply)
    }

[1m  # module.lake.aws_s3_object.raw["tse/votacao_candidato_munzona/ano_2022/votacao_candidato_munzona_2022_MS.csv"][0m will be created
[0m  [32m+[0m[0m resource "aws_s3_object" "raw" {
      [32m+[0m[0m acl                    = (known after apply)
      [32m+[0m[0m arn                    = (known after apply)
      [32m+[0m[0m bucket                 = (known after apply)
      [32m+[0m[0m bucket_key_enabled     = (known after apply)
      [32m+[0m[0m checksum_crc32         = (known after apply)
      [32m+[0m[0m checksum_crc32c        = (known after apply)
      [32m+[0m[0m checksum_crc64nvme     = (known after apply)
      [32m+[0m[0m checksum_sha1          = (known after apply)
      [32m+[0m[0m checksum_sha256        = (known after apply)
      [32m+[0m[0m content_type           = "text/csv; charset=iso-8859-1"
      [32m+[0m[0m etag                   = "85cd727eec7e192ec6ee9bb96f4d3d4f"
      [32m+[0m[0m force_destroy          = false
      [32m+[0m[0m id                     = (known after apply)
      [32m+[0m[0m key                    = "tse/votacao_candidato_munzona/ano_2022/votacao_candidato_munzona_2022_MS.csv"
      [32m+[0m[0m kms_key_id             = (known after apply)
      [32m+[0m[0m region                 = "us-east-1"
      [32m+[0m[0m server_side_encryption = (known after apply)
      [32m+[0m[0m source                 = "./../dados/raw/tse/votacao_candidato_munzona/ano_2022/votacao_candidato_munzona_2022_MS.csv"
      [32m+[0m[0m storage_class          = (known after apply)
      [32m+[0m[0m tags_all               = {
          [32m+[0m[0m "grupo"   = "g06"
          [32m+[0m[0m "projeto" = "engenharia-de-dados"
          [32m+[0m[0m "turma"   = "eda262"
        }
      [32m+[0m[0m version_id             = (known after apply)
    }

[1m  # module.lake.aws_s3_object.raw["tse/votacao_candidato_munzona/ano_2022/votacao_candidato_munzona_2022_MT.csv"][0m will be created
[0m  [32m+[0m[0m resource "aws_s3_object" "raw" {
      [32m+[0m[0m acl                    = (known after apply)
      [32m+[0m[0m arn                    = (known after apply)
      [32m+[0m[0m bucket                 = (known after apply)
      [32m+[0m[0m bucket_key_enabled     = (known after apply)
      [32m+[0m[0m checksum_crc32         = (known after apply)
      [32m+[0m[0m checksum_crc32c        = (known after apply)
      [32m+[0m[0m checksum_crc64nvme     = (known after apply)
      [32m+[0m[0m checksum_sha1          = (known after apply)
      [32m+[0m[0m checksum_sha256        = (known after apply)
      [32m+[0m[0m content_type           = "text/csv; charset=iso-8859-1"
      [32m+[0m[0m etag                   = "1bc02adf85d1b6b7baaf9740c06590b4"
      [32m+[0m[0m force_destroy          = false
      [32m+[0m[0m id                     = (known after apply)
      [32m+[0m[0m key                    = "tse/votacao_candidato_munzona/ano_2022/votacao_candidato_munzona_2022_MT.csv"
      [32m+[0m[0m kms_key_id             = (known after apply)
      [32m+[0m[0m region                 = "us-east-1"
      [32m+[0m[0m server_side_encryption = (known after apply)
      [32m+[0m[0m source                 = "./../dados/raw/tse/votacao_candidato_munzona/ano_2022/votacao_candidato_munzona_2022_MT.csv"
      [32m+[0m[0m storage_class          = (known after apply)
      [32m+[0m[0m tags_all               = {
          [32m+[0m[0m "grupo"   = "g06"
          [32m+[0m[0m "projeto" = "engenharia-de-dados"
          [32m+[0m[0m "turma"   = "eda262"
        }
      [32m+[0m[0m version_id             = (known after apply)
    }

[1m  # module.lake.aws_s3_object.raw["tse/votacao_candidato_munzona/ano_2022/votacao_candidato_munzona_2022_PA.csv"][0m will be created
[0m  [32m+[0m[0m resource "aws_s3_object" "raw" {
      [32m+[0m[0m acl                    = (known after apply)
      [32m+[0m[0m arn                    = (known after apply)
      [32m+[0m[0m bucket                 = (known after apply)
      [32m+[0m[0m bucket_key_enabled     = (known after apply)
      [32m+[0m[0m checksum_crc32         = (known after apply)
      [32m+[0m[0m checksum_crc32c        = (known after apply)
      [32m+[0m[0m checksum_crc64nvme     = (known after apply)
      [32m+[0m[0m checksum_sha1          = (known after apply)
      [32m+[0m[0m checksum_sha256        = (known after apply)
      [32m+[0m[0m content_type           = "text/csv; charset=iso-8859-1"
      [32m+[0m[0m etag                   = "7b00fd38cda8be6ca1b20658decc9817"
      [32m+[0m[0m force_destroy          = false
      [32m+[0m[0m id                     = (known after apply)
      [32m+[0m[0m key                    = "tse/votacao_candidato_munzona/ano_2022/votacao_candidato_munzona_2022_PA.csv"
      [32m+[0m[0m kms_key_id             = (known after apply)
      [32m+[0m[0m region                 = "us-east-1"
      [32m+[0m[0m server_side_encryption = (known after apply)
      [32m+[0m[0m source                 = "./../dados/raw/tse/votacao_candidato_munzona/ano_2022/votacao_candidato_munzona_2022_PA.csv"
      [32m+[0m[0m storage_class          = (known after apply)
      [32m+[0m[0m tags_all               = {
          [32m+[0m[0m "grupo"   = "g06"
          [32m+[0m[0m "projeto" = "engenharia-de-dados"
          [32m+[0m[0m "turma"   = "eda262"
        }
      [32m+[0m[0m version_id             = (known after apply)
    }

[1m  # module.lake.aws_s3_object.raw["tse/votacao_candidato_munzona/ano_2022/votacao_candidato_munzona_2022_PB.csv"][0m will be created
[0m  [32m+[0m[0m resource "aws_s3_object" "raw" {
      [32m+[0m[0m acl                    = (known after apply)
      [32m+[0m[0m arn                    = (known after apply)
      [32m+[0m[0m bucket                 = (known after apply)
      [32m+[0m[0m bucket_key_enabled     = (known after apply)
      [32m+[0m[0m checksum_crc32         = (known after apply)
      [32m+[0m[0m checksum_crc32c        = (known after apply)
      [32m+[0m[0m checksum_crc64nvme     = (known after apply)
      [32m+[0m[0m checksum_sha1          = (known after apply)
      [32m+[0m[0m checksum_sha256        = (known after apply)
      [32m+[0m[0m content_type           = "text/csv; charset=iso-8859-1"
      [32m+[0m[0m etag                   = "3657c422904b47c24048b0276a72c206"
      [32m+[0m[0m force_destroy          = false
      [32m+[0m[0m id                     = (known after apply)
      [32m+[0m[0m key                    = "tse/votacao_candidato_munzona/ano_2022/votacao_candidato_munzona_2022_PB.csv"
      [32m+[0m[0m kms_key_id             = (known after apply)
      [32m+[0m[0m region                 = "us-east-1"
      [32m+[0m[0m server_side_encryption = (known after apply)
      [32m+[0m[0m source                 = "./../dados/raw/tse/votacao_candidato_munzona/ano_2022/votacao_candidato_munzona_2022_PB.csv"
      [32m+[0m[0m storage_class          = (known after apply)
      [32m+[0m[0m tags_all               = {
          [32m+[0m[0m "grupo"   = "g06"
          [32m+[0m[0m "projeto" = "engenharia-de-dados"
          [32m+[0m[0m "turma"   = "eda262"
        }
      [32m+[0m[0m version_id             = (known after apply)
    }

[1m  # module.lake.aws_s3_object.raw["tse/votacao_candidato_munzona/ano_2022/votacao_candidato_munzona_2022_PE.csv"][0m will be created
[0m  [32m+[0m[0m resource "aws_s3_object" "raw" {
      [32m+[0m[0m acl                    = (known after apply)
      [32m+[0m[0m arn                    = (known after apply)
      [32m+[0m[0m bucket                 = (known after apply)
      [32m+[0m[0m bucket_key_enabled     = (known after apply)
      [32m+[0m[0m checksum_crc32         = (known after apply)
      [32m+[0m[0m checksum_crc32c        = (known after apply)
      [32m+[0m[0m checksum_crc64nvme     = (known after apply)
      [32m+[0m[0m checksum_sha1          = (known after apply)
      [32m+[0m[0m checksum_sha256        = (known after apply)
      [32m+[0m[0m content_type           = "text/csv; charset=iso-8859-1"
      [32m+[0m[0m etag                   = "2cfe37508e7dfb551aaef6088ad4f88d"
      [32m+[0m[0m force_destroy          = false
      [32m+[0m[0m id                     = (known after apply)
      [32m+[0m[0m key                    = "tse/votacao_candidato_munzona/ano_2022/votacao_candidato_munzona_2022_PE.csv"
      [32m+[0m[0m kms_key_id             = (known after apply)
      [32m+[0m[0m region                 = "us-east-1"
      [32m+[0m[0m server_side_encryption = (known after apply)
      [32m+[0m[0m source                 = "./../dados/raw/tse/votacao_candidato_munzona/ano_2022/votacao_candidato_munzona_2022_PE.csv"
      [32m+[0m[0m storage_class          = (known after apply)
      [32m+[0m[0m tags_all               = {
          [32m+[0m[0m "grupo"   = "g06"
          [32m+[0m[0m "projeto" = "engenharia-de-dados"
          [32m+[0m[0m "turma"   = "eda262"
        }
      [32m+[0m[0m version_id             = (known after apply)
    }

[1m  # module.lake.aws_s3_object.raw["tse/votacao_candidato_munzona/ano_2022/votacao_candidato_munzona_2022_PI.csv"][0m will be created
[0m  [32m+[0m[0m resource "aws_s3_object" "raw" {
      [32m+[0m[0m acl                    = (known after apply)
      [32m+[0m[0m arn                    = (known after apply)
      [32m+[0m[0m bucket                 = (known after apply)
      [32m+[0m[0m bucket_key_enabled     = (known after apply)
      [32m+[0m[0m checksum_crc32         = (known after apply)
      [32m+[0m[0m checksum_crc32c        = (known after apply)
      [32m+[0m[0m checksum_crc64nvme     = (known after apply)
      [32m+[0m[0m checksum_sha1          = (known after apply)
      [32m+[0m[0m checksum_sha256        = (known after apply)
      [32m+[0m[0m content_type           = "text/csv; charset=iso-8859-1"
      [32m+[0m[0m etag                   = "5e6089ffecc28b242930f2b550566025"
      [32m+[0m[0m force_destroy          = false
      [32m+[0m[0m id                     = (known after apply)
      [32m+[0m[0m key                    = "tse/votacao_candidato_munzona/ano_2022/votacao_candidato_munzona_2022_PI.csv"
      [32m+[0m[0m kms_key_id             = (known after apply)
      [32m+[0m[0m region                 = "us-east-1"
      [32m+[0m[0m server_side_encryption = (known after apply)
      [32m+[0m[0m source                 = "./../dados/raw/tse/votacao_candidato_munzona/ano_2022/votacao_candidato_munzona_2022_PI.csv"
      [32m+[0m[0m storage_class          = (known after apply)
      [32m+[0m[0m tags_all               = {
          [32m+[0m[0m "grupo"   = "g06"
          [32m+[0m[0m "projeto" = "engenharia-de-dados"
          [32m+[0m[0m "turma"   = "eda262"
        }
      [32m+[0m[0m version_id             = (known after apply)
    }

[1m  # module.lake.aws_s3_object.raw["tse/votacao_candidato_munzona/ano_2022/votacao_candidato_munzona_2022_PR.csv"][0m will be created
[0m  [32m+[0m[0m resource "aws_s3_object" "raw" {
      [32m+[0m[0m acl                    = (known after apply)
      [32m+[0m[0m arn                    = (known after apply)
      [32m+[0m[0m bucket                 = (known after apply)
      [32m+[0m[0m bucket_key_enabled     = (known after apply)
      [32m+[0m[0m checksum_crc32         = (known after apply)
      [32m+[0m[0m checksum_crc32c        = (known after apply)
      [32m+[0m[0m checksum_crc64nvme     = (known after apply)
      [32m+[0m[0m checksum_sha1          = (known after apply)
      [32m+[0m[0m checksum_sha256        = (known after apply)
      [32m+[0m[0m content_type           = "text/csv; charset=iso-8859-1"
      [32m+[0m[0m etag                   = "90dcfb72f7232643e75ff1238338948b"
      [32m+[0m[0m force_destroy          = false
      [32m+[0m[0m id                     = (known after apply)
      [32m+[0m[0m key                    = "tse/votacao_candidato_munzona/ano_2022/votacao_candidato_munzona_2022_PR.csv"
      [32m+[0m[0m kms_key_id             = (known after apply)
      [32m+[0m[0m region                 = "us-east-1"
      [32m+[0m[0m server_side_encryption = (known after apply)
      [32m+[0m[0m source                 = "./../dados/raw/tse/votacao_candidato_munzona/ano_2022/votacao_candidato_munzona_2022_PR.csv"
      [32m+[0m[0m storage_class          = (known after apply)
      [32m+[0m[0m tags_all               = {
          [32m+[0m[0m "grupo"   = "g06"
          [32m+[0m[0m "projeto" = "engenharia-de-dados"
          [32m+[0m[0m "turma"   = "eda262"
        }
      [32m+[0m[0m version_id             = (known after apply)
    }

[1m  # module.lake.aws_s3_object.raw["tse/votacao_candidato_munzona/ano_2022/votacao_candidato_munzona_2022_RJ.csv"][0m will be created
[0m  [32m+[0m[0m resource "aws_s3_object" "raw" {
      [32m+[0m[0m acl                    = (known after apply)
      [32m+[0m[0m arn                    = (known after apply)
      [32m+[0m[0m bucket                 = (known after apply)
      [32m+[0m[0m bucket_key_enabled     = (known after apply)
      [32m+[0m[0m checksum_crc32         = (known after apply)
      [32m+[0m[0m checksum_crc32c        = (known after apply)
      [32m+[0m[0m checksum_crc64nvme     = (known after apply)
      [32m+[0m[0m checksum_sha1          = (known after apply)
      [32m+[0m[0m checksum_sha256        = (known after apply)
      [32m+[0m[0m content_type           = "text/csv; charset=iso-8859-1"
      [32m+[0m[0m etag                   = "52a170387c139929ee2eb8e03ee352be"
      [32m+[0m[0m force_destroy          = false
      [32m+[0m[0m id                     = (known after apply)
      [32m+[0m[0m key                    = "tse/votacao_candidato_munzona/ano_2022/votacao_candidato_munzona_2022_RJ.csv"
      [32m+[0m[0m kms_key_id             = (known after apply)
      [32m+[0m[0m region                 = "us-east-1"
      [32m+[0m[0m server_side_encryption = (known after apply)
      [32m+[0m[0m source                 = "./../dados/raw/tse/votacao_candidato_munzona/ano_2022/votacao_candidato_munzona_2022_RJ.csv"
      [32m+[0m[0m storage_class          = (known after apply)
      [32m+[0m[0m tags_all               = {
          [32m+[0m[0m "grupo"   = "g06"
          [32m+[0m[0m "projeto" = "engenharia-de-dados"
          [32m+[0m[0m "turma"   = "eda262"
        }
      [32m+[0m[0m version_id             = (known after apply)
    }

[1m  # module.lake.aws_s3_object.raw["tse/votacao_candidato_munzona/ano_2022/votacao_candidato_munzona_2022_RN.csv"][0m will be created
[0m  [32m+[0m[0m resource "aws_s3_object" "raw" {
      [32m+[0m[0m acl                    = (known after apply)
      [32m+[0m[0m arn                    = (known after apply)
      [32m+[0m[0m bucket                 = (known after apply)
      [32m+[0m[0m bucket_key_enabled     = (known after apply)
      [32m+[0m[0m checksum_crc32         = (known after apply)
      [32m+[0m[0m checksum_crc32c        = (known after apply)
      [32m+[0m[0m checksum_crc64nvme     = (known after apply)
      [32m+[0m[0m checksum_sha1          = (known after apply)
      [32m+[0m[0m checksum_sha256        = (known after apply)
      [32m+[0m[0m content_type           = "text/csv; charset=iso-8859-1"
      [32m+[0m[0m etag                   = "e67c65e2d152df6bf29c0b07f5a0479e"
      [32m+[0m[0m force_destroy          = false
      [32m+[0m[0m id                     = (known after apply)
      [32m+[0m[0m key                    = "tse/votacao_candidato_munzona/ano_2022/votacao_candidato_munzona_2022_RN.csv"
      [32m+[0m[0m kms_key_id             = (known after apply)
      [32m+[0m[0m region                 = "us-east-1"
      [32m+[0m[0m server_side_encryption = (known after apply)
      [32m+[0m[0m source                 = "./../dados/raw/tse/votacao_candidato_munzona/ano_2022/votacao_candidato_munzona_2022_RN.csv"
      [32m+[0m[0m storage_class          = (known after apply)
      [32m+[0m[0m tags_all               = {
          [32m+[0m[0m "grupo"   = "g06"
          [32m+[0m[0m "projeto" = "engenharia-de-dados"
          [32m+[0m[0m "turma"   = "eda262"
        }
      [32m+[0m[0m version_id             = (known after apply)
    }

[1m  # module.lake.aws_s3_object.raw["tse/votacao_candidato_munzona/ano_2022/votacao_candidato_munzona_2022_RO.csv"][0m will be created
[0m  [32m+[0m[0m resource "aws_s3_object" "raw" {
      [32m+[0m[0m acl                    = (known after apply)
      [32m+[0m[0m arn                    = (known after apply)
      [32m+[0m[0m bucket                 = (known after apply)
      [32m+[0m[0m bucket_key_enabled     = (known after apply)
      [32m+[0m[0m checksum_crc32         = (known after apply)
      [32m+[0m[0m checksum_crc32c        = (known after apply)
      [32m+[0m[0m checksum_crc64nvme     = (known after apply)
      [32m+[0m[0m checksum_sha1          = (known after apply)
      [32m+[0m[0m checksum_sha256        = (known after apply)
      [32m+[0m[0m content_type           = "text/csv; charset=iso-8859-1"
      [32m+[0m[0m etag                   = "fe1fc41ca982c53a2a0605c9c3031eb2"
      [32m+[0m[0m force_destroy          = false
      [32m+[0m[0m id                     = (known after apply)
      [32m+[0m[0m key                    = "tse/votacao_candidato_munzona/ano_2022/votacao_candidato_munzona_2022_RO.csv"
      [32m+[0m[0m kms_key_id             = (known after apply)
      [32m+[0m[0m region                 = "us-east-1"
      [32m+[0m[0m server_side_encryption = (known after apply)
      [32m+[0m[0m source                 = "./../dados/raw/tse/votacao_candidato_munzona/ano_2022/votacao_candidato_munzona_2022_RO.csv"
      [32m+[0m[0m storage_class          = (known after apply)
      [32m+[0m[0m tags_all               = {
          [32m+[0m[0m "grupo"   = "g06"
          [32m+[0m[0m "projeto" = "engenharia-de-dados"
          [32m+[0m[0m "turma"   = "eda262"
        }
      [32m+[0m[0m version_id             = (known after apply)
    }

[1m  # module.lake.aws_s3_object.raw["tse/votacao_candidato_munzona/ano_2022/votacao_candidato_munzona_2022_RR.csv"][0m will be created
[0m  [32m+[0m[0m resource "aws_s3_object" "raw" {
      [32m+[0m[0m acl                    = (known after apply)
      [32m+[0m[0m arn                    = (known after apply)
      [32m+[0m[0m bucket                 = (known after apply)
      [32m+[0m[0m bucket_key_enabled     = (known after apply)
      [32m+[0m[0m checksum_crc32         = (known after apply)
      [32m+[0m[0m checksum_crc32c        = (known after apply)
      [32m+[0m[0m checksum_crc64nvme     = (known after apply)
      [32m+[0m[0m checksum_sha1          = (known after apply)
      [32m+[0m[0m checksum_sha256        = (known after apply)
      [32m+[0m[0m content_type           = "text/csv; charset=iso-8859-1"
      [32m+[0m[0m etag                   = "77e1f8e508968f583e1ba8a4e5383278"
      [32m+[0m[0m force_destroy          = false
      [32m+[0m[0m id                     = (known after apply)
      [32m+[0m[0m key                    = "tse/votacao_candidato_munzona/ano_2022/votacao_candidato_munzona_2022_RR.csv"
      [32m+[0m[0m kms_key_id             = (known after apply)
      [32m+[0m[0m region                 = "us-east-1"
      [32m+[0m[0m server_side_encryption = (known after apply)
      [32m+[0m[0m source                 = "./../dados/raw/tse/votacao_candidato_munzona/ano_2022/votacao_candidato_munzona_2022_RR.csv"
      [32m+[0m[0m storage_class          = (known after apply)
      [32m+[0m[0m tags_all               = {
          [32m+[0m[0m "grupo"   = "g06"
          [32m+[0m[0m "projeto" = "engenharia-de-dados"
          [32m+[0m[0m "turma"   = "eda262"
        }
      [32m+[0m[0m version_id             = (known after apply)
    }

[1m  # module.lake.aws_s3_object.raw["tse/votacao_candidato_munzona/ano_2022/votacao_candidato_munzona_2022_RS.csv"][0m will be created
[0m  [32m+[0m[0m resource "aws_s3_object" "raw" {
      [32m+[0m[0m acl                    = (known after apply)
      [32m+[0m[0m arn                    = (known after apply)
      [32m+[0m[0m bucket                 = (known after apply)
      [32m+[0m[0m bucket_key_enabled     = (known after apply)
      [32m+[0m[0m checksum_crc32         = (known after apply)
      [32m+[0m[0m checksum_crc32c        = (known after apply)
      [32m+[0m[0m checksum_crc64nvme     = (known after apply)
      [32m+[0m[0m checksum_sha1          = (known after apply)
      [32m+[0m[0m checksum_sha256        = (known after apply)
      [32m+[0m[0m content_type           = "text/csv; charset=iso-8859-1"
      [32m+[0m[0m etag                   = "ba0fe8eb89afbf36fe7ca2d0565bd9d6"
      [32m+[0m[0m force_destroy          = false
      [32m+[0m[0m id                     = (known after apply)
      [32m+[0m[0m key                    = "tse/votacao_candidato_munzona/ano_2022/votacao_candidato_munzona_2022_RS.csv"
      [32m+[0m[0m kms_key_id             = (known after apply)
      [32m+[0m[0m region                 = "us-east-1"
      [32m+[0m[0m server_side_encryption = (known after apply)
      [32m+[0m[0m source                 = "./../dados/raw/tse/votacao_candidato_munzona/ano_2022/votacao_candidato_munzona_2022_RS.csv"
      [32m+[0m[0m storage_class          = (known after apply)
      [32m+[0m[0m tags_all               = {
          [32m+[0m[0m "grupo"   = "g06"
          [32m+[0m[0m "projeto" = "engenharia-de-dados"
          [32m+[0m[0m "turma"   = "eda262"
        }
      [32m+[0m[0m version_id             = (known after apply)
    }

[1m  # module.lake.aws_s3_object.raw["tse/votacao_candidato_munzona/ano_2022/votacao_candidato_munzona_2022_SC.csv"][0m will be created
[0m  [32m+[0m[0m resource "aws_s3_object" "raw" {
      [32m+[0m[0m acl                    = (known after apply)
      [32m+[0m[0m arn                    = (known after apply)
      [32m+[0m[0m bucket                 = (known after apply)
      [32m+[0m[0m bucket_key_enabled     = (known after apply)
      [32m+[0m[0m checksum_crc32         = (known after apply)
      [32m+[0m[0m checksum_crc32c        = (known after apply)
      [32m+[0m[0m checksum_crc64nvme     = (known after apply)
      [32m+[0m[0m checksum_sha1          = (known after apply)
      [32m+[0m[0m checksum_sha256        = (known after apply)
      [32m+[0m[0m content_type           = "text/csv; charset=iso-8859-1"
      [32m+[0m[0m etag                   = "1c2af19307144ca6d26ba15d0ceafd58"
      [32m+[0m[0m force_destroy          = false
      [32m+[0m[0m id                     = (known after apply)
      [32m+[0m[0m key                    = "tse/votacao_candidato_munzona/ano_2022/votacao_candidato_munzona_2022_SC.csv"
      [32m+[0m[0m kms_key_id             = (known after apply)
      [32m+[0m[0m region                 = "us-east-1"
      [32m+[0m[0m server_side_encryption = (known after apply)
      [32m+[0m[0m source                 = "./../dados/raw/tse/votacao_candidato_munzona/ano_2022/votacao_candidato_munzona_2022_SC.csv"
      [32m+[0m[0m storage_class          = (known after apply)
      [32m+[0m[0m tags_all               = {
          [32m+[0m[0m "grupo"   = "g06"
          [32m+[0m[0m "projeto" = "engenharia-de-dados"
          [32m+[0m[0m "turma"   = "eda262"
        }
      [32m+[0m[0m version_id             = (known after apply)
    }

[1m  # module.lake.aws_s3_object.raw["tse/votacao_candidato_munzona/ano_2022/votacao_candidato_munzona_2022_SE.csv"][0m will be created
[0m  [32m+[0m[0m resource "aws_s3_object" "raw" {
      [32m+[0m[0m acl                    = (known after apply)
      [32m+[0m[0m arn                    = (known after apply)
      [32m+[0m[0m bucket                 = (known after apply)
      [32m+[0m[0m bucket_key_enabled     = (known after apply)
      [32m+[0m[0m checksum_crc32         = (known after apply)
      [32m+[0m[0m checksum_crc32c        = (known after apply)
      [32m+[0m[0m checksum_crc64nvme     = (known after apply)
      [32m+[0m[0m checksum_sha1          = (known after apply)
      [32m+[0m[0m checksum_sha256        = (known after apply)
      [32m+[0m[0m content_type           = "text/csv; charset=iso-8859-1"
      [32m+[0m[0m etag                   = "4475d2cd2c67250b93508b7c8b2cf382"
      [32m+[0m[0m force_destroy          = false
      [32m+[0m[0m id                     = (known after apply)
      [32m+[0m[0m key                    = "tse/votacao_candidato_munzona/ano_2022/votacao_candidato_munzona_2022_SE.csv"
      [32m+[0m[0m kms_key_id             = (known after apply)
      [32m+[0m[0m region                 = "us-east-1"
      [32m+[0m[0m server_side_encryption = (known after apply)
      [32m+[0m[0m source                 = "./../dados/raw/tse/votacao_candidato_munzona/ano_2022/votacao_candidato_munzona_2022_SE.csv"
      [32m+[0m[0m storage_class          = (known after apply)
      [32m+[0m[0m tags_all               = {
          [32m+[0m[0m "grupo"   = "g06"
          [32m+[0m[0m "projeto" = "engenharia-de-dados"
          [32m+[0m[0m "turma"   = "eda262"
        }
      [32m+[0m[0m version_id             = (known after apply)
    }

[1m  # module.lake.aws_s3_object.raw["tse/votacao_candidato_munzona/ano_2022/votacao_candidato_munzona_2022_SP.csv"][0m will be created
[0m  [32m+[0m[0m resource "aws_s3_object" "raw" {
      [32m+[0m[0m acl                    = (known after apply)
      [32m+[0m[0m arn                    = (known after apply)
      [32m+[0m[0m bucket                 = (known after apply)
      [32m+[0m[0m bucket_key_enabled     = (known after apply)
      [32m+[0m[0m checksum_crc32         = (known after apply)
      [32m+[0m[0m checksum_crc32c        = (known after apply)
      [32m+[0m[0m checksum_crc64nvme     = (known after apply)
      [32m+[0m[0m checksum_sha1          = (known after apply)
      [32m+[0m[0m checksum_sha256        = (known after apply)
      [32m+[0m[0m content_type           = "text/csv; charset=iso-8859-1"
      [32m+[0m[0m etag                   = "52bddadc48e5a1373a6c96da055fadaf"
      [32m+[0m[0m force_destroy          = false
      [32m+[0m[0m id                     = (known after apply)
      [32m+[0m[0m key                    = "tse/votacao_candidato_munzona/ano_2022/votacao_candidato_munzona_2022_SP.csv"
      [32m+[0m[0m kms_key_id             = (known after apply)
      [32m+[0m[0m region                 = "us-east-1"
      [32m+[0m[0m server_side_encryption = (known after apply)
      [32m+[0m[0m source                 = "./../dados/raw/tse/votacao_candidato_munzona/ano_2022/votacao_candidato_munzona_2022_SP.csv"
      [32m+[0m[0m storage_class          = (known after apply)
      [32m+[0m[0m tags_all               = {
          [32m+[0m[0m "grupo"   = "g06"
          [32m+[0m[0m "projeto" = "engenharia-de-dados"
          [32m+[0m[0m "turma"   = "eda262"
        }
      [32m+[0m[0m version_id             = (known after apply)
    }

[1m  # module.lake.aws_s3_object.raw["tse/votacao_candidato_munzona/ano_2022/votacao_candidato_munzona_2022_TO.csv"][0m will be created
[0m  [32m+[0m[0m resource "aws_s3_object" "raw" {
      [32m+[0m[0m acl                    = (known after apply)
      [32m+[0m[0m arn                    = (known after apply)
      [32m+[0m[0m bucket                 = (known after apply)
      [32m+[0m[0m bucket_key_enabled     = (known after apply)
      [32m+[0m[0m checksum_crc32         = (known after apply)
      [32m+[0m[0m checksum_crc32c        = (known after apply)
      [32m+[0m[0m checksum_crc64nvme     = (known after apply)
      [32m+[0m[0m checksum_sha1          = (known after apply)
      [32m+[0m[0m checksum_sha256        = (known after apply)
      [32m+[0m[0m content_type           = "text/csv; charset=iso-8859-1"
      [32m+[0m[0m etag                   = "d20d0c37a3296949b2092f4107985f02"
      [32m+[0m[0m force_destroy          = false
      [32m+[0m[0m id                     = (known after apply)
      [32m+[0m[0m key                    = "tse/votacao_candidato_munzona/ano_2022/votacao_candidato_munzona_2022_TO.csv"
      [32m+[0m[0m kms_key_id             = (known after apply)
      [32m+[0m[0m region                 = "us-east-1"
      [32m+[0m[0m server_side_encryption = (known after apply)
      [32m+[0m[0m source                 = "./../dados/raw/tse/votacao_candidato_munzona/ano_2022/votacao_candidato_munzona_2022_TO.csv"
      [32m+[0m[0m storage_class          = (known after apply)
      [32m+[0m[0m tags_all               = {
          [32m+[0m[0m "grupo"   = "g06"
          [32m+[0m[0m "projeto" = "engenharia-de-dados"
          [32m+[0m[0m "turma"   = "eda262"
        }
      [32m+[0m[0m version_id             = (known after apply)
    }

[1m  # module.lake.aws_s3_object.raw["tse/votacao_candidato_munzona/ano_2022/votacao_candidato_munzona_2022_ZZ.csv"][0m will be created
[0m  [32m+[0m[0m resource "aws_s3_object" "raw" {
      [32m+[0m[0m acl                    = (known after apply)
      [32m+[0m[0m arn                    = (known after apply)
      [32m+[0m[0m bucket                 = (known after apply)
      [32m+[0m[0m bucket_key_enabled     = (known after apply)
      [32m+[0m[0m checksum_crc32         = (known after apply)
      [32m+[0m[0m checksum_crc32c        = (known after apply)
      [32m+[0m[0m checksum_crc64nvme     = (known after apply)
      [32m+[0m[0m checksum_sha1          = (known after apply)
      [32m+[0m[0m checksum_sha256        = (known after apply)
      [32m+[0m[0m content_type           = "text/csv; charset=iso-8859-1"
      [32m+[0m[0m etag                   = "9dadf3ba897cd8086f3d8433cd6e10bb"
      [32m+[0m[0m force_destroy          = false
      [32m+[0m[0m id                     = (known after apply)
      [32m+[0m[0m key                    = "tse/votacao_candidato_munzona/ano_2022/votacao_candidato_munzona_2022_ZZ.csv"
      [32m+[0m[0m kms_key_id             = (known after apply)
      [32m+[0m[0m region                 = "us-east-1"
      [32m+[0m[0m server_side_encryption = (known after apply)
      [32m+[0m[0m source                 = "./../dados/raw/tse/votacao_candidato_munzona/ano_2022/votacao_candidato_munzona_2022_ZZ.csv"
      [32m+[0m[0m storage_class          = (known after apply)
      [32m+[0m[0m tags_all               = {
          [32m+[0m[0m "grupo"   = "g06"
          [32m+[0m[0m "projeto" = "engenharia-de-dados"
          [32m+[0m[0m "turma"   = "eda262"
        }
      [32m+[0m[0m version_id             = (known after apply)
    }

[1m  # module.lake.aws_s3_object.trusted["votos_validos_zona/votos_validos_zona_2018_AC.tsv"][0m will be created
[0m  [32m+[0m[0m resource "aws_s3_object" "trusted" {
      [32m+[0m[0m acl                    = (known after apply)
      [32m+[0m[0m arn                    = (known after apply)
      [32m+[0m[0m bucket                 = (known after apply)
      [32m+[0m[0m bucket_key_enabled     = (known after apply)
      [32m+[0m[0m checksum_crc32         = (known after apply)
      [32m+[0m[0m checksum_crc32c        = (known after apply)
      [32m+[0m[0m checksum_crc64nvme     = (known after apply)
      [32m+[0m[0m checksum_sha1          = (known after apply)
      [32m+[0m[0m checksum_sha256        = (known after apply)
      [32m+[0m[0m content_type           = "text/tab-separated-values; charset=utf-8"
      [32m+[0m[0m etag                   = "e8aaa9f359e4b587bc2c4a49aaa95a2e"
      [32m+[0m[0m force_destroy          = false
      [32m+[0m[0m id                     = (known after apply)
      [32m+[0m[0m key                    = "votos_validos_zona/votos_validos_zona_2018_AC.tsv"
      [32m+[0m[0m kms_key_id             = (known after apply)
      [32m+[0m[0m region                 = "us-east-1"
      [32m+[0m[0m server_side_encryption = (known after apply)
      [32m+[0m[0m source                 = "./../dados/trusted/votos_validos_zona/votos_validos_zona_2018_AC.tsv"
      [32m+[0m[0m storage_class          = (known after apply)
      [32m+[0m[0m tags_all               = {
          [32m+[0m[0m "grupo"   = "g06"
          [32m+[0m[0m "projeto" = "engenharia-de-dados"
          [32m+[0m[0m "turma"   = "eda262"
        }
      [32m+[0m[0m version_id             = (known after apply)
    }

[1m  # module.lake.aws_s3_object.trusted["votos_validos_zona/votos_validos_zona_2018_AL.tsv"][0m will be created
[0m  [32m+[0m[0m resource "aws_s3_object" "trusted" {
      [32m+[0m[0m acl                    = (known after apply)
      [32m+[0m[0m arn                    = (known after apply)
      [32m+[0m[0m bucket                 = (known after apply)
      [32m+[0m[0m bucket_key_enabled     = (known after apply)
      [32m+[0m[0m checksum_crc32         = (known after apply)
      [32m+[0m[0m checksum_crc32c        = (known after apply)
      [32m+[0m[0m checksum_crc64nvme     = (known after apply)
      [32m+[0m[0m checksum_sha1          = (known after apply)
      [32m+[0m[0m checksum_sha256        = (known after apply)
      [32m+[0m[0m content_type           = "text/tab-separated-values; charset=utf-8"
      [32m+[0m[0m etag                   = "6c924706c1c0d9a39db45f96f2e6968e"
      [32m+[0m[0m force_destroy          = false
      [32m+[0m[0m id                     = (known after apply)
      [32m+[0m[0m key                    = "votos_validos_zona/votos_validos_zona_2018_AL.tsv"
      [32m+[0m[0m kms_key_id             = (known after apply)
      [32m+[0m[0m region                 = "us-east-1"
      [32m+[0m[0m server_side_encryption = (known after apply)
      [32m+[0m[0m source                 = "./../dados/trusted/votos_validos_zona/votos_validos_zona_2018_AL.tsv"
      [32m+[0m[0m storage_class          = (known after apply)
      [32m+[0m[0m tags_all               = {
          [32m+[0m[0m "grupo"   = "g06"
          [32m+[0m[0m "projeto" = "engenharia-de-dados"
          [32m+[0m[0m "turma"   = "eda262"
        }
      [32m+[0m[0m version_id             = (known after apply)
    }

[1m  # module.lake.aws_s3_object.trusted["votos_validos_zona/votos_validos_zona_2018_AM.tsv"][0m will be created
[0m  [32m+[0m[0m resource "aws_s3_object" "trusted" {
      [32m+[0m[0m acl                    = (known after apply)
      [32m+[0m[0m arn                    = (known after apply)
      [32m+[0m[0m bucket                 = (known after apply)
      [32m+[0m[0m bucket_key_enabled     = (known after apply)
      [32m+[0m[0m checksum_crc32         = (known after apply)
      [32m+[0m[0m checksum_crc32c        = (known after apply)
      [32m+[0m[0m checksum_crc64nvme     = (known after apply)
      [32m+[0m[0m checksum_sha1          = (known after apply)
      [32m+[0m[0m checksum_sha256        = (known after apply)
      [32m+[0m[0m content_type           = "text/tab-separated-values; charset=utf-8"
      [32m+[0m[0m etag                   = "4b26e7a4b72e5c188ec4b89df6547adb"
      [32m+[0m[0m force_destroy          = false
      [32m+[0m[0m id                     = (known after apply)
      [32m+[0m[0m key                    = "votos_validos_zona/votos_validos_zona_2018_AM.tsv"
      [32m+[0m[0m kms_key_id             = (known after apply)
      [32m+[0m[0m region                 = "us-east-1"
      [32m+[0m[0m server_side_encryption = (known after apply)
      [32m+[0m[0m source                 = "./../dados/trusted/votos_validos_zona/votos_validos_zona_2018_AM.tsv"
      [32m+[0m[0m storage_class          = (known after apply)
      [32m+[0m[0m tags_all               = {
          [32m+[0m[0m "grupo"   = "g06"
          [32m+[0m[0m "projeto" = "engenharia-de-dados"
          [32m+[0m[0m "turma"   = "eda262"
        }
      [32m+[0m[0m version_id             = (known after apply)
    }

[1m  # module.lake.aws_s3_object.trusted["votos_validos_zona/votos_validos_zona_2018_AP.tsv"][0m will be created
[0m  [32m+[0m[0m resource "aws_s3_object" "trusted" {
      [32m+[0m[0m acl                    = (known after apply)
      [32m+[0m[0m arn                    = (known after apply)
      [32m+[0m[0m bucket                 = (known after apply)
      [32m+[0m[0m bucket_key_enabled     = (known after apply)
      [32m+[0m[0m checksum_crc32         = (known after apply)
      [32m+[0m[0m checksum_crc32c        = (known after apply)
      [32m+[0m[0m checksum_crc64nvme     = (known after apply)
      [32m+[0m[0m checksum_sha1          = (known after apply)
      [32m+[0m[0m checksum_sha256        = (known after apply)
      [32m+[0m[0m content_type           = "text/tab-separated-values; charset=utf-8"
      [32m+[0m[0m etag                   = "d1b448cdbbf7b9cf67d463bfe814d968"
      [32m+[0m[0m force_destroy          = false
      [32m+[0m[0m id                     = (known after apply)
      [32m+[0m[0m key                    = "votos_validos_zona/votos_validos_zona_2018_AP.tsv"
      [32m+[0m[0m kms_key_id             = (known after apply)
      [32m+[0m[0m region                 = "us-east-1"
      [32m+[0m[0m server_side_encryption = (known after apply)
      [32m+[0m[0m source                 = "./../dados/trusted/votos_validos_zona/votos_validos_zona_2018_AP.tsv"
      [32m+[0m[0m storage_class          = (known after apply)
      [32m+[0m[0m tags_all               = {
          [32m+[0m[0m "grupo"   = "g06"
          [32m+[0m[0m "projeto" = "engenharia-de-dados"
          [32m+[0m[0m "turma"   = "eda262"
        }
      [32m+[0m[0m version_id             = (known after apply)
    }

[1m  # module.lake.aws_s3_object.trusted["votos_validos_zona/votos_validos_zona_2018_BA.tsv"][0m will be created
[0m  [32m+[0m[0m resource "aws_s3_object" "trusted" {
      [32m+[0m[0m acl                    = (known after apply)
      [32m+[0m[0m arn                    = (known after apply)
      [32m+[0m[0m bucket                 = (known after apply)
      [32m+[0m[0m bucket_key_enabled     = (known after apply)
      [32m+[0m[0m checksum_crc32         = (known after apply)
      [32m+[0m[0m checksum_crc32c        = (known after apply)
      [32m+[0m[0m checksum_crc64nvme     = (known after apply)
      [32m+[0m[0m checksum_sha1          = (known after apply)
      [32m+[0m[0m checksum_sha256        = (known after apply)
      [32m+[0m[0m content_type           = "text/tab-separated-values; charset=utf-8"
      [32m+[0m[0m etag                   = "c6510dec90177d392badf6a71141e704"
      [32m+[0m[0m force_destroy          = false
      [32m+[0m[0m id                     = (known after apply)
      [32m+[0m[0m key                    = "votos_validos_zona/votos_validos_zona_2018_BA.tsv"
      [32m+[0m[0m kms_key_id             = (known after apply)
      [32m+[0m[0m region                 = "us-east-1"
      [32m+[0m[0m server_side_encryption = (known after apply)
      [32m+[0m[0m source                 = "./../dados/trusted/votos_validos_zona/votos_validos_zona_2018_BA.tsv"
      [32m+[0m[0m storage_class          = (known after apply)
      [32m+[0m[0m tags_all               = {
          [32m+[0m[0m "grupo"   = "g06"
          [32m+[0m[0m "projeto" = "engenharia-de-dados"
          [32m+[0m[0m "turma"   = "eda262"
        }
      [32m+[0m[0m version_id             = (known after apply)
    }

[1m  # module.lake.aws_s3_object.trusted["votos_validos_zona/votos_validos_zona_2018_CE.tsv"][0m will be created
[0m  [32m+[0m[0m resource "aws_s3_object" "trusted" {
      [32m+[0m[0m acl                    = (known after apply)
      [32m+[0m[0m arn                    = (known after apply)
      [32m+[0m[0m bucket                 = (known after apply)
      [32m+[0m[0m bucket_key_enabled     = (known after apply)
      [32m+[0m[0m checksum_crc32         = (known after apply)
      [32m+[0m[0m checksum_crc32c        = (known after apply)
      [32m+[0m[0m checksum_crc64nvme     = (known after apply)
      [32m+[0m[0m checksum_sha1          = (known after apply)
      [32m+[0m[0m checksum_sha256        = (known after apply)
      [32m+[0m[0m content_type           = "text/tab-separated-values; charset=utf-8"
      [32m+[0m[0m etag                   = "84d6f3590a022e04a22770b3614c3ab1"
      [32m+[0m[0m force_destroy          = false
      [32m+[0m[0m id                     = (known after apply)
      [32m+[0m[0m key                    = "votos_validos_zona/votos_validos_zona_2018_CE.tsv"
      [32m+[0m[0m kms_key_id             = (known after apply)
      [32m+[0m[0m region                 = "us-east-1"
      [32m+[0m[0m server_side_encryption = (known after apply)
      [32m+[0m[0m source                 = "./../dados/trusted/votos_validos_zona/votos_validos_zona_2018_CE.tsv"
      [32m+[0m[0m storage_class          = (known after apply)
      [32m+[0m[0m tags_all               = {
          [32m+[0m[0m "grupo"   = "g06"
          [32m+[0m[0m "projeto" = "engenharia-de-dados"
          [32m+[0m[0m "turma"   = "eda262"
        }
      [32m+[0m[0m version_id             = (known after apply)
    }

[1m  # module.lake.aws_s3_object.trusted["votos_validos_zona/votos_validos_zona_2018_DF.tsv"][0m will be created
[0m  [32m+[0m[0m resource "aws_s3_object" "trusted" {
      [32m+[0m[0m acl                    = (known after apply)
      [32m+[0m[0m arn                    = (known after apply)
      [32m+[0m[0m bucket                 = (known after apply)
      [32m+[0m[0m bucket_key_enabled     = (known after apply)
      [32m+[0m[0m checksum_crc32         = (known after apply)
      [32m+[0m[0m checksum_crc32c        = (known after apply)
      [32m+[0m[0m checksum_crc64nvme     = (known after apply)
      [32m+[0m[0m checksum_sha1          = (known after apply)
      [32m+[0m[0m checksum_sha256        = (known after apply)
      [32m+[0m[0m content_type           = "text/tab-separated-values; charset=utf-8"
      [32m+[0m[0m etag                   = "c8b95ec45fa8105f0582dcb6907b85ab"
      [32m+[0m[0m force_destroy          = false
      [32m+[0m[0m id                     = (known after apply)
      [32m+[0m[0m key                    = "votos_validos_zona/votos_validos_zona_2018_DF.tsv"
      [32m+[0m[0m kms_key_id             = (known after apply)
      [32m+[0m[0m region                 = "us-east-1"
      [32m+[0m[0m server_side_encryption = (known after apply)
      [32m+[0m[0m source                 = "./../dados/trusted/votos_validos_zona/votos_validos_zona_2018_DF.tsv"
      [32m+[0m[0m storage_class          = (known after apply)
      [32m+[0m[0m tags_all               = {
          [32m+[0m[0m "grupo"   = "g06"
          [32m+[0m[0m "projeto" = "engenharia-de-dados"
          [32m+[0m[0m "turma"   = "eda262"
        }
      [32m+[0m[0m version_id             = (known after apply)
    }

[1m  # module.lake.aws_s3_object.trusted["votos_validos_zona/votos_validos_zona_2018_ES.tsv"][0m will be created
[0m  [32m+[0m[0m resource "aws_s3_object" "trusted" {
      [32m+[0m[0m acl                    = (known after apply)
      [32m+[0m[0m arn                    = (known after apply)
      [32m+[0m[0m bucket                 = (known after apply)
      [32m+[0m[0m bucket_key_enabled     = (known after apply)
      [32m+[0m[0m checksum_crc32         = (known after apply)
      [32m+[0m[0m checksum_crc32c        = (known after apply)
      [32m+[0m[0m checksum_crc64nvme     = (known after apply)
      [32m+[0m[0m checksum_sha1          = (known after apply)
      [32m+[0m[0m checksum_sha256        = (known after apply)
      [32m+[0m[0m content_type           = "text/tab-separated-values; charset=utf-8"
      [32m+[0m[0m etag                   = "5907c6fe4eec5ed92089b5dbbdb107d1"
      [32m+[0m[0m force_destroy          = false
      [32m+[0m[0m id                     = (known after apply)
      [32m+[0m[0m key                    = "votos_validos_zona/votos_validos_zona_2018_ES.tsv"
      [32m+[0m[0m kms_key_id             = (known after apply)
      [32m+[0m[0m region                 = "us-east-1"
      [32m+[0m[0m server_side_encryption = (known after apply)
      [32m+[0m[0m source                 = "./../dados/trusted/votos_validos_zona/votos_validos_zona_2018_ES.tsv"
      [32m+[0m[0m storage_class          = (known after apply)
      [32m+[0m[0m tags_all               = {
          [32m+[0m[0m "grupo"   = "g06"
          [32m+[0m[0m "projeto" = "engenharia-de-dados"
          [32m+[0m[0m "turma"   = "eda262"
        }
      [32m+[0m[0m version_id             = (known after apply)
    }

[1m  # module.lake.aws_s3_object.trusted["votos_validos_zona/votos_validos_zona_2018_GO.tsv"][0m will be created
[0m  [32m+[0m[0m resource "aws_s3_object" "trusted" {
      [32m+[0m[0m acl                    = (known after apply)
      [32m+[0m[0m arn                    = (known after apply)
      [32m+[0m[0m bucket                 = (known after apply)
      [32m+[0m[0m bucket_key_enabled     = (known after apply)
      [32m+[0m[0m checksum_crc32         = (known after apply)
      [32m+[0m[0m checksum_crc32c        = (known after apply)
      [32m+[0m[0m checksum_crc64nvme     = (known after apply)
      [32m+[0m[0m checksum_sha1          = (known after apply)
      [32m+[0m[0m checksum_sha256        = (known after apply)
      [32m+[0m[0m content_type           = "text/tab-separated-values; charset=utf-8"
      [32m+[0m[0m etag                   = "036d94a7b404570a4e6e9f7fa0b47bb2"
      [32m+[0m[0m force_destroy          = false
      [32m+[0m[0m id                     = (known after apply)
      [32m+[0m[0m key                    = "votos_validos_zona/votos_validos_zona_2018_GO.tsv"
      [32m+[0m[0m kms_key_id             = (known after apply)
      [32m+[0m[0m region                 = "us-east-1"
      [32m+[0m[0m server_side_encryption = (known after apply)
      [32m+[0m[0m source                 = "./../dados/trusted/votos_validos_zona/votos_validos_zona_2018_GO.tsv"
      [32m+[0m[0m storage_class          = (known after apply)
      [32m+[0m[0m tags_all               = {
          [32m+[0m[0m "grupo"   = "g06"
          [32m+[0m[0m "projeto" = "engenharia-de-dados"
          [32m+[0m[0m "turma"   = "eda262"
        }
      [32m+[0m[0m version_id             = (known after apply)
    }

[1m  # module.lake.aws_s3_object.trusted["votos_validos_zona/votos_validos_zona_2018_MA.tsv"][0m will be created
[0m  [32m+[0m[0m resource "aws_s3_object" "trusted" {
      [32m+[0m[0m acl                    = (known after apply)
      [32m+[0m[0m arn                    = (known after apply)
      [32m+[0m[0m bucket                 = (known after apply)
      [32m+[0m[0m bucket_key_enabled     = (known after apply)
      [32m+[0m[0m checksum_crc32         = (known after apply)
      [32m+[0m[0m checksum_crc32c        = (known after apply)
      [32m+[0m[0m checksum_crc64nvme     = (known after apply)
      [32m+[0m[0m checksum_sha1          = (known after apply)
      [32m+[0m[0m checksum_sha256        = (known after apply)
      [32m+[0m[0m content_type           = "text/tab-separated-values; charset=utf-8"
      [32m+[0m[0m etag                   = "e9dde130ee4f866fbcd0087c7990eda9"
      [32m+[0m[0m force_destroy          = false
      [32m+[0m[0m id                     = (known after apply)
      [32m+[0m[0m key                    = "votos_validos_zona/votos_validos_zona_2018_MA.tsv"
      [32m+[0m[0m kms_key_id             = (known after apply)
      [32m+[0m[0m region                 = "us-east-1"
      [32m+[0m[0m server_side_encryption = (known after apply)
      [32m+[0m[0m source                 = "./../dados/trusted/votos_validos_zona/votos_validos_zona_2018_MA.tsv"
      [32m+[0m[0m storage_class          = (known after apply)
      [32m+[0m[0m tags_all               = {
          [32m+[0m[0m "grupo"   = "g06"
          [32m+[0m[0m "projeto" = "engenharia-de-dados"
          [32m+[0m[0m "turma"   = "eda262"
        }
      [32m+[0m[0m version_id             = (known after apply)
    }

[1m  # module.lake.aws_s3_object.trusted["votos_validos_zona/votos_validos_zona_2018_MG.tsv"][0m will be created
[0m  [32m+[0m[0m resource "aws_s3_object" "trusted" {
      [32m+[0m[0m acl                    = (known after apply)
      [32m+[0m[0m arn                    = (known after apply)
      [32m+[0m[0m bucket                 = (known after apply)
      [32m+[0m[0m bucket_key_enabled     = (known after apply)
      [32m+[0m[0m checksum_crc32         = (known after apply)
      [32m+[0m[0m checksum_crc32c        = (known after apply)
      [32m+[0m[0m checksum_crc64nvme     = (known after apply)
      [32m+[0m[0m checksum_sha1          = (known after apply)
      [32m+[0m[0m checksum_sha256        = (known after apply)
      [32m+[0m[0m content_type           = "text/tab-separated-values; charset=utf-8"
      [32m+[0m[0m etag                   = "a2ce66d1148b0a884525209f0275ec91"
      [32m+[0m[0m force_destroy          = false
      [32m+[0m[0m id                     = (known after apply)
      [32m+[0m[0m key                    = "votos_validos_zona/votos_validos_zona_2018_MG.tsv"
      [32m+[0m[0m kms_key_id             = (known after apply)
      [32m+[0m[0m region                 = "us-east-1"
      [32m+[0m[0m server_side_encryption = (known after apply)
      [32m+[0m[0m source                 = "./../dados/trusted/votos_validos_zona/votos_validos_zona_2018_MG.tsv"
      [32m+[0m[0m storage_class          = (known after apply)
      [32m+[0m[0m tags_all               = {
          [32m+[0m[0m "grupo"   = "g06"
          [32m+[0m[0m "projeto" = "engenharia-de-dados"
          [32m+[0m[0m "turma"   = "eda262"
        }
      [32m+[0m[0m version_id             = (known after apply)
    }

[1m  # module.lake.aws_s3_object.trusted["votos_validos_zona/votos_validos_zona_2018_MS.tsv"][0m will be created
[0m  [32m+[0m[0m resource "aws_s3_object" "trusted" {
      [32m+[0m[0m acl                    = (known after apply)
      [32m+[0m[0m arn                    = (known after apply)
      [32m+[0m[0m bucket                 = (known after apply)
      [32m+[0m[0m bucket_key_enabled     = (known after apply)
      [32m+[0m[0m checksum_crc32         = (known after apply)
      [32m+[0m[0m checksum_crc32c        = (known after apply)
      [32m+[0m[0m checksum_crc64nvme     = (known after apply)
      [32m+[0m[0m checksum_sha1          = (known after apply)
      [32m+[0m[0m checksum_sha256        = (known after apply)
      [32m+[0m[0m content_type           = "text/tab-separated-values; charset=utf-8"
      [32m+[0m[0m etag                   = "f42541212ad30c3f58df613b830886e7"
      [32m+[0m[0m force_destroy          = false
      [32m+[0m[0m id                     = (known after apply)
      [32m+[0m[0m key                    = "votos_validos_zona/votos_validos_zona_2018_MS.tsv"
      [32m+[0m[0m kms_key_id             = (known after apply)
      [32m+[0m[0m region                 = "us-east-1"
      [32m+[0m[0m server_side_encryption = (known after apply)
      [32m+[0m[0m source                 = "./../dados/trusted/votos_validos_zona/votos_validos_zona_2018_MS.tsv"
      [32m+[0m[0m storage_class          = (known after apply)
      [32m+[0m[0m tags_all               = {
          [32m+[0m[0m "grupo"   = "g06"
          [32m+[0m[0m "projeto" = "engenharia-de-dados"
          [32m+[0m[0m "turma"   = "eda262"
        }
      [32m+[0m[0m version_id             = (known after apply)
    }

[1m  # module.lake.aws_s3_object.trusted["votos_validos_zona/votos_validos_zona_2018_MT.tsv"][0m will be created
[0m  [32m+[0m[0m resource "aws_s3_object" "trusted" {
      [32m+[0m[0m acl                    = (known after apply)
      [32m+[0m[0m arn                    = (known after apply)
      [32m+[0m[0m bucket                 = (known after apply)
      [32m+[0m[0m bucket_key_enabled     = (known after apply)
      [32m+[0m[0m checksum_crc32         = (known after apply)
      [32m+[0m[0m checksum_crc32c        = (known after apply)
      [32m+[0m[0m checksum_crc64nvme     = (known after apply)
      [32m+[0m[0m checksum_sha1          = (known after apply)
      [32m+[0m[0m checksum_sha256        = (known after apply)
      [32m+[0m[0m content_type           = "text/tab-separated-values; charset=utf-8"
      [32m+[0m[0m etag                   = "411e7d6325af215c045c2a400c39cf3a"
      [32m+[0m[0m force_destroy          = false
      [32m+[0m[0m id                     = (known after apply)
      [32m+[0m[0m key                    = "votos_validos_zona/votos_validos_zona_2018_MT.tsv"
      [32m+[0m[0m kms_key_id             = (known after apply)
      [32m+[0m[0m region                 = "us-east-1"
      [32m+[0m[0m server_side_encryption = (known after apply)
      [32m+[0m[0m source                 = "./../dados/trusted/votos_validos_zona/votos_validos_zona_2018_MT.tsv"
      [32m+[0m[0m storage_class          = (known after apply)
      [32m+[0m[0m tags_all               = {
          [32m+[0m[0m "grupo"   = "g06"
          [32m+[0m[0m "projeto" = "engenharia-de-dados"
          [32m+[0m[0m "turma"   = "eda262"
        }
      [32m+[0m[0m version_id             = (known after apply)
    }

[1m  # module.lake.aws_s3_object.trusted["votos_validos_zona/votos_validos_zona_2018_PA.tsv"][0m will be created
[0m  [32m+[0m[0m resource "aws_s3_object" "trusted" {
      [32m+[0m[0m acl                    = (known after apply)
      [32m+[0m[0m arn                    = (known after apply)
      [32m+[0m[0m bucket                 = (known after apply)
      [32m+[0m[0m bucket_key_enabled     = (known after apply)
      [32m+[0m[0m checksum_crc32         = (known after apply)
      [32m+[0m[0m checksum_crc32c        = (known after apply)
      [32m+[0m[0m checksum_crc64nvme     = (known after apply)
      [32m+[0m[0m checksum_sha1          = (known after apply)
      [32m+[0m[0m checksum_sha256        = (known after apply)
      [32m+[0m[0m content_type           = "text/tab-separated-values; charset=utf-8"
      [32m+[0m[0m etag                   = "4d4c13fd162a72b184f080bf57035959"
      [32m+[0m[0m force_destroy          = false
      [32m+[0m[0m id                     = (known after apply)
      [32m+[0m[0m key                    = "votos_validos_zona/votos_validos_zona_2018_PA.tsv"
      [32m+[0m[0m kms_key_id             = (known after apply)
      [32m+[0m[0m region                 = "us-east-1"
      [32m+[0m[0m server_side_encryption = (known after apply)
      [32m+[0m[0m source                 = "./../dados/trusted/votos_validos_zona/votos_validos_zona_2018_PA.tsv"
      [32m+[0m[0m storage_class          = (known after apply)
      [32m+[0m[0m tags_all               = {
          [32m+[0m[0m "grupo"   = "g06"
          [32m+[0m[0m "projeto" = "engenharia-de-dados"
          [32m+[0m[0m "turma"   = "eda262"
        }
      [32m+[0m[0m version_id             = (known after apply)
    }

[1m  # module.lake.aws_s3_object.trusted["votos_validos_zona/votos_validos_zona_2018_PB.tsv"][0m will be created
[0m  [32m+[0m[0m resource "aws_s3_object" "trusted" {
      [32m+[0m[0m acl                    = (known after apply)
      [32m+[0m[0m arn                    = (known after apply)
      [32m+[0m[0m bucket                 = (known after apply)
      [32m+[0m[0m bucket_key_enabled     = (known after apply)
      [32m+[0m[0m checksum_crc32         = (known after apply)
      [32m+[0m[0m checksum_crc32c        = (known after apply)
      [32m+[0m[0m checksum_crc64nvme     = (known after apply)
      [32m+[0m[0m checksum_sha1          = (known after apply)
      [32m+[0m[0m checksum_sha256        = (known after apply)
      [32m+[0m[0m content_type           = "text/tab-separated-values; charset=utf-8"
      [32m+[0m[0m etag                   = "ad5f83528355ada1dc8a9c5cd6f28208"
      [32m+[0m[0m force_destroy          = false
      [32m+[0m[0m id                     = (known after apply)
      [32m+[0m[0m key                    = "votos_validos_zona/votos_validos_zona_2018_PB.tsv"
      [32m+[0m[0m kms_key_id             = (known after apply)
      [32m+[0m[0m region                 = "us-east-1"
      [32m+[0m[0m server_side_encryption = (known after apply)
      [32m+[0m[0m source                 = "./../dados/trusted/votos_validos_zona/votos_validos_zona_2018_PB.tsv"
      [32m+[0m[0m storage_class          = (known after apply)
      [32m+[0m[0m tags_all               = {
          [32m+[0m[0m "grupo"   = "g06"
          [32m+[0m[0m "projeto" = "engenharia-de-dados"
          [32m+[0m[0m "turma"   = "eda262"
        }
      [32m+[0m[0m version_id             = (known after apply)
    }

[1m  # module.lake.aws_s3_object.trusted["votos_validos_zona/votos_validos_zona_2018_PE.tsv"][0m will be created
[0m  [32m+[0m[0m resource "aws_s3_object" "trusted" {
      [32m+[0m[0m acl                    = (known after apply)
      [32m+[0m[0m arn                    = (known after apply)
      [32m+[0m[0m bucket                 = (known after apply)
      [32m+[0m[0m bucket_key_enabled     = (known after apply)
      [32m+[0m[0m checksum_crc32         = (known after apply)
      [32m+[0m[0m checksum_crc32c        = (known after apply)
      [32m+[0m[0m checksum_crc64nvme     = (known after apply)
      [32m+[0m[0m checksum_sha1          = (known after apply)
      [32m+[0m[0m checksum_sha256        = (known after apply)
      [32m+[0m[0m content_type           = "text/tab-separated-values; charset=utf-8"
      [32m+[0m[0m etag                   = "0c5e3285beac3a97047966a681c680d3"
      [32m+[0m[0m force_destroy          = false
      [32m+[0m[0m id                     = (known after apply)
      [32m+[0m[0m key                    = "votos_validos_zona/votos_validos_zona_2018_PE.tsv"
      [32m+[0m[0m kms_key_id             = (known after apply)
      [32m+[0m[0m region                 = "us-east-1"
      [32m+[0m[0m server_side_encryption = (known after apply)
      [32m+[0m[0m source                 = "./../dados/trusted/votos_validos_zona/votos_validos_zona_2018_PE.tsv"
      [32m+[0m[0m storage_class          = (known after apply)
      [32m+[0m[0m tags_all               = {
          [32m+[0m[0m "grupo"   = "g06"
          [32m+[0m[0m "projeto" = "engenharia-de-dados"
          [32m+[0m[0m "turma"   = "eda262"
        }
      [32m+[0m[0m version_id             = (known after apply)
    }

[1m  # module.lake.aws_s3_object.trusted["votos_validos_zona/votos_validos_zona_2018_PI.tsv"][0m will be created
[0m  [32m+[0m[0m resource "aws_s3_object" "trusted" {
      [32m+[0m[0m acl                    = (known after apply)
      [32m+[0m[0m arn                    = (known after apply)
      [32m+[0m[0m bucket                 = (known after apply)
      [32m+[0m[0m bucket_key_enabled     = (known after apply)
      [32m+[0m[0m checksum_crc32         = (known after apply)
      [32m+[0m[0m checksum_crc32c        = (known after apply)
      [32m+[0m[0m checksum_crc64nvme     = (known after apply)
      [32m+[0m[0m checksum_sha1          = (known after apply)
      [32m+[0m[0m checksum_sha256        = (known after apply)
      [32m+[0m[0m content_type           = "text/tab-separated-values; charset=utf-8"
      [32m+[0m[0m etag                   = "5d1264991d757e8a2c783d745af3b54d"
      [32m+[0m[0m force_destroy          = false
      [32m+[0m[0m id                     = (known after apply)
      [32m+[0m[0m key                    = "votos_validos_zona/votos_validos_zona_2018_PI.tsv"
      [32m+[0m[0m kms_key_id             = (known after apply)
      [32m+[0m[0m region                 = "us-east-1"
      [32m+[0m[0m server_side_encryption = (known after apply)
      [32m+[0m[0m source                 = "./../dados/trusted/votos_validos_zona/votos_validos_zona_2018_PI.tsv"
      [32m+[0m[0m storage_class          = (known after apply)
      [32m+[0m[0m tags_all               = {
          [32m+[0m[0m "grupo"   = "g06"
          [32m+[0m[0m "projeto" = "engenharia-de-dados"
          [32m+[0m[0m "turma"   = "eda262"
        }
      [32m+[0m[0m version_id             = (known after apply)
    }

[1m  # module.lake.aws_s3_object.trusted["votos_validos_zona/votos_validos_zona_2018_PR.tsv"][0m will be created
[0m  [32m+[0m[0m resource "aws_s3_object" "trusted" {
      [32m+[0m[0m acl                    = (known after apply)
      [32m+[0m[0m arn                    = (known after apply)
      [32m+[0m[0m bucket                 = (known after apply)
      [32m+[0m[0m bucket_key_enabled     = (known after apply)
      [32m+[0m[0m checksum_crc32         = (known after apply)
      [32m+[0m[0m checksum_crc32c        = (known after apply)
      [32m+[0m[0m checksum_crc64nvme     = (known after apply)
      [32m+[0m[0m checksum_sha1          = (known after apply)
      [32m+[0m[0m checksum_sha256        = (known after apply)
      [32m+[0m[0m content_type           = "text/tab-separated-values; charset=utf-8"
      [32m+[0m[0m etag                   = "f0e7c5d6526255fb91dc474fc9dc8fb0"
      [32m+[0m[0m force_destroy          = false
      [32m+[0m[0m id                     = (known after apply)
      [32m+[0m[0m key                    = "votos_validos_zona/votos_validos_zona_2018_PR.tsv"
      [32m+[0m[0m kms_key_id             = (known after apply)
      [32m+[0m[0m region                 = "us-east-1"
      [32m+[0m[0m server_side_encryption = (known after apply)
      [32m+[0m[0m source                 = "./../dados/trusted/votos_validos_zona/votos_validos_zona_2018_PR.tsv"
      [32m+[0m[0m storage_class          = (known after apply)
      [32m+[0m[0m tags_all               = {
          [32m+[0m[0m "grupo"   = "g06"
          [32m+[0m[0m "projeto" = "engenharia-de-dados"
          [32m+[0m[0m "turma"   = "eda262"
        }
      [32m+[0m[0m version_id             = (known after apply)
    }

[1m  # module.lake.aws_s3_object.trusted["votos_validos_zona/votos_validos_zona_2018_RJ.tsv"][0m will be created
[0m  [32m+[0m[0m resource "aws_s3_object" "trusted" {
      [32m+[0m[0m acl                    = (known after apply)
      [32m+[0m[0m arn                    = (known after apply)
      [32m+[0m[0m bucket                 = (known after apply)
      [32m+[0m[0m bucket_key_enabled     = (known after apply)
      [32m+[0m[0m checksum_crc32         = (known after apply)
      [32m+[0m[0m checksum_crc32c        = (known after apply)
      [32m+[0m[0m checksum_crc64nvme     = (known after apply)
      [32m+[0m[0m checksum_sha1          = (known after apply)
      [32m+[0m[0m checksum_sha256        = (known after apply)
      [32m+[0m[0m content_type           = "text/tab-separated-values; charset=utf-8"
      [32m+[0m[0m etag                   = "300e444dd91ab829b1a20b91acf60710"
      [32m+[0m[0m force_destroy          = false
      [32m+[0m[0m id                     = (known after apply)
      [32m+[0m[0m key                    = "votos_validos_zona/votos_validos_zona_2018_RJ.tsv"
      [32m+[0m[0m kms_key_id             = (known after apply)
      [32m+[0m[0m region                 = "us-east-1"
      [32m+[0m[0m server_side_encryption = (known after apply)
      [32m+[0m[0m source                 = "./../dados/trusted/votos_validos_zona/votos_validos_zona_2018_RJ.tsv"
      [32m+[0m[0m storage_class          = (known after apply)
      [32m+[0m[0m tags_all               = {
          [32m+[0m[0m "grupo"   = "g06"
          [32m+[0m[0m "projeto" = "engenharia-de-dados"
          [32m+[0m[0m "turma"   = "eda262"
        }
      [32m+[0m[0m version_id             = (known after apply)
    }

[1m  # module.lake.aws_s3_object.trusted["votos_validos_zona/votos_validos_zona_2018_RN.tsv"][0m will be created
[0m  [32m+[0m[0m resource "aws_s3_object" "trusted" {
      [32m+[0m[0m acl                    = (known after apply)
      [32m+[0m[0m arn                    = (known after apply)
      [32m+[0m[0m bucket                 = (known after apply)
      [32m+[0m[0m bucket_key_enabled     = (known after apply)
      [32m+[0m[0m checksum_crc32         = (known after apply)
      [32m+[0m[0m checksum_crc32c        = (known after apply)
      [32m+[0m[0m checksum_crc64nvme     = (known after apply)
      [32m+[0m[0m checksum_sha1          = (known after apply)
      [32m+[0m[0m checksum_sha256        = (known after apply)
      [32m+[0m[0m content_type           = "text/tab-separated-values; charset=utf-8"
      [32m+[0m[0m etag                   = "6c083c0392a925d467dc3cc8ae7ed5fe"
      [32m+[0m[0m force_destroy          = false
      [32m+[0m[0m id                     = (known after apply)
      [32m+[0m[0m key                    = "votos_validos_zona/votos_validos_zona_2018_RN.tsv"
      [32m+[0m[0m kms_key_id             = (known after apply)
      [32m+[0m[0m region                 = "us-east-1"
      [32m+[0m[0m server_side_encryption = (known after apply)
      [32m+[0m[0m source                 = "./../dados/trusted/votos_validos_zona/votos_validos_zona_2018_RN.tsv"
      [32m+[0m[0m storage_class          = (known after apply)
      [32m+[0m[0m tags_all               = {
          [32m+[0m[0m "grupo"   = "g06"
          [32m+[0m[0m "projeto" = "engenharia-de-dados"
          [32m+[0m[0m "turma"   = "eda262"
        }
      [32m+[0m[0m version_id             = (known after apply)
    }

[1m  # module.lake.aws_s3_object.trusted["votos_validos_zona/votos_validos_zona_2018_RO.tsv"][0m will be created
[0m  [32m+[0m[0m resource "aws_s3_object" "trusted" {
      [32m+[0m[0m acl                    = (known after apply)
      [32m+[0m[0m arn                    = (known after apply)
      [32m+[0m[0m bucket                 = (known after apply)
      [32m+[0m[0m bucket_key_enabled     = (known after apply)
      [32m+[0m[0m checksum_crc32         = (known after apply)
      [32m+[0m[0m checksum_crc32c        = (known after apply)
      [32m+[0m[0m checksum_crc64nvme     = (known after apply)
      [32m+[0m[0m checksum_sha1          = (known after apply)
      [32m+[0m[0m checksum_sha256        = (known after apply)
      [32m+[0m[0m content_type           = "text/tab-separated-values; charset=utf-8"
      [32m+[0m[0m etag                   = "a8e808294df5d104c320503f25f269d5"
      [32m+[0m[0m force_destroy          = false
      [32m+[0m[0m id                     = (known after apply)
      [32m+[0m[0m key                    = "votos_validos_zona/votos_validos_zona_2018_RO.tsv"
      [32m+[0m[0m kms_key_id             = (known after apply)
      [32m+[0m[0m region                 = "us-east-1"
      [32m+[0m[0m server_side_encryption = (known after apply)
      [32m+[0m[0m source                 = "./../dados/trusted/votos_validos_zona/votos_validos_zona_2018_RO.tsv"
      [32m+[0m[0m storage_class          = (known after apply)
      [32m+[0m[0m tags_all               = {
          [32m+[0m[0m "grupo"   = "g06"
          [32m+[0m[0m "projeto" = "engenharia-de-dados"
          [32m+[0m[0m "turma"   = "eda262"
        }
      [32m+[0m[0m version_id             = (known after apply)
    }

[1m  # module.lake.aws_s3_object.trusted["votos_validos_zona/votos_validos_zona_2018_RR.tsv"][0m will be created
[0m  [32m+[0m[0m resource "aws_s3_object" "trusted" {
      [32m+[0m[0m acl                    = (known after apply)
      [32m+[0m[0m arn                    = (known after apply)
      [32m+[0m[0m bucket                 = (known after apply)
      [32m+[0m[0m bucket_key_enabled     = (known after apply)
      [32m+[0m[0m checksum_crc32         = (known after apply)
      [32m+[0m[0m checksum_crc32c        = (known after apply)
      [32m+[0m[0m checksum_crc64nvme     = (known after apply)
      [32m+[0m[0m checksum_sha1          = (known after apply)
      [32m+[0m[0m checksum_sha256        = (known after apply)
      [32m+[0m[0m content_type           = "text/tab-separated-values; charset=utf-8"
      [32m+[0m[0m etag                   = "814ef1cb245cda3da06c7d2f87ae6dfd"
      [32m+[0m[0m force_destroy          = false
      [32m+[0m[0m id                     = (known after apply)
      [32m+[0m[0m key                    = "votos_validos_zona/votos_validos_zona_2018_RR.tsv"
      [32m+[0m[0m kms_key_id             = (known after apply)
      [32m+[0m[0m region                 = "us-east-1"
      [32m+[0m[0m server_side_encryption = (known after apply)
      [32m+[0m[0m source                 = "./../dados/trusted/votos_validos_zona/votos_validos_zona_2018_RR.tsv"
      [32m+[0m[0m storage_class          = (known after apply)
      [32m+[0m[0m tags_all               = {
          [32m+[0m[0m "grupo"   = "g06"
          [32m+[0m[0m "projeto" = "engenharia-de-dados"
          [32m+[0m[0m "turma"   = "eda262"
        }
      [32m+[0m[0m version_id             = (known after apply)
    }

[1m  # module.lake.aws_s3_object.trusted["votos_validos_zona/votos_validos_zona_2018_RS.tsv"][0m will be created
[0m  [32m+[0m[0m resource "aws_s3_object" "trusted" {
      [32m+[0m[0m acl                    = (known after apply)
      [32m+[0m[0m arn                    = (known after apply)
      [32m+[0m[0m bucket                 = (known after apply)
      [32m+[0m[0m bucket_key_enabled     = (known after apply)
      [32m+[0m[0m checksum_crc32         = (known after apply)
      [32m+[0m[0m checksum_crc32c        = (known after apply)
      [32m+[0m[0m checksum_crc64nvme     = (known after apply)
      [32m+[0m[0m checksum_sha1          = (known after apply)
      [32m+[0m[0m checksum_sha256        = (known after apply)
      [32m+[0m[0m content_type           = "text/tab-separated-values; charset=utf-8"
      [32m+[0m[0m etag                   = "21ff7f843629fd4ece297286ff3a6055"
      [32m+[0m[0m force_destroy          = false
      [32m+[0m[0m id                     = (known after apply)
      [32m+[0m[0m key                    = "votos_validos_zona/votos_validos_zona_2018_RS.tsv"
      [32m+[0m[0m kms_key_id             = (known after apply)
      [32m+[0m[0m region                 = "us-east-1"
      [32m+[0m[0m server_side_encryption = (known after apply)
      [32m+[0m[0m source                 = "./../dados/trusted/votos_validos_zona/votos_validos_zona_2018_RS.tsv"
      [32m+[0m[0m storage_class          = (known after apply)
      [32m+[0m[0m tags_all               = {
          [32m+[0m[0m "grupo"   = "g06"
          [32m+[0m[0m "projeto" = "engenharia-de-dados"
          [32m+[0m[0m "turma"   = "eda262"
        }
      [32m+[0m[0m version_id             = (known after apply)
    }

[1m  # module.lake.aws_s3_object.trusted["votos_validos_zona/votos_validos_zona_2018_SC.tsv"][0m will be created
[0m  [32m+[0m[0m resource "aws_s3_object" "trusted" {
      [32m+[0m[0m acl                    = (known after apply)
      [32m+[0m[0m arn                    = (known after apply)
      [32m+[0m[0m bucket                 = (known after apply)
      [32m+[0m[0m bucket_key_enabled     = (known after apply)
      [32m+[0m[0m checksum_crc32         = (known after apply)
      [32m+[0m[0m checksum_crc32c        = (known after apply)
      [32m+[0m[0m checksum_crc64nvme     = (known after apply)
      [32m+[0m[0m checksum_sha1          = (known after apply)
      [32m+[0m[0m checksum_sha256        = (known after apply)
      [32m+[0m[0m content_type           = "text/tab-separated-values; charset=utf-8"
      [32m+[0m[0m etag                   = "305e069335033b27a0e36cbf6354ebf5"
      [32m+[0m[0m force_destroy          = false
      [32m+[0m[0m id                     = (known after apply)
      [32m+[0m[0m key                    = "votos_validos_zona/votos_validos_zona_2018_SC.tsv"
      [32m+[0m[0m kms_key_id             = (known after apply)
      [32m+[0m[0m region                 = "us-east-1"
      [32m+[0m[0m server_side_encryption = (known after apply)
      [32m+[0m[0m source                 = "./../dados/trusted/votos_validos_zona/votos_validos_zona_2018_SC.tsv"
      [32m+[0m[0m storage_class          = (known after apply)
      [32m+[0m[0m tags_all               = {
          [32m+[0m[0m "grupo"   = "g06"
          [32m+[0m[0m "projeto" = "engenharia-de-dados"
          [32m+[0m[0m "turma"   = "eda262"
        }
      [32m+[0m[0m version_id             = (known after apply)
    }

[1m  # module.lake.aws_s3_object.trusted["votos_validos_zona/votos_validos_zona_2018_SE.tsv"][0m will be created
[0m  [32m+[0m[0m resource "aws_s3_object" "trusted" {
      [32m+[0m[0m acl                    = (known after apply)
      [32m+[0m[0m arn                    = (known after apply)
      [32m+[0m[0m bucket                 = (known after apply)
      [32m+[0m[0m bucket_key_enabled     = (known after apply)
      [32m+[0m[0m checksum_crc32         = (known after apply)
      [32m+[0m[0m checksum_crc32c        = (known after apply)
      [32m+[0m[0m checksum_crc64nvme     = (known after apply)
      [32m+[0m[0m checksum_sha1          = (known after apply)
      [32m+[0m[0m checksum_sha256        = (known after apply)
      [32m+[0m[0m content_type           = "text/tab-separated-values; charset=utf-8"
      [32m+[0m[0m etag                   = "f7828780fa0ead0c2a2f87a9c692df49"
      [32m+[0m[0m force_destroy          = false
      [32m+[0m[0m id                     = (known after apply)
      [32m+[0m[0m key                    = "votos_validos_zona/votos_validos_zona_2018_SE.tsv"
      [32m+[0m[0m kms_key_id             = (known after apply)
      [32m+[0m[0m region                 = "us-east-1"
      [32m+[0m[0m server_side_encryption = (known after apply)
      [32m+[0m[0m source                 = "./../dados/trusted/votos_validos_zona/votos_validos_zona_2018_SE.tsv"
      [32m+[0m[0m storage_class          = (known after apply)
      [32m+[0m[0m tags_all               = {
          [32m+[0m[0m "grupo"   = "g06"
          [32m+[0m[0m "projeto" = "engenharia-de-dados"
          [32m+[0m[0m "turma"   = "eda262"
        }
      [32m+[0m[0m version_id             = (known after apply)
    }

[1m  # module.lake.aws_s3_object.trusted["votos_validos_zona/votos_validos_zona_2018_SP.tsv"][0m will be created
[0m  [32m+[0m[0m resource "aws_s3_object" "trusted" {
      [32m+[0m[0m acl                    = (known after apply)
      [32m+[0m[0m arn                    = (known after apply)
      [32m+[0m[0m bucket                 = (known after apply)
      [32m+[0m[0m bucket_key_enabled     = (known after apply)
      [32m+[0m[0m checksum_crc32         = (known after apply)
      [32m+[0m[0m checksum_crc32c        = (known after apply)
      [32m+[0m[0m checksum_crc64nvme     = (known after apply)
      [32m+[0m[0m checksum_sha1          = (known after apply)
      [32m+[0m[0m checksum_sha256        = (known after apply)
      [32m+[0m[0m content_type           = "text/tab-separated-values; charset=utf-8"
      [32m+[0m[0m etag                   = "a4dc17df23b9a1ffbcc389c1986a3ce4"
      [32m+[0m[0m force_destroy          = false
      [32m+[0m[0m id                     = (known after apply)
      [32m+[0m[0m key                    = "votos_validos_zona/votos_validos_zona_2018_SP.tsv"
      [32m+[0m[0m kms_key_id             = (known after apply)
      [32m+[0m[0m region                 = "us-east-1"
      [32m+[0m[0m server_side_encryption = (known after apply)
      [32m+[0m[0m source                 = "./../dados/trusted/votos_validos_zona/votos_validos_zona_2018_SP.tsv"
      [32m+[0m[0m storage_class          = (known after apply)
      [32m+[0m[0m tags_all               = {
          [32m+[0m[0m "grupo"   = "g06"
          [32m+[0m[0m "projeto" = "engenharia-de-dados"
          [32m+[0m[0m "turma"   = "eda262"
        }
      [32m+[0m[0m version_id             = (known after apply)
    }

[1m  # module.lake.aws_s3_object.trusted["votos_validos_zona/votos_validos_zona_2018_TO.tsv"][0m will be created
[0m  [32m+[0m[0m resource "aws_s3_object" "trusted" {
      [32m+[0m[0m acl                    = (known after apply)
      [32m+[0m[0m arn                    = (known after apply)
      [32m+[0m[0m bucket                 = (known after apply)
      [32m+[0m[0m bucket_key_enabled     = (known after apply)
      [32m+[0m[0m checksum_crc32         = (known after apply)
      [32m+[0m[0m checksum_crc32c        = (known after apply)
      [32m+[0m[0m checksum_crc64nvme     = (known after apply)
      [32m+[0m[0m checksum_sha1          = (known after apply)
      [32m+[0m[0m checksum_sha256        = (known after apply)
      [32m+[0m[0m content_type           = "text/tab-separated-values; charset=utf-8"
      [32m+[0m[0m etag                   = "a2bb4d487af3ed90d81d556ca8e14ba8"
      [32m+[0m[0m force_destroy          = false
      [32m+[0m[0m id                     = (known after apply)
      [32m+[0m[0m key                    = "votos_validos_zona/votos_validos_zona_2018_TO.tsv"
      [32m+[0m[0m kms_key_id             = (known after apply)
      [32m+[0m[0m region                 = "us-east-1"
      [32m+[0m[0m server_side_encryption = (known after apply)
      [32m+[0m[0m source                 = "./../dados/trusted/votos_validos_zona/votos_validos_zona_2018_TO.tsv"
      [32m+[0m[0m storage_class          = (known after apply)
      [32m+[0m[0m tags_all               = {
          [32m+[0m[0m "grupo"   = "g06"
          [32m+[0m[0m "projeto" = "engenharia-de-dados"
          [32m+[0m[0m "turma"   = "eda262"
        }
      [32m+[0m[0m version_id             = (known after apply)
    }

[1m  # module.lake.aws_s3_object.trusted["votos_validos_zona/votos_validos_zona_2018_ZZ.tsv"][0m will be created
[0m  [32m+[0m[0m resource "aws_s3_object" "trusted" {
      [32m+[0m[0m acl                    = (known after apply)
      [32m+[0m[0m arn                    = (known after apply)
      [32m+[0m[0m bucket                 = (known after apply)
      [32m+[0m[0m bucket_key_enabled     = (known after apply)
      [32m+[0m[0m checksum_crc32         = (known after apply)
      [32m+[0m[0m checksum_crc32c        = (known after apply)
      [32m+[0m[0m checksum_crc64nvme     = (known after apply)
      [32m+[0m[0m checksum_sha1          = (known after apply)
      [32m+[0m[0m checksum_sha256        = (known after apply)
      [32m+[0m[0m content_type           = "text/tab-separated-values; charset=utf-8"
      [32m+[0m[0m etag                   = "1ea63367c740fc1c69311ae98a726f08"
      [32m+[0m[0m force_destroy          = false
      [32m+[0m[0m id                     = (known after apply)
      [32m+[0m[0m key                    = "votos_validos_zona/votos_validos_zona_2018_ZZ.tsv"
      [32m+[0m[0m kms_key_id             = (known after apply)
      [32m+[0m[0m region                 = "us-east-1"
      [32m+[0m[0m server_side_encryption = (known after apply)
      [32m+[0m[0m source                 = "./../dados/trusted/votos_validos_zona/votos_validos_zona_2018_ZZ.tsv"
      [32m+[0m[0m storage_class          = (known after apply)
      [32m+[0m[0m tags_all               = {
          [32m+[0m[0m "grupo"   = "g06"
          [32m+[0m[0m "projeto" = "engenharia-de-dados"
          [32m+[0m[0m "turma"   = "eda262"
        }
      [32m+[0m[0m version_id             = (known after apply)
    }

[1m  # module.lake.aws_s3_object.trusted["votos_validos_zona/votos_validos_zona_2022_AC.tsv"][0m will be created
[0m  [32m+[0m[0m resource "aws_s3_object" "trusted" {
      [32m+[0m[0m acl                    = (known after apply)
      [32m+[0m[0m arn                    = (known after apply)
      [32m+[0m[0m bucket                 = (known after apply)
      [32m+[0m[0m bucket_key_enabled     = (known after apply)
      [32m+[0m[0m checksum_crc32         = (known after apply)
      [32m+[0m[0m checksum_crc32c        = (known after apply)
      [32m+[0m[0m checksum_crc64nvme     = (known after apply)
      [32m+[0m[0m checksum_sha1          = (known after apply)
      [32m+[0m[0m checksum_sha256        = (known after apply)
      [32m+[0m[0m content_type           = "text/tab-separated-values; charset=utf-8"
      [32m+[0m[0m etag                   = "be9f86f3a81a9a84f16e696c6aa6f304"
      [32m+[0m[0m force_destroy          = false
      [32m+[0m[0m id                     = (known after apply)
      [32m+[0m[0m key                    = "votos_validos_zona/votos_validos_zona_2022_AC.tsv"
      [32m+[0m[0m kms_key_id             = (known after apply)
      [32m+[0m[0m region                 = "us-east-1"
      [32m+[0m[0m server_side_encryption = (known after apply)
      [32m+[0m[0m source                 = "./../dados/trusted/votos_validos_zona/votos_validos_zona_2022_AC.tsv"
      [32m+[0m[0m storage_class          = (known after apply)
      [32m+[0m[0m tags_all               = {
          [32m+[0m[0m "grupo"   = "g06"
          [32m+[0m[0m "projeto" = "engenharia-de-dados"
          [32m+[0m[0m "turma"   = "eda262"
        }
      [32m+[0m[0m version_id             = (known after apply)
    }

[1m  # module.lake.aws_s3_object.trusted["votos_validos_zona/votos_validos_zona_2022_AL.tsv"][0m will be created
[0m  [32m+[0m[0m resource "aws_s3_object" "trusted" {
      [32m+[0m[0m acl                    = (known after apply)
      [32m+[0m[0m arn                    = (known after apply)
      [32m+[0m[0m bucket                 = (known after apply)
      [32m+[0m[0m bucket_key_enabled     = (known after apply)
      [32m+[0m[0m checksum_crc32         = (known after apply)
      [32m+[0m[0m checksum_crc32c        = (known after apply)
      [32m+[0m[0m checksum_crc64nvme     = (known after apply)
      [32m+[0m[0m checksum_sha1          = (known after apply)
      [32m+[0m[0m checksum_sha256        = (known after apply)
      [32m+[0m[0m content_type           = "text/tab-separated-values; charset=utf-8"
      [32m+[0m[0m etag                   = "c8b9873e3a6932f979aa519705bc9162"
      [32m+[0m[0m force_destroy          = false
      [32m+[0m[0m id                     = (known after apply)
      [32m+[0m[0m key                    = "votos_validos_zona/votos_validos_zona_2022_AL.tsv"
      [32m+[0m[0m kms_key_id             = (known after apply)
      [32m+[0m[0m region                 = "us-east-1"
      [32m+[0m[0m server_side_encryption = (known after apply)
      [32m+[0m[0m source                 = "./../dados/trusted/votos_validos_zona/votos_validos_zona_2022_AL.tsv"
      [32m+[0m[0m storage_class          = (known after apply)
      [32m+[0m[0m tags_all               = {
          [32m+[0m[0m "grupo"   = "g06"
          [32m+[0m[0m "projeto" = "engenharia-de-dados"
          [32m+[0m[0m "turma"   = "eda262"
        }
      [32m+[0m[0m version_id             = (known after apply)
    }

[1m  # module.lake.aws_s3_object.trusted["votos_validos_zona/votos_validos_zona_2022_AM.tsv"][0m will be created
[0m  [32m+[0m[0m resource "aws_s3_object" "trusted" {
      [32m+[0m[0m acl                    = (known after apply)
      [32m+[0m[0m arn                    = (known after apply)
      [32m+[0m[0m bucket                 = (known after apply)
      [32m+[0m[0m bucket_key_enabled     = (known after apply)
      [32m+[0m[0m checksum_crc32         = (known after apply)
      [32m+[0m[0m checksum_crc32c        = (known after apply)
      [32m+[0m[0m checksum_crc64nvme     = (known after apply)
      [32m+[0m[0m checksum_sha1          = (known after apply)
      [32m+[0m[0m checksum_sha256        = (known after apply)
      [32m+[0m[0m content_type           = "text/tab-separated-values; charset=utf-8"
      [32m+[0m[0m etag                   = "f8a2b8622550fe495ed10ed632a33f65"
      [32m+[0m[0m force_destroy          = false
      [32m+[0m[0m id                     = (known after apply)
      [32m+[0m[0m key                    = "votos_validos_zona/votos_validos_zona_2022_AM.tsv"
      [32m+[0m[0m kms_key_id             = (known after apply)
      [32m+[0m[0m region                 = "us-east-1"
      [32m+[0m[0m server_side_encryption = (known after apply)
      [32m+[0m[0m source                 = "./../dados/trusted/votos_validos_zona/votos_validos_zona_2022_AM.tsv"
      [32m+[0m[0m storage_class          = (known after apply)
      [32m+[0m[0m tags_all               = {
          [32m+[0m[0m "grupo"   = "g06"
          [32m+[0m[0m "projeto" = "engenharia-de-dados"
          [32m+[0m[0m "turma"   = "eda262"
        }
      [32m+[0m[0m version_id             = (known after apply)
    }

[1m  # module.lake.aws_s3_object.trusted["votos_validos_zona/votos_validos_zona_2022_AP.tsv"][0m will be created
[0m  [32m+[0m[0m resource "aws_s3_object" "trusted" {
      [32m+[0m[0m acl                    = (known after apply)
      [32m+[0m[0m arn                    = (known after apply)
      [32m+[0m[0m bucket                 = (known after apply)
      [32m+[0m[0m bucket_key_enabled     = (known after apply)
      [32m+[0m[0m checksum_crc32         = (known after apply)
      [32m+[0m[0m checksum_crc32c        = (known after apply)
      [32m+[0m[0m checksum_crc64nvme     = (known after apply)
      [32m+[0m[0m checksum_sha1          = (known after apply)
      [32m+[0m[0m checksum_sha256        = (known after apply)
      [32m+[0m[0m content_type           = "text/tab-separated-values; charset=utf-8"
      [32m+[0m[0m etag                   = "7d00783a750de06c37bd93e715a97117"
      [32m+[0m[0m force_destroy          = false
      [32m+[0m[0m id                     = (known after apply)
      [32m+[0m[0m key                    = "votos_validos_zona/votos_validos_zona_2022_AP.tsv"
      [32m+[0m[0m kms_key_id             = (known after apply)
      [32m+[0m[0m region                 = "us-east-1"
      [32m+[0m[0m server_side_encryption = (known after apply)
      [32m+[0m[0m source                 = "./../dados/trusted/votos_validos_zona/votos_validos_zona_2022_AP.tsv"
      [32m+[0m[0m storage_class          = (known after apply)
      [32m+[0m[0m tags_all               = {
          [32m+[0m[0m "grupo"   = "g06"
          [32m+[0m[0m "projeto" = "engenharia-de-dados"
          [32m+[0m[0m "turma"   = "eda262"
        }
      [32m+[0m[0m version_id             = (known after apply)
    }

[1m  # module.lake.aws_s3_object.trusted["votos_validos_zona/votos_validos_zona_2022_BA.tsv"][0m will be created
[0m  [32m+[0m[0m resource "aws_s3_object" "trusted" {
      [32m+[0m[0m acl                    = (known after apply)
      [32m+[0m[0m arn                    = (known after apply)
      [32m+[0m[0m bucket                 = (known after apply)
      [32m+[0m[0m bucket_key_enabled     = (known after apply)
      [32m+[0m[0m checksum_crc32         = (known after apply)
      [32m+[0m[0m checksum_crc32c        = (known after apply)
      [32m+[0m[0m checksum_crc64nvme     = (known after apply)
      [32m+[0m[0m checksum_sha1          = (known after apply)
      [32m+[0m[0m checksum_sha256        = (known after apply)
      [32m+[0m[0m content_type           = "text/tab-separated-values; charset=utf-8"
      [32m+[0m[0m etag                   = "c81778fcd51817eb56bdde70ca09cb2a"
      [32m+[0m[0m force_destroy          = false
      [32m+[0m[0m id                     = (known after apply)
      [32m+[0m[0m key                    = "votos_validos_zona/votos_validos_zona_2022_BA.tsv"
      [32m+[0m[0m kms_key_id             = (known after apply)
      [32m+[0m[0m region                 = "us-east-1"
      [32m+[0m[0m server_side_encryption = (known after apply)
      [32m+[0m[0m source                 = "./../dados/trusted/votos_validos_zona/votos_validos_zona_2022_BA.tsv"
      [32m+[0m[0m storage_class          = (known after apply)
      [32m+[0m[0m tags_all               = {
          [32m+[0m[0m "grupo"   = "g06"
          [32m+[0m[0m "projeto" = "engenharia-de-dados"
          [32m+[0m[0m "turma"   = "eda262"
        }
      [32m+[0m[0m version_id             = (known after apply)
    }

[1m  # module.lake.aws_s3_object.trusted["votos_validos_zona/votos_validos_zona_2022_CE.tsv"][0m will be created
[0m  [32m+[0m[0m resource "aws_s3_object" "trusted" {
      [32m+[0m[0m acl                    = (known after apply)
      [32m+[0m[0m arn                    = (known after apply)
      [32m+[0m[0m bucket                 = (known after apply)
      [32m+[0m[0m bucket_key_enabled     = (known after apply)
      [32m+[0m[0m checksum_crc32         = (known after apply)
      [32m+[0m[0m checksum_crc32c        = (known after apply)
      [32m+[0m[0m checksum_crc64nvme     = (known after apply)
      [32m+[0m[0m checksum_sha1          = (known after apply)
      [32m+[0m[0m checksum_sha256        = (known after apply)
      [32m+[0m[0m content_type           = "text/tab-separated-values; charset=utf-8"
      [32m+[0m[0m etag                   = "c090fdba1755be755f726541147e2d11"
      [32m+[0m[0m force_destroy          = false
      [32m+[0m[0m id                     = (known after apply)
      [32m+[0m[0m key                    = "votos_validos_zona/votos_validos_zona_2022_CE.tsv"
      [32m+[0m[0m kms_key_id             = (known after apply)
      [32m+[0m[0m region                 = "us-east-1"
      [32m+[0m[0m server_side_encryption = (known after apply)
      [32m+[0m[0m source                 = "./../dados/trusted/votos_validos_zona/votos_validos_zona_2022_CE.tsv"
      [32m+[0m[0m storage_class          = (known after apply)
      [32m+[0m[0m tags_all               = {
          [32m+[0m[0m "grupo"   = "g06"
          [32m+[0m[0m "projeto" = "engenharia-de-dados"
          [32m+[0m[0m "turma"   = "eda262"
        }
      [32m+[0m[0m version_id             = (known after apply)
    }

[1m  # module.lake.aws_s3_object.trusted["votos_validos_zona/votos_validos_zona_2022_DF.tsv"][0m will be created
[0m  [32m+[0m[0m resource "aws_s3_object" "trusted" {
      [32m+[0m[0m acl                    = (known after apply)
      [32m+[0m[0m arn                    = (known after apply)
      [32m+[0m[0m bucket                 = (known after apply)
      [32m+[0m[0m bucket_key_enabled     = (known after apply)
      [32m+[0m[0m checksum_crc32         = (known after apply)
      [32m+[0m[0m checksum_crc32c        = (known after apply)
      [32m+[0m[0m checksum_crc64nvme     = (known after apply)
      [32m+[0m[0m checksum_sha1          = (known after apply)
      [32m+[0m[0m checksum_sha256        = (known after apply)
      [32m+[0m[0m content_type           = "text/tab-separated-values; charset=utf-8"
      [32m+[0m[0m etag                   = "51bdcd9caae51ae58aa548ab825bcb24"
      [32m+[0m[0m force_destroy          = false
      [32m+[0m[0m id                     = (known after apply)
      [32m+[0m[0m key                    = "votos_validos_zona/votos_validos_zona_2022_DF.tsv"
      [32m+[0m[0m kms_key_id             = (known after apply)
      [32m+[0m[0m region                 = "us-east-1"
      [32m+[0m[0m server_side_encryption = (known after apply)
      [32m+[0m[0m source                 = "./../dados/trusted/votos_validos_zona/votos_validos_zona_2022_DF.tsv"
      [32m+[0m[0m storage_class          = (known after apply)
      [32m+[0m[0m tags_all               = {
          [32m+[0m[0m "grupo"   = "g06"
          [32m+[0m[0m "projeto" = "engenharia-de-dados"
          [32m+[0m[0m "turma"   = "eda262"
        }
      [32m+[0m[0m version_id             = (known after apply)
    }

[1m  # module.lake.aws_s3_object.trusted["votos_validos_zona/votos_validos_zona_2022_ES.tsv"][0m will be created
[0m  [32m+[0m[0m resource "aws_s3_object" "trusted" {
      [32m+[0m[0m acl                    = (known after apply)
      [32m+[0m[0m arn                    = (known after apply)
      [32m+[0m[0m bucket                 = (known after apply)
      [32m+[0m[0m bucket_key_enabled     = (known after apply)
      [32m+[0m[0m checksum_crc32         = (known after apply)
      [32m+[0m[0m checksum_crc32c        = (known after apply)
      [32m+[0m[0m checksum_crc64nvme     = (known after apply)
      [32m+[0m[0m checksum_sha1          = (known after apply)
      [32m+[0m[0m checksum_sha256        = (known after apply)
      [32m+[0m[0m content_type           = "text/tab-separated-values; charset=utf-8"
      [32m+[0m[0m etag                   = "da670a0b7822ca73c2c2ebc1c1ef7b13"
      [32m+[0m[0m force_destroy          = false
      [32m+[0m[0m id                     = (known after apply)
      [32m+[0m[0m key                    = "votos_validos_zona/votos_validos_zona_2022_ES.tsv"
      [32m+[0m[0m kms_key_id             = (known after apply)
      [32m+[0m[0m region                 = "us-east-1"
      [32m+[0m[0m server_side_encryption = (known after apply)
      [32m+[0m[0m source                 = "./../dados/trusted/votos_validos_zona/votos_validos_zona_2022_ES.tsv"
      [32m+[0m[0m storage_class          = (known after apply)
      [32m+[0m[0m tags_all               = {
          [32m+[0m[0m "grupo"   = "g06"
          [32m+[0m[0m "projeto" = "engenharia-de-dados"
          [32m+[0m[0m "turma"   = "eda262"
        }
      [32m+[0m[0m version_id             = (known after apply)
    }

[1m  # module.lake.aws_s3_object.trusted["votos_validos_zona/votos_validos_zona_2022_GO.tsv"][0m will be created
[0m  [32m+[0m[0m resource "aws_s3_object" "trusted" {
      [32m+[0m[0m acl                    = (known after apply)
      [32m+[0m[0m arn                    = (known after apply)
      [32m+[0m[0m bucket                 = (known after apply)
      [32m+[0m[0m bucket_key_enabled     = (known after apply)
      [32m+[0m[0m checksum_crc32         = (known after apply)
      [32m+[0m[0m checksum_crc32c        = (known after apply)
      [32m+[0m[0m checksum_crc64nvme     = (known after apply)
      [32m+[0m[0m checksum_sha1          = (known after apply)
      [32m+[0m[0m checksum_sha256        = (known after apply)
      [32m+[0m[0m content_type           = "text/tab-separated-values; charset=utf-8"
      [32m+[0m[0m etag                   = "d1483ab11cf3ea0e9890fcac1f2dc985"
      [32m+[0m[0m force_destroy          = false
      [32m+[0m[0m id                     = (known after apply)
      [32m+[0m[0m key                    = "votos_validos_zona/votos_validos_zona_2022_GO.tsv"
      [32m+[0m[0m kms_key_id             = (known after apply)
      [32m+[0m[0m region                 = "us-east-1"
      [32m+[0m[0m server_side_encryption = (known after apply)
      [32m+[0m[0m source                 = "./../dados/trusted/votos_validos_zona/votos_validos_zona_2022_GO.tsv"
      [32m+[0m[0m storage_class          = (known after apply)
      [32m+[0m[0m tags_all               = {
          [32m+[0m[0m "grupo"   = "g06"
          [32m+[0m[0m "projeto" = "engenharia-de-dados"
          [32m+[0m[0m "turma"   = "eda262"
        }
      [32m+[0m[0m version_id             = (known after apply)
    }

[1m  # module.lake.aws_s3_object.trusted["votos_validos_zona/votos_validos_zona_2022_MA.tsv"][0m will be created
[0m  [32m+[0m[0m resource "aws_s3_object" "trusted" {
      [32m+[0m[0m acl                    = (known after apply)
      [32m+[0m[0m arn                    = (known after apply)
      [32m+[0m[0m bucket                 = (known after apply)
      [32m+[0m[0m bucket_key_enabled     = (known after apply)
      [32m+[0m[0m checksum_crc32         = (known after apply)
      [32m+[0m[0m checksum_crc32c        = (known after apply)
      [32m+[0m[0m checksum_crc64nvme     = (known after apply)
      [32m+[0m[0m checksum_sha1          = (known after apply)
      [32m+[0m[0m checksum_sha256        = (known after apply)
      [32m+[0m[0m content_type           = "text/tab-separated-values; charset=utf-8"
      [32m+[0m[0m etag                   = "0f0154e19b9394d5526343bb2ca79508"
      [32m+[0m[0m force_destroy          = false
      [32m+[0m[0m id                     = (known after apply)
      [32m+[0m[0m key                    = "votos_validos_zona/votos_validos_zona_2022_MA.tsv"
      [32m+[0m[0m kms_key_id             = (known after apply)
      [32m+[0m[0m region                 = "us-east-1"
      [32m+[0m[0m server_side_encryption = (known after apply)
      [32m+[0m[0m source                 = "./../dados/trusted/votos_validos_zona/votos_validos_zona_2022_MA.tsv"
      [32m+[0m[0m storage_class          = (known after apply)
      [32m+[0m[0m tags_all               = {
          [32m+[0m[0m "grupo"   = "g06"
          [32m+[0m[0m "projeto" = "engenharia-de-dados"
          [32m+[0m[0m "turma"   = "eda262"
        }
      [32m+[0m[0m version_id             = (known after apply)
    }

[1m  # module.lake.aws_s3_object.trusted["votos_validos_zona/votos_validos_zona_2022_MG.tsv"][0m will be created
[0m  [32m+[0m[0m resource "aws_s3_object" "trusted" {
      [32m+[0m[0m acl                    = (known after apply)
      [32m+[0m[0m arn                    = (known after apply)
      [32m+[0m[0m bucket                 = (known after apply)
      [32m+[0m[0m bucket_key_enabled     = (known after apply)
      [32m+[0m[0m checksum_crc32         = (known after apply)
      [32m+[0m[0m checksum_crc32c        = (known after apply)
      [32m+[0m[0m checksum_crc64nvme     = (known after apply)
      [32m+[0m[0m checksum_sha1          = (known after apply)
      [32m+[0m[0m checksum_sha256        = (known after apply)
      [32m+[0m[0m content_type           = "text/tab-separated-values; charset=utf-8"
      [32m+[0m[0m etag                   = "0c0c0849cb42ed352ffa7d59ff18b82f"
      [32m+[0m[0m force_destroy          = false
      [32m+[0m[0m id                     = (known after apply)
      [32m+[0m[0m key                    = "votos_validos_zona/votos_validos_zona_2022_MG.tsv"
      [32m+[0m[0m kms_key_id             = (known after apply)
      [32m+[0m[0m region                 = "us-east-1"
      [32m+[0m[0m server_side_encryption = (known after apply)
      [32m+[0m[0m source                 = "./../dados/trusted/votos_validos_zona/votos_validos_zona_2022_MG.tsv"
      [32m+[0m[0m storage_class          = (known after apply)
      [32m+[0m[0m tags_all               = {
          [32m+[0m[0m "grupo"   = "g06"
          [32m+[0m[0m "projeto" = "engenharia-de-dados"
          [32m+[0m[0m "turma"   = "eda262"
        }
      [32m+[0m[0m version_id             = (known after apply)
    }

[1m  # module.lake.aws_s3_object.trusted["votos_validos_zona/votos_validos_zona_2022_MS.tsv"][0m will be created
[0m  [32m+[0m[0m resource "aws_s3_object" "trusted" {
      [32m+[0m[0m acl                    = (known after apply)
      [32m+[0m[0m arn                    = (known after apply)
      [32m+[0m[0m bucket                 = (known after apply)
      [32m+[0m[0m bucket_key_enabled     = (known after apply)
      [32m+[0m[0m checksum_crc32         = (known after apply)
      [32m+[0m[0m checksum_crc32c        = (known after apply)
      [32m+[0m[0m checksum_crc64nvme     = (known after apply)
      [32m+[0m[0m checksum_sha1          = (known after apply)
      [32m+[0m[0m checksum_sha256        = (known after apply)
      [32m+[0m[0m content_type           = "text/tab-separated-values; charset=utf-8"
      [32m+[0m[0m etag                   = "693495d0de761ed286c5e2b01fc7c75b"
      [32m+[0m[0m force_destroy          = false
      [32m+[0m[0m id                     = (known after apply)
      [32m+[0m[0m key                    = "votos_validos_zona/votos_validos_zona_2022_MS.tsv"
      [32m+[0m[0m kms_key_id             = (known after apply)
      [32m+[0m[0m region                 = "us-east-1"
      [32m+[0m[0m server_side_encryption = (known after apply)
      [32m+[0m[0m source                 = "./../dados/trusted/votos_validos_zona/votos_validos_zona_2022_MS.tsv"
      [32m+[0m[0m storage_class          = (known after apply)
      [32m+[0m[0m tags_all               = {
          [32m+[0m[0m "grupo"   = "g06"
          [32m+[0m[0m "projeto" = "engenharia-de-dados"
          [32m+[0m[0m "turma"   = "eda262"
        }
      [32m+[0m[0m version_id             = (known after apply)
    }

[1m  # module.lake.aws_s3_object.trusted["votos_validos_zona/votos_validos_zona_2022_MT.tsv"][0m will be created
[0m  [32m+[0m[0m resource "aws_s3_object" "trusted" {
      [32m+[0m[0m acl                    = (known after apply)
      [32m+[0m[0m arn                    = (known after apply)
      [32m+[0m[0m bucket                 = (known after apply)
      [32m+[0m[0m bucket_key_enabled     = (known after apply)
      [32m+[0m[0m checksum_crc32         = (known after apply)
      [32m+[0m[0m checksum_crc32c        = (known after apply)
      [32m+[0m[0m checksum_crc64nvme     = (known after apply)
      [32m+[0m[0m checksum_sha1          = (known after apply)
      [32m+[0m[0m checksum_sha256        = (known after apply)
      [32m+[0m[0m content_type           = "text/tab-separated-values; charset=utf-8"
      [32m+[0m[0m etag                   = "fafafe961bcb61fd1e33d8c3abc96f57"
      [32m+[0m[0m force_destroy          = false
      [32m+[0m[0m id                     = (known after apply)
      [32m+[0m[0m key                    = "votos_validos_zona/votos_validos_zona_2022_MT.tsv"
      [32m+[0m[0m kms_key_id             = (known after apply)
      [32m+[0m[0m region                 = "us-east-1"
      [32m+[0m[0m server_side_encryption = (known after apply)
      [32m+[0m[0m source                 = "./../dados/trusted/votos_validos_zona/votos_validos_zona_2022_MT.tsv"
      [32m+[0m[0m storage_class          = (known after apply)
      [32m+[0m[0m tags_all               = {
          [32m+[0m[0m "grupo"   = "g06"
          [32m+[0m[0m "projeto" = "engenharia-de-dados"
          [32m+[0m[0m "turma"   = "eda262"
        }
      [32m+[0m[0m version_id             = (known after apply)
    }

[1m  # module.lake.aws_s3_object.trusted["votos_validos_zona/votos_validos_zona_2022_PA.tsv"][0m will be created
[0m  [32m+[0m[0m resource "aws_s3_object" "trusted" {
      [32m+[0m[0m acl                    = (known after apply)
      [32m+[0m[0m arn                    = (known after apply)
      [32m+[0m[0m bucket                 = (known after apply)
      [32m+[0m[0m bucket_key_enabled     = (known after apply)
      [32m+[0m[0m checksum_crc32         = (known after apply)
      [32m+[0m[0m checksum_crc32c        = (known after apply)
      [32m+[0m[0m checksum_crc64nvme     = (known after apply)
      [32m+[0m[0m checksum_sha1          = (known after apply)
      [32m+[0m[0m checksum_sha256        = (known after apply)
      [32m+[0m[0m content_type           = "text/tab-separated-values; charset=utf-8"
      [32m+[0m[0m etag                   = "02ee918c70f3a4fe2390e4983fc92af6"
      [32m+[0m[0m force_destroy          = false
      [32m+[0m[0m id                     = (known after apply)
      [32m+[0m[0m key                    = "votos_validos_zona/votos_validos_zona_2022_PA.tsv"
      [32m+[0m[0m kms_key_id             = (known after apply)
      [32m+[0m[0m region                 = "us-east-1"
      [32m+[0m[0m server_side_encryption = (known after apply)
      [32m+[0m[0m source                 = "./../dados/trusted/votos_validos_zona/votos_validos_zona_2022_PA.tsv"
      [32m+[0m[0m storage_class          = (known after apply)
      [32m+[0m[0m tags_all               = {
          [32m+[0m[0m "grupo"   = "g06"
          [32m+[0m[0m "projeto" = "engenharia-de-dados"
          [32m+[0m[0m "turma"   = "eda262"
        }
      [32m+[0m[0m version_id             = (known after apply)
    }

[1m  # module.lake.aws_s3_object.trusted["votos_validos_zona/votos_validos_zona_2022_PB.tsv"][0m will be created
[0m  [32m+[0m[0m resource "aws_s3_object" "trusted" {
      [32m+[0m[0m acl                    = (known after apply)
      [32m+[0m[0m arn                    = (known after apply)
      [32m+[0m[0m bucket                 = (known after apply)
      [32m+[0m[0m bucket_key_enabled     = (known after apply)
      [32m+[0m[0m checksum_crc32         = (known after apply)
      [32m+[0m[0m checksum_crc32c        = (known after apply)
      [32m+[0m[0m checksum_crc64nvme     = (known after apply)
      [32m+[0m[0m checksum_sha1          = (known after apply)
      [32m+[0m[0m checksum_sha256        = (known after apply)
      [32m+[0m[0m content_type           = "text/tab-separated-values; charset=utf-8"
      [32m+[0m[0m etag                   = "82151177482b46c224e5ce0fcf6d20c9"
      [32m+[0m[0m force_destroy          = false
      [32m+[0m[0m id                     = (known after apply)
      [32m+[0m[0m key                    = "votos_validos_zona/votos_validos_zona_2022_PB.tsv"
      [32m+[0m[0m kms_key_id             = (known after apply)
      [32m+[0m[0m region                 = "us-east-1"
      [32m+[0m[0m server_side_encryption = (known after apply)
      [32m+[0m[0m source                 = "./../dados/trusted/votos_validos_zona/votos_validos_zona_2022_PB.tsv"
      [32m+[0m[0m storage_class          = (known after apply)
      [32m+[0m[0m tags_all               = {
          [32m+[0m[0m "grupo"   = "g06"
          [32m+[0m[0m "projeto" = "engenharia-de-dados"
          [32m+[0m[0m "turma"   = "eda262"
        }
      [32m+[0m[0m version_id             = (known after apply)
    }

[1m  # module.lake.aws_s3_object.trusted["votos_validos_zona/votos_validos_zona_2022_PE.tsv"][0m will be created
[0m  [32m+[0m[0m resource "aws_s3_object" "trusted" {
      [32m+[0m[0m acl                    = (known after apply)
      [32m+[0m[0m arn                    = (known after apply)
      [32m+[0m[0m bucket                 = (known after apply)
      [32m+[0m[0m bucket_key_enabled     = (known after apply)
      [32m+[0m[0m checksum_crc32         = (known after apply)
      [32m+[0m[0m checksum_crc32c        = (known after apply)
      [32m+[0m[0m checksum_crc64nvme     = (known after apply)
      [32m+[0m[0m checksum_sha1          = (known after apply)
      [32m+[0m[0m checksum_sha256        = (known after apply)
      [32m+[0m[0m content_type           = "text/tab-separated-values; charset=utf-8"
      [32m+[0m[0m etag                   = "2992fa40500d8c8c57281bfcc171170a"
      [32m+[0m[0m force_destroy          = false
      [32m+[0m[0m id                     = (known after apply)
      [32m+[0m[0m key                    = "votos_validos_zona/votos_validos_zona_2022_PE.tsv"
      [32m+[0m[0m kms_key_id             = (known after apply)
      [32m+[0m[0m region                 = "us-east-1"
      [32m+[0m[0m server_side_encryption = (known after apply)
      [32m+[0m[0m source                 = "./../dados/trusted/votos_validos_zona/votos_validos_zona_2022_PE.tsv"
      [32m+[0m[0m storage_class          = (known after apply)
      [32m+[0m[0m tags_all               = {
          [32m+[0m[0m "grupo"   = "g06"
          [32m+[0m[0m "projeto" = "engenharia-de-dados"
          [32m+[0m[0m "turma"   = "eda262"
        }
      [32m+[0m[0m version_id             = (known after apply)
    }

[1m  # module.lake.aws_s3_object.trusted["votos_validos_zona/votos_validos_zona_2022_PI.tsv"][0m will be created
[0m  [32m+[0m[0m resource "aws_s3_object" "trusted" {
      [32m+[0m[0m acl                    = (known after apply)
      [32m+[0m[0m arn                    = (known after apply)
      [32m+[0m[0m bucket                 = (known after apply)
      [32m+[0m[0m bucket_key_enabled     = (known after apply)
      [32m+[0m[0m checksum_crc32         = (known after apply)
      [32m+[0m[0m checksum_crc32c        = (known after apply)
      [32m+[0m[0m checksum_crc64nvme     = (known after apply)
      [32m+[0m[0m checksum_sha1          = (known after apply)
      [32m+[0m[0m checksum_sha256        = (known after apply)
      [32m+[0m[0m content_type           = "text/tab-separated-values; charset=utf-8"
      [32m+[0m[0m etag                   = "23b83ece6bfe00e2500c57707d5026d5"
      [32m+[0m[0m force_destroy          = false
      [32m+[0m[0m id                     = (known after apply)
      [32m+[0m[0m key                    = "votos_validos_zona/votos_validos_zona_2022_PI.tsv"
      [32m+[0m[0m kms_key_id             = (known after apply)
      [32m+[0m[0m region                 = "us-east-1"
      [32m+[0m[0m server_side_encryption = (known after apply)
      [32m+[0m[0m source                 = "./../dados/trusted/votos_validos_zona/votos_validos_zona_2022_PI.tsv"
      [32m+[0m[0m storage_class          = (known after apply)
      [32m+[0m[0m tags_all               = {
          [32m+[0m[0m "grupo"   = "g06"
          [32m+[0m[0m "projeto" = "engenharia-de-dados"
          [32m+[0m[0m "turma"   = "eda262"
        }
      [32m+[0m[0m version_id             = (known after apply)
    }

[1m  # module.lake.aws_s3_object.trusted["votos_validos_zona/votos_validos_zona_2022_PR.tsv"][0m will be created
[0m  [32m+[0m[0m resource "aws_s3_object" "trusted" {
      [32m+[0m[0m acl                    = (known after apply)
      [32m+[0m[0m arn                    = (known after apply)
      [32m+[0m[0m bucket                 = (known after apply)
      [32m+[0m[0m bucket_key_enabled     = (known after apply)
      [32m+[0m[0m checksum_crc32         = (known after apply)
      [32m+[0m[0m checksum_crc32c        = (known after apply)
      [32m+[0m[0m checksum_crc64nvme     = (known after apply)
      [32m+[0m[0m checksum_sha1          = (known after apply)
      [32m+[0m[0m checksum_sha256        = (known after apply)
      [32m+[0m[0m content_type           = "text/tab-separated-values; charset=utf-8"
      [32m+[0m[0m etag                   = "603f872c103b8a13b236c1e5afae4f47"
      [32m+[0m[0m force_destroy          = false
      [32m+[0m[0m id                     = (known after apply)
      [32m+[0m[0m key                    = "votos_validos_zona/votos_validos_zona_2022_PR.tsv"
      [32m+[0m[0m kms_key_id             = (known after apply)
      [32m+[0m[0m region                 = "us-east-1"
      [32m+[0m[0m server_side_encryption = (known after apply)
      [32m+[0m[0m source                 = "./../dados/trusted/votos_validos_zona/votos_validos_zona_2022_PR.tsv"
      [32m+[0m[0m storage_class          = (known after apply)
      [32m+[0m[0m tags_all               = {
          [32m+[0m[0m "grupo"   = "g06"
          [32m+[0m[0m "projeto" = "engenharia-de-dados"
          [32m+[0m[0m "turma"   = "eda262"
        }
      [32m+[0m[0m version_id             = (known after apply)
    }

[1m  # module.lake.aws_s3_object.trusted["votos_validos_zona/votos_validos_zona_2022_RJ.tsv"][0m will be created
[0m  [32m+[0m[0m resource "aws_s3_object" "trusted" {
      [32m+[0m[0m acl                    = (known after apply)
      [32m+[0m[0m arn                    = (known after apply)
      [32m+[0m[0m bucket                 = (known after apply)
      [32m+[0m[0m bucket_key_enabled     = (known after apply)
      [32m+[0m[0m checksum_crc32         = (known after apply)
      [32m+[0m[0m checksum_crc32c        = (known after apply)
      [32m+[0m[0m checksum_crc64nvme     = (known after apply)
      [32m+[0m[0m checksum_sha1          = (known after apply)
      [32m+[0m[0m checksum_sha256        = (known after apply)
      [32m+[0m[0m content_type           = "text/tab-separated-values; charset=utf-8"
      [32m+[0m[0m etag                   = "1049d0ee6deaec6dde28f7b0372c1c85"
      [32m+[0m[0m force_destroy          = false
      [32m+[0m[0m id                     = (known after apply)
      [32m+[0m[0m key                    = "votos_validos_zona/votos_validos_zona_2022_RJ.tsv"
      [32m+[0m[0m kms_key_id             = (known after apply)
      [32m+[0m[0m region                 = "us-east-1"
      [32m+[0m[0m server_side_encryption = (known after apply)
      [32m+[0m[0m source                 = "./../dados/trusted/votos_validos_zona/votos_validos_zona_2022_RJ.tsv"
      [32m+[0m[0m storage_class          = (known after apply)
      [32m+[0m[0m tags_all               = {
          [32m+[0m[0m "grupo"   = "g06"
          [32m+[0m[0m "projeto" = "engenharia-de-dados"
          [32m+[0m[0m "turma"   = "eda262"
        }
      [32m+[0m[0m version_id             = (known after apply)
    }

[1m  # module.lake.aws_s3_object.trusted["votos_validos_zona/votos_validos_zona_2022_RN.tsv"][0m will be created
[0m  [32m+[0m[0m resource "aws_s3_object" "trusted" {
      [32m+[0m[0m acl                    = (known after apply)
      [32m+[0m[0m arn                    = (known after apply)
      [32m+[0m[0m bucket                 = (known after apply)
      [32m+[0m[0m bucket_key_enabled     = (known after apply)
      [32m+[0m[0m checksum_crc32         = (known after apply)
      [32m+[0m[0m checksum_crc32c        = (known after apply)
      [32m+[0m[0m checksum_crc64nvme     = (known after apply)
      [32m+[0m[0m checksum_sha1          = (known after apply)
      [32m+[0m[0m checksum_sha256        = (known after apply)
      [32m+[0m[0m content_type           = "text/tab-separated-values; charset=utf-8"
      [32m+[0m[0m etag                   = "e49d4b631cec5c171d927ea661bf36c7"
      [32m+[0m[0m force_destroy          = false
      [32m+[0m[0m id                     = (known after apply)
      [32m+[0m[0m key                    = "votos_validos_zona/votos_validos_zona_2022_RN.tsv"
      [32m+[0m[0m kms_key_id             = (known after apply)
      [32m+[0m[0m region                 = "us-east-1"
      [32m+[0m[0m server_side_encryption = (known after apply)
      [32m+[0m[0m source                 = "./../dados/trusted/votos_validos_zona/votos_validos_zona_2022_RN.tsv"
      [32m+[0m[0m storage_class          = (known after apply)
      [32m+[0m[0m tags_all               = {
          [32m+[0m[0m "grupo"   = "g06"
          [32m+[0m[0m "projeto" = "engenharia-de-dados"
          [32m+[0m[0m "turma"   = "eda262"
        }
      [32m+[0m[0m version_id             = (known after apply)
    }

[1m  # module.lake.aws_s3_object.trusted["votos_validos_zona/votos_validos_zona_2022_RO.tsv"][0m will be created
[0m  [32m+[0m[0m resource "aws_s3_object" "trusted" {
      [32m+[0m[0m acl                    = (known after apply)
      [32m+[0m[0m arn                    = (known after apply)
      [32m+[0m[0m bucket                 = (known after apply)
      [32m+[0m[0m bucket_key_enabled     = (known after apply)
      [32m+[0m[0m checksum_crc32         = (known after apply)
      [32m+[0m[0m checksum_crc32c        = (known after apply)
      [32m+[0m[0m checksum_crc64nvme     = (known after apply)
      [32m+[0m[0m checksum_sha1          = (known after apply)
      [32m+[0m[0m checksum_sha256        = (known after apply)
      [32m+[0m[0m content_type           = "text/tab-separated-values; charset=utf-8"
      [32m+[0m[0m etag                   = "5fb72a6d9c09033e638fffd434070b38"
      [32m+[0m[0m force_destroy          = false
      [32m+[0m[0m id                     = (known after apply)
      [32m+[0m[0m key                    = "votos_validos_zona/votos_validos_zona_2022_RO.tsv"
      [32m+[0m[0m kms_key_id             = (known after apply)
      [32m+[0m[0m region                 = "us-east-1"
      [32m+[0m[0m server_side_encryption = (known after apply)
      [32m+[0m[0m source                 = "./../dados/trusted/votos_validos_zona/votos_validos_zona_2022_RO.tsv"
      [32m+[0m[0m storage_class          = (known after apply)
      [32m+[0m[0m tags_all               = {
          [32m+[0m[0m "grupo"   = "g06"
          [32m+[0m[0m "projeto" = "engenharia-de-dados"
          [32m+[0m[0m "turma"   = "eda262"
        }
      [32m+[0m[0m version_id             = (known after apply)
    }

[1m  # module.lake.aws_s3_object.trusted["votos_validos_zona/votos_validos_zona_2022_RR.tsv"][0m will be created
[0m  [32m+[0m[0m resource "aws_s3_object" "trusted" {
      [32m+[0m[0m acl                    = (known after apply)
      [32m+[0m[0m arn                    = (known after apply)
      [32m+[0m[0m bucket                 = (known after apply)
      [32m+[0m[0m bucket_key_enabled     = (known after apply)
      [32m+[0m[0m checksum_crc32         = (known after apply)
      [32m+[0m[0m checksum_crc32c        = (known after apply)
      [32m+[0m[0m checksum_crc64nvme     = (known after apply)
      [32m+[0m[0m checksum_sha1          = (known after apply)
      [32m+[0m[0m checksum_sha256        = (known after apply)
      [32m+[0m[0m content_type           = "text/tab-separated-values; charset=utf-8"
      [32m+[0m[0m etag                   = "3925db3b8f5bc7b614343ccb6c69d54d"
      [32m+[0m[0m force_destroy          = false
      [32m+[0m[0m id                     = (known after apply)
      [32m+[0m[0m key                    = "votos_validos_zona/votos_validos_zona_2022_RR.tsv"
      [32m+[0m[0m kms_key_id             = (known after apply)
      [32m+[0m[0m region                 = "us-east-1"
      [32m+[0m[0m server_side_encryption = (known after apply)
      [32m+[0m[0m source                 = "./../dados/trusted/votos_validos_zona/votos_validos_zona_2022_RR.tsv"
      [32m+[0m[0m storage_class          = (known after apply)
      [32m+[0m[0m tags_all               = {
          [32m+[0m[0m "grupo"   = "g06"
          [32m+[0m[0m "projeto" = "engenharia-de-dados"
          [32m+[0m[0m "turma"   = "eda262"
        }
      [32m+[0m[0m version_id             = (known after apply)
    }

[1m  # module.lake.aws_s3_object.trusted["votos_validos_zona/votos_validos_zona_2022_RS.tsv"][0m will be created
[0m  [32m+[0m[0m resource "aws_s3_object" "trusted" {
      [32m+[0m[0m acl                    = (known after apply)
      [32m+[0m[0m arn                    = (known after apply)
      [32m+[0m[0m bucket                 = (known after apply)
      [32m+[0m[0m bucket_key_enabled     = (known after apply)
      [32m+[0m[0m checksum_crc32         = (known after apply)
      [32m+[0m[0m checksum_crc32c        = (known after apply)
      [32m+[0m[0m checksum_crc64nvme     = (known after apply)
      [32m+[0m[0m checksum_sha1          = (known after apply)
      [32m+[0m[0m checksum_sha256        = (known after apply)
      [32m+[0m[0m content_type           = "text/tab-separated-values; charset=utf-8"
      [32m+[0m[0m etag                   = "306c996f2f330752ba1ee9218519cf73"
      [32m+[0m[0m force_destroy          = false
      [32m+[0m[0m id                     = (known after apply)
      [32m+[0m[0m key                    = "votos_validos_zona/votos_validos_zona_2022_RS.tsv"
      [32m+[0m[0m kms_key_id             = (known after apply)
      [32m+[0m[0m region                 = "us-east-1"
      [32m+[0m[0m server_side_encryption = (known after apply)
      [32m+[0m[0m source                 = "./../dados/trusted/votos_validos_zona/votos_validos_zona_2022_RS.tsv"
      [32m+[0m[0m storage_class          = (known after apply)
      [32m+[0m[0m tags_all               = {
          [32m+[0m[0m "grupo"   = "g06"
          [32m+[0m[0m "projeto" = "engenharia-de-dados"
          [32m+[0m[0m "turma"   = "eda262"
        }
      [32m+[0m[0m version_id             = (known after apply)
    }

[1m  # module.lake.aws_s3_object.trusted["votos_validos_zona/votos_validos_zona_2022_SC.tsv"][0m will be created
[0m  [32m+[0m[0m resource "aws_s3_object" "trusted" {
      [32m+[0m[0m acl                    = (known after apply)
      [32m+[0m[0m arn                    = (known after apply)
      [32m+[0m[0m bucket                 = (known after apply)
      [32m+[0m[0m bucket_key_enabled     = (known after apply)
      [32m+[0m[0m checksum_crc32         = (known after apply)
      [32m+[0m[0m checksum_crc32c        = (known after apply)
      [32m+[0m[0m checksum_crc64nvme     = (known after apply)
      [32m+[0m[0m checksum_sha1          = (known after apply)
      [32m+[0m[0m checksum_sha256        = (known after apply)
      [32m+[0m[0m content_type           = "text/tab-separated-values; charset=utf-8"
      [32m+[0m[0m etag                   = "59d61accfedd5d20b28a216d9abcafa2"
      [32m+[0m[0m force_destroy          = false
      [32m+[0m[0m id                     = (known after apply)
      [32m+[0m[0m key                    = "votos_validos_zona/votos_validos_zona_2022_SC.tsv"
      [32m+[0m[0m kms_key_id             = (known after apply)
      [32m+[0m[0m region                 = "us-east-1"
      [32m+[0m[0m server_side_encryption = (known after apply)
      [32m+[0m[0m source                 = "./../dados/trusted/votos_validos_zona/votos_validos_zona_2022_SC.tsv"
      [32m+[0m[0m storage_class          = (known after apply)
      [32m+[0m[0m tags_all               = {
          [32m+[0m[0m "grupo"   = "g06"
          [32m+[0m[0m "projeto" = "engenharia-de-dados"
          [32m+[0m[0m "turma"   = "eda262"
        }
      [32m+[0m[0m version_id             = (known after apply)
    }

[1m  # module.lake.aws_s3_object.trusted["votos_validos_zona/votos_validos_zona_2022_SE.tsv"][0m will be created
[0m  [32m+[0m[0m resource "aws_s3_object" "trusted" {
      [32m+[0m[0m acl                    = (known after apply)
      [32m+[0m[0m arn                    = (known after apply)
      [32m+[0m[0m bucket                 = (known after apply)
      [32m+[0m[0m bucket_key_enabled     = (known after apply)
      [32m+[0m[0m checksum_crc32         = (known after apply)
      [32m+[0m[0m checksum_crc32c        = (known after apply)
      [32m+[0m[0m checksum_crc64nvme     = (known after apply)
      [32m+[0m[0m checksum_sha1          = (known after apply)
      [32m+[0m[0m checksum_sha256        = (known after apply)
      [32m+[0m[0m content_type           = "text/tab-separated-values; charset=utf-8"
      [32m+[0m[0m etag                   = "41debbd99568ca5598ab77cb8dc8ed3f"
      [32m+[0m[0m force_destroy          = false
      [32m+[0m[0m id                     = (known after apply)
      [32m+[0m[0m key                    = "votos_validos_zona/votos_validos_zona_2022_SE.tsv"
      [32m+[0m[0m kms_key_id             = (known after apply)
      [32m+[0m[0m region                 = "us-east-1"
      [32m+[0m[0m server_side_encryption = (known after apply)
      [32m+[0m[0m source                 = "./../dados/trusted/votos_validos_zona/votos_validos_zona_2022_SE.tsv"
      [32m+[0m[0m storage_class          = (known after apply)
      [32m+[0m[0m tags_all               = {
          [32m+[0m[0m "grupo"   = "g06"
          [32m+[0m[0m "projeto" = "engenharia-de-dados"
          [32m+[0m[0m "turma"   = "eda262"
        }
      [32m+[0m[0m version_id             = (known after apply)
    }

[1m  # module.lake.aws_s3_object.trusted["votos_validos_zona/votos_validos_zona_2022_SP.tsv"][0m will be created
[0m  [32m+[0m[0m resource "aws_s3_object" "trusted" {
      [32m+[0m[0m acl                    = (known after apply)
      [32m+[0m[0m arn                    = (known after apply)
      [32m+[0m[0m bucket                 = (known after apply)
      [32m+[0m[0m bucket_key_enabled     = (known after apply)
      [32m+[0m[0m checksum_crc32         = (known after apply)
      [32m+[0m[0m checksum_crc32c        = (known after apply)
      [32m+[0m[0m checksum_crc64nvme     = (known after apply)
      [32m+[0m[0m checksum_sha1          = (known after apply)
      [32m+[0m[0m checksum_sha256        = (known after apply)
      [32m+[0m[0m content_type           = "text/tab-separated-values; charset=utf-8"
      [32m+[0m[0m etag                   = "e8d5cdda08326cb38895e65330e2439a"
      [32m+[0m[0m force_destroy          = false
      [32m+[0m[0m id                     = (known after apply)
      [32m+[0m[0m key                    = "votos_validos_zona/votos_validos_zona_2022_SP.tsv"
      [32m+[0m[0m kms_key_id             = (known after apply)
      [32m+[0m[0m region                 = "us-east-1"
      [32m+[0m[0m server_side_encryption = (known after apply)
      [32m+[0m[0m source                 = "./../dados/trusted/votos_validos_zona/votos_validos_zona_2022_SP.tsv"
      [32m+[0m[0m storage_class          = (known after apply)
      [32m+[0m[0m tags_all               = {
          [32m+[0m[0m "grupo"   = "g06"
          [32m+[0m[0m "projeto" = "engenharia-de-dados"
          [32m+[0m[0m "turma"   = "eda262"
        }
      [32m+[0m[0m version_id             = (known after apply)
    }

[1m  # module.lake.aws_s3_object.trusted["votos_validos_zona/votos_validos_zona_2022_TO.tsv"][0m will be created
[0m  [32m+[0m[0m resource "aws_s3_object" "trusted" {
      [32m+[0m[0m acl                    = (known after apply)
      [32m+[0m[0m arn                    = (known after apply)
      [32m+[0m[0m bucket                 = (known after apply)
      [32m+[0m[0m bucket_key_enabled     = (known after apply)
      [32m+[0m[0m checksum_crc32         = (known after apply)
      [32m+[0m[0m checksum_crc32c        = (known after apply)
      [32m+[0m[0m checksum_crc64nvme     = (known after apply)
      [32m+[0m[0m checksum_sha1          = (known after apply)
      [32m+[0m[0m checksum_sha256        = (known after apply)
      [32m+[0m[0m content_type           = "text/tab-separated-values; charset=utf-8"
      [32m+[0m[0m etag                   = "06c268f02550b0b30103ce6740044216"
      [32m+[0m[0m force_destroy          = false
      [32m+[0m[0m id                     = (known after apply)
      [32m+[0m[0m key                    = "votos_validos_zona/votos_validos_zona_2022_TO.tsv"
      [32m+[0m[0m kms_key_id             = (known after apply)
      [32m+[0m[0m region                 = "us-east-1"
      [32m+[0m[0m server_side_encryption = (known after apply)
      [32m+[0m[0m source                 = "./../dados/trusted/votos_validos_zona/votos_validos_zona_2022_TO.tsv"
      [32m+[0m[0m storage_class          = (known after apply)
      [32m+[0m[0m tags_all               = {
          [32m+[0m[0m "grupo"   = "g06"
          [32m+[0m[0m "projeto" = "engenharia-de-dados"
          [32m+[0m[0m "turma"   = "eda262"
        }
      [32m+[0m[0m version_id             = (known after apply)
    }

[1m  # module.lake.aws_s3_object.trusted["votos_validos_zona/votos_validos_zona_2022_ZZ.tsv"][0m will be created
[0m  [32m+[0m[0m resource "aws_s3_object" "trusted" {
      [32m+[0m[0m acl                    = (known after apply)
      [32m+[0m[0m arn                    = (known after apply)
      [32m+[0m[0m bucket                 = (known after apply)
      [32m+[0m[0m bucket_key_enabled     = (known after apply)
      [32m+[0m[0m checksum_crc32         = (known after apply)
      [32m+[0m[0m checksum_crc32c        = (known after apply)
      [32m+[0m[0m checksum_crc64nvme     = (known after apply)
      [32m+[0m[0m checksum_sha1          = (known after apply)
      [32m+[0m[0m checksum_sha256        = (known after apply)
      [32m+[0m[0m content_type           = "text/tab-separated-values; charset=utf-8"
      [32m+[0m[0m etag                   = "c298eb6b492f25184ec6276655fd102e"
      [32m+[0m[0m force_destroy          = false
      [32m+[0m[0m id                     = (known after apply)
      [32m+[0m[0m key                    = "votos_validos_zona/votos_validos_zona_2022_ZZ.tsv"
      [32m+[0m[0m kms_key_id             = (known after apply)
      [32m+[0m[0m region                 = "us-east-1"
      [32m+[0m[0m server_side_encryption = (known after apply)
      [32m+[0m[0m source                 = "./../dados/trusted/votos_validos_zona/votos_validos_zona_2022_ZZ.tsv"
      [32m+[0m[0m storage_class          = (known after apply)
      [32m+[0m[0m tags_all               = {
          [32m+[0m[0m "grupo"   = "g06"
          [32m+[0m[0m "projeto" = "engenharia-de-dados"
          [32m+[0m[0m "turma"   = "eda262"
        }
      [32m+[0m[0m version_id             = (known after apply)
    }

[1mPlan:[0m [0m128 to add, 0 to change, 0 to destroy.

Changes to Outputs:
  [32m+[0m[0m bucket_raw         = (known after apply)
  [32m+[0m[0m bucket_resultados  = (known after apply)
  [32m+[0m[0m bucket_trusted     = (known after apply)
  [32m+[0m[0m database_name      = "eda262_g06_eleicoes"
  [32m+[0m[0m objetos_carregados = {
      [32m+[0m[0m raw     = 56
      [32m+[0m[0m trusted = 56
    }
  [32m+[0m[0m tabela_trusted     = "trusted_votos_validos_zona"
  [32m+[0m[0m tabelas_raw        = [
      [32m+[0m[0m "raw_votacao_candidato_munzona_2018",
      [32m+[0m[0m "raw_votacao_candidato_munzona_2022",
    ]
  [32m+[0m[0m teto_bytes         = 116391936
  [32m+[0m[0m workgroup_name     = "eda262-g06-wg"
[0m[1mmodule.lake.aws_glue_catalog_database.eleicoes: Creating...[0m[0m
[0m[1mmodule.lake.aws_s3_bucket.lake["trusted"]: Creating...[0m[0m
[0m[1mmodule.lake.aws_s3_bucket.lake["resultados"]: Creating...[0m[0m
[0m[1mmodule.lake.aws_s3_bucket.lake["raw"]: Creating...[0m[0m
[0m[1mmodule.lake.aws_glue_catalog_database.eleicoes: Creation complete after 2s [id=325583868777:eda262_g06_eleicoes][0m
[0m[1mmodule.lake.aws_s3_bucket.lake["raw"]: Creation complete after 5s [id=eda262-g06-lake-raw][0m
[0m[1mmodule.lake.aws_s3_object.raw["tse/votacao_candidato_munzona/ano_2022/votacao_candidato_munzona_2022_AP.csv"]: Creating...[0m[0m
[0m[1mmodule.lake.aws_s3_object.raw["tse/votacao_candidato_munzona/ano_2022/votacao_candidato_munzona_2022_ZZ.csv"]: Creating...[0m[0m
[0m[1mmodule.lake.aws_s3_object.raw["tse/votacao_candidato_munzona/ano_2022/votacao_candidato_munzona_2022_AM.csv"]: Creating...[0m[0m
[0m[1mmodule.lake.aws_s3_object.raw["tse/votacao_candidato_munzona/ano_2018/votacao_candidato_munzona_2018_PA.csv"]: Creating...[0m[0m
[0m[1mmodule.lake.aws_s3_object.raw["tse/votacao_candidato_munzona/ano_2018/votacao_candidato_munzona_2018_MA.csv"]: Creating...[0m[0m
[0m[1mmodule.lake.aws_s3_object.raw["tse/votacao_candidato_munzona/ano_2022/votacao_candidato_munzona_2022_RS.csv"]: Creating...[0m[0m
[0m[1mmodule.lake.aws_glue_catalog_table.raw["2022"]: Creating...[0m[0m
[0m[1mmodule.lake.aws_glue_catalog_table.raw["2018"]: Creating...[0m[0m
[0m[1mmodule.lake.aws_s3_bucket.lake["trusted"]: Creation complete after 5s [id=eda262-g06-lake-trusted][0m
[0m[1mmodule.lake.aws_s3_object.raw["tse/votacao_candidato_munzona/ano_2018/votacao_candidato_munzona_2018_RS.csv"]: Creating...[0m[0m
[0m[1mmodule.lake.aws_glue_catalog_table.raw["2022"]: Creation complete after 0s [id=325583868777:eda262_g06_eleicoes:raw_votacao_candidato_munzona_2022][0m
[0m[1mmodule.lake.aws_s3_object.raw["tse/votacao_candidato_munzona/ano_2022/votacao_candidato_munzona_2022_MA.csv"]: Creating...[0m[0m
[0m[1mmodule.lake.aws_glue_catalog_table.raw["2018"]: Creation complete after 0s [id=325583868777:eda262_g06_eleicoes:raw_votacao_candidato_munzona_2018][0m
[0m[1mmodule.lake.aws_s3_object.raw["tse/votacao_candidato_munzona/ano_2022/votacao_candidato_munzona_2022_RN.csv"]: Creating...[0m[0m
[0m[1mmodule.lake.aws_s3_bucket.lake["resultados"]: Still creating... [00m10s elapsed][0m[0m
[0m[1mmodule.lake.aws_s3_object.raw["tse/votacao_candidato_munzona/ano_2022/votacao_candidato_munzona_2022_AP.csv"]: Creation complete after 6s [id=eda262-g06-lake-raw/tse/votacao_candidato_munzona/ano_2022/votacao_candidato_munzona_2022_AP.csv][0m
[0m[1mmodule.lake.aws_s3_object.raw["tse/votacao_candidato_munzona/ano_2018/votacao_candidato_munzona_2018_PR.csv"]: Creating...[0m[0m
[0m[1mmodule.lake.aws_s3_object.raw["tse/votacao_candidato_munzona/ano_2022/votacao_candidato_munzona_2022_ZZ.csv"]: Creation complete after 6s [id=eda262-g06-lake-raw/tse/votacao_candidato_munzona/ano_2022/votacao_candidato_munzona_2022_ZZ.csv][0m
[0m[1mmodule.lake.aws_s3_object.raw["tse/votacao_candidato_munzona/ano_2022/votacao_candidato_munzona_2022_DF.csv"]: Creating...[0m[0m
[0m[1mmodule.lake.aws_s3_object.raw["tse/votacao_candidato_munzona/ano_2018/votacao_candidato_munzona_2018_PA.csv"]: Creation complete after 6s [id=eda262-g06-lake-raw/tse/votacao_candidato_munzona/ano_2018/votacao_candidato_munzona_2018_PA.csv][0m
[0m[1mmodule.lake.aws_s3_object.raw["tse/votacao_candidato_munzona/ano_2022/votacao_candidato_munzona_2022_AM.csv"]: Creation complete after 6s [id=eda262-g06-lake-raw/tse/votacao_candidato_munzona/ano_2022/votacao_candidato_munzona_2022_AM.csv][0m
[0m[1mmodule.lake.aws_s3_object.raw["tse/votacao_candidato_munzona/ano_2022/votacao_candidato_munzona_2022_SE.csv"]: Creating...[0m[0m
[0m[1mmodule.lake.aws_s3_object.raw["tse/votacao_candidato_munzona/ano_2018/votacao_candidato_munzona_2018_MA.csv"]: Creation complete after 6s [id=eda262-g06-lake-raw/tse/votacao_candidato_munzona/ano_2018/votacao_candidato_munzona_2018_MA.csv][0m
[0m[1mmodule.lake.aws_s3_object.raw["tse/votacao_candidato_munzona/ano_2018/votacao_candidato_munzona_2018_ES.csv"]: Creating...[0m[0m
[0m[1mmodule.lake.aws_s3_object.raw["tse/votacao_candidato_munzona/ano_2018/votacao_candidato_munzona_2018_SP.csv"]: Creating...[0m[0m
[0m[1mmodule.lake.aws_s3_object.raw["tse/votacao_candidato_munzona/ano_2022/votacao_candidato_munzona_2022_MA.csv"]: Creation complete after 7s [id=eda262-g06-lake-raw/tse/votacao_candidato_munzona/ano_2022/votacao_candidato_munzona_2022_MA.csv][0m
[0m[1mmodule.lake.aws_s3_object.raw["tse/votacao_candidato_munzona/ano_2022/votacao_candidato_munzona_2022_PA.csv"]: Creating...[0m[0m
[0m[1mmodule.lake.aws_s3_object.raw["tse/votacao_candidato_munzona/ano_2018/votacao_candidato_munzona_2018_RS.csv"]: Creation complete after 7s [id=eda262-g06-lake-raw/tse/votacao_candidato_munzona/ano_2018/votacao_candidato_munzona_2018_RS.csv][0m
[0m[1mmodule.lake.aws_s3_object.raw["tse/votacao_candidato_munzona/ano_2022/votacao_candidato_munzona_2022_RO.csv"]: Creating...[0m[0m
[0m[1mmodule.lake.aws_s3_bucket.lake["resultados"]: Creation complete after 12s [id=eda262-g06-athena-resultados][0m
[0m[1mmodule.lake.aws_s3_object.raw["tse/votacao_candidato_munzona/ano_2018/votacao_candidato_munzona_2018_RJ.csv"]: Creating...[0m[0m
[0m[1mmodule.lake.aws_s3_object.raw["tse/votacao_candidato_munzona/ano_2022/votacao_candidato_munzona_2022_DF.csv"]: Creation complete after 1s [id=eda262-g06-lake-raw/tse/votacao_candidato_munzona/ano_2022/votacao_candidato_munzona_2022_DF.csv][0m
[0m[1mmodule.lake.aws_s3_object.raw["tse/votacao_candidato_munzona/ano_2022/votacao_candidato_munzona_2022_TO.csv"]: Creating...[0m[0m
[0m[1mmodule.lake.aws_s3_object.raw["tse/votacao_candidato_munzona/ano_2022/votacao_candidato_munzona_2022_RO.csv"]: Creation complete after 2s [id=eda262-g06-lake-raw/tse/votacao_candidato_munzona/ano_2022/votacao_candidato_munzona_2022_RO.csv][0m
[0m[1mmodule.lake.aws_s3_object.raw["tse/votacao_candidato_munzona/ano_2022/votacao_candidato_munzona_2022_MS.csv"]: Creating...[0m[0m
[0m[1mmodule.lake.aws_s3_object.raw["tse/votacao_candidato_munzona/ano_2022/votacao_candidato_munzona_2022_TO.csv"]: Creation complete after 2s [id=eda262-g06-lake-raw/tse/votacao_candidato_munzona/ano_2022/votacao_candidato_munzona_2022_TO.csv][0m
[0m[1mmodule.lake.aws_s3_object.raw["tse/votacao_candidato_munzona/ano_2022/votacao_candidato_munzona_2022_PA.csv"]: Creation complete after 2s [id=eda262-g06-lake-raw/tse/votacao_candidato_munzona/ano_2022/votacao_candidato_munzona_2022_PA.csv][0m
[0m[1mmodule.lake.aws_s3_object.raw["tse/votacao_candidato_munzona/ano_2018/votacao_candidato_munzona_2018_DF.csv"]: Creating...[0m[0m
[0m[1mmodule.lake.aws_s3_object.raw["tse/votacao_candidato_munzona/ano_2022/votacao_candidato_munzona_2022_PR.csv"]: Creating...[0m[0m
[0m[1mmodule.lake.aws_s3_object.raw["tse/votacao_candidato_munzona/ano_2022/votacao_candidato_munzona_2022_RS.csv"]: Still creating... [00m10s elapsed][0m[0m
[0m[1mmodule.lake.aws_s3_object.raw["tse/votacao_candidato_munzona/ano_2022/votacao_candidato_munzona_2022_MS.csv"]: Creation complete after 1s [id=eda262-g06-lake-raw/tse/votacao_candidato_munzona/ano_2022/votacao_candidato_munzona_2022_MS.csv][0m
[0m[1mmodule.lake.aws_s3_object.raw["tse/votacao_candidato_munzona/ano_2018/votacao_candidato_munzona_2018_BA.csv"]: Creating...[0m[0m
[0m[1mmodule.lake.aws_s3_object.raw["tse/votacao_candidato_munzona/ano_2018/votacao_candidato_munzona_2018_DF.csv"]: Creation complete after 1s [id=eda262-g06-lake-raw/tse/votacao_candidato_munzona/ano_2018/votacao_candidato_munzona_2018_DF.csv][0m
[0m[1mmodule.lake.aws_s3_object.raw["tse/votacao_candidato_munzona/ano_2018/votacao_candidato_munzona_2018_AP.csv"]: Creating...[0m[0m
[0m[1mmodule.lake.aws_s3_object.raw["tse/votacao_candidato_munzona/ano_2022/votacao_candidato_munzona_2022_RN.csv"]: Still creating... [00m10s elapsed][0m[0m
[0m[1mmodule.lake.aws_s3_object.raw["tse/votacao_candidato_munzona/ano_2022/votacao_candidato_munzona_2022_RN.csv"]: Creation complete after 11s [id=eda262-g06-lake-raw/tse/votacao_candidato_munzona/ano_2022/votacao_candidato_munzona_2022_RN.csv][0m
[0m[1mmodule.lake.aws_s3_object.raw["tse/votacao_candidato_munzona/ano_2022/votacao_candidato_munzona_2022_PB.csv"]: Creating...[0m[0m
[0m[1mmodule.lake.aws_s3_object.raw["tse/votacao_candidato_munzona/ano_2018/votacao_candidato_munzona_2018_AP.csv"]: Creation complete after 2s [id=eda262-g06-lake-raw/tse/votacao_candidato_munzona/ano_2018/votacao_candidato_munzona_2018_AP.csv][0m
[0m[1mmodule.lake.aws_s3_object.raw["tse/votacao_candidato_munzona/ano_2018/votacao_candidato_munzona_2018_AM.csv"]: Creating...[0m[0m
[0m[1mmodule.lake.aws_s3_object.raw["tse/votacao_candidato_munzona/ano_2022/votacao_candidato_munzona_2022_SE.csv"]: Creation complete after 6s [id=eda262-g06-lake-raw/tse/votacao_candidato_munzona/ano_2022/votacao_candidato_munzona_2022_SE.csv][0m
[0m[1mmodule.lake.aws_s3_object.raw["tse/votacao_candidato_munzona/ano_2018/votacao_candidato_munzona_2018_TO.csv"]: Creating...[0m[0m
[0m[1mmodule.lake.aws_s3_object.raw["tse/votacao_candidato_munzona/ano_2018/votacao_candidato_munzona_2018_ES.csv"]: Creation complete after 8s [id=eda262-g06-lake-raw/tse/votacao_candidato_munzona/ano_2018/votacao_candidato_munzona_2018_ES.csv][0m
[0m[1mmodule.lake.aws_s3_object.raw["tse/votacao_candidato_munzona/ano_2022/votacao_candidato_munzona_2022_RR.csv"]: Creating...[0m[0m
[0m[1mmodule.lake.aws_s3_object.raw["tse/votacao_candidato_munzona/ano_2018/votacao_candidato_munzona_2018_AM.csv"]: Creation complete after 3s [id=eda262-g06-lake-raw/tse/votacao_candidato_munzona/ano_2018/votacao_candidato_munzona_2018_AM.csv][0m
[0m[1mmodule.lake.aws_s3_object.raw["tse/votacao_candidato_munzona/ano_2022/votacao_candidato_munzona_2022_PE.csv"]: Creating...[0m[0m
[0m[1mmodule.lake.aws_s3_object.raw["tse/votacao_candidato_munzona/ano_2022/votacao_candidato_munzona_2022_RS.csv"]: Creation complete after 15s [id=eda262-g06-lake-raw/tse/votacao_candidato_munzona/ano_2022/votacao_candidato_munzona_2022_RS.csv][0m
[0m[1mmodule.lake.aws_s3_object.raw["tse/votacao_candidato_munzona/ano_2018/votacao_candidato_munzona_2018_RO.csv"]: Creating...[0m[0m
[0m[1mmodule.lake.aws_s3_object.raw["tse/votacao_candidato_munzona/ano_2018/votacao_candidato_munzona_2018_PR.csv"]: Still creating... [00m10s elapsed][0m[0m
[0m[1mmodule.lake.aws_s3_object.raw["tse/votacao_candidato_munzona/ano_2018/votacao_candidato_munzona_2018_SP.csv"]: Still creating... [00m10s elapsed][0m[0m
[0m[1mmodule.lake.aws_s3_object.raw["tse/votacao_candidato_munzona/ano_2018/votacao_candidato_munzona_2018_RJ.csv"]: Still creating... [00m10s elapsed][0m[0m
[0m[1mmodule.lake.aws_s3_object.raw["tse/votacao_candidato_munzona/ano_2022/votacao_candidato_munzona_2022_RR.csv"]: Creation complete after 3s [id=eda262-g06-lake-raw/tse/votacao_candidato_munzona/ano_2022/votacao_candidato_munzona_2022_RR.csv][0m
[0m[1mmodule.lake.aws_s3_object.raw["tse/votacao_candidato_munzona/ano_2022/votacao_candidato_munzona_2022_PR.csv"]: Creation complete after 10s [id=eda262-g06-lake-raw/tse/votacao_candidato_munzona/ano_2022/votacao_candidato_munzona_2022_PR.csv][0m
[0m[1mmodule.lake.aws_s3_object.raw["tse/votacao_candidato_munzona/ano_2018/votacao_candidato_munzona_2018_TO.csv"]: Creation complete after 7s [id=eda262-g06-lake-raw/tse/votacao_candidato_munzona/ano_2018/votacao_candidato_munzona_2018_TO.csv][0m
[0m[1mmodule.lake.aws_s3_object.raw["tse/votacao_candidato_munzona/ano_2022/votacao_candidato_munzona_2022_PE.csv"]: Creation complete after 4s [id=eda262-g06-lake-raw/tse/votacao_candidato_munzona/ano_2022/votacao_candidato_munzona_2022_PE.csv][0m
[0m[1mmodule.lake.aws_s3_object.raw["tse/votacao_candidato_munzona/ano_2018/votacao_candidato_munzona_2018_RO.csv"]: Creation complete after 4s [id=eda262-g06-lake-raw/tse/votacao_candidato_munzona/ano_2018/votacao_candidato_munzona_2018_RO.csv][0m
[0m[1mmodule.lake.aws_s3_object.raw["tse/votacao_candidato_munzona/ano_2018/votacao_candidato_munzona_2018_PR.csv"]: Creation complete after 13s [id=eda262-g06-lake-raw/tse/votacao_candidato_munzona/ano_2018/votacao_candidato_munzona_2018_PR.csv][0m
[0m[1mmodule.lake.aws_s3_object.raw["tse/votacao_candidato_munzona/ano_2022/votacao_candidato_munzona_2022_AC.csv"]: Creating...[0m[0m
[0m[1mmodule.lake.aws_s3_object.raw["tse/votacao_candidato_munzona/ano_2018/votacao_candidato_munzona_2018_ZZ.csv"]: Creating...[0m[0m
[0m[1mmodule.lake.aws_s3_object.raw["tse/votacao_candidato_munzona/ano_2018/votacao_candidato_munzona_2018_PE.csv"]: Creating...[0m[0m
[0m[1mmodule.lake.aws_s3_object.raw["tse/votacao_candidato_munzona/ano_2022/votacao_candidato_munzona_2022_GO.csv"]: Creating...[0m[0m
[0m[1mmodule.lake.aws_s3_object.raw["tse/votacao_candidato_munzona/ano_2022/votacao_candidato_munzona_2022_BA.csv"]: Creating...[0m[0m
[0m[1mmodule.lake.aws_s3_object.raw["tse/votacao_candidato_munzona/ano_2022/votacao_candidato_munzona_2022_SP.csv"]: Creating...[0m[0m
[0m[1mmodule.lake.aws_s3_object.raw["tse/votacao_candidato_munzona/ano_2022/votacao_candidato_munzona_2022_AC.csv"]: Creation complete after 1s [id=eda262-g06-lake-raw/tse/votacao_candidato_munzona/ano_2022/votacao_candidato_munzona_2022_AC.csv][0m
[0m[1mmodule.lake.aws_s3_object.raw["tse/votacao_candidato_munzona/ano_2022/votacao_candidato_munzona_2022_ES.csv"]: Creating...[0m[0m
[0m[1mmodule.lake.aws_s3_object.raw["tse/votacao_candidato_munzona/ano_2018/votacao_candidato_munzona_2018_ZZ.csv"]: Creation complete after 1s [id=eda262-g06-lake-raw/tse/votacao_candidato_munzona/ano_2018/votacao_candidato_munzona_2018_ZZ.csv][0m
[0m[1mmodule.lake.aws_s3_object.raw["tse/votacao_candidato_munzona/ano_2018/votacao_candidato_munzona_2018_MG.csv"]: Creating...[0m[0m
[0m[1mmodule.lake.aws_s3_object.raw["tse/votacao_candidato_munzona/ano_2018/votacao_candidato_munzona_2018_BA.csv"]: Still creating... [00m10s elapsed][0m[0m
[0m[1mmodule.lake.aws_s3_object.raw["tse/votacao_candidato_munzona/ano_2022/votacao_candidato_munzona_2022_PB.csv"]: Creation complete after 10s [id=eda262-g06-lake-raw/tse/votacao_candidato_munzona/ano_2022/votacao_candidato_munzona_2022_PB.csv][0m
[0m[1mmodule.lake.aws_s3_object.raw["tse/votacao_candidato_munzona/ano_2018/votacao_candidato_munzona_2018_AL.csv"]: Creating...[0m[0m
[0m[1mmodule.lake.aws_s3_object.raw["tse/votacao_candidato_munzona/ano_2022/votacao_candidato_munzona_2022_ES.csv"]: Creation complete after 3s [id=eda262-g06-lake-raw/tse/votacao_candidato_munzona/ano_2022/votacao_candidato_munzona_2022_ES.csv][0m
[0m[1mmodule.lake.aws_s3_object.raw["tse/votacao_candidato_munzona/ano_2022/votacao_candidato_munzona_2022_SC.csv"]: Creating...[0m[0m
[0m[1mmodule.lake.aws_s3_object.raw["tse/votacao_candidato_munzona/ano_2022/votacao_candidato_munzona_2022_GO.csv"]: Creation complete after 5s [id=eda262-g06-lake-raw/tse/votacao_candidato_munzona/ano_2022/votacao_candidato_munzona_2022_GO.csv][0m
[0m[1mmodule.lake.aws_s3_object.raw["tse/votacao_candidato_munzona/ano_2018/votacao_candidato_munzona_2018_PI.csv"]: Creating...[0m[0m
[0m[1mmodule.lake.aws_s3_object.raw["tse/votacao_candidato_munzona/ano_2018/votacao_candidato_munzona_2018_PE.csv"]: Creation complete after 5s [id=eda262-g06-lake-raw/tse/votacao_candidato_munzona/ano_2018/votacao_candidato_munzona_2018_PE.csv][0m
[0m[1mmodule.lake.aws_s3_object.raw["tse/votacao_candidato_munzona/ano_2018/votacao_candidato_munzona_2018_MT.csv"]: Creating...[0m[0m
[0m[1mmodule.lake.aws_s3_object.raw["tse/votacao_candidato_munzona/ano_2018/votacao_candidato_munzona_2018_BA.csv"]: Creation complete after 15s [id=eda262-g06-lake-raw/tse/votacao_candidato_munzona/ano_2018/votacao_candidato_munzona_2018_BA.csv][0m
[0m[1mmodule.lake.aws_s3_object.raw["tse/votacao_candidato_munzona/ano_2018/votacao_candidato_munzona_2018_RR.csv"]: Creating...[0m[0m
[0m[1mmodule.lake.aws_s3_object.raw["tse/votacao_candidato_munzona/ano_2018/votacao_candidato_munzona_2018_AL.csv"]: Creation complete after 5s [id=eda262-g06-lake-raw/tse/votacao_candidato_munzona/ano_2018/votacao_candidato_munzona_2018_AL.csv][0m
[0m[1mmodule.lake.aws_s3_object.raw["tse/votacao_candidato_munzona/ano_2018/votacao_candidato_munzona_2018_SC.csv"]: Creating...[0m[0m
[0m[1mmodule.lake.aws_s3_object.raw["tse/votacao_candidato_munzona/ano_2018/votacao_candidato_munzona_2018_SP.csv"]: Still creating... [00m20s elapsed][0m[0m
[0m[1mmodule.lake.aws_s3_object.raw["tse/votacao_candidato_munzona/ano_2018/votacao_candidato_munzona_2018_RJ.csv"]: Creation complete after 20s [id=eda262-g06-lake-raw/tse/votacao_candidato_munzona/ano_2018/votacao_candidato_munzona_2018_RJ.csv][0m
[0m[1mmodule.lake.aws_s3_object.raw["tse/votacao_candidato_munzona/ano_2018/votacao_candidato_munzona_2018_SE.csv"]: Creating...[0m[0m
[0m[1mmodule.lake.aws_s3_object.raw["tse/votacao_candidato_munzona/ano_2018/votacao_candidato_munzona_2018_RR.csv"]: Creation complete after 2s [id=eda262-g06-lake-raw/tse/votacao_candidato_munzona/ano_2018/votacao_candidato_munzona_2018_RR.csv][0m
[0m[1mmodule.lake.aws_s3_object.raw["tse/votacao_candidato_munzona/ano_2018/votacao_candidato_munzona_2018_MS.csv"]: Creating...[0m[0m
[0m[1mmodule.lake.aws_s3_object.raw["tse/votacao_candidato_munzona/ano_2018/votacao_candidato_munzona_2018_MT.csv"]: Creation complete after 3s [id=eda262-g06-lake-raw/tse/votacao_candidato_munzona/ano_2018/votacao_candidato_munzona_2018_MT.csv][0m
[0m[1mmodule.lake.aws_s3_object.raw["tse/votacao_candidato_munzona/ano_2022/votacao_candidato_munzona_2022_AL.csv"]: Creating...[0m[0m
[0m[1mmodule.lake.aws_s3_object.raw["tse/votacao_candidato_munzona/ano_2018/votacao_candidato_munzona_2018_SP.csv"]: Creation complete after 22s [id=eda262-g06-lake-raw/tse/votacao_candidato_munzona/ano_2018/votacao_candidato_munzona_2018_SP.csv][0m
[0m[1mmodule.lake.aws_s3_object.raw["tse/votacao_candidato_munzona/ano_2022/votacao_candidato_munzona_2022_RJ.csv"]: Creating...[0m[0m
[0m[1mmodule.lake.aws_s3_object.raw["tse/votacao_candidato_munzona/ano_2022/votacao_candidato_munzona_2022_BA.csv"]: Still creating... [00m10s elapsed][0m[0m
[0m[1mmodule.lake.aws_s3_object.raw["tse/votacao_candidato_munzona/ano_2022/votacao_candidato_munzona_2022_SP.csv"]: Still creating... [00m10s elapsed][0m[0m
[0m[1mmodule.lake.aws_s3_object.raw["tse/votacao_candidato_munzona/ano_2022/votacao_candidato_munzona_2022_AL.csv"]: Creation complete after 2s [id=eda262-g06-lake-raw/tse/votacao_candidato_munzona/ano_2022/votacao_candidato_munzona_2022_AL.csv][0m
[0m[1mmodule.lake.aws_s3_object.raw["tse/votacao_candidato_munzona/ano_2022/votacao_candidato_munzona_2022_MG.csv"]: Creating...[0m[0m
[0m[1mmodule.lake.aws_s3_object.raw["tse/votacao_candidato_munzona/ano_2022/votacao_candidato_munzona_2022_BA.csv"]: Creation complete after 11s [id=eda262-g06-lake-raw/tse/votacao_candidato_munzona/ano_2022/votacao_candidato_munzona_2022_BA.csv][0m
[0m[1mmodule.lake.aws_s3_object.raw["tse/votacao_candidato_munzona/ano_2022/votacao_candidato_munzona_2022_CE.csv"]: Creating...[0m[0m
[0m[1mmodule.lake.aws_s3_object.raw["tse/votacao_candidato_munzona/ano_2022/votacao_candidato_munzona_2022_RJ.csv"]: Creation complete after 2s [id=eda262-g06-lake-raw/tse/votacao_candidato_munzona/ano_2022/votacao_candidato_munzona_2022_RJ.csv][0m
[0m[1mmodule.lake.aws_s3_object.raw["tse/votacao_candidato_munzona/ano_2022/votacao_candidato_munzona_2022_PI.csv"]: Creating...[0m[0m
[0m[1mmodule.lake.aws_s3_object.raw["tse/votacao_candidato_munzona/ano_2018/votacao_candidato_munzona_2018_MG.csv"]: Still creating... [00m10s elapsed][0m[0m
[0m[1mmodule.lake.aws_s3_object.raw["tse/votacao_candidato_munzona/ano_2018/votacao_candidato_munzona_2018_SE.csv"]: Creation complete after 3s [id=eda262-g06-lake-raw/tse/votacao_candidato_munzona/ano_2018/votacao_candidato_munzona_2018_SE.csv][0m
[0m[1mmodule.lake.aws_s3_object.raw["tse/votacao_candidato_munzona/ano_2018/votacao_candidato_munzona_2018_CE.csv"]: Creating...[0m[0m
[0m[1mmodule.lake.aws_s3_object.raw["tse/votacao_candidato_munzona/ano_2018/votacao_candidato_munzona_2018_MS.csv"]: Creation complete after 5s [id=eda262-g06-lake-raw/tse/votacao_candidato_munzona/ano_2018/votacao_candidato_munzona_2018_MS.csv][0m
[0m[1mmodule.lake.aws_s3_object.raw["tse/votacao_candidato_munzona/ano_2018/votacao_candidato_munzona_2018_PB.csv"]: Creating...[0m[0m
[0m[1mmodule.lake.aws_s3_object.raw["tse/votacao_candidato_munzona/ano_2022/votacao_candidato_munzona_2022_PI.csv"]: Creation complete after 3s [id=eda262-g06-lake-raw/tse/votacao_candidato_munzona/ano_2022/votacao_candidato_munzona_2022_PI.csv][0m
[0m[1mmodule.lake.aws_s3_object.raw["tse/votacao_candidato_munzona/ano_2022/votacao_candidato_munzona_2022_MT.csv"]: Creating...[0m[0m
[0m[1mmodule.lake.aws_s3_object.raw["tse/votacao_candidato_munzona/ano_2022/votacao_candidato_munzona_2022_SC.csv"]: Still creating... [00m10s elapsed][0m[0m
[0m[1mmodule.lake.aws_s3_object.raw["tse/votacao_candidato_munzona/ano_2022/votacao_candidato_munzona_2022_CE.csv"]: Creation complete after 4s [id=eda262-g06-lake-raw/tse/votacao_candidato_munzona/ano_2022/votacao_candidato_munzona_2022_CE.csv][0m
[0m[1mmodule.lake.aws_s3_object.raw["tse/votacao_candidato_munzona/ano_2018/votacao_candidato_munzona_2018_AC.csv"]: Creating...[0m[0m
[0m[1mmodule.lake.aws_s3_object.raw["tse/votacao_candidato_munzona/ano_2018/votacao_candidato_munzona_2018_MG.csv"]: Creation complete after 14s [id=eda262-g06-lake-raw/tse/votacao_candidato_munzona/ano_2018/votacao_candidato_munzona_2018_MG.csv][0m
[0m[1mmodule.lake.aws_s3_object.raw["tse/votacao_candidato_munzona/ano_2018/votacao_candidato_munzona_2018_GO.csv"]: Creating...[0m[0m
[0m[1mmodule.lake.aws_s3_object.raw["tse/votacao_candidato_munzona/ano_2018/votacao_candidato_munzona_2018_PI.csv"]: Still creating... [00m10s elapsed][0m[0m
[0m[1mmodule.lake.aws_s3_object.raw["tse/votacao_candidato_munzona/ano_2018/votacao_candidato_munzona_2018_AC.csv"]: Creation complete after 1s [id=eda262-g06-lake-raw/tse/votacao_candidato_munzona/ano_2018/votacao_candidato_munzona_2018_AC.csv][0m
[0m[1mmodule.lake.aws_s3_object.raw["tse/votacao_candidato_munzona/ano_2018/votacao_candidato_munzona_2018_RN.csv"]: Creating...[0m[0m
[0m[1mmodule.lake.aws_s3_object.raw["tse/votacao_candidato_munzona/ano_2018/votacao_candidato_munzona_2018_PI.csv"]: Creation complete after 11s [id=eda262-g06-lake-raw/tse/votacao_candidato_munzona/ano_2018/votacao_candidato_munzona_2018_PI.csv][0m
[0m[1mmodule.lake.aws_glue_catalog_table.trusted: Creating...[0m[0m
[0m[1mmodule.lake.aws_s3_object.raw["tse/votacao_candidato_munzona/ano_2022/votacao_candidato_munzona_2022_MT.csv"]: Creation complete after 2s [id=eda262-g06-lake-raw/tse/votacao_candidato_munzona/ano_2022/votacao_candidato_munzona_2022_MT.csv][0m
[0m[1mmodule.lake.aws_s3_object.trusted["votos_validos_zona/votos_validos_zona_2022_ZZ.tsv"]: Creating...[0m[0m
[0m[1mmodule.lake.aws_s3_object.raw["tse/votacao_candidato_munzona/ano_2022/votacao_candidato_munzona_2022_SC.csv"]: Creation complete after 13s [id=eda262-g06-lake-raw/tse/votacao_candidato_munzona/ano_2022/votacao_candidato_munzona_2022_SC.csv][0m
[0m[1mmodule.lake.aws_s3_object.trusted["votos_validos_zona/votos_validos_zona_2022_MT.tsv"]: Creating...[0m[0m
[0m[1mmodule.lake.aws_s3_object.raw["tse/votacao_candidato_munzona/ano_2018/votacao_candidato_munzona_2018_SC.csv"]: Still creating... [00m10s elapsed][0m[0m
[0m[1mmodule.lake.aws_glue_catalog_table.trusted: Creation complete after 1s [id=325583868777:eda262_g06_eleicoes:trusted_votos_validos_zona][0m
[0m[1mmodule.lake.aws_s3_object.trusted["votos_validos_zona/votos_validos_zona_2018_BA.tsv"]: Creating...[0m[0m
[0m[1mmodule.lake.aws_s3_object.raw["tse/votacao_candidato_munzona/ano_2018/votacao_candidato_munzona_2018_PB.csv"]: Creation complete after 5s [id=eda262-g06-lake-raw/tse/votacao_candidato_munzona/ano_2018/votacao_candidato_munzona_2018_PB.csv][0m
[0m[1mmodule.lake.aws_s3_object.trusted["votos_validos_zona/votos_validos_zona_2018_RS.tsv"]: Creating...[0m[0m
[0m[1mmodule.lake.aws_s3_object.raw["tse/votacao_candidato_munzona/ano_2018/votacao_candidato_munzona_2018_RN.csv"]: Creation complete after 3s [id=eda262-g06-lake-raw/tse/votacao_candidato_munzona/ano_2018/votacao_candidato_munzona_2018_RN.csv][0m
[0m[1mmodule.lake.aws_s3_object.trusted["votos_validos_zona/votos_validos_zona_2018_MT.tsv"]: Creating...[0m[0m
[0m[1mmodule.lake.aws_s3_object.raw["tse/votacao_candidato_munzona/ano_2022/votacao_candidato_munzona_2022_SP.csv"]: Creation complete after 19s [id=eda262-g06-lake-raw/tse/votacao_candidato_munzona/ano_2022/votacao_candidato_munzona_2022_SP.csv][0m
[0m[1mmodule.lake.aws_s3_object.trusted["votos_validos_zona/votos_validos_zona_2018_PE.tsv"]: Creating...[0m[0m
[0m[1mmodule.lake.aws_s3_object.raw["tse/votacao_candidato_munzona/ano_2018/votacao_candidato_munzona_2018_GO.csv"]: Creation complete after 5s [id=eda262-g06-lake-raw/tse/votacao_candidato_munzona/ano_2018/votacao_candidato_munzona_2018_GO.csv][0m
[0m[1mmodule.lake.aws_s3_object.trusted["votos_validos_zona/votos_validos_zona_2018_ZZ.tsv"]: Creating...[0m[0m
[0m[1mmodule.lake.aws_s3_object.raw["tse/votacao_candidato_munzona/ano_2018/votacao_candidato_munzona_2018_CE.csv"]: Creation complete after 9s [id=eda262-g06-lake-raw/tse/votacao_candidato_munzona/ano_2018/votacao_candidato_munzona_2018_CE.csv][0m
[0m[1mmodule.lake.aws_s3_object.raw["tse/votacao_candidato_munzona/ano_2022/votacao_candidato_munzona_2022_MG.csv"]: Still creating... [00m10s elapsed][0m[0m
[0m[1mmodule.lake.aws_s3_object.raw["tse/votacao_candidato_munzona/ano_2022/votacao_candidato_munzona_2022_MG.csv"]: Creation complete after 16s [id=eda262-g06-lake-raw/tse/votacao_candidato_munzona/ano_2022/votacao_candidato_munzona_2022_MG.csv][0m
[0m[1mmodule.lake.aws_s3_object.raw["tse/votacao_candidato_munzona/ano_2018/votacao_candidato_munzona_2018_SC.csv"]: Creation complete after 19s [id=eda262-g06-lake-raw/tse/votacao_candidato_munzona/ano_2018/votacao_candidato_munzona_2018_SC.csv][0m
[0m[1mmodule.lake.aws_s3_object.trusted["votos_validos_zona/votos_validos_zona_2022_MT.tsv"]: Creation complete after 9s [id=eda262-g06-lake-trusted/votos_validos_zona/votos_validos_zona_2022_MT.tsv][0m
[0m[1mmodule.lake.aws_s3_object.trusted["votos_validos_zona/votos_validos_zona_2022_ZZ.tsv"]: Creation complete after 10s [id=eda262-g06-lake-trusted/votos_validos_zona/votos_validos_zona_2022_ZZ.tsv][0m
[0m[1mmodule.lake.aws_s3_object.trusted["votos_validos_zona/votos_validos_zona_2018_PE.tsv"]: Creation complete after 7s [id=eda262-g06-lake-trusted/votos_validos_zona/votos_validos_zona_2018_PE.tsv][0m
[0m[1mmodule.lake.aws_s3_object.trusted["votos_validos_zona/votos_validos_zona_2018_ZZ.tsv"]: Creation complete after 6s [id=eda262-g06-lake-trusted/votos_validos_zona/votos_validos_zona_2018_ZZ.tsv][0m
[0m[1mmodule.lake.aws_s3_object.trusted["votos_validos_zona/votos_validos_zona_2018_BA.tsv"]: Creation complete after 9s [id=eda262-g06-lake-trusted/votos_validos_zona/votos_validos_zona_2018_BA.tsv][0m
[0m[1mmodule.lake.aws_s3_object.trusted["votos_validos_zona/votos_validos_zona_2018_RS.tsv"]: Creation complete after 8s [id=eda262-g06-lake-trusted/votos_validos_zona/votos_validos_zona_2018_RS.tsv][0m
[0m[1mmodule.lake.aws_s3_object.trusted["votos_validos_zona/votos_validos_zona_2018_MT.tsv"]: Creation complete after 7s [id=eda262-g06-lake-trusted/votos_validos_zona/votos_validos_zona_2018_MT.tsv][0m
[0m[1mmodule.lake.aws_s3_object.trusted["votos_validos_zona/votos_validos_zona_2018_RO.tsv"]: Creating...[0m[0m
[0m[1mmodule.lake.aws_s3_object.trusted["votos_validos_zona/votos_validos_zona_2022_MA.tsv"]: Creating...[0m[0m
[0m[1mmodule.lake.aws_s3_object.trusted["votos_validos_zona/votos_validos_zona_2022_RJ.tsv"]: Creating...[0m[0m
[0m[1mmodule.lake.aws_s3_object.trusted["votos_validos_zona/votos_validos_zona_2022_PR.tsv"]: Creating...[0m[0m
[0m[1mmodule.lake.aws_s3_object.trusted["votos_validos_zona/votos_validos_zona_2022_AC.tsv"]: Creating...[0m[0m
[0m[1mmodule.lake.aws_s3_object.trusted["votos_validos_zona/votos_validos_zona_2018_SE.tsv"]: Creating...[0m[0m
[0m[1mmodule.lake.aws_s3_object.trusted["votos_validos_zona/votos_validos_zona_2018_MA.tsv"]: Creating...[0m[0m
[0m[1mmodule.lake.aws_s3_object.trusted["votos_validos_zona/votos_validos_zona_2022_TO.tsv"]: Creating...[0m[0m
[0m[1mmodule.lake.aws_s3_object.trusted["votos_validos_zona/votos_validos_zona_2022_BA.tsv"]: Creating...[0m[0m
[0m[1mmodule.lake.aws_s3_object.trusted["votos_validos_zona/votos_validos_zona_2018_MG.tsv"]: Creating...[0m[0m
[0m[1mmodule.lake.aws_s3_object.trusted["votos_validos_zona/votos_validos_zona_2022_AC.tsv"]: Creation complete after 1s [id=eda262-g06-lake-trusted/votos_validos_zona/votos_validos_zona_2022_AC.tsv][0m
[0m[1mmodule.lake.aws_s3_object.trusted["votos_validos_zona/votos_validos_zona_2018_PA.tsv"]: Creating...[0m[0m
[0m[1mmodule.lake.aws_s3_object.trusted["votos_validos_zona/votos_validos_zona_2018_RO.tsv"]: Creation complete after 1s [id=eda262-g06-lake-trusted/votos_validos_zona/votos_validos_zona_2018_RO.tsv][0m
[0m[1mmodule.lake.aws_s3_object.trusted["votos_validos_zona/votos_validos_zona_2022_MS.tsv"]: Creating...[0m[0m
[0m[1mmodule.lake.aws_s3_object.trusted["votos_validos_zona/votos_validos_zona_2018_SE.tsv"]: Creation complete after 1s [id=eda262-g06-lake-trusted/votos_validos_zona/votos_validos_zona_2018_SE.tsv][0m
[0m[1mmodule.lake.aws_s3_object.trusted["votos_validos_zona/votos_validos_zona_2018_DF.tsv"]: Creating...[0m[0m
[0m[1mmodule.lake.aws_s3_object.trusted["votos_validos_zona/votos_validos_zona_2022_RJ.tsv"]: Creation complete after 2s [id=eda262-g06-lake-trusted/votos_validos_zona/votos_validos_zona_2022_RJ.tsv][0m
[0m[1mmodule.lake.aws_s3_object.trusted["votos_validos_zona/votos_validos_zona_2018_AM.tsv"]: Creating...[0m[0m
[0m[1mmodule.lake.aws_s3_object.trusted["votos_validos_zona/votos_validos_zona_2022_MA.tsv"]: Creation complete after 2s [id=eda262-g06-lake-trusted/votos_validos_zona/votos_validos_zona_2022_MA.tsv][0m
[0m[1mmodule.lake.aws_s3_object.trusted["votos_validos_zona/votos_validos_zona_2022_RN.tsv"]: Creating...[0m[0m
[0m[1mmodule.lake.aws_s3_object.trusted["votos_validos_zona/votos_validos_zona_2018_MA.tsv"]: Creation complete after 2s [id=eda262-g06-lake-trusted/votos_validos_zona/votos_validos_zona_2018_MA.tsv][0m
[0m[1mmodule.lake.aws_s3_object.trusted["votos_validos_zona/votos_validos_zona_2022_ES.tsv"]: Creating...[0m[0m
[0m[1mmodule.lake.aws_s3_object.trusted["votos_validos_zona/votos_validos_zona_2022_MS.tsv"]: Creation complete after 1s [id=eda262-g06-lake-trusted/votos_validos_zona/votos_validos_zona_2022_MS.tsv][0m
[0m[1mmodule.lake.aws_s3_object.trusted["votos_validos_zona/votos_validos_zona_2018_DF.tsv"]: Creation complete after 1s [id=eda262-g06-lake-trusted/votos_validos_zona/votos_validos_zona_2018_DF.tsv][0m
[0m[1mmodule.lake.aws_s3_object.trusted["votos_validos_zona/votos_validos_zona_2018_PB.tsv"]: Creating...[0m[0m
[0m[1mmodule.lake.aws_s3_object.trusted["votos_validos_zona/votos_validos_zona_2018_SP.tsv"]: Creating...[0m[0m
[0m[1mmodule.lake.aws_s3_object.trusted["votos_validos_zona/votos_validos_zona_2022_TO.tsv"]: Creation complete after 2s [id=eda262-g06-lake-trusted/votos_validos_zona/votos_validos_zona_2022_TO.tsv][0m
[0m[1mmodule.lake.aws_s3_object.trusted["votos_validos_zona/votos_validos_zona_2018_SC.tsv"]: Creating...[0m[0m
[0m[1mmodule.lake.aws_s3_object.trusted["votos_validos_zona/votos_validos_zona_2018_PA.tsv"]: Creation complete after 1s [id=eda262-g06-lake-trusted/votos_validos_zona/votos_validos_zona_2018_PA.tsv][0m
[0m[1mmodule.lake.aws_s3_object.trusted["votos_validos_zona/votos_validos_zona_2018_RN.tsv"]: Creating...[0m[0m
[0m[1mmodule.lake.aws_s3_object.trusted["votos_validos_zona/votos_validos_zona_2018_AM.tsv"]: Creation complete after 0s [id=eda262-g06-lake-trusted/votos_validos_zona/votos_validos_zona_2018_AM.tsv][0m
[0m[1mmodule.lake.aws_s3_object.trusted["votos_validos_zona/votos_validos_zona_2022_AM.tsv"]: Creating...[0m[0m
[0m[1mmodule.lake.aws_s3_object.trusted["votos_validos_zona/votos_validos_zona_2022_ES.tsv"]: Creation complete after 0s [id=eda262-g06-lake-trusted/votos_validos_zona/votos_validos_zona_2022_ES.tsv][0m
[0m[1mmodule.lake.aws_s3_object.trusted["votos_validos_zona/votos_validos_zona_2022_MG.tsv"]: Creating...[0m[0m
[0m[1mmodule.lake.aws_s3_object.trusted["votos_validos_zona/votos_validos_zona_2022_BA.tsv"]: Creation complete after 3s [id=eda262-g06-lake-trusted/votos_validos_zona/votos_validos_zona_2022_BA.tsv][0m
[0m[1mmodule.lake.aws_s3_object.trusted["votos_validos_zona/votos_validos_zona_2022_RN.tsv"]: Creation complete after 1s [id=eda262-g06-lake-trusted/votos_validos_zona/votos_validos_zona_2022_RN.tsv][0m
[0m[1mmodule.lake.aws_s3_object.trusted["votos_validos_zona/votos_validos_zona_2018_GO.tsv"]: Creating...[0m[0m
[0m[1mmodule.lake.aws_s3_object.trusted["votos_validos_zona/votos_validos_zona_2018_PR.tsv"]: Creating...[0m[0m
[0m[1mmodule.lake.aws_s3_object.trusted["votos_validos_zona/votos_validos_zona_2022_PR.tsv"]: Creation complete after 3s [id=eda262-g06-lake-trusted/votos_validos_zona/votos_validos_zona_2022_PR.tsv][0m
[0m[1mmodule.lake.aws_s3_object.trusted["votos_validos_zona/votos_validos_zona_2022_SC.tsv"]: Creating...[0m[0m
[0m[1mmodule.lake.aws_s3_object.trusted["votos_validos_zona/votos_validos_zona_2018_PB.tsv"]: Creation complete after 1s [id=eda262-g06-lake-trusted/votos_validos_zona/votos_validos_zona_2018_PB.tsv][0m
[0m[1mmodule.lake.aws_s3_object.trusted["votos_validos_zona/votos_validos_zona_2022_DF.tsv"]: Creating...[0m[0m
[0m[1mmodule.lake.aws_s3_object.trusted["votos_validos_zona/votos_validos_zona_2022_AM.tsv"]: Creation complete after 1s [id=eda262-g06-lake-trusted/votos_validos_zona/votos_validos_zona_2022_AM.tsv][0m
[0m[1mmodule.lake.aws_s3_object.trusted["votos_validos_zona/votos_validos_zona_2022_PI.tsv"]: Creating...[0m[0m
[0m[1mmodule.lake.aws_s3_object.trusted["votos_validos_zona/votos_validos_zona_2022_DF.tsv"]: Creation complete after 1s [id=eda262-g06-lake-trusted/votos_validos_zona/votos_validos_zona_2022_DF.tsv][0m
[0m[1mmodule.lake.aws_s3_object.trusted["votos_validos_zona/votos_validos_zona_2022_AP.tsv"]: Creating...[0m[0m
[0m[1mmodule.lake.aws_s3_object.trusted["votos_validos_zona/votos_validos_zona_2018_GO.tsv"]: Creation complete after 1s [id=eda262-g06-lake-trusted/votos_validos_zona/votos_validos_zona_2018_GO.tsv][0m
[0m[1mmodule.lake.aws_s3_object.trusted["votos_validos_zona/votos_validos_zona_2018_AL.tsv"]: Creating...[0m[0m
[0m[1mmodule.lake.aws_s3_object.trusted["votos_validos_zona/votos_validos_zona_2018_RN.tsv"]: Creation complete after 2s [id=eda262-g06-lake-trusted/votos_validos_zona/votos_validos_zona_2018_RN.tsv][0m
[0m[1mmodule.lake.aws_s3_object.trusted["votos_validos_zona/votos_validos_zona_2022_SP.tsv"]: Creating...[0m[0m
[0m[1mmodule.lake.aws_s3_object.trusted["votos_validos_zona/votos_validos_zona_2022_AP.tsv"]: Creation complete after 0s [id=eda262-g06-lake-trusted/votos_validos_zona/votos_validos_zona_2022_AP.tsv][0m
[0m[1mmodule.lake.aws_s3_object.trusted["votos_validos_zona/votos_validos_zona_2018_TO.tsv"]: Creating...[0m[0m
[0m[1mmodule.lake.aws_s3_object.trusted["votos_validos_zona/votos_validos_zona_2022_PI.tsv"]: Creation complete after 1s [id=eda262-g06-lake-trusted/votos_validos_zona/votos_validos_zona_2022_PI.tsv][0m
[0m[1mmodule.lake.aws_s3_object.trusted["votos_validos_zona/votos_validos_zona_2018_RR.tsv"]: Creating...[0m[0m
[0m[1mmodule.lake.aws_s3_object.trusted["votos_validos_zona/votos_validos_zona_2022_SC.tsv"]: Creation complete after 1s [id=eda262-g06-lake-trusted/votos_validos_zona/votos_validos_zona_2022_SC.tsv][0m
[0m[1mmodule.lake.aws_s3_object.trusted["votos_validos_zona/votos_validos_zona_2018_RJ.tsv"]: Creating...[0m[0m
[0m[1mmodule.lake.aws_s3_object.trusted["votos_validos_zona/votos_validos_zona_2018_MG.tsv"]: Creation complete after 4s [id=eda262-g06-lake-trusted/votos_validos_zona/votos_validos_zona_2018_MG.tsv][0m
[0m[1mmodule.lake.aws_s3_object.trusted["votos_validos_zona/votos_validos_zona_2022_CE.tsv"]: Creating...[0m[0m
[0m[1mmodule.lake.aws_s3_object.trusted["votos_validos_zona/votos_validos_zona_2018_SC.tsv"]: Creation complete after 3s [id=eda262-g06-lake-trusted/votos_validos_zona/votos_validos_zona_2018_SC.tsv][0m
[0m[1mmodule.lake.aws_s3_object.trusted["votos_validos_zona/votos_validos_zona_2018_AC.tsv"]: Creating...[0m[0m
[0m[1mmodule.lake.aws_s3_object.trusted["votos_validos_zona/votos_validos_zona_2018_AL.tsv"]: Creation complete after 1s [id=eda262-g06-lake-trusted/votos_validos_zona/votos_validos_zona_2018_AL.tsv][0m
[0m[1mmodule.lake.aws_s3_object.trusted["votos_validos_zona/votos_validos_zona_2018_CE.tsv"]: Creating...[0m[0m
[0m[1mmodule.lake.aws_s3_object.trusted["votos_validos_zona/votos_validos_zona_2018_RR.tsv"]: Creation complete after 1s [id=eda262-g06-lake-trusted/votos_validos_zona/votos_validos_zona_2018_RR.tsv][0m
[0m[1mmodule.lake.aws_s3_object.trusted["votos_validos_zona/votos_validos_zona_2018_AP.tsv"]: Creating...[0m[0m
[0m[1mmodule.lake.aws_s3_object.trusted["votos_validos_zona/votos_validos_zona_2018_SP.tsv"]: Creation complete after 3s [id=eda262-g06-lake-trusted/votos_validos_zona/votos_validos_zona_2018_SP.tsv][0m
[0m[1mmodule.lake.aws_s3_object.trusted["votos_validos_zona/votos_validos_zona_2022_SE.tsv"]: Creating...[0m[0m
[0m[1mmodule.lake.aws_s3_object.trusted["votos_validos_zona/votos_validos_zona_2018_TO.tsv"]: Creation complete after 1s [id=eda262-g06-lake-trusted/votos_validos_zona/votos_validos_zona_2018_TO.tsv][0m
[0m[1mmodule.lake.aws_s3_object.trusted["votos_validos_zona/votos_validos_zona_2022_RR.tsv"]: Creating...[0m[0m
[0m[1mmodule.lake.aws_s3_object.trusted["votos_validos_zona/votos_validos_zona_2022_CE.tsv"]: Creation complete after 1s [id=eda262-g06-lake-trusted/votos_validos_zona/votos_validos_zona_2022_CE.tsv][0m
[0m[1mmodule.lake.aws_s3_object.trusted["votos_validos_zona/votos_validos_zona_2022_GO.tsv"]: Creating...[0m[0m
[0m[1mmodule.lake.aws_s3_object.trusted["votos_validos_zona/votos_validos_zona_2018_AC.tsv"]: Creation complete after 0s [id=eda262-g06-lake-trusted/votos_validos_zona/votos_validos_zona_2018_AC.tsv][0m
[0m[1mmodule.lake.aws_s3_object.trusted["votos_validos_zona/votos_validos_zona_2022_AL.tsv"]: Creating...[0m[0m
[0m[1mmodule.lake.aws_s3_object.trusted["votos_validos_zona/votos_validos_zona_2018_AP.tsv"]: Creation complete after 0s [id=eda262-g06-lake-trusted/votos_validos_zona/votos_validos_zona_2018_AP.tsv][0m
[0m[1mmodule.lake.aws_s3_object.trusted["votos_validos_zona/votos_validos_zona_2018_MS.tsv"]: Creating...[0m[0m
[0m[1mmodule.lake.aws_s3_object.trusted["votos_validos_zona/votos_validos_zona_2018_RJ.tsv"]: Creation complete after 1s [id=eda262-g06-lake-trusted/votos_validos_zona/votos_validos_zona_2018_RJ.tsv][0m
[0m[1mmodule.lake.aws_s3_object.trusted["votos_validos_zona/votos_validos_zona_2018_PR.tsv"]: Creation complete after 2s [id=eda262-g06-lake-trusted/votos_validos_zona/votos_validos_zona_2018_PR.tsv][0m
[0m[1mmodule.lake.aws_s3_object.trusted["votos_validos_zona/votos_validos_zona_2022_PE.tsv"]: Creating...[0m[0m
[0m[1mmodule.lake.aws_s3_object.trusted["votos_validos_zona/votos_validos_zona_2022_RS.tsv"]: Creating...[0m[0m
[0m[1mmodule.lake.aws_s3_object.trusted["votos_validos_zona/votos_validos_zona_2022_RR.tsv"]: Creation complete after 1s [id=eda262-g06-lake-trusted/votos_validos_zona/votos_validos_zona_2022_RR.tsv][0m
[0m[1mmodule.lake.aws_s3_object.trusted["votos_validos_zona/votos_validos_zona_2022_PA.tsv"]: Creating...[0m[0m
[0m[1mmodule.lake.aws_s3_object.trusted["votos_validos_zona/votos_validos_zona_2022_SE.tsv"]: Creation complete after 1s [id=eda262-g06-lake-trusted/votos_validos_zona/votos_validos_zona_2022_SE.tsv][0m
[0m[1mmodule.lake.aws_s3_object.trusted["votos_validos_zona/votos_validos_zona_2018_PI.tsv"]: Creating...[0m[0m
[0m[1mmodule.lake.aws_s3_object.trusted["votos_validos_zona/votos_validos_zona_2022_MG.tsv"]: Creation complete after 4s [id=eda262-g06-lake-trusted/votos_validos_zona/votos_validos_zona_2022_MG.tsv][0m
[0m[1mmodule.lake.aws_s3_object.trusted["votos_validos_zona/votos_validos_zona_2022_RO.tsv"]: Creating...[0m[0m
[0m[1mmodule.lake.aws_s3_object.trusted["votos_validos_zona/votos_validos_zona_2018_CE.tsv"]: Creation complete after 1s [id=eda262-g06-lake-trusted/votos_validos_zona/votos_validos_zona_2018_CE.tsv][0m
[0m[1mmodule.lake.aws_s3_object.trusted["votos_validos_zona/votos_validos_zona_2018_ES.tsv"]: Creating...[0m[0m
[0m[1mmodule.lake.aws_s3_object.trusted["votos_validos_zona/votos_validos_zona_2022_AL.tsv"]: Creation complete after 1s [id=eda262-g06-lake-trusted/votos_validos_zona/votos_validos_zona_2022_AL.tsv][0m
[0m[1mmodule.lake.aws_s3_object.trusted["votos_validos_zona/votos_validos_zona_2022_PB.tsv"]: Creating...[0m[0m
[0m[1mmodule.lake.aws_s3_object.trusted["votos_validos_zona/votos_validos_zona_2018_MS.tsv"]: Creation complete after 1s [id=eda262-g06-lake-trusted/votos_validos_zona/votos_validos_zona_2018_MS.tsv][0m
[0m[1mmodule.lake.aws_athena_workgroup.lake: Creating...[0m[0m
[0m[1mmodule.lake.aws_s3_object.trusted["votos_validos_zona/votos_validos_zona_2022_GO.tsv"]: Creation complete after 1s [id=eda262-g06-lake-trusted/votos_validos_zona/votos_validos_zona_2022_GO.tsv][0m
[0m[1mmodule.lake.aws_s3_bucket_server_side_encryption_configuration.lake["trusted"]: Creating...[0m[0m
[0m[1mmodule.lake.aws_s3_object.trusted["votos_validos_zona/votos_validos_zona_2022_RO.tsv"]: Creation complete after 0s [id=eda262-g06-lake-trusted/votos_validos_zona/votos_validos_zona_2022_RO.tsv][0m
[0m[1mmodule.lake.aws_s3_bucket_server_side_encryption_configuration.lake["resultados"]: Creating...[0m[0m
[0m[1mmodule.lake.aws_s3_object.trusted["votos_validos_zona/votos_validos_zona_2022_PA.tsv"]: Creation complete after 0s [id=eda262-g06-lake-trusted/votos_validos_zona/votos_validos_zona_2022_PA.tsv][0m
[0m[1mmodule.lake.aws_s3_bucket_server_side_encryption_configuration.lake["raw"]: Creating...[0m[0m
[0m[1mmodule.lake.aws_s3_object.trusted["votos_validos_zona/votos_validos_zona_2018_ES.tsv"]: Creation complete after 0s [id=eda262-g06-lake-trusted/votos_validos_zona/votos_validos_zona_2018_ES.tsv][0m
[0m[1mmodule.lake.aws_s3_bucket_public_access_block.lake["trusted"]: Creating...[0m[0m
[0m[1mmodule.lake.aws_s3_object.trusted["votos_validos_zona/votos_validos_zona_2022_PE.tsv"]: Creation complete after 2s [id=eda262-g06-lake-trusted/votos_validos_zona/votos_validos_zona_2022_PE.tsv][0m
[0m[1mmodule.lake.aws_s3_bucket_public_access_block.lake["resultados"]: Creating...[0m[0m
[0m[1mmodule.lake.aws_s3_object.trusted["votos_validos_zona/votos_validos_zona_2018_PI.tsv"]: Creation complete after 1s [id=eda262-g06-lake-trusted/votos_validos_zona/votos_validos_zona_2018_PI.tsv][0m
[0m[1mmodule.lake.aws_s3_bucket_public_access_block.lake["raw"]: Creating...[0m[0m
[0m[1mmodule.lake.aws_s3_bucket_server_side_encryption_configuration.lake["trusted"]: Creation complete after 1s [id=eda262-g06-lake-trusted][0m
[0m[1mmodule.lake.aws_s3_object.trusted["votos_validos_zona/votos_validos_zona_2022_PB.tsv"]: Creation complete after 1s [id=eda262-g06-lake-trusted/votos_validos_zona/votos_validos_zona_2022_PB.tsv][0m
[0m[1mmodule.lake.aws_s3_object.trusted["votos_validos_zona/votos_validos_zona_2022_RS.tsv"]: Creation complete after 2s [id=eda262-g06-lake-trusted/votos_validos_zona/votos_validos_zona_2022_RS.tsv][0m
[0m[1mmodule.lake.aws_athena_workgroup.lake: Creation complete after 1s [id=eda262-g06-wg][0m
[0m[1mmodule.lake.aws_athena_named_query.consultas["pergunta-votos-validos-por-regiao"]: Creating...[0m[0m
[0m[1mmodule.lake.aws_athena_named_query.consultas["presidente-2t-por-regiao-2018-2022"]: Creating...[0m[0m
[0m[1mmodule.lake.aws_s3_bucket_public_access_block.lake["trusted"]: Creation complete after 1s [id=eda262-g06-lake-trusted][0m
[0m[1mmodule.lake.aws_s3_bucket_server_side_encryption_configuration.lake["resultados"]: Creation complete after 1s [id=eda262-g06-athena-resultados][0m
[0m[1mmodule.lake.aws_athena_named_query.consultas["presidente-2t-por-regiao-2018-2022"]: Creation complete after 0s [id=c641dc20-58cb-485e-86aa-97cacd25188e][0m
[0m[1mmodule.lake.aws_athena_named_query.consultas["pergunta-votos-validos-por-regiao"]: Creation complete after 0s [id=63431f73-dc97-4674-b806-70eaff87d2b8][0m
[0m[1mmodule.lake.aws_s3_bucket_server_side_encryption_configuration.lake["raw"]: Creation complete after 1s [id=eda262-g06-lake-raw][0m
[0m[1mmodule.lake.aws_s3_bucket_public_access_block.lake["resultados"]: Creation complete after 0s [id=eda262-g06-athena-resultados][0m
[0m[1mmodule.lake.aws_s3_bucket_public_access_block.lake["raw"]: Creation complete after 0s [id=eda262-g06-lake-raw][0m
[0m[1mmodule.lake.aws_s3_object.trusted["votos_validos_zona/votos_validos_zona_2022_SP.tsv"]: Creation complete after 4s [id=eda262-g06-lake-trusted/votos_validos_zona/votos_validos_zona_2022_SP.tsv][0m
[0m[1m[32m
Apply complete! Resources: 128 added, 0 changed, 0 destroyed.[0m
[0m[1m[32m
Outputs:

[0mbucket_raw = "eda262-g06-lake-raw"
bucket_resultados = "eda262-g06-athena-resultados"
bucket_trusted = "eda262-g06-lake-trusted"
database_name = "eda262_g06_eleicoes"
objetos_carregados = {
  "raw" = 56
  "trusted" = 56
}
tabela_trusted = "trusted_votos_validos_zona"
tabelas_raw = [
  "raw_votacao_candidato_munzona_2018",
  "raw_votacao_candidato_munzona_2022",
]
teto_bytes = 116391936
workgroup_name = "eda262-g06-wg"

Pronto. Próximo passo: ./verificacao/verifica.sh
