== 1/3 destroy da stack (workspace 'av1')
[33m[33m╷[0m[0m
[33m│[0m [0m[1m[33mWarning: [0m[0m[1mDeprecated Parameter[0m
[33m│[0m [0m
[33m│[0m [0m[0mThe parameter "dynamodb_table" is deprecated. Use parameter "use_lockfile"
[33m│[0m [0minstead.
[33m╵[0m[0m
[0m[0m
[33m╷[0m[0m
[33m│[0m [0m[1m[33mWarning: [0m[0m[1mDeprecated Parameter[0m
[33m│[0m [0m
[33m│[0m [0m[0mThe parameter "dynamodb_table" is deprecated. Use parameter "use_lockfile"
[33m│[0m [0minstead.
[33m╵[0m[0m
Acquiring state lock. This may take a few moments...
[0m[1mdata.aws_caller_identity.atual: Reading...[0m[0m
[0m[1mmodule.lake.aws_glue_catalog_database.eleicoes: Refreshing state... [id=325583868777:eda262_g06_eleicoes][0m
[0m[1mdata.aws_caller_identity.atual: Read complete after 0s [id=325583868777][0m
[0m[1mmodule.lake.aws_s3_bucket.lake["trusted"]: Refreshing state... [id=eda262-g06-lake-trusted-325583868777][0m
[0m[1mmodule.lake.aws_s3_bucket.lake["raw"]: Refreshing state... [id=eda262-g06-lake-raw-325583868777][0m
[0m[1mmodule.lake.aws_s3_bucket.lake["resultados"]: Refreshing state... [id=eda262-g06-athena-resultados-325583868777][0m
[0m[1mmodule.lake.aws_s3_bucket_server_side_encryption_configuration.lake["raw"]: Refreshing state... [id=eda262-g06-lake-raw-325583868777][0m
[0m[1mmodule.lake.aws_s3_bucket_server_side_encryption_configuration.lake["trusted"]: Refreshing state... [id=eda262-g06-lake-trusted-325583868777][0m
[0m[1mmodule.lake.aws_athena_workgroup.lake: Refreshing state... [id=eda262-g06-wg][0m
[0m[1mmodule.lake.aws_s3_bucket_server_side_encryption_configuration.lake["resultados"]: Refreshing state... [id=eda262-g06-athena-resultados-325583868777][0m
[0m[1mmodule.lake.aws_s3_bucket_public_access_block.lake["resultados"]: Refreshing state... [id=eda262-g06-athena-resultados-325583868777][0m
[0m[1mmodule.lake.aws_s3_bucket_public_access_block.lake["raw"]: Refreshing state... [id=eda262-g06-lake-raw-325583868777][0m
[0m[1mmodule.lake.aws_glue_catalog_table.trusted: Refreshing state... [id=325583868777:eda262_g06_eleicoes:trusted_votos_validos_zona][0m
[0m[1mmodule.lake.aws_glue_catalog_table.raw["2018"]: Refreshing state... [id=325583868777:eda262_g06_eleicoes:raw_votacao_candidato_munzona_2018][0m
[0m[1mmodule.lake.aws_glue_catalog_table.raw["2022"]: Refreshing state... [id=325583868777:eda262_g06_eleicoes:raw_votacao_candidato_munzona_2022][0m
[0m[1mmodule.lake.aws_s3_bucket_public_access_block.lake["trusted"]: Refreshing state... [id=eda262-g06-lake-trusted-325583868777][0m
[0m[1mmodule.lake.aws_s3_object.raw["tse/votacao_candidato_munzona/ano_2022/votacao_candidato_munzona_2022_GO.csv"]: Refreshing state... [id=eda262-g06-lake-raw-325583868777/tse/votacao_candidato_munzona/ano_2022/votacao_candidato_munzona_2022_GO.csv][0m
[0m[1mmodule.lake.aws_s3_object.raw["tse/votacao_candidato_munzona/ano_2022/votacao_candidato_munzona_2022_ZZ.csv"]: Refreshing state... [id=eda262-g06-lake-raw-325583868777/tse/votacao_candidato_munzona/ano_2022/votacao_candidato_munzona_2022_ZZ.csv][0m
[0m[1mmodule.lake.aws_s3_object.raw["tse/votacao_candidato_munzona/ano_2022/votacao_candidato_munzona_2022_TO.csv"]: Refreshing state... [id=eda262-g06-lake-raw-325583868777/tse/votacao_candidato_munzona/ano_2022/votacao_candidato_munzona_2022_TO.csv][0m
[0m[1mmodule.lake.aws_s3_object.raw["tse/votacao_candidato_munzona/ano_2018/votacao_candidato_munzona_2018_TO.csv"]: Refreshing state... [id=eda262-g06-lake-raw-325583868777/tse/votacao_candidato_munzona/ano_2018/votacao_candidato_munzona_2018_TO.csv][0m
[0m[1mmodule.lake.aws_s3_object.raw["tse/votacao_candidato_munzona/ano_2022/votacao_candidato_munzona_2022_BA.csv"]: Refreshing state... [id=eda262-g06-lake-raw-325583868777/tse/votacao_candidato_munzona/ano_2022/votacao_candidato_munzona_2022_BA.csv][0m
[0m[1mmodule.lake.aws_s3_object.raw["tse/votacao_candidato_munzona/ano_2022/votacao_candidato_munzona_2022_DF.csv"]: Refreshing state... [id=eda262-g06-lake-raw-325583868777/tse/votacao_candidato_munzona/ano_2022/votacao_candidato_munzona_2022_DF.csv][0m
[0m[1mmodule.lake.aws_s3_object.raw["tse/votacao_candidato_munzona/ano_2018/votacao_candidato_munzona_2018_RO.csv"]: Refreshing state... [id=eda262-g06-lake-raw-325583868777/tse/votacao_candidato_munzona/ano_2018/votacao_candidato_munzona_2018_RO.csv][0m
[0m[1mmodule.lake.aws_s3_object.raw["tse/votacao_candidato_munzona/ano_2018/votacao_candidato_munzona_2018_AL.csv"]: Refreshing state... [id=eda262-g06-lake-raw-325583868777/tse/votacao_candidato_munzona/ano_2018/votacao_candidato_munzona_2018_AL.csv][0m
[0m[1mmodule.lake.aws_s3_object.raw["tse/votacao_candidato_munzona/ano_2022/votacao_candidato_munzona_2022_PE.csv"]: Refreshing state... [id=eda262-g06-lake-raw-325583868777/tse/votacao_candidato_munzona/ano_2022/votacao_candidato_munzona_2022_PE.csv][0m
[0m[1mmodule.lake.aws_s3_object.raw["tse/votacao_candidato_munzona/ano_2022/votacao_candidato_munzona_2022_RJ.csv"]: Refreshing state... [id=eda262-g06-lake-raw-325583868777/tse/votacao_candidato_munzona/ano_2022/votacao_candidato_munzona_2022_RJ.csv][0m
[0m[1mmodule.lake.aws_s3_object.raw["tse/votacao_candidato_munzona/ano_2022/votacao_candidato_munzona_2022_MS.csv"]: Refreshing state... [id=eda262-g06-lake-raw-325583868777/tse/votacao_candidato_munzona/ano_2022/votacao_candidato_munzona_2022_MS.csv][0m
[0m[1mmodule.lake.aws_s3_object.raw["tse/votacao_candidato_munzona/ano_2022/votacao_candidato_munzona_2022_PA.csv"]: Refreshing state... [id=eda262-g06-lake-raw-325583868777/tse/votacao_candidato_munzona/ano_2022/votacao_candidato_munzona_2022_PA.csv][0m
[0m[1mmodule.lake.aws_s3_object.raw["tse/votacao_candidato_munzona/ano_2022/votacao_candidato_munzona_2022_ES.csv"]: Refreshing state... [id=eda262-g06-lake-raw-325583868777/tse/votacao_candidato_munzona/ano_2022/votacao_candidato_munzona_2022_ES.csv][0m
[0m[1mmodule.lake.aws_s3_object.raw["tse/votacao_candidato_munzona/ano_2018/votacao_candidato_munzona_2018_AP.csv"]: Refreshing state... [id=eda262-g06-lake-raw-325583868777/tse/votacao_candidato_munzona/ano_2018/votacao_candidato_munzona_2018_AP.csv][0m
[0m[1mmodule.lake.aws_s3_object.raw["tse/votacao_candidato_munzona/ano_2018/votacao_candidato_munzona_2018_ZZ.csv"]: Refreshing state... [id=eda262-g06-lake-raw-325583868777/tse/votacao_candidato_munzona/ano_2018/votacao_candidato_munzona_2018_ZZ.csv][0m
[0m[1mmodule.lake.aws_s3_object.raw["tse/votacao_candidato_munzona/ano_2022/votacao_candidato_munzona_2022_AP.csv"]: Refreshing state... [id=eda262-g06-lake-raw-325583868777/tse/votacao_candidato_munzona/ano_2022/votacao_candidato_munzona_2022_AP.csv][0m
[0m[1mmodule.lake.aws_s3_object.raw["tse/votacao_candidato_munzona/ano_2022/votacao_candidato_munzona_2022_PB.csv"]: Refreshing state... [id=eda262-g06-lake-raw-325583868777/tse/votacao_candidato_munzona/ano_2022/votacao_candidato_munzona_2022_PB.csv][0m
[0m[1mmodule.lake.aws_s3_object.raw["tse/votacao_candidato_munzona/ano_2018/votacao_candidato_munzona_2018_MS.csv"]: Refreshing state... [id=eda262-g06-lake-raw-325583868777/tse/votacao_candidato_munzona/ano_2018/votacao_candidato_munzona_2018_MS.csv][0m
[0m[1mmodule.lake.aws_s3_object.raw["tse/votacao_candidato_munzona/ano_2018/votacao_candidato_munzona_2018_MA.csv"]: Refreshing state... [id=eda262-g06-lake-raw-325583868777/tse/votacao_candidato_munzona/ano_2018/votacao_candidato_munzona_2018_MA.csv][0m
[0m[1mmodule.lake.aws_s3_object.raw["tse/votacao_candidato_munzona/ano_2018/votacao_candidato_munzona_2018_RJ.csv"]: Refreshing state... [id=eda262-g06-lake-raw-325583868777/tse/votacao_candidato_munzona/ano_2018/votacao_candidato_munzona_2018_RJ.csv][0m
[0m[1mmodule.lake.aws_s3_object.raw["tse/votacao_candidato_munzona/ano_2022/votacao_candidato_munzona_2022_MT.csv"]: Refreshing state... [id=eda262-g06-lake-raw-325583868777/tse/votacao_candidato_munzona/ano_2022/votacao_candidato_munzona_2022_MT.csv][0m
[0m[1mmodule.lake.aws_s3_object.raw["tse/votacao_candidato_munzona/ano_2018/votacao_candidato_munzona_2018_MT.csv"]: Refreshing state... [id=eda262-g06-lake-raw-325583868777/tse/votacao_candidato_munzona/ano_2018/votacao_candidato_munzona_2018_MT.csv][0m
[0m[1mmodule.lake.aws_s3_object.raw["tse/votacao_candidato_munzona/ano_2022/votacao_candidato_munzona_2022_AL.csv"]: Refreshing state... [id=eda262-g06-lake-raw-325583868777/tse/votacao_candidato_munzona/ano_2022/votacao_candidato_munzona_2022_AL.csv][0m
[0m[1mmodule.lake.aws_s3_object.raw["tse/votacao_candidato_munzona/ano_2022/votacao_candidato_munzona_2022_SP.csv"]: Refreshing state... [id=eda262-g06-lake-raw-325583868777/tse/votacao_candidato_munzona/ano_2022/votacao_candidato_munzona_2022_SP.csv][0m
[0m[1mmodule.lake.aws_s3_object.raw["tse/votacao_candidato_munzona/ano_2022/votacao_candidato_munzona_2022_CE.csv"]: Refreshing state... [id=eda262-g06-lake-raw-325583868777/tse/votacao_candidato_munzona/ano_2022/votacao_candidato_munzona_2022_CE.csv][0m
[0m[1mmodule.lake.aws_s3_object.raw["tse/votacao_candidato_munzona/ano_2018/votacao_candidato_munzona_2018_SC.csv"]: Refreshing state... [id=eda262-g06-lake-raw-325583868777/tse/votacao_candidato_munzona/ano_2018/votacao_candidato_munzona_2018_SC.csv][0m
[0m[1mmodule.lake.aws_s3_object.raw["tse/votacao_candidato_munzona/ano_2022/votacao_candidato_munzona_2022_PR.csv"]: Refreshing state... [id=eda262-g06-lake-raw-325583868777/tse/votacao_candidato_munzona/ano_2022/votacao_candidato_munzona_2022_PR.csv][0m
[0m[1mmodule.lake.aws_s3_object.raw["tse/votacao_candidato_munzona/ano_2018/votacao_candidato_munzona_2018_CE.csv"]: Refreshing state... [id=eda262-g06-lake-raw-325583868777/tse/votacao_candidato_munzona/ano_2018/votacao_candidato_munzona_2018_CE.csv][0m
[0m[1mmodule.lake.aws_s3_object.raw["tse/votacao_candidato_munzona/ano_2022/votacao_candidato_munzona_2022_RO.csv"]: Refreshing state... [id=eda262-g06-lake-raw-325583868777/tse/votacao_candidato_munzona/ano_2022/votacao_candidato_munzona_2022_RO.csv][0m
[0m[1mmodule.lake.aws_s3_object.raw["tse/votacao_candidato_munzona/ano_2018/votacao_candidato_munzona_2018_BA.csv"]: Refreshing state... [id=eda262-g06-lake-raw-325583868777/tse/votacao_candidato_munzona/ano_2018/votacao_candidato_munzona_2018_BA.csv][0m
[0m[1mmodule.lake.aws_s3_object.raw["tse/votacao_candidato_munzona/ano_2018/votacao_candidato_munzona_2018_PR.csv"]: Refreshing state... [id=eda262-g06-lake-raw-325583868777/tse/votacao_candidato_munzona/ano_2018/votacao_candidato_munzona_2018_PR.csv][0m
[0m[1mmodule.lake.aws_s3_object.raw["tse/votacao_candidato_munzona/ano_2022/votacao_candidato_munzona_2022_RN.csv"]: Refreshing state... [id=eda262-g06-lake-raw-325583868777/tse/votacao_candidato_munzona/ano_2022/votacao_candidato_munzona_2022_RN.csv][0m
[0m[1mmodule.lake.aws_s3_object.raw["tse/votacao_candidato_munzona/ano_2018/votacao_candidato_munzona_2018_RS.csv"]: Refreshing state... [id=eda262-g06-lake-raw-325583868777/tse/votacao_candidato_munzona/ano_2018/votacao_candidato_munzona_2018_RS.csv][0m
[0m[1mmodule.lake.aws_s3_object.raw["tse/votacao_candidato_munzona/ano_2018/votacao_candidato_munzona_2018_PE.csv"]: Refreshing state... [id=eda262-g06-lake-raw-325583868777/tse/votacao_candidato_munzona/ano_2018/votacao_candidato_munzona_2018_PE.csv][0m
[0m[1mmodule.lake.aws_s3_object.raw["tse/votacao_candidato_munzona/ano_2018/votacao_candidato_munzona_2018_RR.csv"]: Refreshing state... [id=eda262-g06-lake-raw-325583868777/tse/votacao_candidato_munzona/ano_2018/votacao_candidato_munzona_2018_RR.csv][0m
[0m[1mmodule.lake.aws_s3_object.raw["tse/votacao_candidato_munzona/ano_2022/votacao_candidato_munzona_2022_SE.csv"]: Refreshing state... [id=eda262-g06-lake-raw-325583868777/tse/votacao_candidato_munzona/ano_2022/votacao_candidato_munzona_2022_SE.csv][0m
[0m[1mmodule.lake.aws_s3_object.raw["tse/votacao_candidato_munzona/ano_2018/votacao_candidato_munzona_2018_PB.csv"]: Refreshing state... [id=eda262-g06-lake-raw-325583868777/tse/votacao_candidato_munzona/ano_2018/votacao_candidato_munzona_2018_PB.csv][0m
[0m[1mmodule.lake.aws_s3_object.raw["tse/votacao_candidato_munzona/ano_2022/votacao_candidato_munzona_2022_RS.csv"]: Refreshing state... [id=eda262-g06-lake-raw-325583868777/tse/votacao_candidato_munzona/ano_2022/votacao_candidato_munzona_2022_RS.csv][0m
[0m[1mmodule.lake.aws_s3_object.raw["tse/votacao_candidato_munzona/ano_2018/votacao_candidato_munzona_2018_GO.csv"]: Refreshing state... [id=eda262-g06-lake-raw-325583868777/tse/votacao_candidato_munzona/ano_2018/votacao_candidato_munzona_2018_GO.csv][0m
[0m[1mmodule.lake.aws_s3_object.raw["tse/votacao_candidato_munzona/ano_2018/votacao_candidato_munzona_2018_PI.csv"]: Refreshing state... [id=eda262-g06-lake-raw-325583868777/tse/votacao_candidato_munzona/ano_2018/votacao_candidato_munzona_2018_PI.csv][0m
[0m[1mmodule.lake.aws_s3_object.raw["tse/votacao_candidato_munzona/ano_2018/votacao_candidato_munzona_2018_SE.csv"]: Refreshing state... [id=eda262-g06-lake-raw-325583868777/tse/votacao_candidato_munzona/ano_2018/votacao_candidato_munzona_2018_SE.csv][0m
[0m[1mmodule.lake.aws_s3_object.raw["tse/votacao_candidato_munzona/ano_2022/votacao_candidato_munzona_2022_PI.csv"]: Refreshing state... [id=eda262-g06-lake-raw-325583868777/tse/votacao_candidato_munzona/ano_2022/votacao_candidato_munzona_2022_PI.csv][0m
[0m[1mmodule.lake.aws_s3_object.raw["tse/votacao_candidato_munzona/ano_2018/votacao_candidato_munzona_2018_DF.csv"]: Refreshing state... [id=eda262-g06-lake-raw-325583868777/tse/votacao_candidato_munzona/ano_2018/votacao_candidato_munzona_2018_DF.csv][0m
[0m[1mmodule.lake.aws_s3_object.raw["tse/votacao_candidato_munzona/ano_2018/votacao_candidato_munzona_2018_PA.csv"]: Refreshing state... [id=eda262-g06-lake-raw-325583868777/tse/votacao_candidato_munzona/ano_2018/votacao_candidato_munzona_2018_PA.csv][0m
[0m[1mmodule.lake.aws_s3_object.raw["tse/votacao_candidato_munzona/ano_2018/votacao_candidato_munzona_2018_RN.csv"]: Refreshing state... [id=eda262-g06-lake-raw-325583868777/tse/votacao_candidato_munzona/ano_2018/votacao_candidato_munzona_2018_RN.csv][0m
[0m[1mmodule.lake.aws_s3_object.raw["tse/votacao_candidato_munzona/ano_2018/votacao_candidato_munzona_2018_MG.csv"]: Refreshing state... [id=eda262-g06-lake-raw-325583868777/tse/votacao_candidato_munzona/ano_2018/votacao_candidato_munzona_2018_MG.csv][0m
[0m[1mmodule.lake.aws_s3_object.raw["tse/votacao_candidato_munzona/ano_2018/votacao_candidato_munzona_2018_ES.csv"]: Refreshing state... [id=eda262-g06-lake-raw-325583868777/tse/votacao_candidato_munzona/ano_2018/votacao_candidato_munzona_2018_ES.csv][0m
[0m[1mmodule.lake.aws_s3_object.raw["tse/votacao_candidato_munzona/ano_2018/votacao_candidato_munzona_2018_AC.csv"]: Refreshing state... [id=eda262-g06-lake-raw-325583868777/tse/votacao_candidato_munzona/ano_2018/votacao_candidato_munzona_2018_AC.csv][0m
[0m[1mmodule.lake.aws_s3_object.raw["tse/votacao_candidato_munzona/ano_2022/votacao_candidato_munzona_2022_RR.csv"]: Refreshing state... [id=eda262-g06-lake-raw-325583868777/tse/votacao_candidato_munzona/ano_2022/votacao_candidato_munzona_2022_RR.csv][0m
[0m[1mmodule.lake.aws_s3_object.raw["tse/votacao_candidato_munzona/ano_2022/votacao_candidato_munzona_2022_MG.csv"]: Refreshing state... [id=eda262-g06-lake-raw-325583868777/tse/votacao_candidato_munzona/ano_2022/votacao_candidato_munzona_2022_MG.csv][0m
[0m[1mmodule.lake.aws_s3_object.raw["tse/votacao_candidato_munzona/ano_2022/votacao_candidato_munzona_2022_AM.csv"]: Refreshing state... [id=eda262-g06-lake-raw-325583868777/tse/votacao_candidato_munzona/ano_2022/votacao_candidato_munzona_2022_AM.csv][0m
[0m[1mmodule.lake.aws_s3_object.raw["tse/votacao_candidato_munzona/ano_2018/votacao_candidato_munzona_2018_SP.csv"]: Refreshing state... [id=eda262-g06-lake-raw-325583868777/tse/votacao_candidato_munzona/ano_2018/votacao_candidato_munzona_2018_SP.csv][0m
[0m[1mmodule.lake.aws_s3_object.raw["tse/votacao_candidato_munzona/ano_2022/votacao_candidato_munzona_2022_AC.csv"]: Refreshing state... [id=eda262-g06-lake-raw-325583868777/tse/votacao_candidato_munzona/ano_2022/votacao_candidato_munzona_2022_AC.csv][0m
[0m[1mmodule.lake.aws_s3_object.raw["tse/votacao_candidato_munzona/ano_2018/votacao_candidato_munzona_2018_AM.csv"]: Refreshing state... [id=eda262-g06-lake-raw-325583868777/tse/votacao_candidato_munzona/ano_2018/votacao_candidato_munzona_2018_AM.csv][0m
[0m[1mmodule.lake.aws_s3_object.raw["tse/votacao_candidato_munzona/ano_2022/votacao_candidato_munzona_2022_SC.csv"]: Refreshing state... [id=eda262-g06-lake-raw-325583868777/tse/votacao_candidato_munzona/ano_2022/votacao_candidato_munzona_2022_SC.csv][0m
[0m[1mmodule.lake.aws_s3_object.raw["tse/votacao_candidato_munzona/ano_2022/votacao_candidato_munzona_2022_MA.csv"]: Refreshing state... [id=eda262-g06-lake-raw-325583868777/tse/votacao_candidato_munzona/ano_2022/votacao_candidato_munzona_2022_MA.csv][0m
[0m[1mmodule.lake.aws_s3_object.trusted["votos_validos_zona/votos_validos_zona_2018_SP.tsv"]: Refreshing state... [id=eda262-g06-lake-trusted-325583868777/votos_validos_zona/votos_validos_zona_2018_SP.tsv][0m
[0m[1mmodule.lake.aws_s3_object.trusted["votos_validos_zona/votos_validos_zona_2022_SC.tsv"]: Refreshing state... [id=eda262-g06-lake-trusted-325583868777/votos_validos_zona/votos_validos_zona_2022_SC.tsv][0m
[0m[1mmodule.lake.aws_s3_object.trusted["votos_validos_zona/votos_validos_zona_2022_SE.tsv"]: Refreshing state... [id=eda262-g06-lake-trusted-325583868777/votos_validos_zona/votos_validos_zona_2022_SE.tsv][0m
[0m[1mmodule.lake.aws_s3_object.trusted["votos_validos_zona/votos_validos_zona_2022_RO.tsv"]: Refreshing state... [id=eda262-g06-lake-trusted-325583868777/votos_validos_zona/votos_validos_zona_2022_RO.tsv][0m
[0m[1mmodule.lake.aws_s3_object.trusted["votos_validos_zona/votos_validos_zona_2022_RR.tsv"]: Refreshing state... [id=eda262-g06-lake-trusted-325583868777/votos_validos_zona/votos_validos_zona_2022_RR.tsv][0m
[0m[1mmodule.lake.aws_s3_object.trusted["votos_validos_zona/votos_validos_zona_2018_PR.tsv"]: Refreshing state... [id=eda262-g06-lake-trusted-325583868777/votos_validos_zona/votos_validos_zona_2018_PR.tsv][0m
[0m[1mmodule.lake.aws_s3_object.trusted["votos_validos_zona/votos_validos_zona_2018_RJ.tsv"]: Refreshing state... [id=eda262-g06-lake-trusted-325583868777/votos_validos_zona/votos_validos_zona_2018_RJ.tsv][0m
[0m[1mmodule.lake.aws_s3_object.trusted["votos_validos_zona/votos_validos_zona_2018_AP.tsv"]: Refreshing state... [id=eda262-g06-lake-trusted-325583868777/votos_validos_zona/votos_validos_zona_2018_AP.tsv][0m
[0m[1mmodule.lake.aws_s3_object.trusted["votos_validos_zona/votos_validos_zona_2022_RS.tsv"]: Refreshing state... [id=eda262-g06-lake-trusted-325583868777/votos_validos_zona/votos_validos_zona_2022_RS.tsv][0m
[0m[1mmodule.lake.aws_s3_object.trusted["votos_validos_zona/votos_validos_zona_2022_DF.tsv"]: Refreshing state... [id=eda262-g06-lake-trusted-325583868777/votos_validos_zona/votos_validos_zona_2022_DF.tsv][0m
[0m[1mmodule.lake.aws_s3_object.trusted["votos_validos_zona/votos_validos_zona_2018_PA.tsv"]: Refreshing state... [id=eda262-g06-lake-trusted-325583868777/votos_validos_zona/votos_validos_zona_2018_PA.tsv][0m
[0m[1mmodule.lake.aws_s3_object.trusted["votos_validos_zona/votos_validos_zona_2022_GO.tsv"]: Refreshing state... [id=eda262-g06-lake-trusted-325583868777/votos_validos_zona/votos_validos_zona_2022_GO.tsv][0m
[0m[1mmodule.lake.aws_s3_object.trusted["votos_validos_zona/votos_validos_zona_2022_PA.tsv"]: Refreshing state... [id=eda262-g06-lake-trusted-325583868777/votos_validos_zona/votos_validos_zona_2022_PA.tsv][0m
[0m[1mmodule.lake.aws_s3_object.trusted["votos_validos_zona/votos_validos_zona_2018_CE.tsv"]: Refreshing state... [id=eda262-g06-lake-trusted-325583868777/votos_validos_zona/votos_validos_zona_2018_CE.tsv][0m
[0m[1mmodule.lake.aws_s3_object.trusted["votos_validos_zona/votos_validos_zona_2022_TO.tsv"]: Refreshing state... [id=eda262-g06-lake-trusted-325583868777/votos_validos_zona/votos_validos_zona_2022_TO.tsv][0m
[0m[1mmodule.lake.aws_s3_object.trusted["votos_validos_zona/votos_validos_zona_2022_CE.tsv"]: Refreshing state... [id=eda262-g06-lake-trusted-325583868777/votos_validos_zona/votos_validos_zona_2022_CE.tsv][0m
[0m[1mmodule.lake.aws_s3_object.trusted["votos_validos_zona/votos_validos_zona_2022_PR.tsv"]: Refreshing state... [id=eda262-g06-lake-trusted-325583868777/votos_validos_zona/votos_validos_zona_2022_PR.tsv][0m
[0m[1mmodule.lake.aws_s3_object.trusted["votos_validos_zona/votos_validos_zona_2022_PB.tsv"]: Refreshing state... [id=eda262-g06-lake-trusted-325583868777/votos_validos_zona/votos_validos_zona_2022_PB.tsv][0m
[0m[1mmodule.lake.aws_s3_object.trusted["votos_validos_zona/votos_validos_zona_2022_ZZ.tsv"]: Refreshing state... [id=eda262-g06-lake-trusted-325583868777/votos_validos_zona/votos_validos_zona_2022_ZZ.tsv][0m
[0m[1mmodule.lake.aws_s3_object.trusted["votos_validos_zona/votos_validos_zona_2018_AL.tsv"]: Refreshing state... [id=eda262-g06-lake-trusted-325583868777/votos_validos_zona/votos_validos_zona_2018_AL.tsv][0m
[0m[1mmodule.lake.aws_s3_object.trusted["votos_validos_zona/votos_validos_zona_2018_PI.tsv"]: Refreshing state... [id=eda262-g06-lake-trusted-325583868777/votos_validos_zona/votos_validos_zona_2018_PI.tsv][0m
[0m[1mmodule.lake.aws_s3_object.trusted["votos_validos_zona/votos_validos_zona_2022_RN.tsv"]: Refreshing state... [id=eda262-g06-lake-trusted-325583868777/votos_validos_zona/votos_validos_zona_2022_RN.tsv][0m
[0m[1mmodule.lake.aws_s3_object.trusted["votos_validos_zona/votos_validos_zona_2022_AC.tsv"]: Refreshing state... [id=eda262-g06-lake-trusted-325583868777/votos_validos_zona/votos_validos_zona_2022_AC.tsv][0m
[0m[1mmodule.lake.aws_s3_object.trusted["votos_validos_zona/votos_validos_zona_2018_MS.tsv"]: Refreshing state... [id=eda262-g06-lake-trusted-325583868777/votos_validos_zona/votos_validos_zona_2018_MS.tsv][0m
[0m[1mmodule.lake.aws_s3_object.trusted["votos_validos_zona/votos_validos_zona_2018_ZZ.tsv"]: Refreshing state... [id=eda262-g06-lake-trusted-325583868777/votos_validos_zona/votos_validos_zona_2018_ZZ.tsv][0m
[0m[1mmodule.lake.aws_s3_object.trusted["votos_validos_zona/votos_validos_zona_2022_AM.tsv"]: Refreshing state... [id=eda262-g06-lake-trusted-325583868777/votos_validos_zona/votos_validos_zona_2022_AM.tsv][0m
[0m[1mmodule.lake.aws_s3_object.trusted["votos_validos_zona/votos_validos_zona_2022_RJ.tsv"]: Refreshing state... [id=eda262-g06-lake-trusted-325583868777/votos_validos_zona/votos_validos_zona_2022_RJ.tsv][0m
[0m[1mmodule.lake.aws_s3_object.trusted["votos_validos_zona/votos_validos_zona_2022_AP.tsv"]: Refreshing state... [id=eda262-g06-lake-trusted-325583868777/votos_validos_zona/votos_validos_zona_2022_AP.tsv][0m
[0m[1mmodule.lake.aws_s3_object.trusted["votos_validos_zona/votos_validos_zona_2018_RO.tsv"]: Refreshing state... [id=eda262-g06-lake-trusted-325583868777/votos_validos_zona/votos_validos_zona_2018_RO.tsv][0m
[0m[1mmodule.lake.aws_s3_object.trusted["votos_validos_zona/votos_validos_zona_2022_ES.tsv"]: Refreshing state... [id=eda262-g06-lake-trusted-325583868777/votos_validos_zona/votos_validos_zona_2022_ES.tsv][0m
[0m[1mmodule.lake.aws_s3_object.trusted["votos_validos_zona/votos_validos_zona_2018_AM.tsv"]: Refreshing state... [id=eda262-g06-lake-trusted-325583868777/votos_validos_zona/votos_validos_zona_2018_AM.tsv][0m
[0m[1mmodule.lake.aws_s3_object.trusted["votos_validos_zona/votos_validos_zona_2018_PB.tsv"]: Refreshing state... [id=eda262-g06-lake-trusted-325583868777/votos_validos_zona/votos_validos_zona_2018_PB.tsv][0m
[0m[1mmodule.lake.aws_s3_object.trusted["votos_validos_zona/votos_validos_zona_2018_SE.tsv"]: Refreshing state... [id=eda262-g06-lake-trusted-325583868777/votos_validos_zona/votos_validos_zona_2018_SE.tsv][0m
[0m[1mmodule.lake.aws_s3_object.trusted["votos_validos_zona/votos_validos_zona_2018_MG.tsv"]: Refreshing state... [id=eda262-g06-lake-trusted-325583868777/votos_validos_zona/votos_validos_zona_2018_MG.tsv][0m
[0m[1mmodule.lake.aws_s3_object.trusted["votos_validos_zona/votos_validos_zona_2018_MA.tsv"]: Refreshing state... [id=eda262-g06-lake-trusted-325583868777/votos_validos_zona/votos_validos_zona_2018_MA.tsv][0m
[0m[1mmodule.lake.aws_s3_object.trusted["votos_validos_zona/votos_validos_zona_2018_SC.tsv"]: Refreshing state... [id=eda262-g06-lake-trusted-325583868777/votos_validos_zona/votos_validos_zona_2018_SC.tsv][0m
[0m[1mmodule.lake.aws_s3_object.trusted["votos_validos_zona/votos_validos_zona_2018_ES.tsv"]: Refreshing state... [id=eda262-g06-lake-trusted-325583868777/votos_validos_zona/votos_validos_zona_2018_ES.tsv][0m
[0m[1mmodule.lake.aws_s3_object.trusted["votos_validos_zona/votos_validos_zona_2022_SP.tsv"]: Refreshing state... [id=eda262-g06-lake-trusted-325583868777/votos_validos_zona/votos_validos_zona_2022_SP.tsv][0m
[0m[1mmodule.lake.aws_s3_object.trusted["votos_validos_zona/votos_validos_zona_2022_AL.tsv"]: Refreshing state... [id=eda262-g06-lake-trusted-325583868777/votos_validos_zona/votos_validos_zona_2022_AL.tsv][0m
[0m[1mmodule.lake.aws_s3_object.trusted["votos_validos_zona/votos_validos_zona_2022_MT.tsv"]: Refreshing state... [id=eda262-g06-lake-trusted-325583868777/votos_validos_zona/votos_validos_zona_2022_MT.tsv][0m
[0m[1mmodule.lake.aws_s3_object.trusted["votos_validos_zona/votos_validos_zona_2022_MA.tsv"]: Refreshing state... [id=eda262-g06-lake-trusted-325583868777/votos_validos_zona/votos_validos_zona_2022_MA.tsv][0m
[0m[1mmodule.lake.aws_s3_object.trusted["votos_validos_zona/votos_validos_zona_2018_BA.tsv"]: Refreshing state... [id=eda262-g06-lake-trusted-325583868777/votos_validos_zona/votos_validos_zona_2018_BA.tsv][0m
[0m[1mmodule.lake.aws_s3_object.trusted["votos_validos_zona/votos_validos_zona_2022_BA.tsv"]: Refreshing state... [id=eda262-g06-lake-trusted-325583868777/votos_validos_zona/votos_validos_zona_2022_BA.tsv][0m
[0m[1mmodule.lake.aws_s3_object.trusted["votos_validos_zona/votos_validos_zona_2018_GO.tsv"]: Refreshing state... [id=eda262-g06-lake-trusted-325583868777/votos_validos_zona/votos_validos_zona_2018_GO.tsv][0m
[0m[1mmodule.lake.aws_s3_object.trusted["votos_validos_zona/votos_validos_zona_2022_PI.tsv"]: Refreshing state... [id=eda262-g06-lake-trusted-325583868777/votos_validos_zona/votos_validos_zona_2022_PI.tsv][0m
[0m[1mmodule.lake.aws_s3_object.trusted["votos_validos_zona/votos_validos_zona_2022_MG.tsv"]: Refreshing state... [id=eda262-g06-lake-trusted-325583868777/votos_validos_zona/votos_validos_zona_2022_MG.tsv][0m
[0m[1mmodule.lake.aws_s3_object.trusted["votos_validos_zona/votos_validos_zona_2022_MS.tsv"]: Refreshing state... [id=eda262-g06-lake-trusted-325583868777/votos_validos_zona/votos_validos_zona_2022_MS.tsv][0m
[0m[1mmodule.lake.aws_s3_object.trusted["votos_validos_zona/votos_validos_zona_2018_RN.tsv"]: Refreshing state... [id=eda262-g06-lake-trusted-325583868777/votos_validos_zona/votos_validos_zona_2018_RN.tsv][0m
[0m[1mmodule.lake.aws_s3_object.trusted["votos_validos_zona/votos_validos_zona_2018_DF.tsv"]: Refreshing state... [id=eda262-g06-lake-trusted-325583868777/votos_validos_zona/votos_validos_zona_2018_DF.tsv][0m
[0m[1mmodule.lake.aws_s3_object.trusted["votos_validos_zona/votos_validos_zona_2018_TO.tsv"]: Refreshing state... [id=eda262-g06-lake-trusted-325583868777/votos_validos_zona/votos_validos_zona_2018_TO.tsv][0m
[0m[1mmodule.lake.aws_s3_object.trusted["votos_validos_zona/votos_validos_zona_2018_MT.tsv"]: Refreshing state... [id=eda262-g06-lake-trusted-325583868777/votos_validos_zona/votos_validos_zona_2018_MT.tsv][0m
[0m[1mmodule.lake.aws_s3_object.trusted["votos_validos_zona/votos_validos_zona_2018_RS.tsv"]: Refreshing state... [id=eda262-g06-lake-trusted-325583868777/votos_validos_zona/votos_validos_zona_2018_RS.tsv][0m
[0m[1mmodule.lake.aws_s3_object.trusted["votos_validos_zona/votos_validos_zona_2018_RR.tsv"]: Refreshing state... [id=eda262-g06-lake-trusted-325583868777/votos_validos_zona/votos_validos_zona_2018_RR.tsv][0m
[0m[1mmodule.lake.aws_s3_object.trusted["votos_validos_zona/votos_validos_zona_2018_AC.tsv"]: Refreshing state... [id=eda262-g06-lake-trusted-325583868777/votos_validos_zona/votos_validos_zona_2018_AC.tsv][0m
[0m[1mmodule.lake.aws_s3_object.trusted["votos_validos_zona/votos_validos_zona_2018_PE.tsv"]: Refreshing state... [id=eda262-g06-lake-trusted-325583868777/votos_validos_zona/votos_validos_zona_2018_PE.tsv][0m
[0m[1mmodule.lake.aws_s3_object.trusted["votos_validos_zona/votos_validos_zona_2022_PE.tsv"]: Refreshing state... [id=eda262-g06-lake-trusted-325583868777/votos_validos_zona/votos_validos_zona_2022_PE.tsv][0m
[0m[1mmodule.lake.aws_athena_named_query.consultas["presidente-2t-por-regiao-2018-2022"]: Refreshing state... [id=6435321a-4dcf-40a6-8f51-c2cc2211cbf6][0m
[0m[1mmodule.lake.aws_athena_named_query.consultas["pergunta-votos-validos-por-regiao"]: Refreshing state... [id=30baef56-ae4c-46a3-9129-df92d55242ce][0m

Terraform used the selected providers to generate the following execution
plan. Resource actions are indicated with the following symbols:
  [31m-[0m destroy[0m

Terraform will perform the following actions:

[1m  # module.lake.aws_athena_named_query.consultas["pergunta-votos-validos-por-regiao"][0m will be [1m[31mdestroyed[0m
[0m  [31m-[0m[0m resource "aws_athena_named_query" "consultas" {
      [31m-[0m[0m database    = "eda262_g06_eleicoes" [90m-> null[0m[0m
      [31m-[0m[0m description = "Projeto EDA 2026.2 - g06" [90m-> null[0m[0m
      [31m-[0m[0m id          = "30baef56-ae4c-46a3-9129-df92d55242ce" [90m-> null[0m[0m
      [31m-[0m[0m name        = "eda262-g06-pergunta-votos-validos-por-regiao" [90m-> null[0m[0m
      [31m-[0m[0m query       = <<-EOT
            -- ============================================================================
            -- PERGUNTA DE NEGÓCIO (descritiva)
            -- Como os votos válidos para Presidente, Governador e Senador se distribuíram
            -- em cada região do Brasil (N, NE, CO, SE, S e exterior), no 1º e no 2º turno
            -- das eleições gerais de 2018 e 2022?
            --
            -- Presidente: por candidato (a disputa é a mesma no país inteiro).
            -- Governador e Senador: por PARTIDO, porque cada UF tem candidatos próprios e
            -- somar "candidatos" de estados diferentes numa região não faz sentido.
            -- Percentual sobre os votos válidos da região, do cargo e do turno.
            -- Mostra os 3 primeiros de cada recorte.
            -- ============================================================================
            WITH por_regiao AS (
                SELECT
                    ano_eleicao,
                    nr_turno,
                    cd_cargo,
                    ds_cargo,
                    regiao,
                    COALESCE(sg_partido, '(sem sigla)')                    AS sg_partido,
                    CASE WHEN cd_cargo = 1 THEN nm_urna_candidato END      AS candidato_presidente,
                    SUM(qt_votos_validos)                                  AS votos_validos
                FROM trusted_votos_validos_zona
                GROUP BY 1, 2, 3, 4, 5, 6, 7
            ),
            com_percentual AS (
                SELECT
                    *,
                    ROUND(100 * CAST(votos_validos AS double)
                          / SUM(votos_validos) OVER (PARTITION BY ano_eleicao, nr_turno, cd_cargo, regiao), 2)
                                                                           AS pct_votos_validos,
                    RANK() OVER (PARTITION BY ano_eleicao, nr_turno, cd_cargo, regiao
                                 ORDER BY votos_validos DESC)              AS posicao
                FROM por_regiao
            )
            SELECT
                ano_eleicao,
                nr_turno,
                ds_cargo,
                regiao,
                posicao,
                sg_partido,
                candidato_presidente,
                votos_validos,
                pct_votos_validos
            FROM com_percentual
            WHERE posicao <= 3
            ORDER BY
                ano_eleicao,
                nr_turno,
                cd_cargo,
                CASE regiao WHEN 'N' THEN 1 WHEN 'NE' THEN 2 WHEN 'CO' THEN 3
                            WHEN 'SE' THEN 4 WHEN 'S' THEN 5 ELSE 6 END,
                posicao
        EOT [90m-> null[0m[0m
      [31m-[0m[0m region      = "us-east-1" [90m-> null[0m[0m
      [31m-[0m[0m workgroup   = "eda262-g06-wg" [90m-> null[0m[0m
    }

[1m  # module.lake.aws_athena_named_query.consultas["presidente-2t-por-regiao-2018-2022"][0m will be [1m[31mdestroyed[0m
[0m  [31m-[0m[0m resource "aws_athena_named_query" "consultas" {
      [31m-[0m[0m database    = "eda262_g06_eleicoes" [90m-> null[0m[0m
      [31m-[0m[0m description = "Projeto EDA 2026.2 - g06" [90m-> null[0m[0m
      [31m-[0m[0m id          = "6435321a-4dcf-40a6-8f51-c2cc2211cbf6" [90m-> null[0m[0m
      [31m-[0m[0m name        = "eda262-g06-presidente-2t-por-regiao-2018-2022" [90m-> null[0m[0m
      [31m-[0m[0m query       = <<-EOT
            -- ============================================================================
            -- Recorte da pergunta: 2º turno para Presidente, 2018 x 2022, por região.
            -- Para cada região: quem ficou à frente, com que percentual dos votos válidos
            -- e qual a margem em pontos percentuais.
            -- ============================================================================
            WITH por_regiao AS (
                SELECT ano_eleicao, regiao, nm_urna_candidato, sg_partido,
                       SUM(qt_votos_validos) AS votos_validos
                FROM trusted_votos_validos_zona
                WHERE cd_cargo = 1 AND nr_turno = 2
                GROUP BY 1, 2, 3, 4
            ),
            ranqueado AS (
                SELECT *,
                       100 * CAST(votos_validos AS double) / SUM(votos_validos) OVER (PARTITION BY ano_eleicao, regiao) AS pct,
                       ROW_NUMBER() OVER (PARTITION BY ano_eleicao, regiao ORDER BY votos_validos DESC) AS pos
                FROM por_regiao
            )
            SELECT
                ano_eleicao,
                regiao,
                MAX(CASE WHEN pos = 1 THEN nm_urna_candidato || ' (' || sg_partido || ')' END) AS a_frente,
                ROUND(MAX(CASE WHEN pos = 1 THEN pct END), 2)                                  AS pct_a_frente,
                MAX(CASE WHEN pos = 2 THEN nm_urna_candidato || ' (' || sg_partido || ')' END) AS segundo,
                ROUND(MAX(CASE WHEN pos = 2 THEN pct END), 2)                                  AS pct_segundo,
                ROUND(MAX(CASE WHEN pos = 1 THEN pct END) - MAX(CASE WHEN pos = 2 THEN pct END), 2) AS margem_pp,
                SUM(CASE WHEN pos IN (1, 2) THEN votos_validos END)                            AS votos_validos_regiao
            FROM ranqueado
            GROUP BY ano_eleicao, regiao
            ORDER BY ano_eleicao,
                     CASE regiao WHEN 'N' THEN 1 WHEN 'NE' THEN 2 WHEN 'CO' THEN 3
                                 WHEN 'SE' THEN 4 WHEN 'S' THEN 5 ELSE 6 END
        EOT [90m-> null[0m[0m
      [31m-[0m[0m region      = "us-east-1" [90m-> null[0m[0m
      [31m-[0m[0m workgroup   = "eda262-g06-wg" [90m-> null[0m[0m
    }

[1m  # module.lake.aws_athena_workgroup.lake[0m will be [1m[31mdestroyed[0m
[0m  [31m-[0m[0m resource "aws_athena_workgroup" "lake" {
      [31m-[0m[0m arn           = "arn:aws:athena:us-east-1:325583868777:workgroup/eda262-g06-wg" [90m-> null[0m[0m
      [31m-[0m[0m description   = "Consultas do lake de eleições (g06). Teto por consulta: 116391936 bytes." [90m-> null[0m[0m
      [31m-[0m[0m force_destroy = true [90m-> null[0m[0m
      [31m-[0m[0m id            = "eda262-g06-wg" [90m-> null[0m[0m
      [31m-[0m[0m name          = "eda262-g06-wg" [90m-> null[0m[0m
      [31m-[0m[0m region        = "us-east-1" [90m-> null[0m[0m
      [31m-[0m[0m state         = "ENABLED" [90m-> null[0m[0m
      [31m-[0m[0m tags          = {} [90m-> null[0m[0m
      [31m-[0m[0m tags_all      = {
          [31m-[0m[0m "grupo"   = "g06"
          [31m-[0m[0m "projeto" = "engenharia-de-dados"
          [31m-[0m[0m "turma"   = "eda262"
        } [90m-> null[0m[0m

      [31m-[0m[0m configuration {
          [31m-[0m[0m bytes_scanned_cutoff_per_query          = 116391936 [90m-> null[0m[0m
          [31m-[0m[0m enable_minimum_encryption_configuration = false [90m-> null[0m[0m
          [31m-[0m[0m enforce_workgroup_configuration         = true [90m-> null[0m[0m
          [31m-[0m[0m publish_cloudwatch_metrics_enabled      = true [90m-> null[0m[0m
          [31m-[0m[0m requester_pays_enabled                  = false [90m-> null[0m[0m
            [90m# (1 unchanged attribute hidden)[0m[0m

          [31m-[0m[0m engine_version {
              [31m-[0m[0m effective_engine_version = "Athena engine version 3" [90m-> null[0m[0m
              [31m-[0m[0m selected_engine_version  = "AUTO" [90m-> null[0m[0m
            }

          [31m-[0m[0m result_configuration {
              [31m-[0m[0m output_location       = "s3://eda262-g06-athena-resultados-325583868777/resultados/" [90m-> null[0m[0m
                [90m# (1 unchanged attribute hidden)[0m[0m

              [31m-[0m[0m encryption_configuration {
                  [31m-[0m[0m encryption_option = "SSE_S3" [90m-> null[0m[0m
                    [90m# (1 unchanged attribute hidden)[0m[0m
                }
            }
        }
    }

[1m  # module.lake.aws_glue_catalog_database.eleicoes[0m will be [1m[31mdestroyed[0m
[0m  [31m-[0m[0m resource "aws_glue_catalog_database" "eleicoes" {
      [31m-[0m[0m arn          = "arn:aws:glue:us-east-1:325583868777:database/eda262_g06_eleicoes" [90m-> null[0m[0m
      [31m-[0m[0m catalog_id   = "325583868777" [90m-> null[0m[0m
      [31m-[0m[0m description  = "Resultados das eleições gerais 2018 e 2022 (TSE) - projeto EDA 2026.2" [90m-> null[0m[0m
      [31m-[0m[0m id           = "325583868777:eda262_g06_eleicoes" [90m-> null[0m[0m
      [31m-[0m[0m name         = "eda262_g06_eleicoes" [90m-> null[0m[0m
      [31m-[0m[0m parameters   = {} [90m-> null[0m[0m
      [31m-[0m[0m region       = "us-east-1" [90m-> null[0m[0m
      [31m-[0m[0m tags         = {} [90m-> null[0m[0m
      [31m-[0m[0m tags_all     = {
          [31m-[0m[0m "grupo"   = "g06"
          [31m-[0m[0m "projeto" = "engenharia-de-dados"
          [31m-[0m[0m "turma"   = "eda262"
        } [90m-> null[0m[0m
        [90m# (1 unchanged attribute hidden)[0m[0m

      [31m-[0m[0m create_table_default_permission {
          [31m-[0m[0m permissions = [
              [31m-[0m[0m "ALL",
            ] [90m-> null[0m[0m

          [31m-[0m[0m principal {
              [31m-[0m[0m data_lake_principal_identifier = "IAM_ALLOWED_PRINCIPALS" [90m-> null[0m[0m
            }
        }
    }

[1m  # module.lake.aws_glue_catalog_table.raw["2018"][0m will be [1m[31mdestroyed[0m
[0m  [31m-[0m[0m resource "aws_glue_catalog_table" "raw" {
      [31m-[0m[0m arn                = "arn:aws:glue:us-east-1:325583868777:table/eda262_g06_eleicoes/raw_votacao_candidato_munzona_2018" [90m-> null[0m[0m
      [31m-[0m[0m catalog_id         = "325583868777" [90m-> null[0m[0m
      [31m-[0m[0m database_name      = "eda262_g06_eleicoes" [90m-> null[0m[0m
      [31m-[0m[0m description        = "RAW: recorte fiel do arquivo do TSE (ISO-8859-1, separador ';'), só cargos 1, 3 e 5." [90m-> null[0m[0m
      [31m-[0m[0m id                 = "325583868777:eda262_g06_eleicoes:raw_votacao_candidato_munzona_2018" [90m-> null[0m[0m
      [31m-[0m[0m name               = "raw_votacao_candidato_munzona_2018" [90m-> null[0m[0m
      [31m-[0m[0m parameters         = {
          [31m-[0m[0m "camada"                 = "raw"
          [31m-[0m[0m "classification"         = "csv"
          [31m-[0m[0m "encoding_origem"        = "ISO-8859-1"
          [31m-[0m[0m "fonte"                  = "https://cdn.tse.jus.br/estatistica/sead/odsele/votacao_candidato_munzona/votacao_candidato_munzona_2018.zip"
          [31m-[0m[0m "skip.header.line.count" = "1"
        } [90m-> null[0m[0m
      [31m-[0m[0m region             = "us-east-1" [90m-> null[0m[0m
      [31m-[0m[0m retention          = 0 [90m-> null[0m[0m
      [31m-[0m[0m table_type         = "EXTERNAL_TABLE" [90m-> null[0m[0m
        [90m# (3 unchanged attributes hidden)[0m[0m

      [31m-[0m[0m storage_descriptor {
          [31m-[0m[0m additional_locations      = [] [90m-> null[0m[0m
          [31m-[0m[0m bucket_columns            = [] [90m-> null[0m[0m
          [31m-[0m[0m compressed                = false [90m-> null[0m[0m
          [31m-[0m[0m input_format              = "org.apache.hadoop.mapred.TextInputFormat" [90m-> null[0m[0m
          [31m-[0m[0m location                  = "s3://eda262-g06-lake-raw-325583868777/tse/votacao_candidato_munzona/ano_2018/" [90m-> null[0m[0m
          [31m-[0m[0m number_of_buckets         = 0 [90m-> null[0m[0m
          [31m-[0m[0m output_format             = "org.apache.hadoop.hive.ql.io.HiveIgnoreKeyTextOutputFormat" [90m-> null[0m[0m
          [31m-[0m[0m parameters                = {} [90m-> null[0m[0m
          [31m-[0m[0m stored_as_sub_directories = false [90m-> null[0m[0m

          [31m-[0m[0m columns {
              [31m-[0m[0m name       = "dt_geracao" [90m-> null[0m[0m
              [31m-[0m[0m parameters = {} [90m-> null[0m[0m
              [31m-[0m[0m type       = "string" [90m-> null[0m[0m
                [90m# (1 unchanged attribute hidden)[0m[0m
            }
          [31m-[0m[0m columns {
              [31m-[0m[0m name       = "hh_geracao" [90m-> null[0m[0m
              [31m-[0m[0m parameters = {} [90m-> null[0m[0m
              [31m-[0m[0m type       = "string" [90m-> null[0m[0m
                [90m# (1 unchanged attribute hidden)[0m[0m
            }
          [31m-[0m[0m columns {
              [31m-[0m[0m name       = "ano_eleicao" [90m-> null[0m[0m
              [31m-[0m[0m parameters = {} [90m-> null[0m[0m
              [31m-[0m[0m type       = "string" [90m-> null[0m[0m
                [90m# (1 unchanged attribute hidden)[0m[0m
            }
          [31m-[0m[0m columns {
              [31m-[0m[0m name       = "cd_tipo_eleicao" [90m-> null[0m[0m
              [31m-[0m[0m parameters = {} [90m-> null[0m[0m
              [31m-[0m[0m type       = "string" [90m-> null[0m[0m
                [90m# (1 unchanged attribute hidden)[0m[0m
            }
          [31m-[0m[0m columns {
              [31m-[0m[0m name       = "nm_tipo_eleicao" [90m-> null[0m[0m
              [31m-[0m[0m parameters = {} [90m-> null[0m[0m
              [31m-[0m[0m type       = "string" [90m-> null[0m[0m
                [90m# (1 unchanged attribute hidden)[0m[0m
            }
          [31m-[0m[0m columns {
              [31m-[0m[0m name       = "nr_turno" [90m-> null[0m[0m
              [31m-[0m[0m parameters = {} [90m-> null[0m[0m
              [31m-[0m[0m type       = "string" [90m-> null[0m[0m
                [90m# (1 unchanged attribute hidden)[0m[0m
            }
          [31m-[0m[0m columns {
              [31m-[0m[0m name       = "cd_eleicao" [90m-> null[0m[0m
              [31m-[0m[0m parameters = {} [90m-> null[0m[0m
              [31m-[0m[0m type       = "string" [90m-> null[0m[0m
                [90m# (1 unchanged attribute hidden)[0m[0m
            }
          [31m-[0m[0m columns {
              [31m-[0m[0m name       = "ds_eleicao" [90m-> null[0m[0m
              [31m-[0m[0m parameters = {} [90m-> null[0m[0m
              [31m-[0m[0m type       = "string" [90m-> null[0m[0m
                [90m# (1 unchanged attribute hidden)[0m[0m
            }
          [31m-[0m[0m columns {
              [31m-[0m[0m name       = "dt_eleicao" [90m-> null[0m[0m
              [31m-[0m[0m parameters = {} [90m-> null[0m[0m
              [31m-[0m[0m type       = "string" [90m-> null[0m[0m
                [90m# (1 unchanged attribute hidden)[0m[0m
            }
          [31m-[0m[0m columns {
              [31m-[0m[0m name       = "tp_abrangencia" [90m-> null[0m[0m
              [31m-[0m[0m parameters = {} [90m-> null[0m[0m
              [31m-[0m[0m type       = "string" [90m-> null[0m[0m
                [90m# (1 unchanged attribute hidden)[0m[0m
            }
          [31m-[0m[0m columns {
              [31m-[0m[0m name       = "sg_uf" [90m-> null[0m[0m
              [31m-[0m[0m parameters = {} [90m-> null[0m[0m
              [31m-[0m[0m type       = "string" [90m-> null[0m[0m
                [90m# (1 unchanged attribute hidden)[0m[0m
            }
          [31m-[0m[0m columns {
              [31m-[0m[0m name       = "sg_ue" [90m-> null[0m[0m
              [31m-[0m[0m parameters = {} [90m-> null[0m[0m
              [31m-[0m[0m type       = "string" [90m-> null[0m[0m
                [90m# (1 unchanged attribute hidden)[0m[0m
            }
          [31m-[0m[0m columns {
              [31m-[0m[0m name       = "nm_ue" [90m-> null[0m[0m
              [31m-[0m[0m parameters = {} [90m-> null[0m[0m
              [31m-[0m[0m type       = "string" [90m-> null[0m[0m
                [90m# (1 unchanged attribute hidden)[0m[0m
            }
          [31m-[0m[0m columns {
              [31m-[0m[0m name       = "cd_municipio" [90m-> null[0m[0m
              [31m-[0m[0m parameters = {} [90m-> null[0m[0m
              [31m-[0m[0m type       = "string" [90m-> null[0m[0m
                [90m# (1 unchanged attribute hidden)[0m[0m
            }
          [31m-[0m[0m columns {
              [31m-[0m[0m name       = "nm_municipio" [90m-> null[0m[0m
              [31m-[0m[0m parameters = {} [90m-> null[0m[0m
              [31m-[0m[0m type       = "string" [90m-> null[0m[0m
                [90m# (1 unchanged attribute hidden)[0m[0m
            }
          [31m-[0m[0m columns {
              [31m-[0m[0m name       = "nr_zona" [90m-> null[0m[0m
              [31m-[0m[0m parameters = {} [90m-> null[0m[0m
              [31m-[0m[0m type       = "string" [90m-> null[0m[0m
                [90m# (1 unchanged attribute hidden)[0m[0m
            }
          [31m-[0m[0m columns {
              [31m-[0m[0m name       = "cd_cargo" [90m-> null[0m[0m
              [31m-[0m[0m parameters = {} [90m-> null[0m[0m
              [31m-[0m[0m type       = "string" [90m-> null[0m[0m
                [90m# (1 unchanged attribute hidden)[0m[0m
            }
          [31m-[0m[0m columns {
              [31m-[0m[0m name       = "ds_cargo" [90m-> null[0m[0m
              [31m-[0m[0m parameters = {} [90m-> null[0m[0m
              [31m-[0m[0m type       = "string" [90m-> null[0m[0m
                [90m# (1 unchanged attribute hidden)[0m[0m
            }
          [31m-[0m[0m columns {
              [31m-[0m[0m name       = "sq_candidato" [90m-> null[0m[0m
              [31m-[0m[0m parameters = {} [90m-> null[0m[0m
              [31m-[0m[0m type       = "string" [90m-> null[0m[0m
                [90m# (1 unchanged attribute hidden)[0m[0m
            }
          [31m-[0m[0m columns {
              [31m-[0m[0m name       = "nr_candidato" [90m-> null[0m[0m
              [31m-[0m[0m parameters = {} [90m-> null[0m[0m
              [31m-[0m[0m type       = "string" [90m-> null[0m[0m
                [90m# (1 unchanged attribute hidden)[0m[0m
            }
          [31m-[0m[0m columns {
              [31m-[0m[0m name       = "nm_candidato" [90m-> null[0m[0m
              [31m-[0m[0m parameters = {} [90m-> null[0m[0m
              [31m-[0m[0m type       = "string" [90m-> null[0m[0m
                [90m# (1 unchanged attribute hidden)[0m[0m
            }
          [31m-[0m[0m columns {
              [31m-[0m[0m name       = "nm_urna_candidato" [90m-> null[0m[0m
              [31m-[0m[0m parameters = {} [90m-> null[0m[0m
              [31m-[0m[0m type       = "string" [90m-> null[0m[0m
                [90m# (1 unchanged attribute hidden)[0m[0m
            }
          [31m-[0m[0m columns {
              [31m-[0m[0m name       = "nm_social_candidato" [90m-> null[0m[0m
              [31m-[0m[0m parameters = {} [90m-> null[0m[0m
              [31m-[0m[0m type       = "string" [90m-> null[0m[0m
                [90m# (1 unchanged attribute hidden)[0m[0m
            }
          [31m-[0m[0m columns {
              [31m-[0m[0m name       = "cd_situacao_candidatura" [90m-> null[0m[0m
              [31m-[0m[0m parameters = {} [90m-> null[0m[0m
              [31m-[0m[0m type       = "string" [90m-> null[0m[0m
                [90m# (1 unchanged attribute hidden)[0m[0m
            }
          [31m-[0m[0m columns {
              [31m-[0m[0m name       = "ds_situacao_candidatura" [90m-> null[0m[0m
              [31m-[0m[0m parameters = {} [90m-> null[0m[0m
              [31m-[0m[0m type       = "string" [90m-> null[0m[0m
                [90m# (1 unchanged attribute hidden)[0m[0m
            }
          [31m-[0m[0m columns {
              [31m-[0m[0m name       = "cd_detalhe_situacao_cand" [90m-> null[0m[0m
              [31m-[0m[0m parameters = {} [90m-> null[0m[0m
              [31m-[0m[0m type       = "string" [90m-> null[0m[0m
                [90m# (1 unchanged attribute hidden)[0m[0m
            }
          [31m-[0m[0m columns {
              [31m-[0m[0m name       = "ds_detalhe_situacao_cand" [90m-> null[0m[0m
              [31m-[0m[0m parameters = {} [90m-> null[0m[0m
              [31m-[0m[0m type       = "string" [90m-> null[0m[0m
                [90m# (1 unchanged attribute hidden)[0m[0m
            }
          [31m-[0m[0m columns {
              [31m-[0m[0m name       = "cd_situacao_julgamento" [90m-> null[0m[0m
              [31m-[0m[0m parameters = {} [90m-> null[0m[0m
              [31m-[0m[0m type       = "string" [90m-> null[0m[0m
                [90m# (1 unchanged attribute hidden)[0m[0m
            }
          [31m-[0m[0m columns {
              [31m-[0m[0m name       = "ds_situacao_julgamento" [90m-> null[0m[0m
              [31m-[0m[0m parameters = {} [90m-> null[0m[0m
              [31m-[0m[0m type       = "string" [90m-> null[0m[0m
                [90m# (1 unchanged attribute hidden)[0m[0m
            }
          [31m-[0m[0m columns {
              [31m-[0m[0m name       = "cd_situacao_cassacao" [90m-> null[0m[0m
              [31m-[0m[0m parameters = {} [90m-> null[0m[0m
              [31m-[0m[0m type       = "string" [90m-> null[0m[0m
                [90m# (1 unchanged attribute hidden)[0m[0m
            }
          [31m-[0m[0m columns {
              [31m-[0m[0m name       = "ds_situacao_cassacao" [90m-> null[0m[0m
              [31m-[0m[0m parameters = {} [90m-> null[0m[0m
              [31m-[0m[0m type       = "string" [90m-> null[0m[0m
                [90m# (1 unchanged attribute hidden)[0m[0m
            }
          [31m-[0m[0m columns {
              [31m-[0m[0m name       = "cd_situacao_diploma" [90m-> null[0m[0m
              [31m-[0m[0m parameters = {} [90m-> null[0m[0m
              [31m-[0m[0m type       = "string" [90m-> null[0m[0m
                [90m# (1 unchanged attribute hidden)[0m[0m
            }
          [31m-[0m[0m columns {
              [31m-[0m[0m name       = "ds_situacao_diploma" [90m-> null[0m[0m
              [31m-[0m[0m parameters = {} [90m-> null[0m[0m
              [31m-[0m[0m type       = "string" [90m-> null[0m[0m
                [90m# (1 unchanged attribute hidden)[0m[0m
            }
          [31m-[0m[0m columns {
              [31m-[0m[0m name       = "tp_agremiacao" [90m-> null[0m[0m
              [31m-[0m[0m parameters = {} [90m-> null[0m[0m
              [31m-[0m[0m type       = "string" [90m-> null[0m[0m
                [90m# (1 unchanged attribute hidden)[0m[0m
            }
          [31m-[0m[0m columns {
              [31m-[0m[0m name       = "nr_partido" [90m-> null[0m[0m
              [31m-[0m[0m parameters = {} [90m-> null[0m[0m
              [31m-[0m[0m type       = "string" [90m-> null[0m[0m
                [90m# (1 unchanged attribute hidden)[0m[0m
            }
          [31m-[0m[0m columns {
              [31m-[0m[0m name       = "sg_partido" [90m-> null[0m[0m
              [31m-[0m[0m parameters = {} [90m-> null[0m[0m
              [31m-[0m[0m type       = "string" [90m-> null[0m[0m
                [90m# (1 unchanged attribute hidden)[0m[0m
            }
          [31m-[0m[0m columns {
              [31m-[0m[0m name       = "nm_partido" [90m-> null[0m[0m
              [31m-[0m[0m parameters = {} [90m-> null[0m[0m
              [31m-[0m[0m type       = "string" [90m-> null[0m[0m
                [90m# (1 unchanged attribute hidden)[0m[0m
            }
          [31m-[0m[0m columns {
              [31m-[0m[0m name       = "nr_federacao" [90m-> null[0m[0m
              [31m-[0m[0m parameters = {} [90m-> null[0m[0m
              [31m-[0m[0m type       = "string" [90m-> null[0m[0m
                [90m# (1 unchanged attribute hidden)[0m[0m
            }
          [31m-[0m[0m columns {
              [31m-[0m[0m name       = "nm_federacao" [90m-> null[0m[0m
              [31m-[0m[0m parameters = {} [90m-> null[0m[0m
              [31m-[0m[0m type       = "string" [90m-> null[0m[0m
                [90m# (1 unchanged attribute hidden)[0m[0m
            }
          [31m-[0m[0m columns {
              [31m-[0m[0m name       = "sg_federacao" [90m-> null[0m[0m
              [31m-[0m[0m parameters = {} [90m-> null[0m[0m
              [31m-[0m[0m type       = "string" [90m-> null[0m[0m
                [90m# (1 unchanged attribute hidden)[0m[0m
            }
          [31m-[0m[0m columns {
              [31m-[0m[0m name       = "ds_composicao_federacao" [90m-> null[0m[0m
              [31m-[0m[0m parameters = {} [90m-> null[0m[0m
              [31m-[0m[0m type       = "string" [90m-> null[0m[0m
                [90m# (1 unchanged attribute hidden)[0m[0m
            }
          [31m-[0m[0m columns {
              [31m-[0m[0m name       = "sq_coligacao" [90m-> null[0m[0m
              [31m-[0m[0m parameters = {} [90m-> null[0m[0m
              [31m-[0m[0m type       = "string" [90m-> null[0m[0m
                [90m# (1 unchanged attribute hidden)[0m[0m
            }
          [31m-[0m[0m columns {
              [31m-[0m[0m name       = "nm_coligacao" [90m-> null[0m[0m
              [31m-[0m[0m parameters = {} [90m-> null[0m[0m
              [31m-[0m[0m type       = "string" [90m-> null[0m[0m
                [90m# (1 unchanged attribute hidden)[0m[0m
            }
          [31m-[0m[0m columns {
              [31m-[0m[0m name       = "ds_composicao_coligacao" [90m-> null[0m[0m
              [31m-[0m[0m parameters = {} [90m-> null[0m[0m
              [31m-[0m[0m type       = "string" [90m-> null[0m[0m
                [90m# (1 unchanged attribute hidden)[0m[0m
            }
          [31m-[0m[0m columns {
              [31m-[0m[0m name       = "st_voto_em_transito" [90m-> null[0m[0m
              [31m-[0m[0m parameters = {} [90m-> null[0m[0m
              [31m-[0m[0m type       = "string" [90m-> null[0m[0m
                [90m# (1 unchanged attribute hidden)[0m[0m
            }
          [31m-[0m[0m columns {
              [31m-[0m[0m name       = "qt_votos_nominais" [90m-> null[0m[0m
              [31m-[0m[0m parameters = {} [90m-> null[0m[0m
              [31m-[0m[0m type       = "string" [90m-> null[0m[0m
                [90m# (1 unchanged attribute hidden)[0m[0m
            }
          [31m-[0m[0m columns {
              [31m-[0m[0m name       = "nm_tipo_destinacao_votos" [90m-> null[0m[0m
              [31m-[0m[0m parameters = {} [90m-> null[0m[0m
              [31m-[0m[0m type       = "string" [90m-> null[0m[0m
                [90m# (1 unchanged attribute hidden)[0m[0m
            }
          [31m-[0m[0m columns {
              [31m-[0m[0m name       = "qt_votos_nominais_validos" [90m-> null[0m[0m
              [31m-[0m[0m parameters = {} [90m-> null[0m[0m
              [31m-[0m[0m type       = "string" [90m-> null[0m[0m
                [90m# (1 unchanged attribute hidden)[0m[0m
            }
          [31m-[0m[0m columns {
              [31m-[0m[0m name       = "cd_sit_tot_turno" [90m-> null[0m[0m
              [31m-[0m[0m parameters = {} [90m-> null[0m[0m
              [31m-[0m[0m type       = "string" [90m-> null[0m[0m
                [90m# (1 unchanged attribute hidden)[0m[0m
            }
          [31m-[0m[0m columns {
              [31m-[0m[0m name       = "ds_sit_tot_turno" [90m-> null[0m[0m
              [31m-[0m[0m parameters = {} [90m-> null[0m[0m
              [31m-[0m[0m type       = "string" [90m-> null[0m[0m
                [90m# (1 unchanged attribute hidden)[0m[0m
            }

          [31m-[0m[0m ser_de_info {
              [31m-[0m[0m name                  = "opencsv" [90m-> null[0m[0m
              [31m-[0m[0m parameters            = {
                  [31m-[0m[0m "escapeChar"    = "\\"
                  [31m-[0m[0m "quoteChar"     = "\""
                  [31m-[0m[0m "separatorChar" = ";"
                } [90m-> null[0m[0m
              [31m-[0m[0m serialization_library = "org.apache.hadoop.hive.serde2.OpenCSVSerde" [90m-> null[0m[0m
            }
        }
    }

[1m  # module.lake.aws_glue_catalog_table.raw["2022"][0m will be [1m[31mdestroyed[0m
[0m  [31m-[0m[0m resource "aws_glue_catalog_table" "raw" {
      [31m-[0m[0m arn                = "arn:aws:glue:us-east-1:325583868777:table/eda262_g06_eleicoes/raw_votacao_candidato_munzona_2022" [90m-> null[0m[0m
      [31m-[0m[0m catalog_id         = "325583868777" [90m-> null[0m[0m
      [31m-[0m[0m database_name      = "eda262_g06_eleicoes" [90m-> null[0m[0m
      [31m-[0m[0m description        = "RAW: recorte fiel do arquivo do TSE (ISO-8859-1, separador ';'), só cargos 1, 3 e 5." [90m-> null[0m[0m
      [31m-[0m[0m id                 = "325583868777:eda262_g06_eleicoes:raw_votacao_candidato_munzona_2022" [90m-> null[0m[0m
      [31m-[0m[0m name               = "raw_votacao_candidato_munzona_2022" [90m-> null[0m[0m
      [31m-[0m[0m parameters         = {
          [31m-[0m[0m "camada"                 = "raw"
          [31m-[0m[0m "classification"         = "csv"
          [31m-[0m[0m "encoding_origem"        = "ISO-8859-1"
          [31m-[0m[0m "fonte"                  = "https://cdn.tse.jus.br/estatistica/sead/odsele/votacao_candidato_munzona/votacao_candidato_munzona_2022.zip"
          [31m-[0m[0m "skip.header.line.count" = "1"
        } [90m-> null[0m[0m
      [31m-[0m[0m region             = "us-east-1" [90m-> null[0m[0m
      [31m-[0m[0m retention          = 0 [90m-> null[0m[0m
      [31m-[0m[0m table_type         = "EXTERNAL_TABLE" [90m-> null[0m[0m
        [90m# (3 unchanged attributes hidden)[0m[0m

      [31m-[0m[0m storage_descriptor {
          [31m-[0m[0m additional_locations      = [] [90m-> null[0m[0m
          [31m-[0m[0m bucket_columns            = [] [90m-> null[0m[0m
          [31m-[0m[0m compressed                = false [90m-> null[0m[0m
          [31m-[0m[0m input_format              = "org.apache.hadoop.mapred.TextInputFormat" [90m-> null[0m[0m
          [31m-[0m[0m location                  = "s3://eda262-g06-lake-raw-325583868777/tse/votacao_candidato_munzona/ano_2022/" [90m-> null[0m[0m
          [31m-[0m[0m number_of_buckets         = 0 [90m-> null[0m[0m
          [31m-[0m[0m output_format             = "org.apache.hadoop.hive.ql.io.HiveIgnoreKeyTextOutputFormat" [90m-> null[0m[0m
          [31m-[0m[0m parameters                = {} [90m-> null[0m[0m
          [31m-[0m[0m stored_as_sub_directories = false [90m-> null[0m[0m

          [31m-[0m[0m columns {
              [31m-[0m[0m name       = "dt_geracao" [90m-> null[0m[0m
              [31m-[0m[0m parameters = {} [90m-> null[0m[0m
              [31m-[0m[0m type       = "string" [90m-> null[0m[0m
                [90m# (1 unchanged attribute hidden)[0m[0m
            }
          [31m-[0m[0m columns {
              [31m-[0m[0m name       = "hh_geracao" [90m-> null[0m[0m
              [31m-[0m[0m parameters = {} [90m-> null[0m[0m
              [31m-[0m[0m type       = "string" [90m-> null[0m[0m
                [90m# (1 unchanged attribute hidden)[0m[0m
            }
          [31m-[0m[0m columns {
              [31m-[0m[0m name       = "ano_eleicao" [90m-> null[0m[0m
              [31m-[0m[0m parameters = {} [90m-> null[0m[0m
              [31m-[0m[0m type       = "string" [90m-> null[0m[0m
                [90m# (1 unchanged attribute hidden)[0m[0m
            }
          [31m-[0m[0m columns {
              [31m-[0m[0m name       = "cd_tipo_eleicao" [90m-> null[0m[0m
              [31m-[0m[0m parameters = {} [90m-> null[0m[0m
              [31m-[0m[0m type       = "string" [90m-> null[0m[0m
                [90m# (1 unchanged attribute hidden)[0m[0m
            }
          [31m-[0m[0m columns {
              [31m-[0m[0m name       = "nm_tipo_eleicao" [90m-> null[0m[0m
              [31m-[0m[0m parameters = {} [90m-> null[0m[0m
              [31m-[0m[0m type       = "string" [90m-> null[0m[0m
                [90m# (1 unchanged attribute hidden)[0m[0m
            }
          [31m-[0m[0m columns {
              [31m-[0m[0m name       = "nr_turno" [90m-> null[0m[0m
              [31m-[0m[0m parameters = {} [90m-> null[0m[0m
              [31m-[0m[0m type       = "string" [90m-> null[0m[0m
                [90m# (1 unchanged attribute hidden)[0m[0m
            }
          [31m-[0m[0m columns {
              [31m-[0m[0m name       = "cd_eleicao" [90m-> null[0m[0m
              [31m-[0m[0m parameters = {} [90m-> null[0m[0m
              [31m-[0m[0m type       = "string" [90m-> null[0m[0m
                [90m# (1 unchanged attribute hidden)[0m[0m
            }
          [31m-[0m[0m columns {
              [31m-[0m[0m name       = "ds_eleicao" [90m-> null[0m[0m
              [31m-[0m[0m parameters = {} [90m-> null[0m[0m
              [31m-[0m[0m type       = "string" [90m-> null[0m[0m
                [90m# (1 unchanged attribute hidden)[0m[0m
            }
          [31m-[0m[0m columns {
              [31m-[0m[0m name       = "dt_eleicao" [90m-> null[0m[0m
              [31m-[0m[0m parameters = {} [90m-> null[0m[0m
              [31m-[0m[0m type       = "string" [90m-> null[0m[0m
                [90m# (1 unchanged attribute hidden)[0m[0m
            }
          [31m-[0m[0m columns {
              [31m-[0m[0m name       = "tp_abrangencia" [90m-> null[0m[0m
              [31m-[0m[0m parameters = {} [90m-> null[0m[0m
              [31m-[0m[0m type       = "string" [90m-> null[0m[0m
                [90m# (1 unchanged attribute hidden)[0m[0m
            }
          [31m-[0m[0m columns {
              [31m-[0m[0m name       = "sg_uf" [90m-> null[0m[0m
              [31m-[0m[0m parameters = {} [90m-> null[0m[0m
              [31m-[0m[0m type       = "string" [90m-> null[0m[0m
                [90m# (1 unchanged attribute hidden)[0m[0m
            }
          [31m-[0m[0m columns {
              [31m-[0m[0m name       = "sg_ue" [90m-> null[0m[0m
              [31m-[0m[0m parameters = {} [90m-> null[0m[0m
              [31m-[0m[0m type       = "string" [90m-> null[0m[0m
                [90m# (1 unchanged attribute hidden)[0m[0m
            }
          [31m-[0m[0m columns {
              [31m-[0m[0m name       = "nm_ue" [90m-> null[0m[0m
              [31m-[0m[0m parameters = {} [90m-> null[0m[0m
              [31m-[0m[0m type       = "string" [90m-> null[0m[0m
                [90m# (1 unchanged attribute hidden)[0m[0m
            }
          [31m-[0m[0m columns {
              [31m-[0m[0m name       = "cd_municipio" [90m-> null[0m[0m
              [31m-[0m[0m parameters = {} [90m-> null[0m[0m
              [31m-[0m[0m type       = "string" [90m-> null[0m[0m
                [90m# (1 unchanged attribute hidden)[0m[0m
            }
          [31m-[0m[0m columns {
              [31m-[0m[0m name       = "nm_municipio" [90m-> null[0m[0m
              [31m-[0m[0m parameters = {} [90m-> null[0m[0m
              [31m-[0m[0m type       = "string" [90m-> null[0m[0m
                [90m# (1 unchanged attribute hidden)[0m[0m
            }
          [31m-[0m[0m columns {
              [31m-[0m[0m name       = "nr_zona" [90m-> null[0m[0m
              [31m-[0m[0m parameters = {} [90m-> null[0m[0m
              [31m-[0m[0m type       = "string" [90m-> null[0m[0m
                [90m# (1 unchanged attribute hidden)[0m[0m
            }
          [31m-[0m[0m columns {
              [31m-[0m[0m name       = "cd_cargo" [90m-> null[0m[0m
              [31m-[0m[0m parameters = {} [90m-> null[0m[0m
              [31m-[0m[0m type       = "string" [90m-> null[0m[0m
                [90m# (1 unchanged attribute hidden)[0m[0m
            }
          [31m-[0m[0m columns {
              [31m-[0m[0m name       = "ds_cargo" [90m-> null[0m[0m
              [31m-[0m[0m parameters = {} [90m-> null[0m[0m
              [31m-[0m[0m type       = "string" [90m-> null[0m[0m
                [90m# (1 unchanged attribute hidden)[0m[0m
            }
          [31m-[0m[0m columns {
              [31m-[0m[0m name       = "sq_candidato" [90m-> null[0m[0m
              [31m-[0m[0m parameters = {} [90m-> null[0m[0m
              [31m-[0m[0m type       = "string" [90m-> null[0m[0m
                [90m# (1 unchanged attribute hidden)[0m[0m
            }
          [31m-[0m[0m columns {
              [31m-[0m[0m name       = "nr_candidato" [90m-> null[0m[0m
              [31m-[0m[0m parameters = {} [90m-> null[0m[0m
              [31m-[0m[0m type       = "string" [90m-> null[0m[0m
                [90m# (1 unchanged attribute hidden)[0m[0m
            }
          [31m-[0m[0m columns {
              [31m-[0m[0m name       = "nm_candidato" [90m-> null[0m[0m
              [31m-[0m[0m parameters = {} [90m-> null[0m[0m
              [31m-[0m[0m type       = "string" [90m-> null[0m[0m
                [90m# (1 unchanged attribute hidden)[0m[0m
            }
          [31m-[0m[0m columns {
              [31m-[0m[0m name       = "nm_urna_candidato" [90m-> null[0m[0m
              [31m-[0m[0m parameters = {} [90m-> null[0m[0m
              [31m-[0m[0m type       = "string" [90m-> null[0m[0m
                [90m# (1 unchanged attribute hidden)[0m[0m
            }
          [31m-[0m[0m columns {
              [31m-[0m[0m name       = "nm_social_candidato" [90m-> null[0m[0m
              [31m-[0m[0m parameters = {} [90m-> null[0m[0m
              [31m-[0m[0m type       = "string" [90m-> null[0m[0m
                [90m# (1 unchanged attribute hidden)[0m[0m
            }
          [31m-[0m[0m columns {
              [31m-[0m[0m name       = "cd_situacao_candidatura" [90m-> null[0m[0m
              [31m-[0m[0m parameters = {} [90m-> null[0m[0m
              [31m-[0m[0m type       = "string" [90m-> null[0m[0m
                [90m# (1 unchanged attribute hidden)[0m[0m
            }
          [31m-[0m[0m columns {
              [31m-[0m[0m name       = "ds_situacao_candidatura" [90m-> null[0m[0m
              [31m-[0m[0m parameters = {} [90m-> null[0m[0m
              [31m-[0m[0m type       = "string" [90m-> null[0m[0m
                [90m# (1 unchanged attribute hidden)[0m[0m
            }
          [31m-[0m[0m columns {
              [31m-[0m[0m name       = "cd_detalhe_situacao_cand" [90m-> null[0m[0m
              [31m-[0m[0m parameters = {} [90m-> null[0m[0m
              [31m-[0m[0m type       = "string" [90m-> null[0m[0m
                [90m# (1 unchanged attribute hidden)[0m[0m
            }
          [31m-[0m[0m columns {
              [31m-[0m[0m name       = "ds_detalhe_situacao_cand" [90m-> null[0m[0m
              [31m-[0m[0m parameters = {} [90m-> null[0m[0m
              [31m-[0m[0m type       = "string" [90m-> null[0m[0m
                [90m# (1 unchanged attribute hidden)[0m[0m
            }
          [31m-[0m[0m columns {
              [31m-[0m[0m name       = "cd_situacao_julgamento" [90m-> null[0m[0m
              [31m-[0m[0m parameters = {} [90m-> null[0m[0m
              [31m-[0m[0m type       = "string" [90m-> null[0m[0m
                [90m# (1 unchanged attribute hidden)[0m[0m
            }
          [31m-[0m[0m columns {
              [31m-[0m[0m name       = "ds_situacao_julgamento" [90m-> null[0m[0m
              [31m-[0m[0m parameters = {} [90m-> null[0m[0m
              [31m-[0m[0m type       = "string" [90m-> null[0m[0m
                [90m# (1 unchanged attribute hidden)[0m[0m
            }
          [31m-[0m[0m columns {
              [31m-[0m[0m name       = "cd_situacao_cassacao" [90m-> null[0m[0m
              [31m-[0m[0m parameters = {} [90m-> null[0m[0m
              [31m-[0m[0m type       = "string" [90m-> null[0m[0m
                [90m# (1 unchanged attribute hidden)[0m[0m
            }
          [31m-[0m[0m columns {
              [31m-[0m[0m name       = "ds_situacao_cassacao" [90m-> null[0m[0m
              [31m-[0m[0m parameters = {} [90m-> null[0m[0m
              [31m-[0m[0m type       = "string" [90m-> null[0m[0m
                [90m# (1 unchanged attribute hidden)[0m[0m
            }
          [31m-[0m[0m columns {
              [31m-[0m[0m name       = "cd_situacao_dconst_diploma" [90m-> null[0m[0m
              [31m-[0m[0m parameters = {} [90m-> null[0m[0m
              [31m-[0m[0m type       = "string" [90m-> null[0m[0m
                [90m# (1 unchanged attribute hidden)[0m[0m
            }
          [31m-[0m[0m columns {
              [31m-[0m[0m name       = "ds_situacao_dconst_diploma" [90m-> null[0m[0m
              [31m-[0m[0m parameters = {} [90m-> null[0m[0m
              [31m-[0m[0m type       = "string" [90m-> null[0m[0m
                [90m# (1 unchanged attribute hidden)[0m[0m
            }
          [31m-[0m[0m columns {
              [31m-[0m[0m name       = "tp_agremiacao" [90m-> null[0m[0m
              [31m-[0m[0m parameters = {} [90m-> null[0m[0m
              [31m-[0m[0m type       = "string" [90m-> null[0m[0m
                [90m# (1 unchanged attribute hidden)[0m[0m
            }
          [31m-[0m[0m columns {
              [31m-[0m[0m name       = "nr_partido" [90m-> null[0m[0m
              [31m-[0m[0m parameters = {} [90m-> null[0m[0m
              [31m-[0m[0m type       = "string" [90m-> null[0m[0m
                [90m# (1 unchanged attribute hidden)[0m[0m
            }
          [31m-[0m[0m columns {
              [31m-[0m[0m name       = "sg_partido" [90m-> null[0m[0m
              [31m-[0m[0m parameters = {} [90m-> null[0m[0m
              [31m-[0m[0m type       = "string" [90m-> null[0m[0m
                [90m# (1 unchanged attribute hidden)[0m[0m
            }
          [31m-[0m[0m columns {
              [31m-[0m[0m name       = "nm_partido" [90m-> null[0m[0m
              [31m-[0m[0m parameters = {} [90m-> null[0m[0m
              [31m-[0m[0m type       = "string" [90m-> null[0m[0m
                [90m# (1 unchanged attribute hidden)[0m[0m
            }
          [31m-[0m[0m columns {
              [31m-[0m[0m name       = "nr_federacao" [90m-> null[0m[0m
              [31m-[0m[0m parameters = {} [90m-> null[0m[0m
              [31m-[0m[0m type       = "string" [90m-> null[0m[0m
                [90m# (1 unchanged attribute hidden)[0m[0m
            }
          [31m-[0m[0m columns {
              [31m-[0m[0m name       = "nm_federacao" [90m-> null[0m[0m
              [31m-[0m[0m parameters = {} [90m-> null[0m[0m
              [31m-[0m[0m type       = "string" [90m-> null[0m[0m
                [90m# (1 unchanged attribute hidden)[0m[0m
            }
          [31m-[0m[0m columns {
              [31m-[0m[0m name       = "sg_federacao" [90m-> null[0m[0m
              [31m-[0m[0m parameters = {} [90m-> null[0m[0m
              [31m-[0m[0m type       = "string" [90m-> null[0m[0m
                [90m# (1 unchanged attribute hidden)[0m[0m
            }
          [31m-[0m[0m columns {
              [31m-[0m[0m name       = "ds_composicao_federacao" [90m-> null[0m[0m
              [31m-[0m[0m parameters = {} [90m-> null[0m[0m
              [31m-[0m[0m type       = "string" [90m-> null[0m[0m
                [90m# (1 unchanged attribute hidden)[0m[0m
            }
          [31m-[0m[0m columns {
              [31m-[0m[0m name       = "sq_coligacao" [90m-> null[0m[0m
              [31m-[0m[0m parameters = {} [90m-> null[0m[0m
              [31m-[0m[0m type       = "string" [90m-> null[0m[0m
                [90m# (1 unchanged attribute hidden)[0m[0m
            }
          [31m-[0m[0m columns {
              [31m-[0m[0m name       = "nm_coligacao" [90m-> null[0m[0m
              [31m-[0m[0m parameters = {} [90m-> null[0m[0m
              [31m-[0m[0m type       = "string" [90m-> null[0m[0m
                [90m# (1 unchanged attribute hidden)[0m[0m
            }
          [31m-[0m[0m columns {
              [31m-[0m[0m name       = "ds_composicao_coligacao" [90m-> null[0m[0m
              [31m-[0m[0m parameters = {} [90m-> null[0m[0m
              [31m-[0m[0m type       = "string" [90m-> null[0m[0m
                [90m# (1 unchanged attribute hidden)[0m[0m
            }
          [31m-[0m[0m columns {
              [31m-[0m[0m name       = "st_voto_em_transito" [90m-> null[0m[0m
              [31m-[0m[0m parameters = {} [90m-> null[0m[0m
              [31m-[0m[0m type       = "string" [90m-> null[0m[0m
                [90m# (1 unchanged attribute hidden)[0m[0m
            }
          [31m-[0m[0m columns {
              [31m-[0m[0m name       = "qt_votos_nominais" [90m-> null[0m[0m
              [31m-[0m[0m parameters = {} [90m-> null[0m[0m
              [31m-[0m[0m type       = "string" [90m-> null[0m[0m
                [90m# (1 unchanged attribute hidden)[0m[0m
            }
          [31m-[0m[0m columns {
              [31m-[0m[0m name       = "nm_tipo_destinacao_votos" [90m-> null[0m[0m
              [31m-[0m[0m parameters = {} [90m-> null[0m[0m
              [31m-[0m[0m type       = "string" [90m-> null[0m[0m
                [90m# (1 unchanged attribute hidden)[0m[0m
            }
          [31m-[0m[0m columns {
              [31m-[0m[0m name       = "qt_votos_nominais_validos" [90m-> null[0m[0m
              [31m-[0m[0m parameters = {} [90m-> null[0m[0m
              [31m-[0m[0m type       = "string" [90m-> null[0m[0m
                [90m# (1 unchanged attribute hidden)[0m[0m
            }
          [31m-[0m[0m columns {
              [31m-[0m[0m name       = "cd_sit_tot_turno" [90m-> null[0m[0m
              [31m-[0m[0m parameters = {} [90m-> null[0m[0m
              [31m-[0m[0m type       = "string" [90m-> null[0m[0m
                [90m# (1 unchanged attribute hidden)[0m[0m
            }
          [31m-[0m[0m columns {
              [31m-[0m[0m name       = "ds_sit_tot_turno" [90m-> null[0m[0m
              [31m-[0m[0m parameters = {} [90m-> null[0m[0m
              [31m-[0m[0m type       = "string" [90m-> null[0m[0m
                [90m# (1 unchanged attribute hidden)[0m[0m
            }

          [31m-[0m[0m ser_de_info {
              [31m-[0m[0m name                  = "opencsv" [90m-> null[0m[0m
              [31m-[0m[0m parameters            = {
                  [31m-[0m[0m "escapeChar"    = "\\"
                  [31m-[0m[0m "quoteChar"     = "\""
                  [31m-[0m[0m "separatorChar" = ";"
                } [90m-> null[0m[0m
              [31m-[0m[0m serialization_library = "org.apache.hadoop.hive.serde2.OpenCSVSerde" [90m-> null[0m[0m
            }
        }
    }

[1m  # module.lake.aws_glue_catalog_table.trusted[0m will be [1m[31mdestroyed[0m
[0m  [31m-[0m[0m resource "aws_glue_catalog_table" "trusted" {
      [31m-[0m[0m arn                = "arn:aws:glue:us-east-1:325583868777:table/eda262_g06_eleicoes/trusted_votos_validos_zona" [90m-> null[0m[0m
      [31m-[0m[0m catalog_id         = "325583868777" [90m-> null[0m[0m
      [31m-[0m[0m database_name      = "eda262_g06_eleicoes" [90m-> null[0m[0m
      [31m-[0m[0m description        = "TRUSTED: votos válidos por candidato e zona eleitoral, Presidente/Governador/Senador, 2018 e 2022, 1º e 2º turnos." [90m-> null[0m[0m
      [31m-[0m[0m id                 = "325583868777:eda262_g06_eleicoes:trusted_votos_validos_zona" [90m-> null[0m[0m
      [31m-[0m[0m name               = "trusted_votos_validos_zona" [90m-> null[0m[0m
      [31m-[0m[0m parameters         = {
          [31m-[0m[0m "camada"                 = "trusted"
          [31m-[0m[0m "chave_primaria"         = "ano_eleicao,nr_turno,cd_cargo,sg_uf,cd_municipio,nr_zona,sq_candidato"
          [31m-[0m[0m "classification"         = "csv"
          [31m-[0m[0m "grao"                   = "1 linha = votos válidos de 1 candidato, em 1 zona eleitoral de 1 município, em 1 turno, para 1 cargo, em 1 eleição (ano)"
          [31m-[0m[0m "medida"                 = "qt_votos_validos (aditiva em todas as dimensões)"
          [31m-[0m[0m "skip.header.line.count" = "1"
        } [90m-> null[0m[0m
      [31m-[0m[0m region             = "us-east-1" [90m-> null[0m[0m
      [31m-[0m[0m retention          = 0 [90m-> null[0m[0m
      [31m-[0m[0m table_type         = "EXTERNAL_TABLE" [90m-> null[0m[0m
        [90m# (3 unchanged attributes hidden)[0m[0m

      [31m-[0m[0m storage_descriptor {
          [31m-[0m[0m additional_locations      = [] [90m-> null[0m[0m
          [31m-[0m[0m bucket_columns            = [] [90m-> null[0m[0m
          [31m-[0m[0m compressed                = false [90m-> null[0m[0m
          [31m-[0m[0m input_format              = "org.apache.hadoop.mapred.TextInputFormat" [90m-> null[0m[0m
          [31m-[0m[0m location                  = "s3://eda262-g06-lake-trusted-325583868777/votos_validos_zona/" [90m-> null[0m[0m
          [31m-[0m[0m number_of_buckets         = 0 [90m-> null[0m[0m
          [31m-[0m[0m output_format             = "org.apache.hadoop.hive.ql.io.HiveIgnoreKeyTextOutputFormat" [90m-> null[0m[0m
          [31m-[0m[0m parameters                = {} [90m-> null[0m[0m
          [31m-[0m[0m stored_as_sub_directories = false [90m-> null[0m[0m

          [31m-[0m[0m columns {
              [31m-[0m[0m comment    = "Chave. Ano da eleição geral (2018 ou 2022)." [90m-> null[0m[0m
              [31m-[0m[0m name       = "ano_eleicao" [90m-> null[0m[0m
              [31m-[0m[0m parameters = {} [90m-> null[0m[0m
              [31m-[0m[0m type       = "int" [90m-> null[0m[0m
            }
          [31m-[0m[0m columns {
              [31m-[0m[0m comment    = "Chave. 1 ou 2." [90m-> null[0m[0m
              [31m-[0m[0m name       = "nr_turno" [90m-> null[0m[0m
              [31m-[0m[0m parameters = {} [90m-> null[0m[0m
              [31m-[0m[0m type       = "int" [90m-> null[0m[0m
            }
          [31m-[0m[0m columns {
              [31m-[0m[0m comment    = "Data do turno da eleição geral (eleições suplementares ficam de fora)." [90m-> null[0m[0m
              [31m-[0m[0m name       = "dt_eleicao" [90m-> null[0m[0m
              [31m-[0m[0m parameters = {} [90m-> null[0m[0m
              [31m-[0m[0m type       = "date" [90m-> null[0m[0m
            }
          [31m-[0m[0m columns {
              [31m-[0m[0m comment    = "Chave. 1 = Presidente, 3 = Governador, 5 = Senador." [90m-> null[0m[0m
              [31m-[0m[0m name       = "cd_cargo" [90m-> null[0m[0m
              [31m-[0m[0m parameters = {} [90m-> null[0m[0m
              [31m-[0m[0m type       = "int" [90m-> null[0m[0m
            }
          [31m-[0m[0m columns {
              [31m-[0m[0m comment    = "PRESIDENTE | GOVERNADOR | SENADOR (normalizado a partir de cd_cargo)." [90m-> null[0m[0m
              [31m-[0m[0m name       = "ds_cargo" [90m-> null[0m[0m
              [31m-[0m[0m parameters = {} [90m-> null[0m[0m
              [31m-[0m[0m type       = "string" [90m-> null[0m[0m
            }
          [31m-[0m[0m columns {
              [31m-[0m[0m comment    = "N | NE | CO | SE | S | EX (exterior). Derivada de sg_uf." [90m-> null[0m[0m
              [31m-[0m[0m name       = "regiao" [90m-> null[0m[0m
              [31m-[0m[0m parameters = {} [90m-> null[0m[0m
              [31m-[0m[0m type       = "string" [90m-> null[0m[0m
            }
          [31m-[0m[0m columns {
              [31m-[0m[0m comment    = "Chave. UF da zona; ZZ = exterior." [90m-> null[0m[0m
              [31m-[0m[0m name       = "sg_uf" [90m-> null[0m[0m
              [31m-[0m[0m parameters = {} [90m-> null[0m[0m
              [31m-[0m[0m type       = "string" [90m-> null[0m[0m
            }
          [31m-[0m[0m columns {
              [31m-[0m[0m comment    = "Chave. Código TSE do município." [90m-> null[0m[0m
              [31m-[0m[0m name       = "cd_municipio" [90m-> null[0m[0m
              [31m-[0m[0m parameters = {} [90m-> null[0m[0m
              [31m-[0m[0m type       = "int" [90m-> null[0m[0m
            }
          [31m-[0m[0m columns {
              [31m-[0m[0m comment    = "Nome do município (UTF-8)." [90m-> null[0m[0m
              [31m-[0m[0m name       = "nm_municipio" [90m-> null[0m[0m
              [31m-[0m[0m parameters = {} [90m-> null[0m[0m
              [31m-[0m[0m type       = "string" [90m-> null[0m[0m
            }
          [31m-[0m[0m columns {
              [31m-[0m[0m comment    = "Chave. Número da zona eleitoral." [90m-> null[0m[0m
              [31m-[0m[0m name       = "nr_zona" [90m-> null[0m[0m
              [31m-[0m[0m parameters = {} [90m-> null[0m[0m
              [31m-[0m[0m type       = "int" [90m-> null[0m[0m
            }
          [31m-[0m[0m columns {
              [31m-[0m[0m comment    = "Chave. Sequencial do candidato no TSE (estável dentro da eleição)." [90m-> null[0m[0m
              [31m-[0m[0m name       = "sq_candidato" [90m-> null[0m[0m
              [31m-[0m[0m parameters = {} [90m-> null[0m[0m
              [31m-[0m[0m type       = "bigint" [90m-> null[0m[0m
            }
          [31m-[0m[0m columns {
              [31m-[0m[0m comment    = "Número de urna (não é chave: repete entre UFs e anos)." [90m-> null[0m[0m
              [31m-[0m[0m name       = "nr_candidato" [90m-> null[0m[0m
              [31m-[0m[0m parameters = {} [90m-> null[0m[0m
              [31m-[0m[0m type       = "int" [90m-> null[0m[0m
            }
          [31m-[0m[0m columns {
              [31m-[0m[0m comment    = "Nome de urna." [90m-> null[0m[0m
              [31m-[0m[0m name       = "nm_urna_candidato" [90m-> null[0m[0m
              [31m-[0m[0m parameters = {} [90m-> null[0m[0m
              [31m-[0m[0m type       = "string" [90m-> null[0m[0m
            }
          [31m-[0m[0m columns {
              [31m-[0m[0m comment    = "Sigla do partido; nulo quando o TSE manda #NE#/#NULO#." [90m-> null[0m[0m
              [31m-[0m[0m name       = "sg_partido" [90m-> null[0m[0m
              [31m-[0m[0m parameters = {} [90m-> null[0m[0m
              [31m-[0m[0m type       = "string" [90m-> null[0m[0m
            }
          [31m-[0m[0m columns {
              [31m-[0m[0m comment    = "Medida. Votos nominais válidos (sem brancos, nulos e anulados)." [90m-> null[0m[0m
              [31m-[0m[0m name       = "qt_votos_validos" [90m-> null[0m[0m
              [31m-[0m[0m parameters = {} [90m-> null[0m[0m
              [31m-[0m[0m type       = "bigint" [90m-> null[0m[0m
            }

          [31m-[0m[0m ser_de_info {
              [31m-[0m[0m name                  = "tsv" [90m-> null[0m[0m
              [31m-[0m[0m parameters            = {
                  [31m-[0m[0m "field.delim"          = "\t"
                  [31m-[0m[0m "serialization.format" = "\t"
                } [90m-> null[0m[0m
              [31m-[0m[0m serialization_library = "org.apache.hadoop.hive.serde2.lazy.LazySimpleSerDe" [90m-> null[0m[0m
            }
        }
    }

[1m  # module.lake.aws_s3_bucket.lake["raw"][0m will be [1m[31mdestroyed[0m
[0m  [31m-[0m[0m resource "aws_s3_bucket" "lake" {
      [31m-[0m[0m arn                         = "arn:aws:s3:::eda262-g06-lake-raw-325583868777" [90m-> null[0m[0m
      [31m-[0m[0m bucket                      = "eda262-g06-lake-raw-325583868777" [90m-> null[0m[0m
      [31m-[0m[0m bucket_domain_name          = "eda262-g06-lake-raw-325583868777.s3.amazonaws.com" [90m-> null[0m[0m
      [31m-[0m[0m bucket_namespace            = "global" [90m-> null[0m[0m
      [31m-[0m[0m bucket_region               = "us-east-1" [90m-> null[0m[0m
      [31m-[0m[0m bucket_regional_domain_name = "eda262-g06-lake-raw-325583868777.s3.us-east-1.amazonaws.com" [90m-> null[0m[0m
      [31m-[0m[0m force_destroy               = true [90m-> null[0m[0m
      [31m-[0m[0m hosted_zone_id              = "Z3AQBSTGFYJSTF" [90m-> null[0m[0m
      [31m-[0m[0m id                          = "eda262-g06-lake-raw-325583868777" [90m-> null[0m[0m
      [31m-[0m[0m object_lock_enabled         = false [90m-> null[0m[0m
      [31m-[0m[0m region                      = "us-east-1" [90m-> null[0m[0m
      [31m-[0m[0m request_payer               = "BucketOwner" [90m-> null[0m[0m
      [31m-[0m[0m tags                        = {} [90m-> null[0m[0m
      [31m-[0m[0m tags_all                    = {
          [31m-[0m[0m "grupo"   = "g06"
          [31m-[0m[0m "projeto" = "engenharia-de-dados"
          [31m-[0m[0m "turma"   = "eda262"
        } [90m-> null[0m[0m
        [90m# (3 unchanged attributes hidden)[0m[0m

      [31m-[0m[0m grant {
          [31m-[0m[0m id          = "8022b3bfe1e45d090335847dc77b594076fc7367a05e12aaab58998de2bef47e" [90m-> null[0m[0m
          [31m-[0m[0m permissions = [
              [31m-[0m[0m "FULL_CONTROL",
            ] [90m-> null[0m[0m
          [31m-[0m[0m type        = "CanonicalUser" [90m-> null[0m[0m
            [90m# (1 unchanged attribute hidden)[0m[0m
        }

      [31m-[0m[0m server_side_encryption_configuration {
          [31m-[0m[0m rule {
              [31m-[0m[0m bucket_key_enabled = false [90m-> null[0m[0m

              [31m-[0m[0m apply_server_side_encryption_by_default {
                  [31m-[0m[0m sse_algorithm     = "AES256" [90m-> null[0m[0m
                    [90m# (1 unchanged attribute hidden)[0m[0m
                }
            }
        }

      [31m-[0m[0m versioning {
          [31m-[0m[0m enabled    = false [90m-> null[0m[0m
          [31m-[0m[0m mfa_delete = false [90m-> null[0m[0m
        }
    }

[1m  # module.lake.aws_s3_bucket.lake["resultados"][0m will be [1m[31mdestroyed[0m
[0m  [31m-[0m[0m resource "aws_s3_bucket" "lake" {
      [31m-[0m[0m arn                         = "arn:aws:s3:::eda262-g06-athena-resultados-325583868777" [90m-> null[0m[0m
      [31m-[0m[0m bucket                      = "eda262-g06-athena-resultados-325583868777" [90m-> null[0m[0m
      [31m-[0m[0m bucket_domain_name          = "eda262-g06-athena-resultados-325583868777.s3.amazonaws.com" [90m-> null[0m[0m
      [31m-[0m[0m bucket_namespace            = "global" [90m-> null[0m[0m
      [31m-[0m[0m bucket_region               = "us-east-1" [90m-> null[0m[0m
      [31m-[0m[0m bucket_regional_domain_name = "eda262-g06-athena-resultados-325583868777.s3.us-east-1.amazonaws.com" [90m-> null[0m[0m
      [31m-[0m[0m force_destroy               = true [90m-> null[0m[0m
      [31m-[0m[0m hosted_zone_id              = "Z3AQBSTGFYJSTF" [90m-> null[0m[0m
      [31m-[0m[0m id                          = "eda262-g06-athena-resultados-325583868777" [90m-> null[0m[0m
      [31m-[0m[0m object_lock_enabled         = false [90m-> null[0m[0m
      [31m-[0m[0m region                      = "us-east-1" [90m-> null[0m[0m
      [31m-[0m[0m request_payer               = "BucketOwner" [90m-> null[0m[0m
      [31m-[0m[0m tags                        = {} [90m-> null[0m[0m
      [31m-[0m[0m tags_all                    = {
          [31m-[0m[0m "grupo"   = "g06"
          [31m-[0m[0m "projeto" = "engenharia-de-dados"
          [31m-[0m[0m "turma"   = "eda262"
        } [90m-> null[0m[0m
        [90m# (3 unchanged attributes hidden)[0m[0m

      [31m-[0m[0m grant {
          [31m-[0m[0m id          = "8022b3bfe1e45d090335847dc77b594076fc7367a05e12aaab58998de2bef47e" [90m-> null[0m[0m
          [31m-[0m[0m permissions = [
              [31m-[0m[0m "FULL_CONTROL",
            ] [90m-> null[0m[0m
          [31m-[0m[0m type        = "CanonicalUser" [90m-> null[0m[0m
            [90m# (1 unchanged attribute hidden)[0m[0m
        }

      [31m-[0m[0m server_side_encryption_configuration {
          [31m-[0m[0m rule {
              [31m-[0m[0m bucket_key_enabled = false [90m-> null[0m[0m

              [31m-[0m[0m apply_server_side_encryption_by_default {
                  [31m-[0m[0m sse_algorithm     = "AES256" [90m-> null[0m[0m
                    [90m# (1 unchanged attribute hidden)[0m[0m
                }
            }
        }

      [31m-[0m[0m versioning {
          [31m-[0m[0m enabled    = false [90m-> null[0m[0m
          [31m-[0m[0m mfa_delete = false [90m-> null[0m[0m
        }
    }

[1m  # module.lake.aws_s3_bucket.lake["trusted"][0m will be [1m[31mdestroyed[0m
[0m  [31m-[0m[0m resource "aws_s3_bucket" "lake" {
      [31m-[0m[0m arn                         = "arn:aws:s3:::eda262-g06-lake-trusted-325583868777" [90m-> null[0m[0m
      [31m-[0m[0m bucket                      = "eda262-g06-lake-trusted-325583868777" [90m-> null[0m[0m
      [31m-[0m[0m bucket_domain_name          = "eda262-g06-lake-trusted-325583868777.s3.amazonaws.com" [90m-> null[0m[0m
      [31m-[0m[0m bucket_namespace            = "global" [90m-> null[0m[0m
      [31m-[0m[0m bucket_region               = "us-east-1" [90m-> null[0m[0m
      [31m-[0m[0m bucket_regional_domain_name = "eda262-g06-lake-trusted-325583868777.s3.us-east-1.amazonaws.com" [90m-> null[0m[0m
      [31m-[0m[0m force_destroy               = true [90m-> null[0m[0m
      [31m-[0m[0m hosted_zone_id              = "Z3AQBSTGFYJSTF" [90m-> null[0m[0m
      [31m-[0m[0m id                          = "eda262-g06-lake-trusted-325583868777" [90m-> null[0m[0m
      [31m-[0m[0m object_lock_enabled         = false [90m-> null[0m[0m
      [31m-[0m[0m region                      = "us-east-1" [90m-> null[0m[0m
      [31m-[0m[0m request_payer               = "BucketOwner" [90m-> null[0m[0m
      [31m-[0m[0m tags                        = {} [90m-> null[0m[0m
      [31m-[0m[0m tags_all                    = {
          [31m-[0m[0m "grupo"   = "g06"
          [31m-[0m[0m "projeto" = "engenharia-de-dados"
          [31m-[0m[0m "turma"   = "eda262"
        } [90m-> null[0m[0m
        [90m# (3 unchanged attributes hidden)[0m[0m

      [31m-[0m[0m grant {
          [31m-[0m[0m id          = "8022b3bfe1e45d090335847dc77b594076fc7367a05e12aaab58998de2bef47e" [90m-> null[0m[0m
          [31m-[0m[0m permissions = [
              [31m-[0m[0m "FULL_CONTROL",
            ] [90m-> null[0m[0m
          [31m-[0m[0m type        = "CanonicalUser" [90m-> null[0m[0m
            [90m# (1 unchanged attribute hidden)[0m[0m
        }

      [31m-[0m[0m server_side_encryption_configuration {
          [31m-[0m[0m rule {
              [31m-[0m[0m bucket_key_enabled = false [90m-> null[0m[0m

              [31m-[0m[0m apply_server_side_encryption_by_default {
                  [31m-[0m[0m sse_algorithm     = "AES256" [90m-> null[0m[0m
                    [90m# (1 unchanged attribute hidden)[0m[0m
                }
            }
        }

      [31m-[0m[0m versioning {
          [31m-[0m[0m enabled    = false [90m-> null[0m[0m
          [31m-[0m[0m mfa_delete = false [90m-> null[0m[0m
        }
    }

[1m  # module.lake.aws_s3_bucket_public_access_block.lake["raw"][0m will be [1m[31mdestroyed[0m
[0m  [31m-[0m[0m resource "aws_s3_bucket_public_access_block" "lake" {
      [31m-[0m[0m block_public_acls       = true [90m-> null[0m[0m
      [31m-[0m[0m block_public_policy     = true [90m-> null[0m[0m
      [31m-[0m[0m bucket                  = "eda262-g06-lake-raw-325583868777" [90m-> null[0m[0m
      [31m-[0m[0m id                      = "eda262-g06-lake-raw-325583868777" [90m-> null[0m[0m
      [31m-[0m[0m ignore_public_acls      = true [90m-> null[0m[0m
      [31m-[0m[0m region                  = "us-east-1" [90m-> null[0m[0m
      [31m-[0m[0m restrict_public_buckets = true [90m-> null[0m[0m
    }

[1m  # module.lake.aws_s3_bucket_public_access_block.lake["resultados"][0m will be [1m[31mdestroyed[0m
[0m  [31m-[0m[0m resource "aws_s3_bucket_public_access_block" "lake" {
      [31m-[0m[0m block_public_acls       = true [90m-> null[0m[0m
      [31m-[0m[0m block_public_policy     = true [90m-> null[0m[0m
      [31m-[0m[0m bucket                  = "eda262-g06-athena-resultados-325583868777" [90m-> null[0m[0m
      [31m-[0m[0m id                      = "eda262-g06-athena-resultados-325583868777" [90m-> null[0m[0m
      [31m-[0m[0m ignore_public_acls      = true [90m-> null[0m[0m
      [31m-[0m[0m region                  = "us-east-1" [90m-> null[0m[0m
      [31m-[0m[0m restrict_public_buckets = true [90m-> null[0m[0m
    }

[1m  # module.lake.aws_s3_bucket_public_access_block.lake["trusted"][0m will be [1m[31mdestroyed[0m
[0m  [31m-[0m[0m resource "aws_s3_bucket_public_access_block" "lake" {
      [31m-[0m[0m block_public_acls       = true [90m-> null[0m[0m
      [31m-[0m[0m block_public_policy     = true [90m-> null[0m[0m
      [31m-[0m[0m bucket                  = "eda262-g06-lake-trusted-325583868777" [90m-> null[0m[0m
      [31m-[0m[0m id                      = "eda262-g06-lake-trusted-325583868777" [90m-> null[0m[0m
      [31m-[0m[0m ignore_public_acls      = true [90m-> null[0m[0m
      [31m-[0m[0m region                  = "us-east-1" [90m-> null[0m[0m
      [31m-[0m[0m restrict_public_buckets = true [90m-> null[0m[0m
    }

[1m  # module.lake.aws_s3_bucket_server_side_encryption_configuration.lake["raw"][0m will be [1m[31mdestroyed[0m
[0m  [31m-[0m[0m resource "aws_s3_bucket_server_side_encryption_configuration" "lake" {
      [31m-[0m[0m bucket                = "eda262-g06-lake-raw-325583868777" [90m-> null[0m[0m
      [31m-[0m[0m id                    = "eda262-g06-lake-raw-325583868777" [90m-> null[0m[0m
      [31m-[0m[0m region                = "us-east-1" [90m-> null[0m[0m
        [90m# (1 unchanged attribute hidden)[0m[0m

      [31m-[0m[0m rule {
          [31m-[0m[0m blocked_encryption_types = [
              [31m-[0m[0m "SSE-C",
            ] [90m-> null[0m[0m
          [31m-[0m[0m bucket_key_enabled       = false [90m-> null[0m[0m

          [31m-[0m[0m apply_server_side_encryption_by_default {
              [31m-[0m[0m sse_algorithm     = "AES256" [90m-> null[0m[0m
                [90m# (1 unchanged attribute hidden)[0m[0m
            }
        }
    }

[1m  # module.lake.aws_s3_bucket_server_side_encryption_configuration.lake["resultados"][0m will be [1m[31mdestroyed[0m
[0m  [31m-[0m[0m resource "aws_s3_bucket_server_side_encryption_configuration" "lake" {
      [31m-[0m[0m bucket                = "eda262-g06-athena-resultados-325583868777" [90m-> null[0m[0m
      [31m-[0m[0m id                    = "eda262-g06-athena-resultados-325583868777" [90m-> null[0m[0m
      [31m-[0m[0m region                = "us-east-1" [90m-> null[0m[0m
        [90m# (1 unchanged attribute hidden)[0m[0m

      [31m-[0m[0m rule {
          [31m-[0m[0m blocked_encryption_types = [
              [31m-[0m[0m "SSE-C",
            ] [90m-> null[0m[0m
          [31m-[0m[0m bucket_key_enabled       = false [90m-> null[0m[0m

          [31m-[0m[0m apply_server_side_encryption_by_default {
              [31m-[0m[0m sse_algorithm     = "AES256" [90m-> null[0m[0m
                [90m# (1 unchanged attribute hidden)[0m[0m
            }
        }
    }

[1m  # module.lake.aws_s3_bucket_server_side_encryption_configuration.lake["trusted"][0m will be [1m[31mdestroyed[0m
[0m  [31m-[0m[0m resource "aws_s3_bucket_server_side_encryption_configuration" "lake" {
      [31m-[0m[0m bucket                = "eda262-g06-lake-trusted-325583868777" [90m-> null[0m[0m
      [31m-[0m[0m id                    = "eda262-g06-lake-trusted-325583868777" [90m-> null[0m[0m
      [31m-[0m[0m region                = "us-east-1" [90m-> null[0m[0m
        [90m# (1 unchanged attribute hidden)[0m[0m

      [31m-[0m[0m rule {
          [31m-[0m[0m blocked_encryption_types = [
              [31m-[0m[0m "SSE-C",
            ] [90m-> null[0m[0m
          [31m-[0m[0m bucket_key_enabled       = false [90m-> null[0m[0m

          [31m-[0m[0m apply_server_side_encryption_by_default {
              [31m-[0m[0m sse_algorithm     = "AES256" [90m-> null[0m[0m
                [90m# (1 unchanged attribute hidden)[0m[0m
            }
        }
    }

[1m  # module.lake.aws_s3_object.raw["tse/votacao_candidato_munzona/ano_2018/votacao_candidato_munzona_2018_AC.csv"][0m will be [1m[31mdestroyed[0m
[0m  [31m-[0m[0m resource "aws_s3_object" "raw" {
      [31m-[0m[0m arn                           = "arn:aws:s3:::eda262-g06-lake-raw-325583868777/tse/votacao_candidato_munzona/ano_2018/votacao_candidato_munzona_2018_AC.csv" [90m-> null[0m[0m
      [31m-[0m[0m bucket                        = "eda262-g06-lake-raw-325583868777" [90m-> null[0m[0m
      [31m-[0m[0m bucket_key_enabled            = false [90m-> null[0m[0m
      [31m-[0m[0m content_type                  = "text/csv; charset=iso-8859-1" [90m-> null[0m[0m
      [31m-[0m[0m etag                          = "70b16d6a786b29b3633f6746bd6dfb4b" [90m-> null[0m[0m
      [31m-[0m[0m force_destroy                 = false [90m-> null[0m[0m
      [31m-[0m[0m id                            = "eda262-g06-lake-raw-325583868777/tse/votacao_candidato_munzona/ano_2018/votacao_candidato_munzona_2018_AC.csv" [90m-> null[0m[0m
      [31m-[0m[0m key                           = "tse/votacao_candidato_munzona/ano_2018/votacao_candidato_munzona_2018_AC.csv" [90m-> null[0m[0m
      [31m-[0m[0m metadata                      = {} [90m-> null[0m[0m
      [31m-[0m[0m region                        = "us-east-1" [90m-> null[0m[0m
      [31m-[0m[0m server_side_encryption        = "AES256" [90m-> null[0m[0m
      [31m-[0m[0m source                        = "./../dados/raw/tse/votacao_candidato_munzona/ano_2018/votacao_candidato_munzona_2018_AC.csv" [90m-> null[0m[0m
      [31m-[0m[0m storage_class                 = "STANDARD" [90m-> null[0m[0m
      [31m-[0m[0m tags                          = {} [90m-> null[0m[0m
      [31m-[0m[0m tags_all                      = {
          [31m-[0m[0m "grupo"   = "g06"
          [31m-[0m[0m "projeto" = "engenharia-de-dados"
          [31m-[0m[0m "turma"   = "eda262"
        } [90m-> null[0m[0m
        [90m# (14 unchanged attributes hidden)[0m[0m
    }

[1m  # module.lake.aws_s3_object.raw["tse/votacao_candidato_munzona/ano_2018/votacao_candidato_munzona_2018_AL.csv"][0m will be [1m[31mdestroyed[0m
[0m  [31m-[0m[0m resource "aws_s3_object" "raw" {
      [31m-[0m[0m arn                           = "arn:aws:s3:::eda262-g06-lake-raw-325583868777/tse/votacao_candidato_munzona/ano_2018/votacao_candidato_munzona_2018_AL.csv" [90m-> null[0m[0m
      [31m-[0m[0m bucket                        = "eda262-g06-lake-raw-325583868777" [90m-> null[0m[0m
      [31m-[0m[0m bucket_key_enabled            = false [90m-> null[0m[0m
      [31m-[0m[0m content_type                  = "text/csv; charset=iso-8859-1" [90m-> null[0m[0m
      [31m-[0m[0m etag                          = "2cbafaec299d9283c32a9eee512700a9" [90m-> null[0m[0m
      [31m-[0m[0m force_destroy                 = false [90m-> null[0m[0m
      [31m-[0m[0m id                            = "eda262-g06-lake-raw-325583868777/tse/votacao_candidato_munzona/ano_2018/votacao_candidato_munzona_2018_AL.csv" [90m-> null[0m[0m
      [31m-[0m[0m key                           = "tse/votacao_candidato_munzona/ano_2018/votacao_candidato_munzona_2018_AL.csv" [90m-> null[0m[0m
      [31m-[0m[0m metadata                      = {} [90m-> null[0m[0m
      [31m-[0m[0m region                        = "us-east-1" [90m-> null[0m[0m
      [31m-[0m[0m server_side_encryption        = "AES256" [90m-> null[0m[0m
      [31m-[0m[0m source                        = "./../dados/raw/tse/votacao_candidato_munzona/ano_2018/votacao_candidato_munzona_2018_AL.csv" [90m-> null[0m[0m
      [31m-[0m[0m storage_class                 = "STANDARD" [90m-> null[0m[0m
      [31m-[0m[0m tags                          = {} [90m-> null[0m[0m
      [31m-[0m[0m tags_all                      = {
          [31m-[0m[0m "grupo"   = "g06"
          [31m-[0m[0m "projeto" = "engenharia-de-dados"
          [31m-[0m[0m "turma"   = "eda262"
        } [90m-> null[0m[0m
        [90m# (14 unchanged attributes hidden)[0m[0m
    }

[1m  # module.lake.aws_s3_object.raw["tse/votacao_candidato_munzona/ano_2018/votacao_candidato_munzona_2018_AM.csv"][0m will be [1m[31mdestroyed[0m
[0m  [31m-[0m[0m resource "aws_s3_object" "raw" {
      [31m-[0m[0m arn                           = "arn:aws:s3:::eda262-g06-lake-raw-325583868777/tse/votacao_candidato_munzona/ano_2018/votacao_candidato_munzona_2018_AM.csv" [90m-> null[0m[0m
      [31m-[0m[0m bucket                        = "eda262-g06-lake-raw-325583868777" [90m-> null[0m[0m
      [31m-[0m[0m bucket_key_enabled            = false [90m-> null[0m[0m
      [31m-[0m[0m content_type                  = "text/csv; charset=iso-8859-1" [90m-> null[0m[0m
      [31m-[0m[0m etag                          = "fc4ea5e0efa4a94af6fa8533d71ead13" [90m-> null[0m[0m
      [31m-[0m[0m force_destroy                 = false [90m-> null[0m[0m
      [31m-[0m[0m id                            = "eda262-g06-lake-raw-325583868777/tse/votacao_candidato_munzona/ano_2018/votacao_candidato_munzona_2018_AM.csv" [90m-> null[0m[0m
      [31m-[0m[0m key                           = "tse/votacao_candidato_munzona/ano_2018/votacao_candidato_munzona_2018_AM.csv" [90m-> null[0m[0m
      [31m-[0m[0m metadata                      = {} [90m-> null[0m[0m
      [31m-[0m[0m region                        = "us-east-1" [90m-> null[0m[0m
      [31m-[0m[0m server_side_encryption        = "AES256" [90m-> null[0m[0m
      [31m-[0m[0m source                        = "./../dados/raw/tse/votacao_candidato_munzona/ano_2018/votacao_candidato_munzona_2018_AM.csv" [90m-> null[0m[0m
      [31m-[0m[0m storage_class                 = "STANDARD" [90m-> null[0m[0m
      [31m-[0m[0m tags                          = {} [90m-> null[0m[0m
      [31m-[0m[0m tags_all                      = {
          [31m-[0m[0m "grupo"   = "g06"
          [31m-[0m[0m "projeto" = "engenharia-de-dados"
          [31m-[0m[0m "turma"   = "eda262"
        } [90m-> null[0m[0m
        [90m# (14 unchanged attributes hidden)[0m[0m
    }

[1m  # module.lake.aws_s3_object.raw["tse/votacao_candidato_munzona/ano_2018/votacao_candidato_munzona_2018_AP.csv"][0m will be [1m[31mdestroyed[0m
[0m  [31m-[0m[0m resource "aws_s3_object" "raw" {
      [31m-[0m[0m arn                           = "arn:aws:s3:::eda262-g06-lake-raw-325583868777/tse/votacao_candidato_munzona/ano_2018/votacao_candidato_munzona_2018_AP.csv" [90m-> null[0m[0m
      [31m-[0m[0m bucket                        = "eda262-g06-lake-raw-325583868777" [90m-> null[0m[0m
      [31m-[0m[0m bucket_key_enabled            = false [90m-> null[0m[0m
      [31m-[0m[0m content_type                  = "text/csv; charset=iso-8859-1" [90m-> null[0m[0m
      [31m-[0m[0m etag                          = "75f26723eb976ae9cc151b3d370eb7cd" [90m-> null[0m[0m
      [31m-[0m[0m force_destroy                 = false [90m-> null[0m[0m
      [31m-[0m[0m id                            = "eda262-g06-lake-raw-325583868777/tse/votacao_candidato_munzona/ano_2018/votacao_candidato_munzona_2018_AP.csv" [90m-> null[0m[0m
      [31m-[0m[0m key                           = "tse/votacao_candidato_munzona/ano_2018/votacao_candidato_munzona_2018_AP.csv" [90m-> null[0m[0m
      [31m-[0m[0m metadata                      = {} [90m-> null[0m[0m
      [31m-[0m[0m region                        = "us-east-1" [90m-> null[0m[0m
      [31m-[0m[0m server_side_encryption        = "AES256" [90m-> null[0m[0m
      [31m-[0m[0m source                        = "./../dados/raw/tse/votacao_candidato_munzona/ano_2018/votacao_candidato_munzona_2018_AP.csv" [90m-> null[0m[0m
      [31m-[0m[0m storage_class                 = "STANDARD" [90m-> null[0m[0m
      [31m-[0m[0m tags                          = {} [90m-> null[0m[0m
      [31m-[0m[0m tags_all                      = {
          [31m-[0m[0m "grupo"   = "g06"
          [31m-[0m[0m "projeto" = "engenharia-de-dados"
          [31m-[0m[0m "turma"   = "eda262"
        } [90m-> null[0m[0m
        [90m# (14 unchanged attributes hidden)[0m[0m
    }

[1m  # module.lake.aws_s3_object.raw["tse/votacao_candidato_munzona/ano_2018/votacao_candidato_munzona_2018_BA.csv"][0m will be [1m[31mdestroyed[0m
[0m  [31m-[0m[0m resource "aws_s3_object" "raw" {
      [31m-[0m[0m arn                           = "arn:aws:s3:::eda262-g06-lake-raw-325583868777/tse/votacao_candidato_munzona/ano_2018/votacao_candidato_munzona_2018_BA.csv" [90m-> null[0m[0m
      [31m-[0m[0m bucket                        = "eda262-g06-lake-raw-325583868777" [90m-> null[0m[0m
      [31m-[0m[0m bucket_key_enabled            = false [90m-> null[0m[0m
      [31m-[0m[0m content_type                  = "text/csv; charset=iso-8859-1" [90m-> null[0m[0m
      [31m-[0m[0m etag                          = "3d9ef23048a713dbb669bace9819ed82-2" [90m-> null[0m[0m
      [31m-[0m[0m force_destroy                 = false [90m-> null[0m[0m
      [31m-[0m[0m id                            = "eda262-g06-lake-raw-325583868777/tse/votacao_candidato_munzona/ano_2018/votacao_candidato_munzona_2018_BA.csv" [90m-> null[0m[0m
      [31m-[0m[0m key                           = "tse/votacao_candidato_munzona/ano_2018/votacao_candidato_munzona_2018_BA.csv" [90m-> null[0m[0m
      [31m-[0m[0m metadata                      = {} [90m-> null[0m[0m
      [31m-[0m[0m region                        = "us-east-1" [90m-> null[0m[0m
      [31m-[0m[0m server_side_encryption        = "AES256" [90m-> null[0m[0m
      [31m-[0m[0m source                        = "./../dados/raw/tse/votacao_candidato_munzona/ano_2018/votacao_candidato_munzona_2018_BA.csv" [90m-> null[0m[0m
      [31m-[0m[0m storage_class                 = "STANDARD" [90m-> null[0m[0m
      [31m-[0m[0m tags                          = {} [90m-> null[0m[0m
      [31m-[0m[0m tags_all                      = {
          [31m-[0m[0m "grupo"   = "g06"
          [31m-[0m[0m "projeto" = "engenharia-de-dados"
          [31m-[0m[0m "turma"   = "eda262"
        } [90m-> null[0m[0m
        [90m# (14 unchanged attributes hidden)[0m[0m
    }

[1m  # module.lake.aws_s3_object.raw["tse/votacao_candidato_munzona/ano_2018/votacao_candidato_munzona_2018_CE.csv"][0m will be [1m[31mdestroyed[0m
[0m  [31m-[0m[0m resource "aws_s3_object" "raw" {
      [31m-[0m[0m arn                           = "arn:aws:s3:::eda262-g06-lake-raw-325583868777/tse/votacao_candidato_munzona/ano_2018/votacao_candidato_munzona_2018_CE.csv" [90m-> null[0m[0m
      [31m-[0m[0m bucket                        = "eda262-g06-lake-raw-325583868777" [90m-> null[0m[0m
      [31m-[0m[0m bucket_key_enabled            = false [90m-> null[0m[0m
      [31m-[0m[0m content_type                  = "text/csv; charset=iso-8859-1" [90m-> null[0m[0m
      [31m-[0m[0m etag                          = "bdb2bea73452cc11da9e005fb46cbe26" [90m-> null[0m[0m
      [31m-[0m[0m force_destroy                 = false [90m-> null[0m[0m
      [31m-[0m[0m id                            = "eda262-g06-lake-raw-325583868777/tse/votacao_candidato_munzona/ano_2018/votacao_candidato_munzona_2018_CE.csv" [90m-> null[0m[0m
      [31m-[0m[0m key                           = "tse/votacao_candidato_munzona/ano_2018/votacao_candidato_munzona_2018_CE.csv" [90m-> null[0m[0m
      [31m-[0m[0m metadata                      = {} [90m-> null[0m[0m
      [31m-[0m[0m region                        = "us-east-1" [90m-> null[0m[0m
      [31m-[0m[0m server_side_encryption        = "AES256" [90m-> null[0m[0m
      [31m-[0m[0m source                        = "./../dados/raw/tse/votacao_candidato_munzona/ano_2018/votacao_candidato_munzona_2018_CE.csv" [90m-> null[0m[0m
      [31m-[0m[0m storage_class                 = "STANDARD" [90m-> null[0m[0m
      [31m-[0m[0m tags                          = {} [90m-> null[0m[0m
      [31m-[0m[0m tags_all                      = {
          [31m-[0m[0m "grupo"   = "g06"
          [31m-[0m[0m "projeto" = "engenharia-de-dados"
          [31m-[0m[0m "turma"   = "eda262"
        } [90m-> null[0m[0m
        [90m# (14 unchanged attributes hidden)[0m[0m
    }

[1m  # module.lake.aws_s3_object.raw["tse/votacao_candidato_munzona/ano_2018/votacao_candidato_munzona_2018_DF.csv"][0m will be [1m[31mdestroyed[0m
[0m  [31m-[0m[0m resource "aws_s3_object" "raw" {
      [31m-[0m[0m arn                           = "arn:aws:s3:::eda262-g06-lake-raw-325583868777/tse/votacao_candidato_munzona/ano_2018/votacao_candidato_munzona_2018_DF.csv" [90m-> null[0m[0m
      [31m-[0m[0m bucket                        = "eda262-g06-lake-raw-325583868777" [90m-> null[0m[0m
      [31m-[0m[0m bucket_key_enabled            = false [90m-> null[0m[0m
      [31m-[0m[0m content_type                  = "text/csv; charset=iso-8859-1" [90m-> null[0m[0m
      [31m-[0m[0m etag                          = "12804666c632c6c5106ec1c52dc95f9e" [90m-> null[0m[0m
      [31m-[0m[0m force_destroy                 = false [90m-> null[0m[0m
      [31m-[0m[0m id                            = "eda262-g06-lake-raw-325583868777/tse/votacao_candidato_munzona/ano_2018/votacao_candidato_munzona_2018_DF.csv" [90m-> null[0m[0m
      [31m-[0m[0m key                           = "tse/votacao_candidato_munzona/ano_2018/votacao_candidato_munzona_2018_DF.csv" [90m-> null[0m[0m
      [31m-[0m[0m metadata                      = {} [90m-> null[0m[0m
      [31m-[0m[0m region                        = "us-east-1" [90m-> null[0m[0m
      [31m-[0m[0m server_side_encryption        = "AES256" [90m-> null[0m[0m
      [31m-[0m[0m source                        = "./../dados/raw/tse/votacao_candidato_munzona/ano_2018/votacao_candidato_munzona_2018_DF.csv" [90m-> null[0m[0m
      [31m-[0m[0m storage_class                 = "STANDARD" [90m-> null[0m[0m
      [31m-[0m[0m tags                          = {} [90m-> null[0m[0m
      [31m-[0m[0m tags_all                      = {
          [31m-[0m[0m "grupo"   = "g06"
          [31m-[0m[0m "projeto" = "engenharia-de-dados"
          [31m-[0m[0m "turma"   = "eda262"
        } [90m-> null[0m[0m
        [90m# (14 unchanged attributes hidden)[0m[0m
    }

[1m  # module.lake.aws_s3_object.raw["tse/votacao_candidato_munzona/ano_2018/votacao_candidato_munzona_2018_ES.csv"][0m will be [1m[31mdestroyed[0m
[0m  [31m-[0m[0m resource "aws_s3_object" "raw" {
      [31m-[0m[0m arn                           = "arn:aws:s3:::eda262-g06-lake-raw-325583868777/tse/votacao_candidato_munzona/ano_2018/votacao_candidato_munzona_2018_ES.csv" [90m-> null[0m[0m
      [31m-[0m[0m bucket                        = "eda262-g06-lake-raw-325583868777" [90m-> null[0m[0m
      [31m-[0m[0m bucket_key_enabled            = false [90m-> null[0m[0m
      [31m-[0m[0m content_type                  = "text/csv; charset=iso-8859-1" [90m-> null[0m[0m
      [31m-[0m[0m etag                          = "205c9aae9b3e1565a5229f1fad13edd0" [90m-> null[0m[0m
      [31m-[0m[0m force_destroy                 = false [90m-> null[0m[0m
      [31m-[0m[0m id                            = "eda262-g06-lake-raw-325583868777/tse/votacao_candidato_munzona/ano_2018/votacao_candidato_munzona_2018_ES.csv" [90m-> null[0m[0m
      [31m-[0m[0m key                           = "tse/votacao_candidato_munzona/ano_2018/votacao_candidato_munzona_2018_ES.csv" [90m-> null[0m[0m
      [31m-[0m[0m metadata                      = {} [90m-> null[0m[0m
      [31m-[0m[0m region                        = "us-east-1" [90m-> null[0m[0m
      [31m-[0m[0m server_side_encryption        = "AES256" [90m-> null[0m[0m
      [31m-[0m[0m source                        = "./../dados/raw/tse/votacao_candidato_munzona/ano_2018/votacao_candidato_munzona_2018_ES.csv" [90m-> null[0m[0m
      [31m-[0m[0m storage_class                 = "STANDARD" [90m-> null[0m[0m
      [31m-[0m[0m tags                          = {} [90m-> null[0m[0m
      [31m-[0m[0m tags_all                      = {
          [31m-[0m[0m "grupo"   = "g06"
          [31m-[0m[0m "projeto" = "engenharia-de-dados"
          [31m-[0m[0m "turma"   = "eda262"
        } [90m-> null[0m[0m
        [90m# (14 unchanged attributes hidden)[0m[0m
    }

[1m  # module.lake.aws_s3_object.raw["tse/votacao_candidato_munzona/ano_2018/votacao_candidato_munzona_2018_GO.csv"][0m will be [1m[31mdestroyed[0m
[0m  [31m-[0m[0m resource "aws_s3_object" "raw" {
      [31m-[0m[0m arn                           = "arn:aws:s3:::eda262-g06-lake-raw-325583868777/tse/votacao_candidato_munzona/ano_2018/votacao_candidato_munzona_2018_GO.csv" [90m-> null[0m[0m
      [31m-[0m[0m bucket                        = "eda262-g06-lake-raw-325583868777" [90m-> null[0m[0m
      [31m-[0m[0m bucket_key_enabled            = false [90m-> null[0m[0m
      [31m-[0m[0m content_type                  = "text/csv; charset=iso-8859-1" [90m-> null[0m[0m
      [31m-[0m[0m etag                          = "d19350e545dacc6afd778189dc4dbf2c" [90m-> null[0m[0m
      [31m-[0m[0m force_destroy                 = false [90m-> null[0m[0m
      [31m-[0m[0m id                            = "eda262-g06-lake-raw-325583868777/tse/votacao_candidato_munzona/ano_2018/votacao_candidato_munzona_2018_GO.csv" [90m-> null[0m[0m
      [31m-[0m[0m key                           = "tse/votacao_candidato_munzona/ano_2018/votacao_candidato_munzona_2018_GO.csv" [90m-> null[0m[0m
      [31m-[0m[0m metadata                      = {} [90m-> null[0m[0m
      [31m-[0m[0m region                        = "us-east-1" [90m-> null[0m[0m
      [31m-[0m[0m server_side_encryption        = "AES256" [90m-> null[0m[0m
      [31m-[0m[0m source                        = "./../dados/raw/tse/votacao_candidato_munzona/ano_2018/votacao_candidato_munzona_2018_GO.csv" [90m-> null[0m[0m
      [31m-[0m[0m storage_class                 = "STANDARD" [90m-> null[0m[0m
      [31m-[0m[0m tags                          = {} [90m-> null[0m[0m
      [31m-[0m[0m tags_all                      = {
          [31m-[0m[0m "grupo"   = "g06"
          [31m-[0m[0m "projeto" = "engenharia-de-dados"
          [31m-[0m[0m "turma"   = "eda262"
        } [90m-> null[0m[0m
        [90m# (14 unchanged attributes hidden)[0m[0m
    }

[1m  # module.lake.aws_s3_object.raw["tse/votacao_candidato_munzona/ano_2018/votacao_candidato_munzona_2018_MA.csv"][0m will be [1m[31mdestroyed[0m
[0m  [31m-[0m[0m resource "aws_s3_object" "raw" {
      [31m-[0m[0m arn                           = "arn:aws:s3:::eda262-g06-lake-raw-325583868777/tse/votacao_candidato_munzona/ano_2018/votacao_candidato_munzona_2018_MA.csv" [90m-> null[0m[0m
      [31m-[0m[0m bucket                        = "eda262-g06-lake-raw-325583868777" [90m-> null[0m[0m
      [31m-[0m[0m bucket_key_enabled            = false [90m-> null[0m[0m
      [31m-[0m[0m content_type                  = "text/csv; charset=iso-8859-1" [90m-> null[0m[0m
      [31m-[0m[0m etag                          = "ab8f2e039c666cd52d265ae06819e9b6" [90m-> null[0m[0m
      [31m-[0m[0m force_destroy                 = false [90m-> null[0m[0m
      [31m-[0m[0m id                            = "eda262-g06-lake-raw-325583868777/tse/votacao_candidato_munzona/ano_2018/votacao_candidato_munzona_2018_MA.csv" [90m-> null[0m[0m
      [31m-[0m[0m key                           = "tse/votacao_candidato_munzona/ano_2018/votacao_candidato_munzona_2018_MA.csv" [90m-> null[0m[0m
      [31m-[0m[0m metadata                      = {} [90m-> null[0m[0m
      [31m-[0m[0m region                        = "us-east-1" [90m-> null[0m[0m
      [31m-[0m[0m server_side_encryption        = "AES256" [90m-> null[0m[0m
      [31m-[0m[0m source                        = "./../dados/raw/tse/votacao_candidato_munzona/ano_2018/votacao_candidato_munzona_2018_MA.csv" [90m-> null[0m[0m
      [31m-[0m[0m storage_class                 = "STANDARD" [90m-> null[0m[0m
      [31m-[0m[0m tags                          = {} [90m-> null[0m[0m
      [31m-[0m[0m tags_all                      = {
          [31m-[0m[0m "grupo"   = "g06"
          [31m-[0m[0m "projeto" = "engenharia-de-dados"
          [31m-[0m[0m "turma"   = "eda262"
        } [90m-> null[0m[0m
        [90m# (14 unchanged attributes hidden)[0m[0m
    }

[1m  # module.lake.aws_s3_object.raw["tse/votacao_candidato_munzona/ano_2018/votacao_candidato_munzona_2018_MG.csv"][0m will be [1m[31mdestroyed[0m
[0m  [31m-[0m[0m resource "aws_s3_object" "raw" {
      [31m-[0m[0m arn                           = "arn:aws:s3:::eda262-g06-lake-raw-325583868777/tse/votacao_candidato_munzona/ano_2018/votacao_candidato_munzona_2018_MG.csv" [90m-> null[0m[0m
      [31m-[0m[0m bucket                        = "eda262-g06-lake-raw-325583868777" [90m-> null[0m[0m
      [31m-[0m[0m bucket_key_enabled            = false [90m-> null[0m[0m
      [31m-[0m[0m content_type                  = "text/csv; charset=iso-8859-1" [90m-> null[0m[0m
      [31m-[0m[0m etag                          = "9453ac1ed807048834ed84b00c50a750-4" [90m-> null[0m[0m
      [31m-[0m[0m force_destroy                 = false [90m-> null[0m[0m
      [31m-[0m[0m id                            = "eda262-g06-lake-raw-325583868777/tse/votacao_candidato_munzona/ano_2018/votacao_candidato_munzona_2018_MG.csv" [90m-> null[0m[0m
      [31m-[0m[0m key                           = "tse/votacao_candidato_munzona/ano_2018/votacao_candidato_munzona_2018_MG.csv" [90m-> null[0m[0m
      [31m-[0m[0m metadata                      = {} [90m-> null[0m[0m
      [31m-[0m[0m region                        = "us-east-1" [90m-> null[0m[0m
      [31m-[0m[0m server_side_encryption        = "AES256" [90m-> null[0m[0m
      [31m-[0m[0m source                        = "./../dados/raw/tse/votacao_candidato_munzona/ano_2018/votacao_candidato_munzona_2018_MG.csv" [90m-> null[0m[0m
      [31m-[0m[0m storage_class                 = "STANDARD" [90m-> null[0m[0m
      [31m-[0m[0m tags                          = {} [90m-> null[0m[0m
      [31m-[0m[0m tags_all                      = {
          [31m-[0m[0m "grupo"   = "g06"
          [31m-[0m[0m "projeto" = "engenharia-de-dados"
          [31m-[0m[0m "turma"   = "eda262"
        } [90m-> null[0m[0m
        [90m# (14 unchanged attributes hidden)[0m[0m
    }

[1m  # module.lake.aws_s3_object.raw["tse/votacao_candidato_munzona/ano_2018/votacao_candidato_munzona_2018_MS.csv"][0m will be [1m[31mdestroyed[0m
[0m  [31m-[0m[0m resource "aws_s3_object" "raw" {
      [31m-[0m[0m arn                           = "arn:aws:s3:::eda262-g06-lake-raw-325583868777/tse/votacao_candidato_munzona/ano_2018/votacao_candidato_munzona_2018_MS.csv" [90m-> null[0m[0m
      [31m-[0m[0m bucket                        = "eda262-g06-lake-raw-325583868777" [90m-> null[0m[0m
      [31m-[0m[0m bucket_key_enabled            = false [90m-> null[0m[0m
      [31m-[0m[0m content_type                  = "text/csv; charset=iso-8859-1" [90m-> null[0m[0m
      [31m-[0m[0m etag                          = "27515a7656ef21283ae735384bc6a4b5" [90m-> null[0m[0m
      [31m-[0m[0m force_destroy                 = false [90m-> null[0m[0m
      [31m-[0m[0m id                            = "eda262-g06-lake-raw-325583868777/tse/votacao_candidato_munzona/ano_2018/votacao_candidato_munzona_2018_MS.csv" [90m-> null[0m[0m
      [31m-[0m[0m key                           = "tse/votacao_candidato_munzona/ano_2018/votacao_candidato_munzona_2018_MS.csv" [90m-> null[0m[0m
      [31m-[0m[0m metadata                      = {} [90m-> null[0m[0m
      [31m-[0m[0m region                        = "us-east-1" [90m-> null[0m[0m
      [31m-[0m[0m server_side_encryption        = "AES256" [90m-> null[0m[0m
      [31m-[0m[0m source                        = "./../dados/raw/tse/votacao_candidato_munzona/ano_2018/votacao_candidato_munzona_2018_MS.csv" [90m-> null[0m[0m
      [31m-[0m[0m storage_class                 = "STANDARD" [90m-> null[0m[0m
      [31m-[0m[0m tags                          = {} [90m-> null[0m[0m
      [31m-[0m[0m tags_all                      = {
          [31m-[0m[0m "grupo"   = "g06"
          [31m-[0m[0m "projeto" = "engenharia-de-dados"
          [31m-[0m[0m "turma"   = "eda262"
        } [90m-> null[0m[0m
        [90m# (14 unchanged attributes hidden)[0m[0m
    }

[1m  # module.lake.aws_s3_object.raw["tse/votacao_candidato_munzona/ano_2018/votacao_candidato_munzona_2018_MT.csv"][0m will be [1m[31mdestroyed[0m
[0m  [31m-[0m[0m resource "aws_s3_object" "raw" {
      [31m-[0m[0m arn                           = "arn:aws:s3:::eda262-g06-lake-raw-325583868777/tse/votacao_candidato_munzona/ano_2018/votacao_candidato_munzona_2018_MT.csv" [90m-> null[0m[0m
      [31m-[0m[0m bucket                        = "eda262-g06-lake-raw-325583868777" [90m-> null[0m[0m
      [31m-[0m[0m bucket_key_enabled            = false [90m-> null[0m[0m
      [31m-[0m[0m content_type                  = "text/csv; charset=iso-8859-1" [90m-> null[0m[0m
      [31m-[0m[0m etag                          = "e1dbd9cf914d5e1ced890e1344b65807" [90m-> null[0m[0m
      [31m-[0m[0m force_destroy                 = false [90m-> null[0m[0m
      [31m-[0m[0m id                            = "eda262-g06-lake-raw-325583868777/tse/votacao_candidato_munzona/ano_2018/votacao_candidato_munzona_2018_MT.csv" [90m-> null[0m[0m
      [31m-[0m[0m key                           = "tse/votacao_candidato_munzona/ano_2018/votacao_candidato_munzona_2018_MT.csv" [90m-> null[0m[0m
      [31m-[0m[0m metadata                      = {} [90m-> null[0m[0m
      [31m-[0m[0m region                        = "us-east-1" [90m-> null[0m[0m
      [31m-[0m[0m server_side_encryption        = "AES256" [90m-> null[0m[0m
      [31m-[0m[0m source                        = "./../dados/raw/tse/votacao_candidato_munzona/ano_2018/votacao_candidato_munzona_2018_MT.csv" [90m-> null[0m[0m
      [31m-[0m[0m storage_class                 = "STANDARD" [90m-> null[0m[0m
      [31m-[0m[0m tags                          = {} [90m-> null[0m[0m
      [31m-[0m[0m tags_all                      = {
          [31m-[0m[0m "grupo"   = "g06"
          [31m-[0m[0m "projeto" = "engenharia-de-dados"
          [31m-[0m[0m "turma"   = "eda262"
        } [90m-> null[0m[0m
        [90m# (14 unchanged attributes hidden)[0m[0m
    }

[1m  # module.lake.aws_s3_object.raw["tse/votacao_candidato_munzona/ano_2018/votacao_candidato_munzona_2018_PA.csv"][0m will be [1m[31mdestroyed[0m
[0m  [31m-[0m[0m resource "aws_s3_object" "raw" {
      [31m-[0m[0m arn                           = "arn:aws:s3:::eda262-g06-lake-raw-325583868777/tse/votacao_candidato_munzona/ano_2018/votacao_candidato_munzona_2018_PA.csv" [90m-> null[0m[0m
      [31m-[0m[0m bucket                        = "eda262-g06-lake-raw-325583868777" [90m-> null[0m[0m
      [31m-[0m[0m bucket_key_enabled            = false [90m-> null[0m[0m
      [31m-[0m[0m content_type                  = "text/csv; charset=iso-8859-1" [90m-> null[0m[0m
      [31m-[0m[0m etag                          = "1a8174328df1c40372b13afe80d1ac91" [90m-> null[0m[0m
      [31m-[0m[0m force_destroy                 = false [90m-> null[0m[0m
      [31m-[0m[0m id                            = "eda262-g06-lake-raw-325583868777/tse/votacao_candidato_munzona/ano_2018/votacao_candidato_munzona_2018_PA.csv" [90m-> null[0m[0m
      [31m-[0m[0m key                           = "tse/votacao_candidato_munzona/ano_2018/votacao_candidato_munzona_2018_PA.csv" [90m-> null[0m[0m
      [31m-[0m[0m metadata                      = {} [90m-> null[0m[0m
      [31m-[0m[0m region                        = "us-east-1" [90m-> null[0m[0m
      [31m-[0m[0m server_side_encryption        = "AES256" [90m-> null[0m[0m
      [31m-[0m[0m source                        = "./../dados/raw/tse/votacao_candidato_munzona/ano_2018/votacao_candidato_munzona_2018_PA.csv" [90m-> null[0m[0m
      [31m-[0m[0m storage_class                 = "STANDARD" [90m-> null[0m[0m
      [31m-[0m[0m tags                          = {} [90m-> null[0m[0m
      [31m-[0m[0m tags_all                      = {
          [31m-[0m[0m "grupo"   = "g06"
          [31m-[0m[0m "projeto" = "engenharia-de-dados"
          [31m-[0m[0m "turma"   = "eda262"
        } [90m-> null[0m[0m
        [90m# (14 unchanged attributes hidden)[0m[0m
    }

[1m  # module.lake.aws_s3_object.raw["tse/votacao_candidato_munzona/ano_2018/votacao_candidato_munzona_2018_PB.csv"][0m will be [1m[31mdestroyed[0m
[0m  [31m-[0m[0m resource "aws_s3_object" "raw" {
      [31m-[0m[0m arn                           = "arn:aws:s3:::eda262-g06-lake-raw-325583868777/tse/votacao_candidato_munzona/ano_2018/votacao_candidato_munzona_2018_PB.csv" [90m-> null[0m[0m
      [31m-[0m[0m bucket                        = "eda262-g06-lake-raw-325583868777" [90m-> null[0m[0m
      [31m-[0m[0m bucket_key_enabled            = false [90m-> null[0m[0m
      [31m-[0m[0m content_type                  = "text/csv; charset=iso-8859-1" [90m-> null[0m[0m
      [31m-[0m[0m etag                          = "a55022a88ee71b994a785d1b142164a7" [90m-> null[0m[0m
      [31m-[0m[0m force_destroy                 = false [90m-> null[0m[0m
      [31m-[0m[0m id                            = "eda262-g06-lake-raw-325583868777/tse/votacao_candidato_munzona/ano_2018/votacao_candidato_munzona_2018_PB.csv" [90m-> null[0m[0m
      [31m-[0m[0m key                           = "tse/votacao_candidato_munzona/ano_2018/votacao_candidato_munzona_2018_PB.csv" [90m-> null[0m[0m
      [31m-[0m[0m metadata                      = {} [90m-> null[0m[0m
      [31m-[0m[0m region                        = "us-east-1" [90m-> null[0m[0m
      [31m-[0m[0m server_side_encryption        = "AES256" [90m-> null[0m[0m
      [31m-[0m[0m source                        = "./../dados/raw/tse/votacao_candidato_munzona/ano_2018/votacao_candidato_munzona_2018_PB.csv" [90m-> null[0m[0m
      [31m-[0m[0m storage_class                 = "STANDARD" [90m-> null[0m[0m
      [31m-[0m[0m tags                          = {} [90m-> null[0m[0m
      [31m-[0m[0m tags_all                      = {
          [31m-[0m[0m "grupo"   = "g06"
          [31m-[0m[0m "projeto" = "engenharia-de-dados"
          [31m-[0m[0m "turma"   = "eda262"
        } [90m-> null[0m[0m
        [90m# (14 unchanged attributes hidden)[0m[0m
    }

[1m  # module.lake.aws_s3_object.raw["tse/votacao_candidato_munzona/ano_2018/votacao_candidato_munzona_2018_PE.csv"][0m will be [1m[31mdestroyed[0m
[0m  [31m-[0m[0m resource "aws_s3_object" "raw" {
      [31m-[0m[0m arn                           = "arn:aws:s3:::eda262-g06-lake-raw-325583868777/tse/votacao_candidato_munzona/ano_2018/votacao_candidato_munzona_2018_PE.csv" [90m-> null[0m[0m
      [31m-[0m[0m bucket                        = "eda262-g06-lake-raw-325583868777" [90m-> null[0m[0m
      [31m-[0m[0m bucket_key_enabled            = false [90m-> null[0m[0m
      [31m-[0m[0m content_type                  = "text/csv; charset=iso-8859-1" [90m-> null[0m[0m
      [31m-[0m[0m etag                          = "ea5e5497b096e26baf241326951d432c" [90m-> null[0m[0m
      [31m-[0m[0m force_destroy                 = false [90m-> null[0m[0m
      [31m-[0m[0m id                            = "eda262-g06-lake-raw-325583868777/tse/votacao_candidato_munzona/ano_2018/votacao_candidato_munzona_2018_PE.csv" [90m-> null[0m[0m
      [31m-[0m[0m key                           = "tse/votacao_candidato_munzona/ano_2018/votacao_candidato_munzona_2018_PE.csv" [90m-> null[0m[0m
      [31m-[0m[0m metadata                      = {} [90m-> null[0m[0m
      [31m-[0m[0m region                        = "us-east-1" [90m-> null[0m[0m
      [31m-[0m[0m server_side_encryption        = "AES256" [90m-> null[0m[0m
      [31m-[0m[0m source                        = "./../dados/raw/tse/votacao_candidato_munzona/ano_2018/votacao_candidato_munzona_2018_PE.csv" [90m-> null[0m[0m
      [31m-[0m[0m storage_class                 = "STANDARD" [90m-> null[0m[0m
      [31m-[0m[0m tags                          = {} [90m-> null[0m[0m
      [31m-[0m[0m tags_all                      = {
          [31m-[0m[0m "grupo"   = "g06"
          [31m-[0m[0m "projeto" = "engenharia-de-dados"
          [31m-[0m[0m "turma"   = "eda262"
        } [90m-> null[0m[0m
        [90m# (14 unchanged attributes hidden)[0m[0m
    }

[1m  # module.lake.aws_s3_object.raw["tse/votacao_candidato_munzona/ano_2018/votacao_candidato_munzona_2018_PI.csv"][0m will be [1m[31mdestroyed[0m
[0m  [31m-[0m[0m resource "aws_s3_object" "raw" {
      [31m-[0m[0m arn                           = "arn:aws:s3:::eda262-g06-lake-raw-325583868777/tse/votacao_candidato_munzona/ano_2018/votacao_candidato_munzona_2018_PI.csv" [90m-> null[0m[0m
      [31m-[0m[0m bucket                        = "eda262-g06-lake-raw-325583868777" [90m-> null[0m[0m
      [31m-[0m[0m bucket_key_enabled            = false [90m-> null[0m[0m
      [31m-[0m[0m content_type                  = "text/csv; charset=iso-8859-1" [90m-> null[0m[0m
      [31m-[0m[0m etag                          = "2d66a3b71368dac8defeebfb736e24fa" [90m-> null[0m[0m
      [31m-[0m[0m force_destroy                 = false [90m-> null[0m[0m
      [31m-[0m[0m id                            = "eda262-g06-lake-raw-325583868777/tse/votacao_candidato_munzona/ano_2018/votacao_candidato_munzona_2018_PI.csv" [90m-> null[0m[0m
      [31m-[0m[0m key                           = "tse/votacao_candidato_munzona/ano_2018/votacao_candidato_munzona_2018_PI.csv" [90m-> null[0m[0m
      [31m-[0m[0m metadata                      = {} [90m-> null[0m[0m
      [31m-[0m[0m region                        = "us-east-1" [90m-> null[0m[0m
      [31m-[0m[0m server_side_encryption        = "AES256" [90m-> null[0m[0m
      [31m-[0m[0m source                        = "./../dados/raw/tse/votacao_candidato_munzona/ano_2018/votacao_candidato_munzona_2018_PI.csv" [90m-> null[0m[0m
      [31m-[0m[0m storage_class                 = "STANDARD" [90m-> null[0m[0m
      [31m-[0m[0m tags                          = {} [90m-> null[0m[0m
      [31m-[0m[0m tags_all                      = {
          [31m-[0m[0m "grupo"   = "g06"
          [31m-[0m[0m "projeto" = "engenharia-de-dados"
          [31m-[0m[0m "turma"   = "eda262"
        } [90m-> null[0m[0m
        [90m# (14 unchanged attributes hidden)[0m[0m
    }

[1m  # module.lake.aws_s3_object.raw["tse/votacao_candidato_munzona/ano_2018/votacao_candidato_munzona_2018_PR.csv"][0m will be [1m[31mdestroyed[0m
[0m  [31m-[0m[0m resource "aws_s3_object" "raw" {
      [31m-[0m[0m arn                           = "arn:aws:s3:::eda262-g06-lake-raw-325583868777/tse/votacao_candidato_munzona/ano_2018/votacao_candidato_munzona_2018_PR.csv" [90m-> null[0m[0m
      [31m-[0m[0m bucket                        = "eda262-g06-lake-raw-325583868777" [90m-> null[0m[0m
      [31m-[0m[0m bucket_key_enabled            = false [90m-> null[0m[0m
      [31m-[0m[0m content_type                  = "text/csv; charset=iso-8859-1" [90m-> null[0m[0m
      [31m-[0m[0m etag                          = "2e197c7a6118c996a22dedfb5af26d0c-2" [90m-> null[0m[0m
      [31m-[0m[0m force_destroy                 = false [90m-> null[0m[0m
      [31m-[0m[0m id                            = "eda262-g06-lake-raw-325583868777/tse/votacao_candidato_munzona/ano_2018/votacao_candidato_munzona_2018_PR.csv" [90m-> null[0m[0m
      [31m-[0m[0m key                           = "tse/votacao_candidato_munzona/ano_2018/votacao_candidato_munzona_2018_PR.csv" [90m-> null[0m[0m
      [31m-[0m[0m metadata                      = {} [90m-> null[0m[0m
      [31m-[0m[0m region                        = "us-east-1" [90m-> null[0m[0m
      [31m-[0m[0m server_side_encryption        = "AES256" [90m-> null[0m[0m
      [31m-[0m[0m source                        = "./../dados/raw/tse/votacao_candidato_munzona/ano_2018/votacao_candidato_munzona_2018_PR.csv" [90m-> null[0m[0m
      [31m-[0m[0m storage_class                 = "STANDARD" [90m-> null[0m[0m
      [31m-[0m[0m tags                          = {} [90m-> null[0m[0m
      [31m-[0m[0m tags_all                      = {
          [31m-[0m[0m "grupo"   = "g06"
          [31m-[0m[0m "projeto" = "engenharia-de-dados"
          [31m-[0m[0m "turma"   = "eda262"
        } [90m-> null[0m[0m
        [90m# (14 unchanged attributes hidden)[0m[0m
    }

[1m  # module.lake.aws_s3_object.raw["tse/votacao_candidato_munzona/ano_2018/votacao_candidato_munzona_2018_RJ.csv"][0m will be [1m[31mdestroyed[0m
[0m  [31m-[0m[0m resource "aws_s3_object" "raw" {
      [31m-[0m[0m arn                           = "arn:aws:s3:::eda262-g06-lake-raw-325583868777/tse/votacao_candidato_munzona/ano_2018/votacao_candidato_munzona_2018_RJ.csv" [90m-> null[0m[0m
      [31m-[0m[0m bucket                        = "eda262-g06-lake-raw-325583868777" [90m-> null[0m[0m
      [31m-[0m[0m bucket_key_enabled            = false [90m-> null[0m[0m
      [31m-[0m[0m content_type                  = "text/csv; charset=iso-8859-1" [90m-> null[0m[0m
      [31m-[0m[0m etag                          = "af1aaad096b9b132d10b8054feb60e86" [90m-> null[0m[0m
      [31m-[0m[0m force_destroy                 = false [90m-> null[0m[0m
      [31m-[0m[0m id                            = "eda262-g06-lake-raw-325583868777/tse/votacao_candidato_munzona/ano_2018/votacao_candidato_munzona_2018_RJ.csv" [90m-> null[0m[0m
      [31m-[0m[0m key                           = "tse/votacao_candidato_munzona/ano_2018/votacao_candidato_munzona_2018_RJ.csv" [90m-> null[0m[0m
      [31m-[0m[0m metadata                      = {} [90m-> null[0m[0m
      [31m-[0m[0m region                        = "us-east-1" [90m-> null[0m[0m
      [31m-[0m[0m server_side_encryption        = "AES256" [90m-> null[0m[0m
      [31m-[0m[0m source                        = "./../dados/raw/tse/votacao_candidato_munzona/ano_2018/votacao_candidato_munzona_2018_RJ.csv" [90m-> null[0m[0m
      [31m-[0m[0m storage_class                 = "STANDARD" [90m-> null[0m[0m
      [31m-[0m[0m tags                          = {} [90m-> null[0m[0m
      [31m-[0m[0m tags_all                      = {
          [31m-[0m[0m "grupo"   = "g06"
          [31m-[0m[0m "projeto" = "engenharia-de-dados"
          [31m-[0m[0m "turma"   = "eda262"
        } [90m-> null[0m[0m
        [90m# (14 unchanged attributes hidden)[0m[0m
    }

[1m  # module.lake.aws_s3_object.raw["tse/votacao_candidato_munzona/ano_2018/votacao_candidato_munzona_2018_RN.csv"][0m will be [1m[31mdestroyed[0m
[0m  [31m-[0m[0m resource "aws_s3_object" "raw" {
      [31m-[0m[0m arn                           = "arn:aws:s3:::eda262-g06-lake-raw-325583868777/tse/votacao_candidato_munzona/ano_2018/votacao_candidato_munzona_2018_RN.csv" [90m-> null[0m[0m
      [31m-[0m[0m bucket                        = "eda262-g06-lake-raw-325583868777" [90m-> null[0m[0m
      [31m-[0m[0m bucket_key_enabled            = false [90m-> null[0m[0m
      [31m-[0m[0m content_type                  = "text/csv; charset=iso-8859-1" [90m-> null[0m[0m
      [31m-[0m[0m etag                          = "68a733b0b4008dfa2c2cef51773e52de" [90m-> null[0m[0m
      [31m-[0m[0m force_destroy                 = false [90m-> null[0m[0m
      [31m-[0m[0m id                            = "eda262-g06-lake-raw-325583868777/tse/votacao_candidato_munzona/ano_2018/votacao_candidato_munzona_2018_RN.csv" [90m-> null[0m[0m
      [31m-[0m[0m key                           = "tse/votacao_candidato_munzona/ano_2018/votacao_candidato_munzona_2018_RN.csv" [90m-> null[0m[0m
      [31m-[0m[0m metadata                      = {} [90m-> null[0m[0m
      [31m-[0m[0m region                        = "us-east-1" [90m-> null[0m[0m
      [31m-[0m[0m server_side_encryption        = "AES256" [90m-> null[0m[0m
      [31m-[0m[0m source                        = "./../dados/raw/tse/votacao_candidato_munzona/ano_2018/votacao_candidato_munzona_2018_RN.csv" [90m-> null[0m[0m
      [31m-[0m[0m storage_class                 = "STANDARD" [90m-> null[0m[0m
      [31m-[0m[0m tags                          = {} [90m-> null[0m[0m
      [31m-[0m[0m tags_all                      = {
          [31m-[0m[0m "grupo"   = "g06"
          [31m-[0m[0m "projeto" = "engenharia-de-dados"
          [31m-[0m[0m "turma"   = "eda262"
        } [90m-> null[0m[0m
        [90m# (14 unchanged attributes hidden)[0m[0m
    }

[1m  # module.lake.aws_s3_object.raw["tse/votacao_candidato_munzona/ano_2018/votacao_candidato_munzona_2018_RO.csv"][0m will be [1m[31mdestroyed[0m
[0m  [31m-[0m[0m resource "aws_s3_object" "raw" {
      [31m-[0m[0m arn                           = "arn:aws:s3:::eda262-g06-lake-raw-325583868777/tse/votacao_candidato_munzona/ano_2018/votacao_candidato_munzona_2018_RO.csv" [90m-> null[0m[0m
      [31m-[0m[0m bucket                        = "eda262-g06-lake-raw-325583868777" [90m-> null[0m[0m
      [31m-[0m[0m bucket_key_enabled            = false [90m-> null[0m[0m
      [31m-[0m[0m content_type                  = "text/csv; charset=iso-8859-1" [90m-> null[0m[0m
      [31m-[0m[0m etag                          = "8ca52906e7e31a5eac494812547b2f25" [90m-> null[0m[0m
      [31m-[0m[0m force_destroy                 = false [90m-> null[0m[0m
      [31m-[0m[0m id                            = "eda262-g06-lake-raw-325583868777/tse/votacao_candidato_munzona/ano_2018/votacao_candidato_munzona_2018_RO.csv" [90m-> null[0m[0m
      [31m-[0m[0m key                           = "tse/votacao_candidato_munzona/ano_2018/votacao_candidato_munzona_2018_RO.csv" [90m-> null[0m[0m
      [31m-[0m[0m metadata                      = {} [90m-> null[0m[0m
      [31m-[0m[0m region                        = "us-east-1" [90m-> null[0m[0m
      [31m-[0m[0m server_side_encryption        = "AES256" [90m-> null[0m[0m
      [31m-[0m[0m source                        = "./../dados/raw/tse/votacao_candidato_munzona/ano_2018/votacao_candidato_munzona_2018_RO.csv" [90m-> null[0m[0m
      [31m-[0m[0m storage_class                 = "STANDARD" [90m-> null[0m[0m
      [31m-[0m[0m tags                          = {} [90m-> null[0m[0m
      [31m-[0m[0m tags_all                      = {
          [31m-[0m[0m "grupo"   = "g06"
          [31m-[0m[0m "projeto" = "engenharia-de-dados"
          [31m-[0m[0m "turma"   = "eda262"
        } [90m-> null[0m[0m
        [90m# (14 unchanged attributes hidden)[0m[0m
    }

[1m  # module.lake.aws_s3_object.raw["tse/votacao_candidato_munzona/ano_2018/votacao_candidato_munzona_2018_RR.csv"][0m will be [1m[31mdestroyed[0m
[0m  [31m-[0m[0m resource "aws_s3_object" "raw" {
      [31m-[0m[0m arn                           = "arn:aws:s3:::eda262-g06-lake-raw-325583868777/tse/votacao_candidato_munzona/ano_2018/votacao_candidato_munzona_2018_RR.csv" [90m-> null[0m[0m
      [31m-[0m[0m bucket                        = "eda262-g06-lake-raw-325583868777" [90m-> null[0m[0m
      [31m-[0m[0m bucket_key_enabled            = false [90m-> null[0m[0m
      [31m-[0m[0m content_type                  = "text/csv; charset=iso-8859-1" [90m-> null[0m[0m
      [31m-[0m[0m etag                          = "1a1cb57cd8a4ae436be8a304591f3185" [90m-> null[0m[0m
      [31m-[0m[0m force_destroy                 = false [90m-> null[0m[0m
      [31m-[0m[0m id                            = "eda262-g06-lake-raw-325583868777/tse/votacao_candidato_munzona/ano_2018/votacao_candidato_munzona_2018_RR.csv" [90m-> null[0m[0m
      [31m-[0m[0m key                           = "tse/votacao_candidato_munzona/ano_2018/votacao_candidato_munzona_2018_RR.csv" [90m-> null[0m[0m
      [31m-[0m[0m metadata                      = {} [90m-> null[0m[0m
      [31m-[0m[0m region                        = "us-east-1" [90m-> null[0m[0m
      [31m-[0m[0m server_side_encryption        = "AES256" [90m-> null[0m[0m
      [31m-[0m[0m source                        = "./../dados/raw/tse/votacao_candidato_munzona/ano_2018/votacao_candidato_munzona_2018_RR.csv" [90m-> null[0m[0m
      [31m-[0m[0m storage_class                 = "STANDARD" [90m-> null[0m[0m
      [31m-[0m[0m tags                          = {} [90m-> null[0m[0m
      [31m-[0m[0m tags_all                      = {
          [31m-[0m[0m "grupo"   = "g06"
          [31m-[0m[0m "projeto" = "engenharia-de-dados"
          [31m-[0m[0m "turma"   = "eda262"
        } [90m-> null[0m[0m
        [90m# (14 unchanged attributes hidden)[0m[0m
    }

[1m  # module.lake.aws_s3_object.raw["tse/votacao_candidato_munzona/ano_2018/votacao_candidato_munzona_2018_RS.csv"][0m will be [1m[31mdestroyed[0m
[0m  [31m-[0m[0m resource "aws_s3_object" "raw" {
      [31m-[0m[0m arn                           = "arn:aws:s3:::eda262-g06-lake-raw-325583868777/tse/votacao_candidato_munzona/ano_2018/votacao_candidato_munzona_2018_RS.csv" [90m-> null[0m[0m
      [31m-[0m[0m bucket                        = "eda262-g06-lake-raw-325583868777" [90m-> null[0m[0m
      [31m-[0m[0m bucket_key_enabled            = false [90m-> null[0m[0m
      [31m-[0m[0m content_type                  = "text/csv; charset=iso-8859-1" [90m-> null[0m[0m
      [31m-[0m[0m etag                          = "658523470e6259ee06a86674c912042b-2" [90m-> null[0m[0m
      [31m-[0m[0m force_destroy                 = false [90m-> null[0m[0m
      [31m-[0m[0m id                            = "eda262-g06-lake-raw-325583868777/tse/votacao_candidato_munzona/ano_2018/votacao_candidato_munzona_2018_RS.csv" [90m-> null[0m[0m
      [31m-[0m[0m key                           = "tse/votacao_candidato_munzona/ano_2018/votacao_candidato_munzona_2018_RS.csv" [90m-> null[0m[0m
      [31m-[0m[0m metadata                      = {} [90m-> null[0m[0m
      [31m-[0m[0m region                        = "us-east-1" [90m-> null[0m[0m
      [31m-[0m[0m server_side_encryption        = "AES256" [90m-> null[0m[0m
      [31m-[0m[0m source                        = "./../dados/raw/tse/votacao_candidato_munzona/ano_2018/votacao_candidato_munzona_2018_RS.csv" [90m-> null[0m[0m
      [31m-[0m[0m storage_class                 = "STANDARD" [90m-> null[0m[0m
      [31m-[0m[0m tags                          = {} [90m-> null[0m[0m
      [31m-[0m[0m tags_all                      = {
          [31m-[0m[0m "grupo"   = "g06"
          [31m-[0m[0m "projeto" = "engenharia-de-dados"
          [31m-[0m[0m "turma"   = "eda262"
        } [90m-> null[0m[0m
        [90m# (14 unchanged attributes hidden)[0m[0m
    }

[1m  # module.lake.aws_s3_object.raw["tse/votacao_candidato_munzona/ano_2018/votacao_candidato_munzona_2018_SC.csv"][0m will be [1m[31mdestroyed[0m
[0m  [31m-[0m[0m resource "aws_s3_object" "raw" {
      [31m-[0m[0m arn                           = "arn:aws:s3:::eda262-g06-lake-raw-325583868777/tse/votacao_candidato_munzona/ano_2018/votacao_candidato_munzona_2018_SC.csv" [90m-> null[0m[0m
      [31m-[0m[0m bucket                        = "eda262-g06-lake-raw-325583868777" [90m-> null[0m[0m
      [31m-[0m[0m bucket_key_enabled            = false [90m-> null[0m[0m
      [31m-[0m[0m content_type                  = "text/csv; charset=iso-8859-1" [90m-> null[0m[0m
      [31m-[0m[0m etag                          = "6febedb2f1342a77cda5181e3915984b-2" [90m-> null[0m[0m
      [31m-[0m[0m force_destroy                 = false [90m-> null[0m[0m
      [31m-[0m[0m id                            = "eda262-g06-lake-raw-325583868777/tse/votacao_candidato_munzona/ano_2018/votacao_candidato_munzona_2018_SC.csv" [90m-> null[0m[0m
      [31m-[0m[0m key                           = "tse/votacao_candidato_munzona/ano_2018/votacao_candidato_munzona_2018_SC.csv" [90m-> null[0m[0m
      [31m-[0m[0m metadata                      = {} [90m-> null[0m[0m
      [31m-[0m[0m region                        = "us-east-1" [90m-> null[0m[0m
      [31m-[0m[0m server_side_encryption        = "AES256" [90m-> null[0m[0m
      [31m-[0m[0m source                        = "./../dados/raw/tse/votacao_candidato_munzona/ano_2018/votacao_candidato_munzona_2018_SC.csv" [90m-> null[0m[0m
      [31m-[0m[0m storage_class                 = "STANDARD" [90m-> null[0m[0m
      [31m-[0m[0m tags                          = {} [90m-> null[0m[0m
      [31m-[0m[0m tags_all                      = {
          [31m-[0m[0m "grupo"   = "g06"
          [31m-[0m[0m "projeto" = "engenharia-de-dados"
          [31m-[0m[0m "turma"   = "eda262"
        } [90m-> null[0m[0m
        [90m# (14 unchanged attributes hidden)[0m[0m
    }

[1m  # module.lake.aws_s3_object.raw["tse/votacao_candidato_munzona/ano_2018/votacao_candidato_munzona_2018_SE.csv"][0m will be [1m[31mdestroyed[0m
[0m  [31m-[0m[0m resource "aws_s3_object" "raw" {
      [31m-[0m[0m arn                           = "arn:aws:s3:::eda262-g06-lake-raw-325583868777/tse/votacao_candidato_munzona/ano_2018/votacao_candidato_munzona_2018_SE.csv" [90m-> null[0m[0m
      [31m-[0m[0m bucket                        = "eda262-g06-lake-raw-325583868777" [90m-> null[0m[0m
      [31m-[0m[0m bucket_key_enabled            = false [90m-> null[0m[0m
      [31m-[0m[0m content_type                  = "text/csv; charset=iso-8859-1" [90m-> null[0m[0m
      [31m-[0m[0m etag                          = "63593babf1c953dd5a09c0f7efbc4df5" [90m-> null[0m[0m
      [31m-[0m[0m force_destroy                 = false [90m-> null[0m[0m
      [31m-[0m[0m id                            = "eda262-g06-lake-raw-325583868777/tse/votacao_candidato_munzona/ano_2018/votacao_candidato_munzona_2018_SE.csv" [90m-> null[0m[0m
      [31m-[0m[0m key                           = "tse/votacao_candidato_munzona/ano_2018/votacao_candidato_munzona_2018_SE.csv" [90m-> null[0m[0m
      [31m-[0m[0m metadata                      = {} [90m-> null[0m[0m
      [31m-[0m[0m region                        = "us-east-1" [90m-> null[0m[0m
      [31m-[0m[0m server_side_encryption        = "AES256" [90m-> null[0m[0m
      [31m-[0m[0m source                        = "./../dados/raw/tse/votacao_candidato_munzona/ano_2018/votacao_candidato_munzona_2018_SE.csv" [90m-> null[0m[0m
      [31m-[0m[0m storage_class                 = "STANDARD" [90m-> null[0m[0m
      [31m-[0m[0m tags                          = {} [90m-> null[0m[0m
      [31m-[0m[0m tags_all                      = {
          [31m-[0m[0m "grupo"   = "g06"
          [31m-[0m[0m "projeto" = "engenharia-de-dados"
          [31m-[0m[0m "turma"   = "eda262"
        } [90m-> null[0m[0m
        [90m# (14 unchanged attributes hidden)[0m[0m
    }

[1m  # module.lake.aws_s3_object.raw["tse/votacao_candidato_munzona/ano_2018/votacao_candidato_munzona_2018_SP.csv"][0m will be [1m[31mdestroyed[0m
[0m  [31m-[0m[0m resource "aws_s3_object" "raw" {
      [31m-[0m[0m arn                           = "arn:aws:s3:::eda262-g06-lake-raw-325583868777/tse/votacao_candidato_munzona/ano_2018/votacao_candidato_munzona_2018_SP.csv" [90m-> null[0m[0m
      [31m-[0m[0m bucket                        = "eda262-g06-lake-raw-325583868777" [90m-> null[0m[0m
      [31m-[0m[0m bucket_key_enabled            = false [90m-> null[0m[0m
      [31m-[0m[0m content_type                  = "text/csv; charset=iso-8859-1" [90m-> null[0m[0m
      [31m-[0m[0m etag                          = "55ff1e47272e1cd991154f0befc70664-4" [90m-> null[0m[0m
      [31m-[0m[0m force_destroy                 = false [90m-> null[0m[0m
      [31m-[0m[0m id                            = "eda262-g06-lake-raw-325583868777/tse/votacao_candidato_munzona/ano_2018/votacao_candidato_munzona_2018_SP.csv" [90m-> null[0m[0m
      [31m-[0m[0m key                           = "tse/votacao_candidato_munzona/ano_2018/votacao_candidato_munzona_2018_SP.csv" [90m-> null[0m[0m
      [31m-[0m[0m metadata                      = {} [90m-> null[0m[0m
      [31m-[0m[0m region                        = "us-east-1" [90m-> null[0m[0m
      [31m-[0m[0m server_side_encryption        = "AES256" [90m-> null[0m[0m
      [31m-[0m[0m source                        = "./../dados/raw/tse/votacao_candidato_munzona/ano_2018/votacao_candidato_munzona_2018_SP.csv" [90m-> null[0m[0m
      [31m-[0m[0m storage_class                 = "STANDARD" [90m-> null[0m[0m
      [31m-[0m[0m tags                          = {} [90m-> null[0m[0m
      [31m-[0m[0m tags_all                      = {
          [31m-[0m[0m "grupo"   = "g06"
          [31m-[0m[0m "projeto" = "engenharia-de-dados"
          [31m-[0m[0m "turma"   = "eda262"
        } [90m-> null[0m[0m
        [90m# (14 unchanged attributes hidden)[0m[0m
    }

[1m  # module.lake.aws_s3_object.raw["tse/votacao_candidato_munzona/ano_2018/votacao_candidato_munzona_2018_TO.csv"][0m will be [1m[31mdestroyed[0m
[0m  [31m-[0m[0m resource "aws_s3_object" "raw" {
      [31m-[0m[0m arn                           = "arn:aws:s3:::eda262-g06-lake-raw-325583868777/tse/votacao_candidato_munzona/ano_2018/votacao_candidato_munzona_2018_TO.csv" [90m-> null[0m[0m
      [31m-[0m[0m bucket                        = "eda262-g06-lake-raw-325583868777" [90m-> null[0m[0m
      [31m-[0m[0m bucket_key_enabled            = false [90m-> null[0m[0m
      [31m-[0m[0m content_type                  = "text/csv; charset=iso-8859-1" [90m-> null[0m[0m
      [31m-[0m[0m etag                          = "92f69e8c7d2b0fbbfe34d80593f4f0ec" [90m-> null[0m[0m
      [31m-[0m[0m force_destroy                 = false [90m-> null[0m[0m
      [31m-[0m[0m id                            = "eda262-g06-lake-raw-325583868777/tse/votacao_candidato_munzona/ano_2018/votacao_candidato_munzona_2018_TO.csv" [90m-> null[0m[0m
      [31m-[0m[0m key                           = "tse/votacao_candidato_munzona/ano_2018/votacao_candidato_munzona_2018_TO.csv" [90m-> null[0m[0m
      [31m-[0m[0m metadata                      = {} [90m-> null[0m[0m
      [31m-[0m[0m region                        = "us-east-1" [90m-> null[0m[0m
      [31m-[0m[0m server_side_encryption        = "AES256" [90m-> null[0m[0m
      [31m-[0m[0m source                        = "./../dados/raw/tse/votacao_candidato_munzona/ano_2018/votacao_candidato_munzona_2018_TO.csv" [90m-> null[0m[0m
      [31m-[0m[0m storage_class                 = "STANDARD" [90m-> null[0m[0m
      [31m-[0m[0m tags                          = {} [90m-> null[0m[0m
      [31m-[0m[0m tags_all                      = {
          [31m-[0m[0m "grupo"   = "g06"
          [31m-[0m[0m "projeto" = "engenharia-de-dados"
          [31m-[0m[0m "turma"   = "eda262"
        } [90m-> null[0m[0m
        [90m# (14 unchanged attributes hidden)[0m[0m
    }

[1m  # module.lake.aws_s3_object.raw["tse/votacao_candidato_munzona/ano_2018/votacao_candidato_munzona_2018_ZZ.csv"][0m will be [1m[31mdestroyed[0m
[0m  [31m-[0m[0m resource "aws_s3_object" "raw" {
      [31m-[0m[0m arn                           = "arn:aws:s3:::eda262-g06-lake-raw-325583868777/tse/votacao_candidato_munzona/ano_2018/votacao_candidato_munzona_2018_ZZ.csv" [90m-> null[0m[0m
      [31m-[0m[0m bucket                        = "eda262-g06-lake-raw-325583868777" [90m-> null[0m[0m
      [31m-[0m[0m bucket_key_enabled            = false [90m-> null[0m[0m
      [31m-[0m[0m content_type                  = "text/csv; charset=iso-8859-1" [90m-> null[0m[0m
      [31m-[0m[0m etag                          = "67327bad069c31fe273be055c8ef302a" [90m-> null[0m[0m
      [31m-[0m[0m force_destroy                 = false [90m-> null[0m[0m
      [31m-[0m[0m id                            = "eda262-g06-lake-raw-325583868777/tse/votacao_candidato_munzona/ano_2018/votacao_candidato_munzona_2018_ZZ.csv" [90m-> null[0m[0m
      [31m-[0m[0m key                           = "tse/votacao_candidato_munzona/ano_2018/votacao_candidato_munzona_2018_ZZ.csv" [90m-> null[0m[0m
      [31m-[0m[0m metadata                      = {} [90m-> null[0m[0m
      [31m-[0m[0m region                        = "us-east-1" [90m-> null[0m[0m
      [31m-[0m[0m server_side_encryption        = "AES256" [90m-> null[0m[0m
      [31m-[0m[0m source                        = "./../dados/raw/tse/votacao_candidato_munzona/ano_2018/votacao_candidato_munzona_2018_ZZ.csv" [90m-> null[0m[0m
      [31m-[0m[0m storage_class                 = "STANDARD" [90m-> null[0m[0m
      [31m-[0m[0m tags                          = {} [90m-> null[0m[0m
      [31m-[0m[0m tags_all                      = {
          [31m-[0m[0m "grupo"   = "g06"
          [31m-[0m[0m "projeto" = "engenharia-de-dados"
          [31m-[0m[0m "turma"   = "eda262"
        } [90m-> null[0m[0m
        [90m# (14 unchanged attributes hidden)[0m[0m
    }

[1m  # module.lake.aws_s3_object.raw["tse/votacao_candidato_munzona/ano_2022/votacao_candidato_munzona_2022_AC.csv"][0m will be [1m[31mdestroyed[0m
[0m  [31m-[0m[0m resource "aws_s3_object" "raw" {
      [31m-[0m[0m arn                           = "arn:aws:s3:::eda262-g06-lake-raw-325583868777/tse/votacao_candidato_munzona/ano_2022/votacao_candidato_munzona_2022_AC.csv" [90m-> null[0m[0m
      [31m-[0m[0m bucket                        = "eda262-g06-lake-raw-325583868777" [90m-> null[0m[0m
      [31m-[0m[0m bucket_key_enabled            = false [90m-> null[0m[0m
      [31m-[0m[0m content_type                  = "text/csv; charset=iso-8859-1" [90m-> null[0m[0m
      [31m-[0m[0m etag                          = "2505538f03aceb45e79a295e6283a47d" [90m-> null[0m[0m
      [31m-[0m[0m force_destroy                 = false [90m-> null[0m[0m
      [31m-[0m[0m id                            = "eda262-g06-lake-raw-325583868777/tse/votacao_candidato_munzona/ano_2022/votacao_candidato_munzona_2022_AC.csv" [90m-> null[0m[0m
      [31m-[0m[0m key                           = "tse/votacao_candidato_munzona/ano_2022/votacao_candidato_munzona_2022_AC.csv" [90m-> null[0m[0m
      [31m-[0m[0m metadata                      = {} [90m-> null[0m[0m
      [31m-[0m[0m region                        = "us-east-1" [90m-> null[0m[0m
      [31m-[0m[0m server_side_encryption        = "AES256" [90m-> null[0m[0m
      [31m-[0m[0m source                        = "./../dados/raw/tse/votacao_candidato_munzona/ano_2022/votacao_candidato_munzona_2022_AC.csv" [90m-> null[0m[0m
      [31m-[0m[0m storage_class                 = "STANDARD" [90m-> null[0m[0m
      [31m-[0m[0m tags                          = {} [90m-> null[0m[0m
      [31m-[0m[0m tags_all                      = {
          [31m-[0m[0m "grupo"   = "g06"
          [31m-[0m[0m "projeto" = "engenharia-de-dados"
          [31m-[0m[0m "turma"   = "eda262"
        } [90m-> null[0m[0m
        [90m# (14 unchanged attributes hidden)[0m[0m
    }

[1m  # module.lake.aws_s3_object.raw["tse/votacao_candidato_munzona/ano_2022/votacao_candidato_munzona_2022_AL.csv"][0m will be [1m[31mdestroyed[0m
[0m  [31m-[0m[0m resource "aws_s3_object" "raw" {
      [31m-[0m[0m arn                           = "arn:aws:s3:::eda262-g06-lake-raw-325583868777/tse/votacao_candidato_munzona/ano_2022/votacao_candidato_munzona_2022_AL.csv" [90m-> null[0m[0m
      [31m-[0m[0m bucket                        = "eda262-g06-lake-raw-325583868777" [90m-> null[0m[0m
      [31m-[0m[0m bucket_key_enabled            = false [90m-> null[0m[0m
      [31m-[0m[0m content_type                  = "text/csv; charset=iso-8859-1" [90m-> null[0m[0m
      [31m-[0m[0m etag                          = "2b75b343b9af969b8910c3b223ba4f37" [90m-> null[0m[0m
      [31m-[0m[0m force_destroy                 = false [90m-> null[0m[0m
      [31m-[0m[0m id                            = "eda262-g06-lake-raw-325583868777/tse/votacao_candidato_munzona/ano_2022/votacao_candidato_munzona_2022_AL.csv" [90m-> null[0m[0m
      [31m-[0m[0m key                           = "tse/votacao_candidato_munzona/ano_2022/votacao_candidato_munzona_2022_AL.csv" [90m-> null[0m[0m
      [31m-[0m[0m metadata                      = {} [90m-> null[0m[0m
      [31m-[0m[0m region                        = "us-east-1" [90m-> null[0m[0m
      [31m-[0m[0m server_side_encryption        = "AES256" [90m-> null[0m[0m
      [31m-[0m[0m source                        = "./../dados/raw/tse/votacao_candidato_munzona/ano_2022/votacao_candidato_munzona_2022_AL.csv" [90m-> null[0m[0m
      [31m-[0m[0m storage_class                 = "STANDARD" [90m-> null[0m[0m
      [31m-[0m[0m tags                          = {} [90m-> null[0m[0m
      [31m-[0m[0m tags_all                      = {
          [31m-[0m[0m "grupo"   = "g06"
          [31m-[0m[0m "projeto" = "engenharia-de-dados"
          [31m-[0m[0m "turma"   = "eda262"
        } [90m-> null[0m[0m
        [90m# (14 unchanged attributes hidden)[0m[0m
    }

[1m  # module.lake.aws_s3_object.raw["tse/votacao_candidato_munzona/ano_2022/votacao_candidato_munzona_2022_AM.csv"][0m will be [1m[31mdestroyed[0m
[0m  [31m-[0m[0m resource "aws_s3_object" "raw" {
      [31m-[0m[0m arn                           = "arn:aws:s3:::eda262-g06-lake-raw-325583868777/tse/votacao_candidato_munzona/ano_2022/votacao_candidato_munzona_2022_AM.csv" [90m-> null[0m[0m
      [31m-[0m[0m bucket                        = "eda262-g06-lake-raw-325583868777" [90m-> null[0m[0m
      [31m-[0m[0m bucket_key_enabled            = false [90m-> null[0m[0m
      [31m-[0m[0m content_type                  = "text/csv; charset=iso-8859-1" [90m-> null[0m[0m
      [31m-[0m[0m etag                          = "e14f2460021ef604326450c07a0bbf2b" [90m-> null[0m[0m
      [31m-[0m[0m force_destroy                 = false [90m-> null[0m[0m
      [31m-[0m[0m id                            = "eda262-g06-lake-raw-325583868777/tse/votacao_candidato_munzona/ano_2022/votacao_candidato_munzona_2022_AM.csv" [90m-> null[0m[0m
      [31m-[0m[0m key                           = "tse/votacao_candidato_munzona/ano_2022/votacao_candidato_munzona_2022_AM.csv" [90m-> null[0m[0m
      [31m-[0m[0m metadata                      = {} [90m-> null[0m[0m
      [31m-[0m[0m region                        = "us-east-1" [90m-> null[0m[0m
      [31m-[0m[0m server_side_encryption        = "AES256" [90m-> null[0m[0m
      [31m-[0m[0m source                        = "./../dados/raw/tse/votacao_candidato_munzona/ano_2022/votacao_candidato_munzona_2022_AM.csv" [90m-> null[0m[0m
      [31m-[0m[0m storage_class                 = "STANDARD" [90m-> null[0m[0m
      [31m-[0m[0m tags                          = {} [90m-> null[0m[0m
      [31m-[0m[0m tags_all                      = {
          [31m-[0m[0m "grupo"   = "g06"
          [31m-[0m[0m "projeto" = "engenharia-de-dados"
          [31m-[0m[0m "turma"   = "eda262"
        } [90m-> null[0m[0m
        [90m# (14 unchanged attributes hidden)[0m[0m
    }

[1m  # module.lake.aws_s3_object.raw["tse/votacao_candidato_munzona/ano_2022/votacao_candidato_munzona_2022_AP.csv"][0m will be [1m[31mdestroyed[0m
[0m  [31m-[0m[0m resource "aws_s3_object" "raw" {
      [31m-[0m[0m arn                           = "arn:aws:s3:::eda262-g06-lake-raw-325583868777/tse/votacao_candidato_munzona/ano_2022/votacao_candidato_munzona_2022_AP.csv" [90m-> null[0m[0m
      [31m-[0m[0m bucket                        = "eda262-g06-lake-raw-325583868777" [90m-> null[0m[0m
      [31m-[0m[0m bucket_key_enabled            = false [90m-> null[0m[0m
      [31m-[0m[0m content_type                  = "text/csv; charset=iso-8859-1" [90m-> null[0m[0m
      [31m-[0m[0m etag                          = "30863104f819188261dd99a188ea0a40" [90m-> null[0m[0m
      [31m-[0m[0m force_destroy                 = false [90m-> null[0m[0m
      [31m-[0m[0m id                            = "eda262-g06-lake-raw-325583868777/tse/votacao_candidato_munzona/ano_2022/votacao_candidato_munzona_2022_AP.csv" [90m-> null[0m[0m
      [31m-[0m[0m key                           = "tse/votacao_candidato_munzona/ano_2022/votacao_candidato_munzona_2022_AP.csv" [90m-> null[0m[0m
      [31m-[0m[0m metadata                      = {} [90m-> null[0m[0m
      [31m-[0m[0m region                        = "us-east-1" [90m-> null[0m[0m
      [31m-[0m[0m server_side_encryption        = "AES256" [90m-> null[0m[0m
      [31m-[0m[0m source                        = "./../dados/raw/tse/votacao_candidato_munzona/ano_2022/votacao_candidato_munzona_2022_AP.csv" [90m-> null[0m[0m
      [31m-[0m[0m storage_class                 = "STANDARD" [90m-> null[0m[0m
      [31m-[0m[0m tags                          = {} [90m-> null[0m[0m
      [31m-[0m[0m tags_all                      = {
          [31m-[0m[0m "grupo"   = "g06"
          [31m-[0m[0m "projeto" = "engenharia-de-dados"
          [31m-[0m[0m "turma"   = "eda262"
        } [90m-> null[0m[0m
        [90m# (14 unchanged attributes hidden)[0m[0m
    }

[1m  # module.lake.aws_s3_object.raw["tse/votacao_candidato_munzona/ano_2022/votacao_candidato_munzona_2022_BA.csv"][0m will be [1m[31mdestroyed[0m
[0m  [31m-[0m[0m resource "aws_s3_object" "raw" {
      [31m-[0m[0m arn                           = "arn:aws:s3:::eda262-g06-lake-raw-325583868777/tse/votacao_candidato_munzona/ano_2022/votacao_candidato_munzona_2022_BA.csv" [90m-> null[0m[0m
      [31m-[0m[0m bucket                        = "eda262-g06-lake-raw-325583868777" [90m-> null[0m[0m
      [31m-[0m[0m bucket_key_enabled            = false [90m-> null[0m[0m
      [31m-[0m[0m content_type                  = "text/csv; charset=iso-8859-1" [90m-> null[0m[0m
      [31m-[0m[0m etag                          = "c62fc9392e2805fd22cecdcf4dd0737c-2" [90m-> null[0m[0m
      [31m-[0m[0m force_destroy                 = false [90m-> null[0m[0m
      [31m-[0m[0m id                            = "eda262-g06-lake-raw-325583868777/tse/votacao_candidato_munzona/ano_2022/votacao_candidato_munzona_2022_BA.csv" [90m-> null[0m[0m
      [31m-[0m[0m key                           = "tse/votacao_candidato_munzona/ano_2022/votacao_candidato_munzona_2022_BA.csv" [90m-> null[0m[0m
      [31m-[0m[0m metadata                      = {} [90m-> null[0m[0m
      [31m-[0m[0m region                        = "us-east-1" [90m-> null[0m[0m
      [31m-[0m[0m server_side_encryption        = "AES256" [90m-> null[0m[0m
      [31m-[0m[0m source                        = "./../dados/raw/tse/votacao_candidato_munzona/ano_2022/votacao_candidato_munzona_2022_BA.csv" [90m-> null[0m[0m
      [31m-[0m[0m storage_class                 = "STANDARD" [90m-> null[0m[0m
      [31m-[0m[0m tags                          = {} [90m-> null[0m[0m
      [31m-[0m[0m tags_all                      = {
          [31m-[0m[0m "grupo"   = "g06"
          [31m-[0m[0m "projeto" = "engenharia-de-dados"
          [31m-[0m[0m "turma"   = "eda262"
        } [90m-> null[0m[0m
        [90m# (14 unchanged attributes hidden)[0m[0m
    }

[1m  # module.lake.aws_s3_object.raw["tse/votacao_candidato_munzona/ano_2022/votacao_candidato_munzona_2022_CE.csv"][0m will be [1m[31mdestroyed[0m
[0m  [31m-[0m[0m resource "aws_s3_object" "raw" {
      [31m-[0m[0m arn                           = "arn:aws:s3:::eda262-g06-lake-raw-325583868777/tse/votacao_candidato_munzona/ano_2022/votacao_candidato_munzona_2022_CE.csv" [90m-> null[0m[0m
      [31m-[0m[0m bucket                        = "eda262-g06-lake-raw-325583868777" [90m-> null[0m[0m
      [31m-[0m[0m bucket_key_enabled            = false [90m-> null[0m[0m
      [31m-[0m[0m content_type                  = "text/csv; charset=iso-8859-1" [90m-> null[0m[0m
      [31m-[0m[0m etag                          = "c90293f19c330d28e082cd613284027c" [90m-> null[0m[0m
      [31m-[0m[0m force_destroy                 = false [90m-> null[0m[0m
      [31m-[0m[0m id                            = "eda262-g06-lake-raw-325583868777/tse/votacao_candidato_munzona/ano_2022/votacao_candidato_munzona_2022_CE.csv" [90m-> null[0m[0m
      [31m-[0m[0m key                           = "tse/votacao_candidato_munzona/ano_2022/votacao_candidato_munzona_2022_CE.csv" [90m-> null[0m[0m
      [31m-[0m[0m metadata                      = {} [90m-> null[0m[0m
      [31m-[0m[0m region                        = "us-east-1" [90m-> null[0m[0m
      [31m-[0m[0m server_side_encryption        = "AES256" [90m-> null[0m[0m
      [31m-[0m[0m source                        = "./../dados/raw/tse/votacao_candidato_munzona/ano_2022/votacao_candidato_munzona_2022_CE.csv" [90m-> null[0m[0m
      [31m-[0m[0m storage_class                 = "STANDARD" [90m-> null[0m[0m
      [31m-[0m[0m tags                          = {} [90m-> null[0m[0m
      [31m-[0m[0m tags_all                      = {
          [31m-[0m[0m "grupo"   = "g06"
          [31m-[0m[0m "projeto" = "engenharia-de-dados"
          [31m-[0m[0m "turma"   = "eda262"
        } [90m-> null[0m[0m
        [90m# (14 unchanged attributes hidden)[0m[0m
    }

[1m  # module.lake.aws_s3_object.raw["tse/votacao_candidato_munzona/ano_2022/votacao_candidato_munzona_2022_DF.csv"][0m will be [1m[31mdestroyed[0m
[0m  [31m-[0m[0m resource "aws_s3_object" "raw" {
      [31m-[0m[0m arn                           = "arn:aws:s3:::eda262-g06-lake-raw-325583868777/tse/votacao_candidato_munzona/ano_2022/votacao_candidato_munzona_2022_DF.csv" [90m-> null[0m[0m
      [31m-[0m[0m bucket                        = "eda262-g06-lake-raw-325583868777" [90m-> null[0m[0m
      [31m-[0m[0m bucket_key_enabled            = false [90m-> null[0m[0m
      [31m-[0m[0m content_type                  = "text/csv; charset=iso-8859-1" [90m-> null[0m[0m
      [31m-[0m[0m etag                          = "fa039c4dc9447550dbddd0070a2ed667" [90m-> null[0m[0m
      [31m-[0m[0m force_destroy                 = false [90m-> null[0m[0m
      [31m-[0m[0m id                            = "eda262-g06-lake-raw-325583868777/tse/votacao_candidato_munzona/ano_2022/votacao_candidato_munzona_2022_DF.csv" [90m-> null[0m[0m
      [31m-[0m[0m key                           = "tse/votacao_candidato_munzona/ano_2022/votacao_candidato_munzona_2022_DF.csv" [90m-> null[0m[0m
      [31m-[0m[0m metadata                      = {} [90m-> null[0m[0m
      [31m-[0m[0m region                        = "us-east-1" [90m-> null[0m[0m
      [31m-[0m[0m server_side_encryption        = "AES256" [90m-> null[0m[0m
      [31m-[0m[0m source                        = "./../dados/raw/tse/votacao_candidato_munzona/ano_2022/votacao_candidato_munzona_2022_DF.csv" [90m-> null[0m[0m
      [31m-[0m[0m storage_class                 = "STANDARD" [90m-> null[0m[0m
      [31m-[0m[0m tags                          = {} [90m-> null[0m[0m
      [31m-[0m[0m tags_all                      = {
          [31m-[0m[0m "grupo"   = "g06"
          [31m-[0m[0m "projeto" = "engenharia-de-dados"
          [31m-[0m[0m "turma"   = "eda262"
        } [90m-> null[0m[0m
        [90m# (14 unchanged attributes hidden)[0m[0m
    }

[1m  # module.lake.aws_s3_object.raw["tse/votacao_candidato_munzona/ano_2022/votacao_candidato_munzona_2022_ES.csv"][0m will be [1m[31mdestroyed[0m
[0m  [31m-[0m[0m resource "aws_s3_object" "raw" {
      [31m-[0m[0m arn                           = "arn:aws:s3:::eda262-g06-lake-raw-325583868777/tse/votacao_candidato_munzona/ano_2022/votacao_candidato_munzona_2022_ES.csv" [90m-> null[0m[0m
      [31m-[0m[0m bucket                        = "eda262-g06-lake-raw-325583868777" [90m-> null[0m[0m
      [31m-[0m[0m bucket_key_enabled            = false [90m-> null[0m[0m
      [31m-[0m[0m content_type                  = "text/csv; charset=iso-8859-1" [90m-> null[0m[0m
      [31m-[0m[0m etag                          = "200e7ecb70ea49c5d44b5d63e725897c" [90m-> null[0m[0m
      [31m-[0m[0m force_destroy                 = false [90m-> null[0m[0m
      [31m-[0m[0m id                            = "eda262-g06-lake-raw-325583868777/tse/votacao_candidato_munzona/ano_2022/votacao_candidato_munzona_2022_ES.csv" [90m-> null[0m[0m
      [31m-[0m[0m key                           = "tse/votacao_candidato_munzona/ano_2022/votacao_candidato_munzona_2022_ES.csv" [90m-> null[0m[0m
      [31m-[0m[0m metadata                      = {} [90m-> null[0m[0m
      [31m-[0m[0m region                        = "us-east-1" [90m-> null[0m[0m
      [31m-[0m[0m server_side_encryption        = "AES256" [90m-> null[0m[0m
      [31m-[0m[0m source                        = "./../dados/raw/tse/votacao_candidato_munzona/ano_2022/votacao_candidato_munzona_2022_ES.csv" [90m-> null[0m[0m
      [31m-[0m[0m storage_class                 = "STANDARD" [90m-> null[0m[0m
      [31m-[0m[0m tags                          = {} [90m-> null[0m[0m
      [31m-[0m[0m tags_all                      = {
          [31m-[0m[0m "grupo"   = "g06"
          [31m-[0m[0m "projeto" = "engenharia-de-dados"
          [31m-[0m[0m "turma"   = "eda262"
        } [90m-> null[0m[0m
        [90m# (14 unchanged attributes hidden)[0m[0m
    }

[1m  # module.lake.aws_s3_object.raw["tse/votacao_candidato_munzona/ano_2022/votacao_candidato_munzona_2022_GO.csv"][0m will be [1m[31mdestroyed[0m
[0m  [31m-[0m[0m resource "aws_s3_object" "raw" {
      [31m-[0m[0m arn                           = "arn:aws:s3:::eda262-g06-lake-raw-325583868777/tse/votacao_candidato_munzona/ano_2022/votacao_candidato_munzona_2022_GO.csv" [90m-> null[0m[0m
      [31m-[0m[0m bucket                        = "eda262-g06-lake-raw-325583868777" [90m-> null[0m[0m
      [31m-[0m[0m bucket_key_enabled            = false [90m-> null[0m[0m
      [31m-[0m[0m content_type                  = "text/csv; charset=iso-8859-1" [90m-> null[0m[0m
      [31m-[0m[0m etag                          = "92c0761d45a42467643dc60601628067" [90m-> null[0m[0m
      [31m-[0m[0m force_destroy                 = false [90m-> null[0m[0m
      [31m-[0m[0m id                            = "eda262-g06-lake-raw-325583868777/tse/votacao_candidato_munzona/ano_2022/votacao_candidato_munzona_2022_GO.csv" [90m-> null[0m[0m
      [31m-[0m[0m key                           = "tse/votacao_candidato_munzona/ano_2022/votacao_candidato_munzona_2022_GO.csv" [90m-> null[0m[0m
      [31m-[0m[0m metadata                      = {} [90m-> null[0m[0m
      [31m-[0m[0m region                        = "us-east-1" [90m-> null[0m[0m
      [31m-[0m[0m server_side_encryption        = "AES256" [90m-> null[0m[0m
      [31m-[0m[0m source                        = "./../dados/raw/tse/votacao_candidato_munzona/ano_2022/votacao_candidato_munzona_2022_GO.csv" [90m-> null[0m[0m
      [31m-[0m[0m storage_class                 = "STANDARD" [90m-> null[0m[0m
      [31m-[0m[0m tags                          = {} [90m-> null[0m[0m
      [31m-[0m[0m tags_all                      = {
          [31m-[0m[0m "grupo"   = "g06"
          [31m-[0m[0m "projeto" = "engenharia-de-dados"
          [31m-[0m[0m "turma"   = "eda262"
        } [90m-> null[0m[0m
        [90m# (14 unchanged attributes hidden)[0m[0m
    }

[1m  # module.lake.aws_s3_object.raw["tse/votacao_candidato_munzona/ano_2022/votacao_candidato_munzona_2022_MA.csv"][0m will be [1m[31mdestroyed[0m
[0m  [31m-[0m[0m resource "aws_s3_object" "raw" {
      [31m-[0m[0m arn                           = "arn:aws:s3:::eda262-g06-lake-raw-325583868777/tse/votacao_candidato_munzona/ano_2022/votacao_candidato_munzona_2022_MA.csv" [90m-> null[0m[0m
      [31m-[0m[0m bucket                        = "eda262-g06-lake-raw-325583868777" [90m-> null[0m[0m
      [31m-[0m[0m bucket_key_enabled            = false [90m-> null[0m[0m
      [31m-[0m[0m content_type                  = "text/csv; charset=iso-8859-1" [90m-> null[0m[0m
      [31m-[0m[0m etag                          = "281d4333376e1c6c8e2e7c52eeb36f9c" [90m-> null[0m[0m
      [31m-[0m[0m force_destroy                 = false [90m-> null[0m[0m
      [31m-[0m[0m id                            = "eda262-g06-lake-raw-325583868777/tse/votacao_candidato_munzona/ano_2022/votacao_candidato_munzona_2022_MA.csv" [90m-> null[0m[0m
      [31m-[0m[0m key                           = "tse/votacao_candidato_munzona/ano_2022/votacao_candidato_munzona_2022_MA.csv" [90m-> null[0m[0m
      [31m-[0m[0m metadata                      = {} [90m-> null[0m[0m
      [31m-[0m[0m region                        = "us-east-1" [90m-> null[0m[0m
      [31m-[0m[0m server_side_encryption        = "AES256" [90m-> null[0m[0m
      [31m-[0m[0m source                        = "./../dados/raw/tse/votacao_candidato_munzona/ano_2022/votacao_candidato_munzona_2022_MA.csv" [90m-> null[0m[0m
      [31m-[0m[0m storage_class                 = "STANDARD" [90m-> null[0m[0m
      [31m-[0m[0m tags                          = {} [90m-> null[0m[0m
      [31m-[0m[0m tags_all                      = {
          [31m-[0m[0m "grupo"   = "g06"
          [31m-[0m[0m "projeto" = "engenharia-de-dados"
          [31m-[0m[0m "turma"   = "eda262"
        } [90m-> null[0m[0m
        [90m# (14 unchanged attributes hidden)[0m[0m
    }

[1m  # module.lake.aws_s3_object.raw["tse/votacao_candidato_munzona/ano_2022/votacao_candidato_munzona_2022_MG.csv"][0m will be [1m[31mdestroyed[0m
[0m  [31m-[0m[0m resource "aws_s3_object" "raw" {
      [31m-[0m[0m arn                           = "arn:aws:s3:::eda262-g06-lake-raw-325583868777/tse/votacao_candidato_munzona/ano_2022/votacao_candidato_munzona_2022_MG.csv" [90m-> null[0m[0m
      [31m-[0m[0m bucket                        = "eda262-g06-lake-raw-325583868777" [90m-> null[0m[0m
      [31m-[0m[0m bucket_key_enabled            = false [90m-> null[0m[0m
      [31m-[0m[0m content_type                  = "text/csv; charset=iso-8859-1" [90m-> null[0m[0m
      [31m-[0m[0m etag                          = "b9ace213eb94a828f072330927c6fd74-3" [90m-> null[0m[0m
      [31m-[0m[0m force_destroy                 = false [90m-> null[0m[0m
      [31m-[0m[0m id                            = "eda262-g06-lake-raw-325583868777/tse/votacao_candidato_munzona/ano_2022/votacao_candidato_munzona_2022_MG.csv" [90m-> null[0m[0m
      [31m-[0m[0m key                           = "tse/votacao_candidato_munzona/ano_2022/votacao_candidato_munzona_2022_MG.csv" [90m-> null[0m[0m
      [31m-[0m[0m metadata                      = {} [90m-> null[0m[0m
      [31m-[0m[0m region                        = "us-east-1" [90m-> null[0m[0m
      [31m-[0m[0m server_side_encryption        = "AES256" [90m-> null[0m[0m
      [31m-[0m[0m source                        = "./../dados/raw/tse/votacao_candidato_munzona/ano_2022/votacao_candidato_munzona_2022_MG.csv" [90m-> null[0m[0m
      [31m-[0m[0m storage_class                 = "STANDARD" [90m-> null[0m[0m
      [31m-[0m[0m tags                          = {} [90m-> null[0m[0m
      [31m-[0m[0m tags_all                      = {
          [31m-[0m[0m "grupo"   = "g06"
          [31m-[0m[0m "projeto" = "engenharia-de-dados"
          [31m-[0m[0m "turma"   = "eda262"
        } [90m-> null[0m[0m
        [90m# (14 unchanged attributes hidden)[0m[0m
    }

[1m  # module.lake.aws_s3_object.raw["tse/votacao_candidato_munzona/ano_2022/votacao_candidato_munzona_2022_MS.csv"][0m will be [1m[31mdestroyed[0m
[0m  [31m-[0m[0m resource "aws_s3_object" "raw" {
      [31m-[0m[0m arn                           = "arn:aws:s3:::eda262-g06-lake-raw-325583868777/tse/votacao_candidato_munzona/ano_2022/votacao_candidato_munzona_2022_MS.csv" [90m-> null[0m[0m
      [31m-[0m[0m bucket                        = "eda262-g06-lake-raw-325583868777" [90m-> null[0m[0m
      [31m-[0m[0m bucket_key_enabled            = false [90m-> null[0m[0m
      [31m-[0m[0m content_type                  = "text/csv; charset=iso-8859-1" [90m-> null[0m[0m
      [31m-[0m[0m etag                          = "85cd727eec7e192ec6ee9bb96f4d3d4f" [90m-> null[0m[0m
      [31m-[0m[0m force_destroy                 = false [90m-> null[0m[0m
      [31m-[0m[0m id                            = "eda262-g06-lake-raw-325583868777/tse/votacao_candidato_munzona/ano_2022/votacao_candidato_munzona_2022_MS.csv" [90m-> null[0m[0m
      [31m-[0m[0m key                           = "tse/votacao_candidato_munzona/ano_2022/votacao_candidato_munzona_2022_MS.csv" [90m-> null[0m[0m
      [31m-[0m[0m metadata                      = {} [90m-> null[0m[0m
      [31m-[0m[0m region                        = "us-east-1" [90m-> null[0m[0m
      [31m-[0m[0m server_side_encryption        = "AES256" [90m-> null[0m[0m
      [31m-[0m[0m source                        = "./../dados/raw/tse/votacao_candidato_munzona/ano_2022/votacao_candidato_munzona_2022_MS.csv" [90m-> null[0m[0m
      [31m-[0m[0m storage_class                 = "STANDARD" [90m-> null[0m[0m
      [31m-[0m[0m tags                          = {} [90m-> null[0m[0m
      [31m-[0m[0m tags_all                      = {
          [31m-[0m[0m "grupo"   = "g06"
          [31m-[0m[0m "projeto" = "engenharia-de-dados"
          [31m-[0m[0m "turma"   = "eda262"
        } [90m-> null[0m[0m
        [90m# (14 unchanged attributes hidden)[0m[0m
    }

[1m  # module.lake.aws_s3_object.raw["tse/votacao_candidato_munzona/ano_2022/votacao_candidato_munzona_2022_MT.csv"][0m will be [1m[31mdestroyed[0m
[0m  [31m-[0m[0m resource "aws_s3_object" "raw" {
      [31m-[0m[0m arn                           = "arn:aws:s3:::eda262-g06-lake-raw-325583868777/tse/votacao_candidato_munzona/ano_2022/votacao_candidato_munzona_2022_MT.csv" [90m-> null[0m[0m
      [31m-[0m[0m bucket                        = "eda262-g06-lake-raw-325583868777" [90m-> null[0m[0m
      [31m-[0m[0m bucket_key_enabled            = false [90m-> null[0m[0m
      [31m-[0m[0m content_type                  = "text/csv; charset=iso-8859-1" [90m-> null[0m[0m
      [31m-[0m[0m etag                          = "1bc02adf85d1b6b7baaf9740c06590b4" [90m-> null[0m[0m
      [31m-[0m[0m force_destroy                 = false [90m-> null[0m[0m
      [31m-[0m[0m id                            = "eda262-g06-lake-raw-325583868777/tse/votacao_candidato_munzona/ano_2022/votacao_candidato_munzona_2022_MT.csv" [90m-> null[0m[0m
      [31m-[0m[0m key                           = "tse/votacao_candidato_munzona/ano_2022/votacao_candidato_munzona_2022_MT.csv" [90m-> null[0m[0m
      [31m-[0m[0m metadata                      = {} [90m-> null[0m[0m
      [31m-[0m[0m region                        = "us-east-1" [90m-> null[0m[0m
      [31m-[0m[0m server_side_encryption        = "AES256" [90m-> null[0m[0m
      [31m-[0m[0m source                        = "./../dados/raw/tse/votacao_candidato_munzona/ano_2022/votacao_candidato_munzona_2022_MT.csv" [90m-> null[0m[0m
      [31m-[0m[0m storage_class                 = "STANDARD" [90m-> null[0m[0m
      [31m-[0m[0m tags                          = {} [90m-> null[0m[0m
      [31m-[0m[0m tags_all                      = {
          [31m-[0m[0m "grupo"   = "g06"
          [31m-[0m[0m "projeto" = "engenharia-de-dados"
          [31m-[0m[0m "turma"   = "eda262"
        } [90m-> null[0m[0m
        [90m# (14 unchanged attributes hidden)[0m[0m
    }

[1m  # module.lake.aws_s3_object.raw["tse/votacao_candidato_munzona/ano_2022/votacao_candidato_munzona_2022_PA.csv"][0m will be [1m[31mdestroyed[0m
[0m  [31m-[0m[0m resource "aws_s3_object" "raw" {
      [31m-[0m[0m arn                           = "arn:aws:s3:::eda262-g06-lake-raw-325583868777/tse/votacao_candidato_munzona/ano_2022/votacao_candidato_munzona_2022_PA.csv" [90m-> null[0m[0m
      [31m-[0m[0m bucket                        = "eda262-g06-lake-raw-325583868777" [90m-> null[0m[0m
      [31m-[0m[0m bucket_key_enabled            = false [90m-> null[0m[0m
      [31m-[0m[0m content_type                  = "text/csv; charset=iso-8859-1" [90m-> null[0m[0m
      [31m-[0m[0m etag                          = "7b00fd38cda8be6ca1b20658decc9817" [90m-> null[0m[0m
      [31m-[0m[0m force_destroy                 = false [90m-> null[0m[0m
      [31m-[0m[0m id                            = "eda262-g06-lake-raw-325583868777/tse/votacao_candidato_munzona/ano_2022/votacao_candidato_munzona_2022_PA.csv" [90m-> null[0m[0m
      [31m-[0m[0m key                           = "tse/votacao_candidato_munzona/ano_2022/votacao_candidato_munzona_2022_PA.csv" [90m-> null[0m[0m
      [31m-[0m[0m metadata                      = {} [90m-> null[0m[0m
      [31m-[0m[0m region                        = "us-east-1" [90m-> null[0m[0m
      [31m-[0m[0m server_side_encryption        = "AES256" [90m-> null[0m[0m
      [31m-[0m[0m source                        = "./../dados/raw/tse/votacao_candidato_munzona/ano_2022/votacao_candidato_munzona_2022_PA.csv" [90m-> null[0m[0m
      [31m-[0m[0m storage_class                 = "STANDARD" [90m-> null[0m[0m
      [31m-[0m[0m tags                          = {} [90m-> null[0m[0m
      [31m-[0m[0m tags_all                      = {
          [31m-[0m[0m "grupo"   = "g06"
          [31m-[0m[0m "projeto" = "engenharia-de-dados"
          [31m-[0m[0m "turma"   = "eda262"
        } [90m-> null[0m[0m
        [90m# (14 unchanged attributes hidden)[0m[0m
    }

[1m  # module.lake.aws_s3_object.raw["tse/votacao_candidato_munzona/ano_2022/votacao_candidato_munzona_2022_PB.csv"][0m will be [1m[31mdestroyed[0m
[0m  [31m-[0m[0m resource "aws_s3_object" "raw" {
      [31m-[0m[0m arn                           = "arn:aws:s3:::eda262-g06-lake-raw-325583868777/tse/votacao_candidato_munzona/ano_2022/votacao_candidato_munzona_2022_PB.csv" [90m-> null[0m[0m
      [31m-[0m[0m bucket                        = "eda262-g06-lake-raw-325583868777" [90m-> null[0m[0m
      [31m-[0m[0m bucket_key_enabled            = false [90m-> null[0m[0m
      [31m-[0m[0m content_type                  = "text/csv; charset=iso-8859-1" [90m-> null[0m[0m
      [31m-[0m[0m etag                          = "3657c422904b47c24048b0276a72c206" [90m-> null[0m[0m
      [31m-[0m[0m force_destroy                 = false [90m-> null[0m[0m
      [31m-[0m[0m id                            = "eda262-g06-lake-raw-325583868777/tse/votacao_candidato_munzona/ano_2022/votacao_candidato_munzona_2022_PB.csv" [90m-> null[0m[0m
      [31m-[0m[0m key                           = "tse/votacao_candidato_munzona/ano_2022/votacao_candidato_munzona_2022_PB.csv" [90m-> null[0m[0m
      [31m-[0m[0m metadata                      = {} [90m-> null[0m[0m
      [31m-[0m[0m region                        = "us-east-1" [90m-> null[0m[0m
      [31m-[0m[0m server_side_encryption        = "AES256" [90m-> null[0m[0m
      [31m-[0m[0m source                        = "./../dados/raw/tse/votacao_candidato_munzona/ano_2022/votacao_candidato_munzona_2022_PB.csv" [90m-> null[0m[0m
      [31m-[0m[0m storage_class                 = "STANDARD" [90m-> null[0m[0m
      [31m-[0m[0m tags                          = {} [90m-> null[0m[0m
      [31m-[0m[0m tags_all                      = {
          [31m-[0m[0m "grupo"   = "g06"
          [31m-[0m[0m "projeto" = "engenharia-de-dados"
          [31m-[0m[0m "turma"   = "eda262"
        } [90m-> null[0m[0m
        [90m# (14 unchanged attributes hidden)[0m[0m
    }

[1m  # module.lake.aws_s3_object.raw["tse/votacao_candidato_munzona/ano_2022/votacao_candidato_munzona_2022_PE.csv"][0m will be [1m[31mdestroyed[0m
[0m  [31m-[0m[0m resource "aws_s3_object" "raw" {
      [31m-[0m[0m arn                           = "arn:aws:s3:::eda262-g06-lake-raw-325583868777/tse/votacao_candidato_munzona/ano_2022/votacao_candidato_munzona_2022_PE.csv" [90m-> null[0m[0m
      [31m-[0m[0m bucket                        = "eda262-g06-lake-raw-325583868777" [90m-> null[0m[0m
      [31m-[0m[0m bucket_key_enabled            = false [90m-> null[0m[0m
      [31m-[0m[0m content_type                  = "text/csv; charset=iso-8859-1" [90m-> null[0m[0m
      [31m-[0m[0m etag                          = "2cfe37508e7dfb551aaef6088ad4f88d" [90m-> null[0m[0m
      [31m-[0m[0m force_destroy                 = false [90m-> null[0m[0m
      [31m-[0m[0m id                            = "eda262-g06-lake-raw-325583868777/tse/votacao_candidato_munzona/ano_2022/votacao_candidato_munzona_2022_PE.csv" [90m-> null[0m[0m
      [31m-[0m[0m key                           = "tse/votacao_candidato_munzona/ano_2022/votacao_candidato_munzona_2022_PE.csv" [90m-> null[0m[0m
      [31m-[0m[0m metadata                      = {} [90m-> null[0m[0m
      [31m-[0m[0m region                        = "us-east-1" [90m-> null[0m[0m
      [31m-[0m[0m server_side_encryption        = "AES256" [90m-> null[0m[0m
      [31m-[0m[0m source                        = "./../dados/raw/tse/votacao_candidato_munzona/ano_2022/votacao_candidato_munzona_2022_PE.csv" [90m-> null[0m[0m
      [31m-[0m[0m storage_class                 = "STANDARD" [90m-> null[0m[0m
      [31m-[0m[0m tags                          = {} [90m-> null[0m[0m
      [31m-[0m[0m tags_all                      = {
          [31m-[0m[0m "grupo"   = "g06"
          [31m-[0m[0m "projeto" = "engenharia-de-dados"
          [31m-[0m[0m "turma"   = "eda262"
        } [90m-> null[0m[0m
        [90m# (14 unchanged attributes hidden)[0m[0m
    }

[1m  # module.lake.aws_s3_object.raw["tse/votacao_candidato_munzona/ano_2022/votacao_candidato_munzona_2022_PI.csv"][0m will be [1m[31mdestroyed[0m
[0m  [31m-[0m[0m resource "aws_s3_object" "raw" {
      [31m-[0m[0m arn                           = "arn:aws:s3:::eda262-g06-lake-raw-325583868777/tse/votacao_candidato_munzona/ano_2022/votacao_candidato_munzona_2022_PI.csv" [90m-> null[0m[0m
      [31m-[0m[0m bucket                        = "eda262-g06-lake-raw-325583868777" [90m-> null[0m[0m
      [31m-[0m[0m bucket_key_enabled            = false [90m-> null[0m[0m
      [31m-[0m[0m content_type                  = "text/csv; charset=iso-8859-1" [90m-> null[0m[0m
      [31m-[0m[0m etag                          = "5e6089ffecc28b242930f2b550566025" [90m-> null[0m[0m
      [31m-[0m[0m force_destroy                 = false [90m-> null[0m[0m
      [31m-[0m[0m id                            = "eda262-g06-lake-raw-325583868777/tse/votacao_candidato_munzona/ano_2022/votacao_candidato_munzona_2022_PI.csv" [90m-> null[0m[0m
      [31m-[0m[0m key                           = "tse/votacao_candidato_munzona/ano_2022/votacao_candidato_munzona_2022_PI.csv" [90m-> null[0m[0m
      [31m-[0m[0m metadata                      = {} [90m-> null[0m[0m
      [31m-[0m[0m region                        = "us-east-1" [90m-> null[0m[0m
      [31m-[0m[0m server_side_encryption        = "AES256" [90m-> null[0m[0m
      [31m-[0m[0m source                        = "./../dados/raw/tse/votacao_candidato_munzona/ano_2022/votacao_candidato_munzona_2022_PI.csv" [90m-> null[0m[0m
      [31m-[0m[0m storage_class                 = "STANDARD" [90m-> null[0m[0m
      [31m-[0m[0m tags                          = {} [90m-> null[0m[0m
      [31m-[0m[0m tags_all                      = {
          [31m-[0m[0m "grupo"   = "g06"
          [31m-[0m[0m "projeto" = "engenharia-de-dados"
          [31m-[0m[0m "turma"   = "eda262"
        } [90m-> null[0m[0m
        [90m# (14 unchanged attributes hidden)[0m[0m
    }

[1m  # module.lake.aws_s3_object.raw["tse/votacao_candidato_munzona/ano_2022/votacao_candidato_munzona_2022_PR.csv"][0m will be [1m[31mdestroyed[0m
[0m  [31m-[0m[0m resource "aws_s3_object" "raw" {
      [31m-[0m[0m arn                           = "arn:aws:s3:::eda262-g06-lake-raw-325583868777/tse/votacao_candidato_munzona/ano_2022/votacao_candidato_munzona_2022_PR.csv" [90m-> null[0m[0m
      [31m-[0m[0m bucket                        = "eda262-g06-lake-raw-325583868777" [90m-> null[0m[0m
      [31m-[0m[0m bucket_key_enabled            = false [90m-> null[0m[0m
      [31m-[0m[0m content_type                  = "text/csv; charset=iso-8859-1" [90m-> null[0m[0m
      [31m-[0m[0m etag                          = "519402c19279308b62bee6f037b3541b-2" [90m-> null[0m[0m
      [31m-[0m[0m force_destroy                 = false [90m-> null[0m[0m
      [31m-[0m[0m id                            = "eda262-g06-lake-raw-325583868777/tse/votacao_candidato_munzona/ano_2022/votacao_candidato_munzona_2022_PR.csv" [90m-> null[0m[0m
      [31m-[0m[0m key                           = "tse/votacao_candidato_munzona/ano_2022/votacao_candidato_munzona_2022_PR.csv" [90m-> null[0m[0m
      [31m-[0m[0m metadata                      = {} [90m-> null[0m[0m
      [31m-[0m[0m region                        = "us-east-1" [90m-> null[0m[0m
      [31m-[0m[0m server_side_encryption        = "AES256" [90m-> null[0m[0m
      [31m-[0m[0m source                        = "./../dados/raw/tse/votacao_candidato_munzona/ano_2022/votacao_candidato_munzona_2022_PR.csv" [90m-> null[0m[0m
      [31m-[0m[0m storage_class                 = "STANDARD" [90m-> null[0m[0m
      [31m-[0m[0m tags                          = {} [90m-> null[0m[0m
      [31m-[0m[0m tags_all                      = {
          [31m-[0m[0m "grupo"   = "g06"
          [31m-[0m[0m "projeto" = "engenharia-de-dados"
          [31m-[0m[0m "turma"   = "eda262"
        } [90m-> null[0m[0m
        [90m# (14 unchanged attributes hidden)[0m[0m
    }

[1m  # module.lake.aws_s3_object.raw["tse/votacao_candidato_munzona/ano_2022/votacao_candidato_munzona_2022_RJ.csv"][0m will be [1m[31mdestroyed[0m
[0m  [31m-[0m[0m resource "aws_s3_object" "raw" {
      [31m-[0m[0m arn                           = "arn:aws:s3:::eda262-g06-lake-raw-325583868777/tse/votacao_candidato_munzona/ano_2022/votacao_candidato_munzona_2022_RJ.csv" [90m-> null[0m[0m
      [31m-[0m[0m bucket                        = "eda262-g06-lake-raw-325583868777" [90m-> null[0m[0m
      [31m-[0m[0m bucket_key_enabled            = false [90m-> null[0m[0m
      [31m-[0m[0m content_type                  = "text/csv; charset=iso-8859-1" [90m-> null[0m[0m
      [31m-[0m[0m etag                          = "52a170387c139929ee2eb8e03ee352be" [90m-> null[0m[0m
      [31m-[0m[0m force_destroy                 = false [90m-> null[0m[0m
      [31m-[0m[0m id                            = "eda262-g06-lake-raw-325583868777/tse/votacao_candidato_munzona/ano_2022/votacao_candidato_munzona_2022_RJ.csv" [90m-> null[0m[0m
      [31m-[0m[0m key                           = "tse/votacao_candidato_munzona/ano_2022/votacao_candidato_munzona_2022_RJ.csv" [90m-> null[0m[0m
      [31m-[0m[0m metadata                      = {} [90m-> null[0m[0m
      [31m-[0m[0m region                        = "us-east-1" [90m-> null[0m[0m
      [31m-[0m[0m server_side_encryption        = "AES256" [90m-> null[0m[0m
      [31m-[0m[0m source                        = "./../dados/raw/tse/votacao_candidato_munzona/ano_2022/votacao_candidato_munzona_2022_RJ.csv" [90m-> null[0m[0m
      [31m-[0m[0m storage_class                 = "STANDARD" [90m-> null[0m[0m
      [31m-[0m[0m tags                          = {} [90m-> null[0m[0m
      [31m-[0m[0m tags_all                      = {
          [31m-[0m[0m "grupo"   = "g06"
          [31m-[0m[0m "projeto" = "engenharia-de-dados"
          [31m-[0m[0m "turma"   = "eda262"
        } [90m-> null[0m[0m
        [90m# (14 unchanged attributes hidden)[0m[0m
    }

[1m  # module.lake.aws_s3_object.raw["tse/votacao_candidato_munzona/ano_2022/votacao_candidato_munzona_2022_RN.csv"][0m will be [1m[31mdestroyed[0m
[0m  [31m-[0m[0m resource "aws_s3_object" "raw" {
      [31m-[0m[0m arn                           = "arn:aws:s3:::eda262-g06-lake-raw-325583868777/tse/votacao_candidato_munzona/ano_2022/votacao_candidato_munzona_2022_RN.csv" [90m-> null[0m[0m
      [31m-[0m[0m bucket                        = "eda262-g06-lake-raw-325583868777" [90m-> null[0m[0m
      [31m-[0m[0m bucket_key_enabled            = false [90m-> null[0m[0m
      [31m-[0m[0m content_type                  = "text/csv; charset=iso-8859-1" [90m-> null[0m[0m
      [31m-[0m[0m etag                          = "e67c65e2d152df6bf29c0b07f5a0479e" [90m-> null[0m[0m
      [31m-[0m[0m force_destroy                 = false [90m-> null[0m[0m
      [31m-[0m[0m id                            = "eda262-g06-lake-raw-325583868777/tse/votacao_candidato_munzona/ano_2022/votacao_candidato_munzona_2022_RN.csv" [90m-> null[0m[0m
      [31m-[0m[0m key                           = "tse/votacao_candidato_munzona/ano_2022/votacao_candidato_munzona_2022_RN.csv" [90m-> null[0m[0m
      [31m-[0m[0m metadata                      = {} [90m-> null[0m[0m
      [31m-[0m[0m region                        = "us-east-1" [90m-> null[0m[0m
      [31m-[0m[0m server_side_encryption        = "AES256" [90m-> null[0m[0m
      [31m-[0m[0m source                        = "./../dados/raw/tse/votacao_candidato_munzona/ano_2022/votacao_candidato_munzona_2022_RN.csv" [90m-> null[0m[0m
      [31m-[0m[0m storage_class                 = "STANDARD" [90m-> null[0m[0m
      [31m-[0m[0m tags                          = {} [90m-> null[0m[0m
      [31m-[0m[0m tags_all                      = {
          [31m-[0m[0m "grupo"   = "g06"
          [31m-[0m[0m "projeto" = "engenharia-de-dados"
          [31m-[0m[0m "turma"   = "eda262"
        } [90m-> null[0m[0m
        [90m# (14 unchanged attributes hidden)[0m[0m
    }

[1m  # module.lake.aws_s3_object.raw["tse/votacao_candidato_munzona/ano_2022/votacao_candidato_munzona_2022_RO.csv"][0m will be [1m[31mdestroyed[0m
[0m  [31m-[0m[0m resource "aws_s3_object" "raw" {
      [31m-[0m[0m arn                           = "arn:aws:s3:::eda262-g06-lake-raw-325583868777/tse/votacao_candidato_munzona/ano_2022/votacao_candidato_munzona_2022_RO.csv" [90m-> null[0m[0m
      [31m-[0m[0m bucket                        = "eda262-g06-lake-raw-325583868777" [90m-> null[0m[0m
      [31m-[0m[0m bucket_key_enabled            = false [90m-> null[0m[0m
      [31m-[0m[0m content_type                  = "text/csv; charset=iso-8859-1" [90m-> null[0m[0m
      [31m-[0m[0m etag                          = "fe1fc41ca982c53a2a0605c9c3031eb2" [90m-> null[0m[0m
      [31m-[0m[0m force_destroy                 = false [90m-> null[0m[0m
      [31m-[0m[0m id                            = "eda262-g06-lake-raw-325583868777/tse/votacao_candidato_munzona/ano_2022/votacao_candidato_munzona_2022_RO.csv" [90m-> null[0m[0m
      [31m-[0m[0m key                           = "tse/votacao_candidato_munzona/ano_2022/votacao_candidato_munzona_2022_RO.csv" [90m-> null[0m[0m
      [31m-[0m[0m metadata                      = {} [90m-> null[0m[0m
      [31m-[0m[0m region                        = "us-east-1" [90m-> null[0m[0m
      [31m-[0m[0m server_side_encryption        = "AES256" [90m-> null[0m[0m
      [31m-[0m[0m source                        = "./../dados/raw/tse/votacao_candidato_munzona/ano_2022/votacao_candidato_munzona_2022_RO.csv" [90m-> null[0m[0m
      [31m-[0m[0m storage_class                 = "STANDARD" [90m-> null[0m[0m
      [31m-[0m[0m tags                          = {} [90m-> null[0m[0m
      [31m-[0m[0m tags_all                      = {
          [31m-[0m[0m "grupo"   = "g06"
          [31m-[0m[0m "projeto" = "engenharia-de-dados"
          [31m-[0m[0m "turma"   = "eda262"
        } [90m-> null[0m[0m
        [90m# (14 unchanged attributes hidden)[0m[0m
    }

[1m  # module.lake.aws_s3_object.raw["tse/votacao_candidato_munzona/ano_2022/votacao_candidato_munzona_2022_RR.csv"][0m will be [1m[31mdestroyed[0m
[0m  [31m-[0m[0m resource "aws_s3_object" "raw" {
      [31m-[0m[0m arn                           = "arn:aws:s3:::eda262-g06-lake-raw-325583868777/tse/votacao_candidato_munzona/ano_2022/votacao_candidato_munzona_2022_RR.csv" [90m-> null[0m[0m
      [31m-[0m[0m bucket                        = "eda262-g06-lake-raw-325583868777" [90m-> null[0m[0m
      [31m-[0m[0m bucket_key_enabled            = false [90m-> null[0m[0m
      [31m-[0m[0m content_type                  = "text/csv; charset=iso-8859-1" [90m-> null[0m[0m
      [31m-[0m[0m etag                          = "77e1f8e508968f583e1ba8a4e5383278" [90m-> null[0m[0m
      [31m-[0m[0m force_destroy                 = false [90m-> null[0m[0m
      [31m-[0m[0m id                            = "eda262-g06-lake-raw-325583868777/tse/votacao_candidato_munzona/ano_2022/votacao_candidato_munzona_2022_RR.csv" [90m-> null[0m[0m
      [31m-[0m[0m key                           = "tse/votacao_candidato_munzona/ano_2022/votacao_candidato_munzona_2022_RR.csv" [90m-> null[0m[0m
      [31m-[0m[0m metadata                      = {} [90m-> null[0m[0m
      [31m-[0m[0m region                        = "us-east-1" [90m-> null[0m[0m
      [31m-[0m[0m server_side_encryption        = "AES256" [90m-> null[0m[0m
      [31m-[0m[0m source                        = "./../dados/raw/tse/votacao_candidato_munzona/ano_2022/votacao_candidato_munzona_2022_RR.csv" [90m-> null[0m[0m
      [31m-[0m[0m storage_class                 = "STANDARD" [90m-> null[0m[0m
      [31m-[0m[0m tags                          = {} [90m-> null[0m[0m
      [31m-[0m[0m tags_all                      = {
          [31m-[0m[0m "grupo"   = "g06"
          [31m-[0m[0m "projeto" = "engenharia-de-dados"
          [31m-[0m[0m "turma"   = "eda262"
        } [90m-> null[0m[0m
        [90m# (14 unchanged attributes hidden)[0m[0m
    }

[1m  # module.lake.aws_s3_object.raw["tse/votacao_candidato_munzona/ano_2022/votacao_candidato_munzona_2022_RS.csv"][0m will be [1m[31mdestroyed[0m
[0m  [31m-[0m[0m resource "aws_s3_object" "raw" {
      [31m-[0m[0m arn                           = "arn:aws:s3:::eda262-g06-lake-raw-325583868777/tse/votacao_candidato_munzona/ano_2022/votacao_candidato_munzona_2022_RS.csv" [90m-> null[0m[0m
      [31m-[0m[0m bucket                        = "eda262-g06-lake-raw-325583868777" [90m-> null[0m[0m
      [31m-[0m[0m bucket_key_enabled            = false [90m-> null[0m[0m
      [31m-[0m[0m content_type                  = "text/csv; charset=iso-8859-1" [90m-> null[0m[0m
      [31m-[0m[0m etag                          = "9b089fab4c761f9756238b1729b331bf-2" [90m-> null[0m[0m
      [31m-[0m[0m force_destroy                 = false [90m-> null[0m[0m
      [31m-[0m[0m id                            = "eda262-g06-lake-raw-325583868777/tse/votacao_candidato_munzona/ano_2022/votacao_candidato_munzona_2022_RS.csv" [90m-> null[0m[0m
      [31m-[0m[0m key                           = "tse/votacao_candidato_munzona/ano_2022/votacao_candidato_munzona_2022_RS.csv" [90m-> null[0m[0m
      [31m-[0m[0m metadata                      = {} [90m-> null[0m[0m
      [31m-[0m[0m region                        = "us-east-1" [90m-> null[0m[0m
      [31m-[0m[0m server_side_encryption        = "AES256" [90m-> null[0m[0m
      [31m-[0m[0m source                        = "./../dados/raw/tse/votacao_candidato_munzona/ano_2022/votacao_candidato_munzona_2022_RS.csv" [90m-> null[0m[0m
      [31m-[0m[0m storage_class                 = "STANDARD" [90m-> null[0m[0m
      [31m-[0m[0m tags                          = {} [90m-> null[0m[0m
      [31m-[0m[0m tags_all                      = {
          [31m-[0m[0m "grupo"   = "g06"
          [31m-[0m[0m "projeto" = "engenharia-de-dados"
          [31m-[0m[0m "turma"   = "eda262"
        } [90m-> null[0m[0m
        [90m# (14 unchanged attributes hidden)[0m[0m
    }

[1m  # module.lake.aws_s3_object.raw["tse/votacao_candidato_munzona/ano_2022/votacao_candidato_munzona_2022_SC.csv"][0m will be [1m[31mdestroyed[0m
[0m  [31m-[0m[0m resource "aws_s3_object" "raw" {
      [31m-[0m[0m arn                           = "arn:aws:s3:::eda262-g06-lake-raw-325583868777/tse/votacao_candidato_munzona/ano_2022/votacao_candidato_munzona_2022_SC.csv" [90m-> null[0m[0m
      [31m-[0m[0m bucket                        = "eda262-g06-lake-raw-325583868777" [90m-> null[0m[0m
      [31m-[0m[0m bucket_key_enabled            = false [90m-> null[0m[0m
      [31m-[0m[0m content_type                  = "text/csv; charset=iso-8859-1" [90m-> null[0m[0m
      [31m-[0m[0m etag                          = "1c2af19307144ca6d26ba15d0ceafd58" [90m-> null[0m[0m
      [31m-[0m[0m force_destroy                 = false [90m-> null[0m[0m
      [31m-[0m[0m id                            = "eda262-g06-lake-raw-325583868777/tse/votacao_candidato_munzona/ano_2022/votacao_candidato_munzona_2022_SC.csv" [90m-> null[0m[0m
      [31m-[0m[0m key                           = "tse/votacao_candidato_munzona/ano_2022/votacao_candidato_munzona_2022_SC.csv" [90m-> null[0m[0m
      [31m-[0m[0m metadata                      = {} [90m-> null[0m[0m
      [31m-[0m[0m region                        = "us-east-1" [90m-> null[0m[0m
      [31m-[0m[0m server_side_encryption        = "AES256" [90m-> null[0m[0m
      [31m-[0m[0m source                        = "./../dados/raw/tse/votacao_candidato_munzona/ano_2022/votacao_candidato_munzona_2022_SC.csv" [90m-> null[0m[0m
      [31m-[0m[0m storage_class                 = "STANDARD" [90m-> null[0m[0m
      [31m-[0m[0m tags                          = {} [90m-> null[0m[0m
      [31m-[0m[0m tags_all                      = {
          [31m-[0m[0m "grupo"   = "g06"
          [31m-[0m[0m "projeto" = "engenharia-de-dados"
          [31m-[0m[0m "turma"   = "eda262"
        } [90m-> null[0m[0m
        [90m# (14 unchanged attributes hidden)[0m[0m
    }

[1m  # module.lake.aws_s3_object.raw["tse/votacao_candidato_munzona/ano_2022/votacao_candidato_munzona_2022_SE.csv"][0m will be [1m[31mdestroyed[0m
[0m  [31m-[0m[0m resource "aws_s3_object" "raw" {
      [31m-[0m[0m arn                           = "arn:aws:s3:::eda262-g06-lake-raw-325583868777/tse/votacao_candidato_munzona/ano_2022/votacao_candidato_munzona_2022_SE.csv" [90m-> null[0m[0m
      [31m-[0m[0m bucket                        = "eda262-g06-lake-raw-325583868777" [90m-> null[0m[0m
      [31m-[0m[0m bucket_key_enabled            = false [90m-> null[0m[0m
      [31m-[0m[0m content_type                  = "text/csv; charset=iso-8859-1" [90m-> null[0m[0m
      [31m-[0m[0m etag                          = "4475d2cd2c67250b93508b7c8b2cf382" [90m-> null[0m[0m
      [31m-[0m[0m force_destroy                 = false [90m-> null[0m[0m
      [31m-[0m[0m id                            = "eda262-g06-lake-raw-325583868777/tse/votacao_candidato_munzona/ano_2022/votacao_candidato_munzona_2022_SE.csv" [90m-> null[0m[0m
      [31m-[0m[0m key                           = "tse/votacao_candidato_munzona/ano_2022/votacao_candidato_munzona_2022_SE.csv" [90m-> null[0m[0m
      [31m-[0m[0m metadata                      = {} [90m-> null[0m[0m
      [31m-[0m[0m region                        = "us-east-1" [90m-> null[0m[0m
      [31m-[0m[0m server_side_encryption        = "AES256" [90m-> null[0m[0m
      [31m-[0m[0m source                        = "./../dados/raw/tse/votacao_candidato_munzona/ano_2022/votacao_candidato_munzona_2022_SE.csv" [90m-> null[0m[0m
      [31m-[0m[0m storage_class                 = "STANDARD" [90m-> null[0m[0m
      [31m-[0m[0m tags                          = {} [90m-> null[0m[0m
      [31m-[0m[0m tags_all                      = {
          [31m-[0m[0m "grupo"   = "g06"
          [31m-[0m[0m "projeto" = "engenharia-de-dados"
          [31m-[0m[0m "turma"   = "eda262"
        } [90m-> null[0m[0m
        [90m# (14 unchanged attributes hidden)[0m[0m
    }

[1m  # module.lake.aws_s3_object.raw["tse/votacao_candidato_munzona/ano_2022/votacao_candidato_munzona_2022_SP.csv"][0m will be [1m[31mdestroyed[0m
[0m  [31m-[0m[0m resource "aws_s3_object" "raw" {
      [31m-[0m[0m arn                           = "arn:aws:s3:::eda262-g06-lake-raw-325583868777/tse/votacao_candidato_munzona/ano_2022/votacao_candidato_munzona_2022_SP.csv" [90m-> null[0m[0m
      [31m-[0m[0m bucket                        = "eda262-g06-lake-raw-325583868777" [90m-> null[0m[0m
      [31m-[0m[0m bucket_key_enabled            = false [90m-> null[0m[0m
      [31m-[0m[0m content_type                  = "text/csv; charset=iso-8859-1" [90m-> null[0m[0m
      [31m-[0m[0m etag                          = "89ae0b7e61be8bd3b4e6c4819980529b-3" [90m-> null[0m[0m
      [31m-[0m[0m force_destroy                 = false [90m-> null[0m[0m
      [31m-[0m[0m id                            = "eda262-g06-lake-raw-325583868777/tse/votacao_candidato_munzona/ano_2022/votacao_candidato_munzona_2022_SP.csv" [90m-> null[0m[0m
      [31m-[0m[0m key                           = "tse/votacao_candidato_munzona/ano_2022/votacao_candidato_munzona_2022_SP.csv" [90m-> null[0m[0m
      [31m-[0m[0m metadata                      = {} [90m-> null[0m[0m
      [31m-[0m[0m region                        = "us-east-1" [90m-> null[0m[0m
      [31m-[0m[0m server_side_encryption        = "AES256" [90m-> null[0m[0m
      [31m-[0m[0m source                        = "./../dados/raw/tse/votacao_candidato_munzona/ano_2022/votacao_candidato_munzona_2022_SP.csv" [90m-> null[0m[0m
      [31m-[0m[0m storage_class                 = "STANDARD" [90m-> null[0m[0m
      [31m-[0m[0m tags                          = {} [90m-> null[0m[0m
      [31m-[0m[0m tags_all                      = {
          [31m-[0m[0m "grupo"   = "g06"
          [31m-[0m[0m "projeto" = "engenharia-de-dados"
          [31m-[0m[0m "turma"   = "eda262"
        } [90m-> null[0m[0m
        [90m# (14 unchanged attributes hidden)[0m[0m
    }

[1m  # module.lake.aws_s3_object.raw["tse/votacao_candidato_munzona/ano_2022/votacao_candidato_munzona_2022_TO.csv"][0m will be [1m[31mdestroyed[0m
[0m  [31m-[0m[0m resource "aws_s3_object" "raw" {
      [31m-[0m[0m arn                           = "arn:aws:s3:::eda262-g06-lake-raw-325583868777/tse/votacao_candidato_munzona/ano_2022/votacao_candidato_munzona_2022_TO.csv" [90m-> null[0m[0m
      [31m-[0m[0m bucket                        = "eda262-g06-lake-raw-325583868777" [90m-> null[0m[0m
      [31m-[0m[0m bucket_key_enabled            = false [90m-> null[0m[0m
      [31m-[0m[0m content_type                  = "text/csv; charset=iso-8859-1" [90m-> null[0m[0m
      [31m-[0m[0m etag                          = "d20d0c37a3296949b2092f4107985f02" [90m-> null[0m[0m
      [31m-[0m[0m force_destroy                 = false [90m-> null[0m[0m
      [31m-[0m[0m id                            = "eda262-g06-lake-raw-325583868777/tse/votacao_candidato_munzona/ano_2022/votacao_candidato_munzona_2022_TO.csv" [90m-> null[0m[0m
      [31m-[0m[0m key                           = "tse/votacao_candidato_munzona/ano_2022/votacao_candidato_munzona_2022_TO.csv" [90m-> null[0m[0m
      [31m-[0m[0m metadata                      = {} [90m-> null[0m[0m
      [31m-[0m[0m region                        = "us-east-1" [90m-> null[0m[0m
      [31m-[0m[0m server_side_encryption        = "AES256" [90m-> null[0m[0m
      [31m-[0m[0m source                        = "./../dados/raw/tse/votacao_candidato_munzona/ano_2022/votacao_candidato_munzona_2022_TO.csv" [90m-> null[0m[0m
      [31m-[0m[0m storage_class                 = "STANDARD" [90m-> null[0m[0m
      [31m-[0m[0m tags                          = {} [90m-> null[0m[0m
      [31m-[0m[0m tags_all                      = {
          [31m-[0m[0m "grupo"   = "g06"
          [31m-[0m[0m "projeto" = "engenharia-de-dados"
          [31m-[0m[0m "turma"   = "eda262"
        } [90m-> null[0m[0m
        [90m# (14 unchanged attributes hidden)[0m[0m
    }

[1m  # module.lake.aws_s3_object.raw["tse/votacao_candidato_munzona/ano_2022/votacao_candidato_munzona_2022_ZZ.csv"][0m will be [1m[31mdestroyed[0m
[0m  [31m-[0m[0m resource "aws_s3_object" "raw" {
      [31m-[0m[0m arn                           = "arn:aws:s3:::eda262-g06-lake-raw-325583868777/tse/votacao_candidato_munzona/ano_2022/votacao_candidato_munzona_2022_ZZ.csv" [90m-> null[0m[0m
      [31m-[0m[0m bucket                        = "eda262-g06-lake-raw-325583868777" [90m-> null[0m[0m
      [31m-[0m[0m bucket_key_enabled            = false [90m-> null[0m[0m
      [31m-[0m[0m content_type                  = "text/csv; charset=iso-8859-1" [90m-> null[0m[0m
      [31m-[0m[0m etag                          = "9dadf3ba897cd8086f3d8433cd6e10bb" [90m-> null[0m[0m
      [31m-[0m[0m force_destroy                 = false [90m-> null[0m[0m
      [31m-[0m[0m id                            = "eda262-g06-lake-raw-325583868777/tse/votacao_candidato_munzona/ano_2022/votacao_candidato_munzona_2022_ZZ.csv" [90m-> null[0m[0m
      [31m-[0m[0m key                           = "tse/votacao_candidato_munzona/ano_2022/votacao_candidato_munzona_2022_ZZ.csv" [90m-> null[0m[0m
      [31m-[0m[0m metadata                      = {} [90m-> null[0m[0m
      [31m-[0m[0m region                        = "us-east-1" [90m-> null[0m[0m
      [31m-[0m[0m server_side_encryption        = "AES256" [90m-> null[0m[0m
      [31m-[0m[0m source                        = "./../dados/raw/tse/votacao_candidato_munzona/ano_2022/votacao_candidato_munzona_2022_ZZ.csv" [90m-> null[0m[0m
      [31m-[0m[0m storage_class                 = "STANDARD" [90m-> null[0m[0m
      [31m-[0m[0m tags                          = {} [90m-> null[0m[0m
      [31m-[0m[0m tags_all                      = {
          [31m-[0m[0m "grupo"   = "g06"
          [31m-[0m[0m "projeto" = "engenharia-de-dados"
          [31m-[0m[0m "turma"   = "eda262"
        } [90m-> null[0m[0m
        [90m# (14 unchanged attributes hidden)[0m[0m
    }

[1m  # module.lake.aws_s3_object.trusted["votos_validos_zona/votos_validos_zona_2018_AC.tsv"][0m will be [1m[31mdestroyed[0m
[0m  [31m-[0m[0m resource "aws_s3_object" "trusted" {
      [31m-[0m[0m arn                           = "arn:aws:s3:::eda262-g06-lake-trusted-325583868777/votos_validos_zona/votos_validos_zona_2018_AC.tsv" [90m-> null[0m[0m
      [31m-[0m[0m bucket                        = "eda262-g06-lake-trusted-325583868777" [90m-> null[0m[0m
      [31m-[0m[0m bucket_key_enabled            = false [90m-> null[0m[0m
      [31m-[0m[0m content_type                  = "text/tab-separated-values; charset=utf-8" [90m-> null[0m[0m
      [31m-[0m[0m etag                          = "e8aaa9f359e4b587bc2c4a49aaa95a2e" [90m-> null[0m[0m
      [31m-[0m[0m force_destroy                 = false [90m-> null[0m[0m
      [31m-[0m[0m id                            = "eda262-g06-lake-trusted-325583868777/votos_validos_zona/votos_validos_zona_2018_AC.tsv" [90m-> null[0m[0m
      [31m-[0m[0m key                           = "votos_validos_zona/votos_validos_zona_2018_AC.tsv" [90m-> null[0m[0m
      [31m-[0m[0m metadata                      = {} [90m-> null[0m[0m
      [31m-[0m[0m region                        = "us-east-1" [90m-> null[0m[0m
      [31m-[0m[0m server_side_encryption        = "AES256" [90m-> null[0m[0m
      [31m-[0m[0m source                        = "./../dados/trusted/votos_validos_zona/votos_validos_zona_2018_AC.tsv" [90m-> null[0m[0m
      [31m-[0m[0m storage_class                 = "STANDARD" [90m-> null[0m[0m
      [31m-[0m[0m tags                          = {} [90m-> null[0m[0m
      [31m-[0m[0m tags_all                      = {
          [31m-[0m[0m "grupo"   = "g06"
          [31m-[0m[0m "projeto" = "engenharia-de-dados"
          [31m-[0m[0m "turma"   = "eda262"
        } [90m-> null[0m[0m
        [90m# (14 unchanged attributes hidden)[0m[0m
    }

[1m  # module.lake.aws_s3_object.trusted["votos_validos_zona/votos_validos_zona_2018_AL.tsv"][0m will be [1m[31mdestroyed[0m
[0m  [31m-[0m[0m resource "aws_s3_object" "trusted" {
      [31m-[0m[0m arn                           = "arn:aws:s3:::eda262-g06-lake-trusted-325583868777/votos_validos_zona/votos_validos_zona_2018_AL.tsv" [90m-> null[0m[0m
      [31m-[0m[0m bucket                        = "eda262-g06-lake-trusted-325583868777" [90m-> null[0m[0m
      [31m-[0m[0m bucket_key_enabled            = false [90m-> null[0m[0m
      [31m-[0m[0m content_type                  = "text/tab-separated-values; charset=utf-8" [90m-> null[0m[0m
      [31m-[0m[0m etag                          = "6c924706c1c0d9a39db45f96f2e6968e" [90m-> null[0m[0m
      [31m-[0m[0m force_destroy                 = false [90m-> null[0m[0m
      [31m-[0m[0m id                            = "eda262-g06-lake-trusted-325583868777/votos_validos_zona/votos_validos_zona_2018_AL.tsv" [90m-> null[0m[0m
      [31m-[0m[0m key                           = "votos_validos_zona/votos_validos_zona_2018_AL.tsv" [90m-> null[0m[0m
      [31m-[0m[0m metadata                      = {} [90m-> null[0m[0m
      [31m-[0m[0m region                        = "us-east-1" [90m-> null[0m[0m
      [31m-[0m[0m server_side_encryption        = "AES256" [90m-> null[0m[0m
      [31m-[0m[0m source                        = "./../dados/trusted/votos_validos_zona/votos_validos_zona_2018_AL.tsv" [90m-> null[0m[0m
      [31m-[0m[0m storage_class                 = "STANDARD" [90m-> null[0m[0m
      [31m-[0m[0m tags                          = {} [90m-> null[0m[0m
      [31m-[0m[0m tags_all                      = {
          [31m-[0m[0m "grupo"   = "g06"
          [31m-[0m[0m "projeto" = "engenharia-de-dados"
          [31m-[0m[0m "turma"   = "eda262"
        } [90m-> null[0m[0m
        [90m# (14 unchanged attributes hidden)[0m[0m
    }

[1m  # module.lake.aws_s3_object.trusted["votos_validos_zona/votos_validos_zona_2018_AM.tsv"][0m will be [1m[31mdestroyed[0m
[0m  [31m-[0m[0m resource "aws_s3_object" "trusted" {
      [31m-[0m[0m arn                           = "arn:aws:s3:::eda262-g06-lake-trusted-325583868777/votos_validos_zona/votos_validos_zona_2018_AM.tsv" [90m-> null[0m[0m
      [31m-[0m[0m bucket                        = "eda262-g06-lake-trusted-325583868777" [90m-> null[0m[0m
      [31m-[0m[0m bucket_key_enabled            = false [90m-> null[0m[0m
      [31m-[0m[0m content_type                  = "text/tab-separated-values; charset=utf-8" [90m-> null[0m[0m
      [31m-[0m[0m etag                          = "4b26e7a4b72e5c188ec4b89df6547adb" [90m-> null[0m[0m
      [31m-[0m[0m force_destroy                 = false [90m-> null[0m[0m
      [31m-[0m[0m id                            = "eda262-g06-lake-trusted-325583868777/votos_validos_zona/votos_validos_zona_2018_AM.tsv" [90m-> null[0m[0m
      [31m-[0m[0m key                           = "votos_validos_zona/votos_validos_zona_2018_AM.tsv" [90m-> null[0m[0m
      [31m-[0m[0m metadata                      = {} [90m-> null[0m[0m
      [31m-[0m[0m region                        = "us-east-1" [90m-> null[0m[0m
      [31m-[0m[0m server_side_encryption        = "AES256" [90m-> null[0m[0m
      [31m-[0m[0m source                        = "./../dados/trusted/votos_validos_zona/votos_validos_zona_2018_AM.tsv" [90m-> null[0m[0m
      [31m-[0m[0m storage_class                 = "STANDARD" [90m-> null[0m[0m
      [31m-[0m[0m tags                          = {} [90m-> null[0m[0m
      [31m-[0m[0m tags_all                      = {
          [31m-[0m[0m "grupo"   = "g06"
          [31m-[0m[0m "projeto" = "engenharia-de-dados"
          [31m-[0m[0m "turma"   = "eda262"
        } [90m-> null[0m[0m
        [90m# (14 unchanged attributes hidden)[0m[0m
    }

[1m  # module.lake.aws_s3_object.trusted["votos_validos_zona/votos_validos_zona_2018_AP.tsv"][0m will be [1m[31mdestroyed[0m
[0m  [31m-[0m[0m resource "aws_s3_object" "trusted" {
      [31m-[0m[0m arn                           = "arn:aws:s3:::eda262-g06-lake-trusted-325583868777/votos_validos_zona/votos_validos_zona_2018_AP.tsv" [90m-> null[0m[0m
      [31m-[0m[0m bucket                        = "eda262-g06-lake-trusted-325583868777" [90m-> null[0m[0m
      [31m-[0m[0m bucket_key_enabled            = false [90m-> null[0m[0m
      [31m-[0m[0m content_type                  = "text/tab-separated-values; charset=utf-8" [90m-> null[0m[0m
      [31m-[0m[0m etag                          = "d1b448cdbbf7b9cf67d463bfe814d968" [90m-> null[0m[0m
      [31m-[0m[0m force_destroy                 = false [90m-> null[0m[0m
      [31m-[0m[0m id                            = "eda262-g06-lake-trusted-325583868777/votos_validos_zona/votos_validos_zona_2018_AP.tsv" [90m-> null[0m[0m
      [31m-[0m[0m key                           = "votos_validos_zona/votos_validos_zona_2018_AP.tsv" [90m-> null[0m[0m
      [31m-[0m[0m metadata                      = {} [90m-> null[0m[0m
      [31m-[0m[0m region                        = "us-east-1" [90m-> null[0m[0m
      [31m-[0m[0m server_side_encryption        = "AES256" [90m-> null[0m[0m
      [31m-[0m[0m source                        = "./../dados/trusted/votos_validos_zona/votos_validos_zona_2018_AP.tsv" [90m-> null[0m[0m
      [31m-[0m[0m storage_class                 = "STANDARD" [90m-> null[0m[0m
      [31m-[0m[0m tags                          = {} [90m-> null[0m[0m
      [31m-[0m[0m tags_all                      = {
          [31m-[0m[0m "grupo"   = "g06"
          [31m-[0m[0m "projeto" = "engenharia-de-dados"
          [31m-[0m[0m "turma"   = "eda262"
        } [90m-> null[0m[0m
        [90m# (14 unchanged attributes hidden)[0m[0m
    }

[1m  # module.lake.aws_s3_object.trusted["votos_validos_zona/votos_validos_zona_2018_BA.tsv"][0m will be [1m[31mdestroyed[0m
[0m  [31m-[0m[0m resource "aws_s3_object" "trusted" {
      [31m-[0m[0m arn                           = "arn:aws:s3:::eda262-g06-lake-trusted-325583868777/votos_validos_zona/votos_validos_zona_2018_BA.tsv" [90m-> null[0m[0m
      [31m-[0m[0m bucket                        = "eda262-g06-lake-trusted-325583868777" [90m-> null[0m[0m
      [31m-[0m[0m bucket_key_enabled            = false [90m-> null[0m[0m
      [31m-[0m[0m content_type                  = "text/tab-separated-values; charset=utf-8" [90m-> null[0m[0m
      [31m-[0m[0m etag                          = "c6510dec90177d392badf6a71141e704" [90m-> null[0m[0m
      [31m-[0m[0m force_destroy                 = false [90m-> null[0m[0m
      [31m-[0m[0m id                            = "eda262-g06-lake-trusted-325583868777/votos_validos_zona/votos_validos_zona_2018_BA.tsv" [90m-> null[0m[0m
      [31m-[0m[0m key                           = "votos_validos_zona/votos_validos_zona_2018_BA.tsv" [90m-> null[0m[0m
      [31m-[0m[0m metadata                      = {} [90m-> null[0m[0m
      [31m-[0m[0m region                        = "us-east-1" [90m-> null[0m[0m
      [31m-[0m[0m server_side_encryption        = "AES256" [90m-> null[0m[0m
      [31m-[0m[0m source                        = "./../dados/trusted/votos_validos_zona/votos_validos_zona_2018_BA.tsv" [90m-> null[0m[0m
      [31m-[0m[0m storage_class                 = "STANDARD" [90m-> null[0m[0m
      [31m-[0m[0m tags                          = {} [90m-> null[0m[0m
      [31m-[0m[0m tags_all                      = {
          [31m-[0m[0m "grupo"   = "g06"
          [31m-[0m[0m "projeto" = "engenharia-de-dados"
          [31m-[0m[0m "turma"   = "eda262"
        } [90m-> null[0m[0m
        [90m# (14 unchanged attributes hidden)[0m[0m
    }

[1m  # module.lake.aws_s3_object.trusted["votos_validos_zona/votos_validos_zona_2018_CE.tsv"][0m will be [1m[31mdestroyed[0m
[0m  [31m-[0m[0m resource "aws_s3_object" "trusted" {
      [31m-[0m[0m arn                           = "arn:aws:s3:::eda262-g06-lake-trusted-325583868777/votos_validos_zona/votos_validos_zona_2018_CE.tsv" [90m-> null[0m[0m
      [31m-[0m[0m bucket                        = "eda262-g06-lake-trusted-325583868777" [90m-> null[0m[0m
      [31m-[0m[0m bucket_key_enabled            = false [90m-> null[0m[0m
      [31m-[0m[0m content_type                  = "text/tab-separated-values; charset=utf-8" [90m-> null[0m[0m
      [31m-[0m[0m etag                          = "84d6f3590a022e04a22770b3614c3ab1" [90m-> null[0m[0m
      [31m-[0m[0m force_destroy                 = false [90m-> null[0m[0m
      [31m-[0m[0m id                            = "eda262-g06-lake-trusted-325583868777/votos_validos_zona/votos_validos_zona_2018_CE.tsv" [90m-> null[0m[0m
      [31m-[0m[0m key                           = "votos_validos_zona/votos_validos_zona_2018_CE.tsv" [90m-> null[0m[0m
      [31m-[0m[0m metadata                      = {} [90m-> null[0m[0m
      [31m-[0m[0m region                        = "us-east-1" [90m-> null[0m[0m
      [31m-[0m[0m server_side_encryption        = "AES256" [90m-> null[0m[0m
      [31m-[0m[0m source                        = "./../dados/trusted/votos_validos_zona/votos_validos_zona_2018_CE.tsv" [90m-> null[0m[0m
      [31m-[0m[0m storage_class                 = "STANDARD" [90m-> null[0m[0m
      [31m-[0m[0m tags                          = {} [90m-> null[0m[0m
      [31m-[0m[0m tags_all                      = {
          [31m-[0m[0m "grupo"   = "g06"
          [31m-[0m[0m "projeto" = "engenharia-de-dados"
          [31m-[0m[0m "turma"   = "eda262"
        } [90m-> null[0m[0m
        [90m# (14 unchanged attributes hidden)[0m[0m
    }

[1m  # module.lake.aws_s3_object.trusted["votos_validos_zona/votos_validos_zona_2018_DF.tsv"][0m will be [1m[31mdestroyed[0m
[0m  [31m-[0m[0m resource "aws_s3_object" "trusted" {
      [31m-[0m[0m arn                           = "arn:aws:s3:::eda262-g06-lake-trusted-325583868777/votos_validos_zona/votos_validos_zona_2018_DF.tsv" [90m-> null[0m[0m
      [31m-[0m[0m bucket                        = "eda262-g06-lake-trusted-325583868777" [90m-> null[0m[0m
      [31m-[0m[0m bucket_key_enabled            = false [90m-> null[0m[0m
      [31m-[0m[0m content_type                  = "text/tab-separated-values; charset=utf-8" [90m-> null[0m[0m
      [31m-[0m[0m etag                          = "c8b95ec45fa8105f0582dcb6907b85ab" [90m-> null[0m[0m
      [31m-[0m[0m force_destroy                 = false [90m-> null[0m[0m
      [31m-[0m[0m id                            = "eda262-g06-lake-trusted-325583868777/votos_validos_zona/votos_validos_zona_2018_DF.tsv" [90m-> null[0m[0m
      [31m-[0m[0m key                           = "votos_validos_zona/votos_validos_zona_2018_DF.tsv" [90m-> null[0m[0m
      [31m-[0m[0m metadata                      = {} [90m-> null[0m[0m
      [31m-[0m[0m region                        = "us-east-1" [90m-> null[0m[0m
      [31m-[0m[0m server_side_encryption        = "AES256" [90m-> null[0m[0m
      [31m-[0m[0m source                        = "./../dados/trusted/votos_validos_zona/votos_validos_zona_2018_DF.tsv" [90m-> null[0m[0m
      [31m-[0m[0m storage_class                 = "STANDARD" [90m-> null[0m[0m
      [31m-[0m[0m tags                          = {} [90m-> null[0m[0m
      [31m-[0m[0m tags_all                      = {
          [31m-[0m[0m "grupo"   = "g06"
          [31m-[0m[0m "projeto" = "engenharia-de-dados"
          [31m-[0m[0m "turma"   = "eda262"
        } [90m-> null[0m[0m
        [90m# (14 unchanged attributes hidden)[0m[0m
    }

[1m  # module.lake.aws_s3_object.trusted["votos_validos_zona/votos_validos_zona_2018_ES.tsv"][0m will be [1m[31mdestroyed[0m
[0m  [31m-[0m[0m resource "aws_s3_object" "trusted" {
      [31m-[0m[0m arn                           = "arn:aws:s3:::eda262-g06-lake-trusted-325583868777/votos_validos_zona/votos_validos_zona_2018_ES.tsv" [90m-> null[0m[0m
      [31m-[0m[0m bucket                        = "eda262-g06-lake-trusted-325583868777" [90m-> null[0m[0m
      [31m-[0m[0m bucket_key_enabled            = false [90m-> null[0m[0m
      [31m-[0m[0m content_type                  = "text/tab-separated-values; charset=utf-8" [90m-> null[0m[0m
      [31m-[0m[0m etag                          = "5907c6fe4eec5ed92089b5dbbdb107d1" [90m-> null[0m[0m
      [31m-[0m[0m force_destroy                 = false [90m-> null[0m[0m
      [31m-[0m[0m id                            = "eda262-g06-lake-trusted-325583868777/votos_validos_zona/votos_validos_zona_2018_ES.tsv" [90m-> null[0m[0m
      [31m-[0m[0m key                           = "votos_validos_zona/votos_validos_zona_2018_ES.tsv" [90m-> null[0m[0m
      [31m-[0m[0m metadata                      = {} [90m-> null[0m[0m
      [31m-[0m[0m region                        = "us-east-1" [90m-> null[0m[0m
      [31m-[0m[0m server_side_encryption        = "AES256" [90m-> null[0m[0m
      [31m-[0m[0m source                        = "./../dados/trusted/votos_validos_zona/votos_validos_zona_2018_ES.tsv" [90m-> null[0m[0m
      [31m-[0m[0m storage_class                 = "STANDARD" [90m-> null[0m[0m
      [31m-[0m[0m tags                          = {} [90m-> null[0m[0m
      [31m-[0m[0m tags_all                      = {
          [31m-[0m[0m "grupo"   = "g06"
          [31m-[0m[0m "projeto" = "engenharia-de-dados"
          [31m-[0m[0m "turma"   = "eda262"
        } [90m-> null[0m[0m
        [90m# (14 unchanged attributes hidden)[0m[0m
    }

[1m  # module.lake.aws_s3_object.trusted["votos_validos_zona/votos_validos_zona_2018_GO.tsv"][0m will be [1m[31mdestroyed[0m
[0m  [31m-[0m[0m resource "aws_s3_object" "trusted" {
      [31m-[0m[0m arn                           = "arn:aws:s3:::eda262-g06-lake-trusted-325583868777/votos_validos_zona/votos_validos_zona_2018_GO.tsv" [90m-> null[0m[0m
      [31m-[0m[0m bucket                        = "eda262-g06-lake-trusted-325583868777" [90m-> null[0m[0m
      [31m-[0m[0m bucket_key_enabled            = false [90m-> null[0m[0m
      [31m-[0m[0m content_type                  = "text/tab-separated-values; charset=utf-8" [90m-> null[0m[0m
      [31m-[0m[0m etag                          = "036d94a7b404570a4e6e9f7fa0b47bb2" [90m-> null[0m[0m
      [31m-[0m[0m force_destroy                 = false [90m-> null[0m[0m
      [31m-[0m[0m id                            = "eda262-g06-lake-trusted-325583868777/votos_validos_zona/votos_validos_zona_2018_GO.tsv" [90m-> null[0m[0m
      [31m-[0m[0m key                           = "votos_validos_zona/votos_validos_zona_2018_GO.tsv" [90m-> null[0m[0m
      [31m-[0m[0m metadata                      = {} [90m-> null[0m[0m
      [31m-[0m[0m region                        = "us-east-1" [90m-> null[0m[0m
      [31m-[0m[0m server_side_encryption        = "AES256" [90m-> null[0m[0m
      [31m-[0m[0m source                        = "./../dados/trusted/votos_validos_zona/votos_validos_zona_2018_GO.tsv" [90m-> null[0m[0m
      [31m-[0m[0m storage_class                 = "STANDARD" [90m-> null[0m[0m
      [31m-[0m[0m tags                          = {} [90m-> null[0m[0m
      [31m-[0m[0m tags_all                      = {
          [31m-[0m[0m "grupo"   = "g06"
          [31m-[0m[0m "projeto" = "engenharia-de-dados"
          [31m-[0m[0m "turma"   = "eda262"
        } [90m-> null[0m[0m
        [90m# (14 unchanged attributes hidden)[0m[0m
    }

[1m  # module.lake.aws_s3_object.trusted["votos_validos_zona/votos_validos_zona_2018_MA.tsv"][0m will be [1m[31mdestroyed[0m
[0m  [31m-[0m[0m resource "aws_s3_object" "trusted" {
      [31m-[0m[0m arn                           = "arn:aws:s3:::eda262-g06-lake-trusted-325583868777/votos_validos_zona/votos_validos_zona_2018_MA.tsv" [90m-> null[0m[0m
      [31m-[0m[0m bucket                        = "eda262-g06-lake-trusted-325583868777" [90m-> null[0m[0m
      [31m-[0m[0m bucket_key_enabled            = false [90m-> null[0m[0m
      [31m-[0m[0m content_type                  = "text/tab-separated-values; charset=utf-8" [90m-> null[0m[0m
      [31m-[0m[0m etag                          = "e9dde130ee4f866fbcd0087c7990eda9" [90m-> null[0m[0m
      [31m-[0m[0m force_destroy                 = false [90m-> null[0m[0m
      [31m-[0m[0m id                            = "eda262-g06-lake-trusted-325583868777/votos_validos_zona/votos_validos_zona_2018_MA.tsv" [90m-> null[0m[0m
      [31m-[0m[0m key                           = "votos_validos_zona/votos_validos_zona_2018_MA.tsv" [90m-> null[0m[0m
      [31m-[0m[0m metadata                      = {} [90m-> null[0m[0m
      [31m-[0m[0m region                        = "us-east-1" [90m-> null[0m[0m
      [31m-[0m[0m server_side_encryption        = "AES256" [90m-> null[0m[0m
      [31m-[0m[0m source                        = "./../dados/trusted/votos_validos_zona/votos_validos_zona_2018_MA.tsv" [90m-> null[0m[0m
      [31m-[0m[0m storage_class                 = "STANDARD" [90m-> null[0m[0m
      [31m-[0m[0m tags                          = {} [90m-> null[0m[0m
      [31m-[0m[0m tags_all                      = {
          [31m-[0m[0m "grupo"   = "g06"
          [31m-[0m[0m "projeto" = "engenharia-de-dados"
          [31m-[0m[0m "turma"   = "eda262"
        } [90m-> null[0m[0m
        [90m# (14 unchanged attributes hidden)[0m[0m
    }

[1m  # module.lake.aws_s3_object.trusted["votos_validos_zona/votos_validos_zona_2018_MG.tsv"][0m will be [1m[31mdestroyed[0m
[0m  [31m-[0m[0m resource "aws_s3_object" "trusted" {
      [31m-[0m[0m arn                           = "arn:aws:s3:::eda262-g06-lake-trusted-325583868777/votos_validos_zona/votos_validos_zona_2018_MG.tsv" [90m-> null[0m[0m
      [31m-[0m[0m bucket                        = "eda262-g06-lake-trusted-325583868777" [90m-> null[0m[0m
      [31m-[0m[0m bucket_key_enabled            = false [90m-> null[0m[0m
      [31m-[0m[0m content_type                  = "text/tab-separated-values; charset=utf-8" [90m-> null[0m[0m
      [31m-[0m[0m etag                          = "a2ce66d1148b0a884525209f0275ec91" [90m-> null[0m[0m
      [31m-[0m[0m force_destroy                 = false [90m-> null[0m[0m
      [31m-[0m[0m id                            = "eda262-g06-lake-trusted-325583868777/votos_validos_zona/votos_validos_zona_2018_MG.tsv" [90m-> null[0m[0m
      [31m-[0m[0m key                           = "votos_validos_zona/votos_validos_zona_2018_MG.tsv" [90m-> null[0m[0m
      [31m-[0m[0m metadata                      = {} [90m-> null[0m[0m
      [31m-[0m[0m region                        = "us-east-1" [90m-> null[0m[0m
      [31m-[0m[0m server_side_encryption        = "AES256" [90m-> null[0m[0m
      [31m-[0m[0m source                        = "./../dados/trusted/votos_validos_zona/votos_validos_zona_2018_MG.tsv" [90m-> null[0m[0m
      [31m-[0m[0m storage_class                 = "STANDARD" [90m-> null[0m[0m
      [31m-[0m[0m tags                          = {} [90m-> null[0m[0m
      [31m-[0m[0m tags_all                      = {
          [31m-[0m[0m "grupo"   = "g06"
          [31m-[0m[0m "projeto" = "engenharia-de-dados"
          [31m-[0m[0m "turma"   = "eda262"
        } [90m-> null[0m[0m
        [90m# (14 unchanged attributes hidden)[0m[0m
    }

[1m  # module.lake.aws_s3_object.trusted["votos_validos_zona/votos_validos_zona_2018_MS.tsv"][0m will be [1m[31mdestroyed[0m
[0m  [31m-[0m[0m resource "aws_s3_object" "trusted" {
      [31m-[0m[0m arn                           = "arn:aws:s3:::eda262-g06-lake-trusted-325583868777/votos_validos_zona/votos_validos_zona_2018_MS.tsv" [90m-> null[0m[0m
      [31m-[0m[0m bucket                        = "eda262-g06-lake-trusted-325583868777" [90m-> null[0m[0m
      [31m-[0m[0m bucket_key_enabled            = false [90m-> null[0m[0m
      [31m-[0m[0m content_type                  = "text/tab-separated-values; charset=utf-8" [90m-> null[0m[0m
      [31m-[0m[0m etag                          = "f42541212ad30c3f58df613b830886e7" [90m-> null[0m[0m
      [31m-[0m[0m force_destroy                 = false [90m-> null[0m[0m
      [31m-[0m[0m id                            = "eda262-g06-lake-trusted-325583868777/votos_validos_zona/votos_validos_zona_2018_MS.tsv" [90m-> null[0m[0m
      [31m-[0m[0m key                           = "votos_validos_zona/votos_validos_zona_2018_MS.tsv" [90m-> null[0m[0m
      [31m-[0m[0m metadata                      = {} [90m-> null[0m[0m
      [31m-[0m[0m region                        = "us-east-1" [90m-> null[0m[0m
      [31m-[0m[0m server_side_encryption        = "AES256" [90m-> null[0m[0m
      [31m-[0m[0m source                        = "./../dados/trusted/votos_validos_zona/votos_validos_zona_2018_MS.tsv" [90m-> null[0m[0m
      [31m-[0m[0m storage_class                 = "STANDARD" [90m-> null[0m[0m
      [31m-[0m[0m tags                          = {} [90m-> null[0m[0m
      [31m-[0m[0m tags_all                      = {
          [31m-[0m[0m "grupo"   = "g06"
          [31m-[0m[0m "projeto" = "engenharia-de-dados"
          [31m-[0m[0m "turma"   = "eda262"
        } [90m-> null[0m[0m
        [90m# (14 unchanged attributes hidden)[0m[0m
    }

[1m  # module.lake.aws_s3_object.trusted["votos_validos_zona/votos_validos_zona_2018_MT.tsv"][0m will be [1m[31mdestroyed[0m
[0m  [31m-[0m[0m resource "aws_s3_object" "trusted" {
      [31m-[0m[0m arn                           = "arn:aws:s3:::eda262-g06-lake-trusted-325583868777/votos_validos_zona/votos_validos_zona_2018_MT.tsv" [90m-> null[0m[0m
      [31m-[0m[0m bucket                        = "eda262-g06-lake-trusted-325583868777" [90m-> null[0m[0m
      [31m-[0m[0m bucket_key_enabled            = false [90m-> null[0m[0m
      [31m-[0m[0m content_type                  = "text/tab-separated-values; charset=utf-8" [90m-> null[0m[0m
      [31m-[0m[0m etag                          = "411e7d6325af215c045c2a400c39cf3a" [90m-> null[0m[0m
      [31m-[0m[0m force_destroy                 = false [90m-> null[0m[0m
      [31m-[0m[0m id                            = "eda262-g06-lake-trusted-325583868777/votos_validos_zona/votos_validos_zona_2018_MT.tsv" [90m-> null[0m[0m
      [31m-[0m[0m key                           = "votos_validos_zona/votos_validos_zona_2018_MT.tsv" [90m-> null[0m[0m
      [31m-[0m[0m metadata                      = {} [90m-> null[0m[0m
      [31m-[0m[0m region                        = "us-east-1" [90m-> null[0m[0m
      [31m-[0m[0m server_side_encryption        = "AES256" [90m-> null[0m[0m
      [31m-[0m[0m source                        = "./../dados/trusted/votos_validos_zona/votos_validos_zona_2018_MT.tsv" [90m-> null[0m[0m
      [31m-[0m[0m storage_class                 = "STANDARD" [90m-> null[0m[0m
      [31m-[0m[0m tags                          = {} [90m-> null[0m[0m
      [31m-[0m[0m tags_all                      = {
          [31m-[0m[0m "grupo"   = "g06"
          [31m-[0m[0m "projeto" = "engenharia-de-dados"
          [31m-[0m[0m "turma"   = "eda262"
        } [90m-> null[0m[0m
        [90m# (14 unchanged attributes hidden)[0m[0m
    }

[1m  # module.lake.aws_s3_object.trusted["votos_validos_zona/votos_validos_zona_2018_PA.tsv"][0m will be [1m[31mdestroyed[0m
[0m  [31m-[0m[0m resource "aws_s3_object" "trusted" {
      [31m-[0m[0m arn                           = "arn:aws:s3:::eda262-g06-lake-trusted-325583868777/votos_validos_zona/votos_validos_zona_2018_PA.tsv" [90m-> null[0m[0m
      [31m-[0m[0m bucket                        = "eda262-g06-lake-trusted-325583868777" [90m-> null[0m[0m
      [31m-[0m[0m bucket_key_enabled            = false [90m-> null[0m[0m
      [31m-[0m[0m content_type                  = "text/tab-separated-values; charset=utf-8" [90m-> null[0m[0m
      [31m-[0m[0m etag                          = "4d4c13fd162a72b184f080bf57035959" [90m-> null[0m[0m
      [31m-[0m[0m force_destroy                 = false [90m-> null[0m[0m
      [31m-[0m[0m id                            = "eda262-g06-lake-trusted-325583868777/votos_validos_zona/votos_validos_zona_2018_PA.tsv" [90m-> null[0m[0m
      [31m-[0m[0m key                           = "votos_validos_zona/votos_validos_zona_2018_PA.tsv" [90m-> null[0m[0m
      [31m-[0m[0m metadata                      = {} [90m-> null[0m[0m
      [31m-[0m[0m region                        = "us-east-1" [90m-> null[0m[0m
      [31m-[0m[0m server_side_encryption        = "AES256" [90m-> null[0m[0m
      [31m-[0m[0m source                        = "./../dados/trusted/votos_validos_zona/votos_validos_zona_2018_PA.tsv" [90m-> null[0m[0m
      [31m-[0m[0m storage_class                 = "STANDARD" [90m-> null[0m[0m
      [31m-[0m[0m tags                          = {} [90m-> null[0m[0m
      [31m-[0m[0m tags_all                      = {
          [31m-[0m[0m "grupo"   = "g06"
          [31m-[0m[0m "projeto" = "engenharia-de-dados"
          [31m-[0m[0m "turma"   = "eda262"
        } [90m-> null[0m[0m
        [90m# (14 unchanged attributes hidden)[0m[0m
    }

[1m  # module.lake.aws_s3_object.trusted["votos_validos_zona/votos_validos_zona_2018_PB.tsv"][0m will be [1m[31mdestroyed[0m
[0m  [31m-[0m[0m resource "aws_s3_object" "trusted" {
      [31m-[0m[0m arn                           = "arn:aws:s3:::eda262-g06-lake-trusted-325583868777/votos_validos_zona/votos_validos_zona_2018_PB.tsv" [90m-> null[0m[0m
      [31m-[0m[0m bucket                        = "eda262-g06-lake-trusted-325583868777" [90m-> null[0m[0m
      [31m-[0m[0m bucket_key_enabled            = false [90m-> null[0m[0m
      [31m-[0m[0m content_type                  = "text/tab-separated-values; charset=utf-8" [90m-> null[0m[0m
      [31m-[0m[0m etag                          = "ad5f83528355ada1dc8a9c5cd6f28208" [90m-> null[0m[0m
      [31m-[0m[0m force_destroy                 = false [90m-> null[0m[0m
      [31m-[0m[0m id                            = "eda262-g06-lake-trusted-325583868777/votos_validos_zona/votos_validos_zona_2018_PB.tsv" [90m-> null[0m[0m
      [31m-[0m[0m key                           = "votos_validos_zona/votos_validos_zona_2018_PB.tsv" [90m-> null[0m[0m
      [31m-[0m[0m metadata                      = {} [90m-> null[0m[0m
      [31m-[0m[0m region                        = "us-east-1" [90m-> null[0m[0m
      [31m-[0m[0m server_side_encryption        = "AES256" [90m-> null[0m[0m
      [31m-[0m[0m source                        = "./../dados/trusted/votos_validos_zona/votos_validos_zona_2018_PB.tsv" [90m-> null[0m[0m
      [31m-[0m[0m storage_class                 = "STANDARD" [90m-> null[0m[0m
      [31m-[0m[0m tags                          = {} [90m-> null[0m[0m
      [31m-[0m[0m tags_all                      = {
          [31m-[0m[0m "grupo"   = "g06"
          [31m-[0m[0m "projeto" = "engenharia-de-dados"
          [31m-[0m[0m "turma"   = "eda262"
        } [90m-> null[0m[0m
        [90m# (14 unchanged attributes hidden)[0m[0m
    }

[1m  # module.lake.aws_s3_object.trusted["votos_validos_zona/votos_validos_zona_2018_PE.tsv"][0m will be [1m[31mdestroyed[0m
[0m  [31m-[0m[0m resource "aws_s3_object" "trusted" {
      [31m-[0m[0m arn                           = "arn:aws:s3:::eda262-g06-lake-trusted-325583868777/votos_validos_zona/votos_validos_zona_2018_PE.tsv" [90m-> null[0m[0m
      [31m-[0m[0m bucket                        = "eda262-g06-lake-trusted-325583868777" [90m-> null[0m[0m
      [31m-[0m[0m bucket_key_enabled            = false [90m-> null[0m[0m
      [31m-[0m[0m content_type                  = "text/tab-separated-values; charset=utf-8" [90m-> null[0m[0m
      [31m-[0m[0m etag                          = "0c5e3285beac3a97047966a681c680d3" [90m-> null[0m[0m
      [31m-[0m[0m force_destroy                 = false [90m-> null[0m[0m
      [31m-[0m[0m id                            = "eda262-g06-lake-trusted-325583868777/votos_validos_zona/votos_validos_zona_2018_PE.tsv" [90m-> null[0m[0m
      [31m-[0m[0m key                           = "votos_validos_zona/votos_validos_zona_2018_PE.tsv" [90m-> null[0m[0m
      [31m-[0m[0m metadata                      = {} [90m-> null[0m[0m
      [31m-[0m[0m region                        = "us-east-1" [90m-> null[0m[0m
      [31m-[0m[0m server_side_encryption        = "AES256" [90m-> null[0m[0m
      [31m-[0m[0m source                        = "./../dados/trusted/votos_validos_zona/votos_validos_zona_2018_PE.tsv" [90m-> null[0m[0m
      [31m-[0m[0m storage_class                 = "STANDARD" [90m-> null[0m[0m
      [31m-[0m[0m tags                          = {} [90m-> null[0m[0m
      [31m-[0m[0m tags_all                      = {
          [31m-[0m[0m "grupo"   = "g06"
          [31m-[0m[0m "projeto" = "engenharia-de-dados"
          [31m-[0m[0m "turma"   = "eda262"
        } [90m-> null[0m[0m
        [90m# (14 unchanged attributes hidden)[0m[0m
    }

[1m  # module.lake.aws_s3_object.trusted["votos_validos_zona/votos_validos_zona_2018_PI.tsv"][0m will be [1m[31mdestroyed[0m
[0m  [31m-[0m[0m resource "aws_s3_object" "trusted" {
      [31m-[0m[0m arn                           = "arn:aws:s3:::eda262-g06-lake-trusted-325583868777/votos_validos_zona/votos_validos_zona_2018_PI.tsv" [90m-> null[0m[0m
      [31m-[0m[0m bucket                        = "eda262-g06-lake-trusted-325583868777" [90m-> null[0m[0m
      [31m-[0m[0m bucket_key_enabled            = false [90m-> null[0m[0m
      [31m-[0m[0m content_type                  = "text/tab-separated-values; charset=utf-8" [90m-> null[0m[0m
      [31m-[0m[0m etag                          = "5d1264991d757e8a2c783d745af3b54d" [90m-> null[0m[0m
      [31m-[0m[0m force_destroy                 = false [90m-> null[0m[0m
      [31m-[0m[0m id                            = "eda262-g06-lake-trusted-325583868777/votos_validos_zona/votos_validos_zona_2018_PI.tsv" [90m-> null[0m[0m
      [31m-[0m[0m key                           = "votos_validos_zona/votos_validos_zona_2018_PI.tsv" [90m-> null[0m[0m
      [31m-[0m[0m metadata                      = {} [90m-> null[0m[0m
      [31m-[0m[0m region                        = "us-east-1" [90m-> null[0m[0m
      [31m-[0m[0m server_side_encryption        = "AES256" [90m-> null[0m[0m
      [31m-[0m[0m source                        = "./../dados/trusted/votos_validos_zona/votos_validos_zona_2018_PI.tsv" [90m-> null[0m[0m
      [31m-[0m[0m storage_class                 = "STANDARD" [90m-> null[0m[0m
      [31m-[0m[0m tags                          = {} [90m-> null[0m[0m
      [31m-[0m[0m tags_all                      = {
          [31m-[0m[0m "grupo"   = "g06"
          [31m-[0m[0m "projeto" = "engenharia-de-dados"
          [31m-[0m[0m "turma"   = "eda262"
        } [90m-> null[0m[0m
        [90m# (14 unchanged attributes hidden)[0m[0m
    }

[1m  # module.lake.aws_s3_object.trusted["votos_validos_zona/votos_validos_zona_2018_PR.tsv"][0m will be [1m[31mdestroyed[0m
[0m  [31m-[0m[0m resource "aws_s3_object" "trusted" {
      [31m-[0m[0m arn                           = "arn:aws:s3:::eda262-g06-lake-trusted-325583868777/votos_validos_zona/votos_validos_zona_2018_PR.tsv" [90m-> null[0m[0m
      [31m-[0m[0m bucket                        = "eda262-g06-lake-trusted-325583868777" [90m-> null[0m[0m
      [31m-[0m[0m bucket_key_enabled            = false [90m-> null[0m[0m
      [31m-[0m[0m content_type                  = "text/tab-separated-values; charset=utf-8" [90m-> null[0m[0m
      [31m-[0m[0m etag                          = "f0e7c5d6526255fb91dc474fc9dc8fb0" [90m-> null[0m[0m
      [31m-[0m[0m force_destroy                 = false [90m-> null[0m[0m
      [31m-[0m[0m id                            = "eda262-g06-lake-trusted-325583868777/votos_validos_zona/votos_validos_zona_2018_PR.tsv" [90m-> null[0m[0m
      [31m-[0m[0m key                           = "votos_validos_zona/votos_validos_zona_2018_PR.tsv" [90m-> null[0m[0m
      [31m-[0m[0m metadata                      = {} [90m-> null[0m[0m
      [31m-[0m[0m region                        = "us-east-1" [90m-> null[0m[0m
      [31m-[0m[0m server_side_encryption        = "AES256" [90m-> null[0m[0m
      [31m-[0m[0m source                        = "./../dados/trusted/votos_validos_zona/votos_validos_zona_2018_PR.tsv" [90m-> null[0m[0m
      [31m-[0m[0m storage_class                 = "STANDARD" [90m-> null[0m[0m
      [31m-[0m[0m tags                          = {} [90m-> null[0m[0m
      [31m-[0m[0m tags_all                      = {
          [31m-[0m[0m "grupo"   = "g06"
          [31m-[0m[0m "projeto" = "engenharia-de-dados"
          [31m-[0m[0m "turma"   = "eda262"
        } [90m-> null[0m[0m
        [90m# (14 unchanged attributes hidden)[0m[0m
    }

[1m  # module.lake.aws_s3_object.trusted["votos_validos_zona/votos_validos_zona_2018_RJ.tsv"][0m will be [1m[31mdestroyed[0m
[0m  [31m-[0m[0m resource "aws_s3_object" "trusted" {
      [31m-[0m[0m arn                           = "arn:aws:s3:::eda262-g06-lake-trusted-325583868777/votos_validos_zona/votos_validos_zona_2018_RJ.tsv" [90m-> null[0m[0m
      [31m-[0m[0m bucket                        = "eda262-g06-lake-trusted-325583868777" [90m-> null[0m[0m
      [31m-[0m[0m bucket_key_enabled            = false [90m-> null[0m[0m
      [31m-[0m[0m content_type                  = "text/tab-separated-values; charset=utf-8" [90m-> null[0m[0m
      [31m-[0m[0m etag                          = "300e444dd91ab829b1a20b91acf60710" [90m-> null[0m[0m
      [31m-[0m[0m force_destroy                 = false [90m-> null[0m[0m
      [31m-[0m[0m id                            = "eda262-g06-lake-trusted-325583868777/votos_validos_zona/votos_validos_zona_2018_RJ.tsv" [90m-> null[0m[0m
      [31m-[0m[0m key                           = "votos_validos_zona/votos_validos_zona_2018_RJ.tsv" [90m-> null[0m[0m
      [31m-[0m[0m metadata                      = {} [90m-> null[0m[0m
      [31m-[0m[0m region                        = "us-east-1" [90m-> null[0m[0m
      [31m-[0m[0m server_side_encryption        = "AES256" [90m-> null[0m[0m
      [31m-[0m[0m source                        = "./../dados/trusted/votos_validos_zona/votos_validos_zona_2018_RJ.tsv" [90m-> null[0m[0m
      [31m-[0m[0m storage_class                 = "STANDARD" [90m-> null[0m[0m
      [31m-[0m[0m tags                          = {} [90m-> null[0m[0m
      [31m-[0m[0m tags_all                      = {
          [31m-[0m[0m "grupo"   = "g06"
          [31m-[0m[0m "projeto" = "engenharia-de-dados"
          [31m-[0m[0m "turma"   = "eda262"
        } [90m-> null[0m[0m
        [90m# (14 unchanged attributes hidden)[0m[0m
    }

[1m  # module.lake.aws_s3_object.trusted["votos_validos_zona/votos_validos_zona_2018_RN.tsv"][0m will be [1m[31mdestroyed[0m
[0m  [31m-[0m[0m resource "aws_s3_object" "trusted" {
      [31m-[0m[0m arn                           = "arn:aws:s3:::eda262-g06-lake-trusted-325583868777/votos_validos_zona/votos_validos_zona_2018_RN.tsv" [90m-> null[0m[0m
      [31m-[0m[0m bucket                        = "eda262-g06-lake-trusted-325583868777" [90m-> null[0m[0m
      [31m-[0m[0m bucket_key_enabled            = false [90m-> null[0m[0m
      [31m-[0m[0m content_type                  = "text/tab-separated-values; charset=utf-8" [90m-> null[0m[0m
      [31m-[0m[0m etag                          = "6c083c0392a925d467dc3cc8ae7ed5fe" [90m-> null[0m[0m
      [31m-[0m[0m force_destroy                 = false [90m-> null[0m[0m
      [31m-[0m[0m id                            = "eda262-g06-lake-trusted-325583868777/votos_validos_zona/votos_validos_zona_2018_RN.tsv" [90m-> null[0m[0m
      [31m-[0m[0m key                           = "votos_validos_zona/votos_validos_zona_2018_RN.tsv" [90m-> null[0m[0m
      [31m-[0m[0m metadata                      = {} [90m-> null[0m[0m
      [31m-[0m[0m region                        = "us-east-1" [90m-> null[0m[0m
      [31m-[0m[0m server_side_encryption        = "AES256" [90m-> null[0m[0m
      [31m-[0m[0m source                        = "./../dados/trusted/votos_validos_zona/votos_validos_zona_2018_RN.tsv" [90m-> null[0m[0m
      [31m-[0m[0m storage_class                 = "STANDARD" [90m-> null[0m[0m
      [31m-[0m[0m tags                          = {} [90m-> null[0m[0m
      [31m-[0m[0m tags_all                      = {
          [31m-[0m[0m "grupo"   = "g06"
          [31m-[0m[0m "projeto" = "engenharia-de-dados"
          [31m-[0m[0m "turma"   = "eda262"
        } [90m-> null[0m[0m
        [90m# (14 unchanged attributes hidden)[0m[0m
    }

[1m  # module.lake.aws_s3_object.trusted["votos_validos_zona/votos_validos_zona_2018_RO.tsv"][0m will be [1m[31mdestroyed[0m
[0m  [31m-[0m[0m resource "aws_s3_object" "trusted" {
      [31m-[0m[0m arn                           = "arn:aws:s3:::eda262-g06-lake-trusted-325583868777/votos_validos_zona/votos_validos_zona_2018_RO.tsv" [90m-> null[0m[0m
      [31m-[0m[0m bucket                        = "eda262-g06-lake-trusted-325583868777" [90m-> null[0m[0m
      [31m-[0m[0m bucket_key_enabled            = false [90m-> null[0m[0m
      [31m-[0m[0m content_type                  = "text/tab-separated-values; charset=utf-8" [90m-> null[0m[0m
      [31m-[0m[0m etag                          = "a8e808294df5d104c320503f25f269d5" [90m-> null[0m[0m
      [31m-[0m[0m force_destroy                 = false [90m-> null[0m[0m
      [31m-[0m[0m id                            = "eda262-g06-lake-trusted-325583868777/votos_validos_zona/votos_validos_zona_2018_RO.tsv" [90m-> null[0m[0m
      [31m-[0m[0m key                           = "votos_validos_zona/votos_validos_zona_2018_RO.tsv" [90m-> null[0m[0m
      [31m-[0m[0m metadata                      = {} [90m-> null[0m[0m
      [31m-[0m[0m region                        = "us-east-1" [90m-> null[0m[0m
      [31m-[0m[0m server_side_encryption        = "AES256" [90m-> null[0m[0m
      [31m-[0m[0m source                        = "./../dados/trusted/votos_validos_zona/votos_validos_zona_2018_RO.tsv" [90m-> null[0m[0m
      [31m-[0m[0m storage_class                 = "STANDARD" [90m-> null[0m[0m
      [31m-[0m[0m tags                          = {} [90m-> null[0m[0m
      [31m-[0m[0m tags_all                      = {
          [31m-[0m[0m "grupo"   = "g06"
          [31m-[0m[0m "projeto" = "engenharia-de-dados"
          [31m-[0m[0m "turma"   = "eda262"
        } [90m-> null[0m[0m
        [90m# (14 unchanged attributes hidden)[0m[0m
    }

[1m  # module.lake.aws_s3_object.trusted["votos_validos_zona/votos_validos_zona_2018_RR.tsv"][0m will be [1m[31mdestroyed[0m
[0m  [31m-[0m[0m resource "aws_s3_object" "trusted" {
      [31m-[0m[0m arn                           = "arn:aws:s3:::eda262-g06-lake-trusted-325583868777/votos_validos_zona/votos_validos_zona_2018_RR.tsv" [90m-> null[0m[0m
      [31m-[0m[0m bucket                        = "eda262-g06-lake-trusted-325583868777" [90m-> null[0m[0m
      [31m-[0m[0m bucket_key_enabled            = false [90m-> null[0m[0m
      [31m-[0m[0m content_type                  = "text/tab-separated-values; charset=utf-8" [90m-> null[0m[0m
      [31m-[0m[0m etag                          = "814ef1cb245cda3da06c7d2f87ae6dfd" [90m-> null[0m[0m
      [31m-[0m[0m force_destroy                 = false [90m-> null[0m[0m
      [31m-[0m[0m id                            = "eda262-g06-lake-trusted-325583868777/votos_validos_zona/votos_validos_zona_2018_RR.tsv" [90m-> null[0m[0m
      [31m-[0m[0m key                           = "votos_validos_zona/votos_validos_zona_2018_RR.tsv" [90m-> null[0m[0m
      [31m-[0m[0m metadata                      = {} [90m-> null[0m[0m
      [31m-[0m[0m region                        = "us-east-1" [90m-> null[0m[0m
      [31m-[0m[0m server_side_encryption        = "AES256" [90m-> null[0m[0m
      [31m-[0m[0m source                        = "./../dados/trusted/votos_validos_zona/votos_validos_zona_2018_RR.tsv" [90m-> null[0m[0m
      [31m-[0m[0m storage_class                 = "STANDARD" [90m-> null[0m[0m
      [31m-[0m[0m tags                          = {} [90m-> null[0m[0m
      [31m-[0m[0m tags_all                      = {
          [31m-[0m[0m "grupo"   = "g06"
          [31m-[0m[0m "projeto" = "engenharia-de-dados"
          [31m-[0m[0m "turma"   = "eda262"
        } [90m-> null[0m[0m
        [90m# (14 unchanged attributes hidden)[0m[0m
    }

[1m  # module.lake.aws_s3_object.trusted["votos_validos_zona/votos_validos_zona_2018_RS.tsv"][0m will be [1m[31mdestroyed[0m
[0m  [31m-[0m[0m resource "aws_s3_object" "trusted" {
      [31m-[0m[0m arn                           = "arn:aws:s3:::eda262-g06-lake-trusted-325583868777/votos_validos_zona/votos_validos_zona_2018_RS.tsv" [90m-> null[0m[0m
      [31m-[0m[0m bucket                        = "eda262-g06-lake-trusted-325583868777" [90m-> null[0m[0m
      [31m-[0m[0m bucket_key_enabled            = false [90m-> null[0m[0m
      [31m-[0m[0m content_type                  = "text/tab-separated-values; charset=utf-8" [90m-> null[0m[0m
      [31m-[0m[0m etag                          = "21ff7f843629fd4ece297286ff3a6055" [90m-> null[0m[0m
      [31m-[0m[0m force_destroy                 = false [90m-> null[0m[0m
      [31m-[0m[0m id                            = "eda262-g06-lake-trusted-325583868777/votos_validos_zona/votos_validos_zona_2018_RS.tsv" [90m-> null[0m[0m
      [31m-[0m[0m key                           = "votos_validos_zona/votos_validos_zona_2018_RS.tsv" [90m-> null[0m[0m
      [31m-[0m[0m metadata                      = {} [90m-> null[0m[0m
      [31m-[0m[0m region                        = "us-east-1" [90m-> null[0m[0m
      [31m-[0m[0m server_side_encryption        = "AES256" [90m-> null[0m[0m
      [31m-[0m[0m source                        = "./../dados/trusted/votos_validos_zona/votos_validos_zona_2018_RS.tsv" [90m-> null[0m[0m
      [31m-[0m[0m storage_class                 = "STANDARD" [90m-> null[0m[0m
      [31m-[0m[0m tags                          = {} [90m-> null[0m[0m
      [31m-[0m[0m tags_all                      = {
          [31m-[0m[0m "grupo"   = "g06"
          [31m-[0m[0m "projeto" = "engenharia-de-dados"
          [31m-[0m[0m "turma"   = "eda262"
        } [90m-> null[0m[0m
        [90m# (14 unchanged attributes hidden)[0m[0m
    }

[1m  # module.lake.aws_s3_object.trusted["votos_validos_zona/votos_validos_zona_2018_SC.tsv"][0m will be [1m[31mdestroyed[0m
[0m  [31m-[0m[0m resource "aws_s3_object" "trusted" {
      [31m-[0m[0m arn                           = "arn:aws:s3:::eda262-g06-lake-trusted-325583868777/votos_validos_zona/votos_validos_zona_2018_SC.tsv" [90m-> null[0m[0m
      [31m-[0m[0m bucket                        = "eda262-g06-lake-trusted-325583868777" [90m-> null[0m[0m
      [31m-[0m[0m bucket_key_enabled            = false [90m-> null[0m[0m
      [31m-[0m[0m content_type                  = "text/tab-separated-values; charset=utf-8" [90m-> null[0m[0m
      [31m-[0m[0m etag                          = "305e069335033b27a0e36cbf6354ebf5" [90m-> null[0m[0m
      [31m-[0m[0m force_destroy                 = false [90m-> null[0m[0m
      [31m-[0m[0m id                            = "eda262-g06-lake-trusted-325583868777/votos_validos_zona/votos_validos_zona_2018_SC.tsv" [90m-> null[0m[0m
      [31m-[0m[0m key                           = "votos_validos_zona/votos_validos_zona_2018_SC.tsv" [90m-> null[0m[0m
      [31m-[0m[0m metadata                      = {} [90m-> null[0m[0m
      [31m-[0m[0m region                        = "us-east-1" [90m-> null[0m[0m
      [31m-[0m[0m server_side_encryption        = "AES256" [90m-> null[0m[0m
      [31m-[0m[0m source                        = "./../dados/trusted/votos_validos_zona/votos_validos_zona_2018_SC.tsv" [90m-> null[0m[0m
      [31m-[0m[0m storage_class                 = "STANDARD" [90m-> null[0m[0m
      [31m-[0m[0m tags                          = {} [90m-> null[0m[0m
      [31m-[0m[0m tags_all                      = {
          [31m-[0m[0m "grupo"   = "g06"
          [31m-[0m[0m "projeto" = "engenharia-de-dados"
          [31m-[0m[0m "turma"   = "eda262"
        } [90m-> null[0m[0m
        [90m# (14 unchanged attributes hidden)[0m[0m
    }

[1m  # module.lake.aws_s3_object.trusted["votos_validos_zona/votos_validos_zona_2018_SE.tsv"][0m will be [1m[31mdestroyed[0m
[0m  [31m-[0m[0m resource "aws_s3_object" "trusted" {
      [31m-[0m[0m arn                           = "arn:aws:s3:::eda262-g06-lake-trusted-325583868777/votos_validos_zona/votos_validos_zona_2018_SE.tsv" [90m-> null[0m[0m
      [31m-[0m[0m bucket                        = "eda262-g06-lake-trusted-325583868777" [90m-> null[0m[0m
      [31m-[0m[0m bucket_key_enabled            = false [90m-> null[0m[0m
      [31m-[0m[0m content_type                  = "text/tab-separated-values; charset=utf-8" [90m-> null[0m[0m
      [31m-[0m[0m etag                          = "f7828780fa0ead0c2a2f87a9c692df49" [90m-> null[0m[0m
      [31m-[0m[0m force_destroy                 = false [90m-> null[0m[0m
      [31m-[0m[0m id                            = "eda262-g06-lake-trusted-325583868777/votos_validos_zona/votos_validos_zona_2018_SE.tsv" [90m-> null[0m[0m
      [31m-[0m[0m key                           = "votos_validos_zona/votos_validos_zona_2018_SE.tsv" [90m-> null[0m[0m
      [31m-[0m[0m metadata                      = {} [90m-> null[0m[0m
      [31m-[0m[0m region                        = "us-east-1" [90m-> null[0m[0m
      [31m-[0m[0m server_side_encryption        = "AES256" [90m-> null[0m[0m
      [31m-[0m[0m source                        = "./../dados/trusted/votos_validos_zona/votos_validos_zona_2018_SE.tsv" [90m-> null[0m[0m
      [31m-[0m[0m storage_class                 = "STANDARD" [90m-> null[0m[0m
      [31m-[0m[0m tags                          = {} [90m-> null[0m[0m
      [31m-[0m[0m tags_all                      = {
          [31m-[0m[0m "grupo"   = "g06"
          [31m-[0m[0m "projeto" = "engenharia-de-dados"
          [31m-[0m[0m "turma"   = "eda262"
        } [90m-> null[0m[0m
        [90m# (14 unchanged attributes hidden)[0m[0m
    }

[1m  # module.lake.aws_s3_object.trusted["votos_validos_zona/votos_validos_zona_2018_SP.tsv"][0m will be [1m[31mdestroyed[0m
[0m  [31m-[0m[0m resource "aws_s3_object" "trusted" {
      [31m-[0m[0m arn                           = "arn:aws:s3:::eda262-g06-lake-trusted-325583868777/votos_validos_zona/votos_validos_zona_2018_SP.tsv" [90m-> null[0m[0m
      [31m-[0m[0m bucket                        = "eda262-g06-lake-trusted-325583868777" [90m-> null[0m[0m
      [31m-[0m[0m bucket_key_enabled            = false [90m-> null[0m[0m
      [31m-[0m[0m content_type                  = "text/tab-separated-values; charset=utf-8" [90m-> null[0m[0m
      [31m-[0m[0m etag                          = "a4dc17df23b9a1ffbcc389c1986a3ce4" [90m-> null[0m[0m
      [31m-[0m[0m force_destroy                 = false [90m-> null[0m[0m
      [31m-[0m[0m id                            = "eda262-g06-lake-trusted-325583868777/votos_validos_zona/votos_validos_zona_2018_SP.tsv" [90m-> null[0m[0m
      [31m-[0m[0m key                           = "votos_validos_zona/votos_validos_zona_2018_SP.tsv" [90m-> null[0m[0m
      [31m-[0m[0m metadata                      = {} [90m-> null[0m[0m
      [31m-[0m[0m region                        = "us-east-1" [90m-> null[0m[0m
      [31m-[0m[0m server_side_encryption        = "AES256" [90m-> null[0m[0m
      [31m-[0m[0m source                        = "./../dados/trusted/votos_validos_zona/votos_validos_zona_2018_SP.tsv" [90m-> null[0m[0m
      [31m-[0m[0m storage_class                 = "STANDARD" [90m-> null[0m[0m
      [31m-[0m[0m tags                          = {} [90m-> null[0m[0m
      [31m-[0m[0m tags_all                      = {
          [31m-[0m[0m "grupo"   = "g06"
          [31m-[0m[0m "projeto" = "engenharia-de-dados"
          [31m-[0m[0m "turma"   = "eda262"
        } [90m-> null[0m[0m
        [90m# (14 unchanged attributes hidden)[0m[0m
    }

[1m  # module.lake.aws_s3_object.trusted["votos_validos_zona/votos_validos_zona_2018_TO.tsv"][0m will be [1m[31mdestroyed[0m
[0m  [31m-[0m[0m resource "aws_s3_object" "trusted" {
      [31m-[0m[0m arn                           = "arn:aws:s3:::eda262-g06-lake-trusted-325583868777/votos_validos_zona/votos_validos_zona_2018_TO.tsv" [90m-> null[0m[0m
      [31m-[0m[0m bucket                        = "eda262-g06-lake-trusted-325583868777" [90m-> null[0m[0m
      [31m-[0m[0m bucket_key_enabled            = false [90m-> null[0m[0m
      [31m-[0m[0m content_type                  = "text/tab-separated-values; charset=utf-8" [90m-> null[0m[0m
      [31m-[0m[0m etag                          = "a2bb4d487af3ed90d81d556ca8e14ba8" [90m-> null[0m[0m
      [31m-[0m[0m force_destroy                 = false [90m-> null[0m[0m
      [31m-[0m[0m id                            = "eda262-g06-lake-trusted-325583868777/votos_validos_zona/votos_validos_zona_2018_TO.tsv" [90m-> null[0m[0m
      [31m-[0m[0m key                           = "votos_validos_zona/votos_validos_zona_2018_TO.tsv" [90m-> null[0m[0m
      [31m-[0m[0m metadata                      = {} [90m-> null[0m[0m
      [31m-[0m[0m region                        = "us-east-1" [90m-> null[0m[0m
      [31m-[0m[0m server_side_encryption        = "AES256" [90m-> null[0m[0m
      [31m-[0m[0m source                        = "./../dados/trusted/votos_validos_zona/votos_validos_zona_2018_TO.tsv" [90m-> null[0m[0m
      [31m-[0m[0m storage_class                 = "STANDARD" [90m-> null[0m[0m
      [31m-[0m[0m tags                          = {} [90m-> null[0m[0m
      [31m-[0m[0m tags_all                      = {
          [31m-[0m[0m "grupo"   = "g06"
          [31m-[0m[0m "projeto" = "engenharia-de-dados"
          [31m-[0m[0m "turma"   = "eda262"
        } [90m-> null[0m[0m
        [90m# (14 unchanged attributes hidden)[0m[0m
    }

[1m  # module.lake.aws_s3_object.trusted["votos_validos_zona/votos_validos_zona_2018_ZZ.tsv"][0m will be [1m[31mdestroyed[0m
[0m  [31m-[0m[0m resource "aws_s3_object" "trusted" {
      [31m-[0m[0m arn                           = "arn:aws:s3:::eda262-g06-lake-trusted-325583868777/votos_validos_zona/votos_validos_zona_2018_ZZ.tsv" [90m-> null[0m[0m
      [31m-[0m[0m bucket                        = "eda262-g06-lake-trusted-325583868777" [90m-> null[0m[0m
      [31m-[0m[0m bucket_key_enabled            = false [90m-> null[0m[0m
      [31m-[0m[0m content_type                  = "text/tab-separated-values; charset=utf-8" [90m-> null[0m[0m
      [31m-[0m[0m etag                          = "1ea63367c740fc1c69311ae98a726f08" [90m-> null[0m[0m
      [31m-[0m[0m force_destroy                 = false [90m-> null[0m[0m
      [31m-[0m[0m id                            = "eda262-g06-lake-trusted-325583868777/votos_validos_zona/votos_validos_zona_2018_ZZ.tsv" [90m-> null[0m[0m
      [31m-[0m[0m key                           = "votos_validos_zona/votos_validos_zona_2018_ZZ.tsv" [90m-> null[0m[0m
      [31m-[0m[0m metadata                      = {} [90m-> null[0m[0m
      [31m-[0m[0m region                        = "us-east-1" [90m-> null[0m[0m
      [31m-[0m[0m server_side_encryption        = "AES256" [90m-> null[0m[0m
      [31m-[0m[0m source                        = "./../dados/trusted/votos_validos_zona/votos_validos_zona_2018_ZZ.tsv" [90m-> null[0m[0m
      [31m-[0m[0m storage_class                 = "STANDARD" [90m-> null[0m[0m
      [31m-[0m[0m tags                          = {} [90m-> null[0m[0m
      [31m-[0m[0m tags_all                      = {
          [31m-[0m[0m "grupo"   = "g06"
          [31m-[0m[0m "projeto" = "engenharia-de-dados"
          [31m-[0m[0m "turma"   = "eda262"
        } [90m-> null[0m[0m
        [90m# (14 unchanged attributes hidden)[0m[0m
    }

[1m  # module.lake.aws_s3_object.trusted["votos_validos_zona/votos_validos_zona_2022_AC.tsv"][0m will be [1m[31mdestroyed[0m
[0m  [31m-[0m[0m resource "aws_s3_object" "trusted" {
      [31m-[0m[0m arn                           = "arn:aws:s3:::eda262-g06-lake-trusted-325583868777/votos_validos_zona/votos_validos_zona_2022_AC.tsv" [90m-> null[0m[0m
      [31m-[0m[0m bucket                        = "eda262-g06-lake-trusted-325583868777" [90m-> null[0m[0m
      [31m-[0m[0m bucket_key_enabled            = false [90m-> null[0m[0m
      [31m-[0m[0m content_type                  = "text/tab-separated-values; charset=utf-8" [90m-> null[0m[0m
      [31m-[0m[0m etag                          = "be9f86f3a81a9a84f16e696c6aa6f304" [90m-> null[0m[0m
      [31m-[0m[0m force_destroy                 = false [90m-> null[0m[0m
      [31m-[0m[0m id                            = "eda262-g06-lake-trusted-325583868777/votos_validos_zona/votos_validos_zona_2022_AC.tsv" [90m-> null[0m[0m
      [31m-[0m[0m key                           = "votos_validos_zona/votos_validos_zona_2022_AC.tsv" [90m-> null[0m[0m
      [31m-[0m[0m metadata                      = {} [90m-> null[0m[0m
      [31m-[0m[0m region                        = "us-east-1" [90m-> null[0m[0m
      [31m-[0m[0m server_side_encryption        = "AES256" [90m-> null[0m[0m
      [31m-[0m[0m source                        = "./../dados/trusted/votos_validos_zona/votos_validos_zona_2022_AC.tsv" [90m-> null[0m[0m
      [31m-[0m[0m storage_class                 = "STANDARD" [90m-> null[0m[0m
      [31m-[0m[0m tags                          = {} [90m-> null[0m[0m
      [31m-[0m[0m tags_all                      = {
          [31m-[0m[0m "grupo"   = "g06"
          [31m-[0m[0m "projeto" = "engenharia-de-dados"
          [31m-[0m[0m "turma"   = "eda262"
        } [90m-> null[0m[0m
        [90m# (14 unchanged attributes hidden)[0m[0m
    }

[1m  # module.lake.aws_s3_object.trusted["votos_validos_zona/votos_validos_zona_2022_AL.tsv"][0m will be [1m[31mdestroyed[0m
[0m  [31m-[0m[0m resource "aws_s3_object" "trusted" {
      [31m-[0m[0m arn                           = "arn:aws:s3:::eda262-g06-lake-trusted-325583868777/votos_validos_zona/votos_validos_zona_2022_AL.tsv" [90m-> null[0m[0m
      [31m-[0m[0m bucket                        = "eda262-g06-lake-trusted-325583868777" [90m-> null[0m[0m
      [31m-[0m[0m bucket_key_enabled            = false [90m-> null[0m[0m
      [31m-[0m[0m content_type                  = "text/tab-separated-values; charset=utf-8" [90m-> null[0m[0m
      [31m-[0m[0m etag                          = "c8b9873e3a6932f979aa519705bc9162" [90m-> null[0m[0m
      [31m-[0m[0m force_destroy                 = false [90m-> null[0m[0m
      [31m-[0m[0m id                            = "eda262-g06-lake-trusted-325583868777/votos_validos_zona/votos_validos_zona_2022_AL.tsv" [90m-> null[0m[0m
      [31m-[0m[0m key                           = "votos_validos_zona/votos_validos_zona_2022_AL.tsv" [90m-> null[0m[0m
      [31m-[0m[0m metadata                      = {} [90m-> null[0m[0m
      [31m-[0m[0m region                        = "us-east-1" [90m-> null[0m[0m
      [31m-[0m[0m server_side_encryption        = "AES256" [90m-> null[0m[0m
      [31m-[0m[0m source                        = "./../dados/trusted/votos_validos_zona/votos_validos_zona_2022_AL.tsv" [90m-> null[0m[0m
      [31m-[0m[0m storage_class                 = "STANDARD" [90m-> null[0m[0m
      [31m-[0m[0m tags                          = {} [90m-> null[0m[0m
      [31m-[0m[0m tags_all                      = {
          [31m-[0m[0m "grupo"   = "g06"
          [31m-[0m[0m "projeto" = "engenharia-de-dados"
          [31m-[0m[0m "turma"   = "eda262"
        } [90m-> null[0m[0m
        [90m# (14 unchanged attributes hidden)[0m[0m
    }

[1m  # module.lake.aws_s3_object.trusted["votos_validos_zona/votos_validos_zona_2022_AM.tsv"][0m will be [1m[31mdestroyed[0m
[0m  [31m-[0m[0m resource "aws_s3_object" "trusted" {
      [31m-[0m[0m arn                           = "arn:aws:s3:::eda262-g06-lake-trusted-325583868777/votos_validos_zona/votos_validos_zona_2022_AM.tsv" [90m-> null[0m[0m
      [31m-[0m[0m bucket                        = "eda262-g06-lake-trusted-325583868777" [90m-> null[0m[0m
      [31m-[0m[0m bucket_key_enabled            = false [90m-> null[0m[0m
      [31m-[0m[0m content_type                  = "text/tab-separated-values; charset=utf-8" [90m-> null[0m[0m
      [31m-[0m[0m etag                          = "f8a2b8622550fe495ed10ed632a33f65" [90m-> null[0m[0m
      [31m-[0m[0m force_destroy                 = false [90m-> null[0m[0m
      [31m-[0m[0m id                            = "eda262-g06-lake-trusted-325583868777/votos_validos_zona/votos_validos_zona_2022_AM.tsv" [90m-> null[0m[0m
      [31m-[0m[0m key                           = "votos_validos_zona/votos_validos_zona_2022_AM.tsv" [90m-> null[0m[0m
      [31m-[0m[0m metadata                      = {} [90m-> null[0m[0m
      [31m-[0m[0m region                        = "us-east-1" [90m-> null[0m[0m
      [31m-[0m[0m server_side_encryption        = "AES256" [90m-> null[0m[0m
      [31m-[0m[0m source                        = "./../dados/trusted/votos_validos_zona/votos_validos_zona_2022_AM.tsv" [90m-> null[0m[0m
      [31m-[0m[0m storage_class                 = "STANDARD" [90m-> null[0m[0m
      [31m-[0m[0m tags                          = {} [90m-> null[0m[0m
      [31m-[0m[0m tags_all                      = {
          [31m-[0m[0m "grupo"   = "g06"
          [31m-[0m[0m "projeto" = "engenharia-de-dados"
          [31m-[0m[0m "turma"   = "eda262"
        } [90m-> null[0m[0m
        [90m# (14 unchanged attributes hidden)[0m[0m
    }

[1m  # module.lake.aws_s3_object.trusted["votos_validos_zona/votos_validos_zona_2022_AP.tsv"][0m will be [1m[31mdestroyed[0m
[0m  [31m-[0m[0m resource "aws_s3_object" "trusted" {
      [31m-[0m[0m arn                           = "arn:aws:s3:::eda262-g06-lake-trusted-325583868777/votos_validos_zona/votos_validos_zona_2022_AP.tsv" [90m-> null[0m[0m
      [31m-[0m[0m bucket                        = "eda262-g06-lake-trusted-325583868777" [90m-> null[0m[0m
      [31m-[0m[0m bucket_key_enabled            = false [90m-> null[0m[0m
      [31m-[0m[0m content_type                  = "text/tab-separated-values; charset=utf-8" [90m-> null[0m[0m
      [31m-[0m[0m etag                          = "7d00783a750de06c37bd93e715a97117" [90m-> null[0m[0m
      [31m-[0m[0m force_destroy                 = false [90m-> null[0m[0m
      [31m-[0m[0m id                            = "eda262-g06-lake-trusted-325583868777/votos_validos_zona/votos_validos_zona_2022_AP.tsv" [90m-> null[0m[0m
      [31m-[0m[0m key                           = "votos_validos_zona/votos_validos_zona_2022_AP.tsv" [90m-> null[0m[0m
      [31m-[0m[0m metadata                      = {} [90m-> null[0m[0m
      [31m-[0m[0m region                        = "us-east-1" [90m-> null[0m[0m
      [31m-[0m[0m server_side_encryption        = "AES256" [90m-> null[0m[0m
      [31m-[0m[0m source                        = "./../dados/trusted/votos_validos_zona/votos_validos_zona_2022_AP.tsv" [90m-> null[0m[0m
      [31m-[0m[0m storage_class                 = "STANDARD" [90m-> null[0m[0m
      [31m-[0m[0m tags                          = {} [90m-> null[0m[0m
      [31m-[0m[0m tags_all                      = {
          [31m-[0m[0m "grupo"   = "g06"
          [31m-[0m[0m "projeto" = "engenharia-de-dados"
          [31m-[0m[0m "turma"   = "eda262"
        } [90m-> null[0m[0m
        [90m# (14 unchanged attributes hidden)[0m[0m
    }

[1m  # module.lake.aws_s3_object.trusted["votos_validos_zona/votos_validos_zona_2022_BA.tsv"][0m will be [1m[31mdestroyed[0m
[0m  [31m-[0m[0m resource "aws_s3_object" "trusted" {
      [31m-[0m[0m arn                           = "arn:aws:s3:::eda262-g06-lake-trusted-325583868777/votos_validos_zona/votos_validos_zona_2022_BA.tsv" [90m-> null[0m[0m
      [31m-[0m[0m bucket                        = "eda262-g06-lake-trusted-325583868777" [90m-> null[0m[0m
      [31m-[0m[0m bucket_key_enabled            = false [90m-> null[0m[0m
      [31m-[0m[0m content_type                  = "text/tab-separated-values; charset=utf-8" [90m-> null[0m[0m
      [31m-[0m[0m etag                          = "c81778fcd51817eb56bdde70ca09cb2a" [90m-> null[0m[0m
      [31m-[0m[0m force_destroy                 = false [90m-> null[0m[0m
      [31m-[0m[0m id                            = "eda262-g06-lake-trusted-325583868777/votos_validos_zona/votos_validos_zona_2022_BA.tsv" [90m-> null[0m[0m
      [31m-[0m[0m key                           = "votos_validos_zona/votos_validos_zona_2022_BA.tsv" [90m-> null[0m[0m
      [31m-[0m[0m metadata                      = {} [90m-> null[0m[0m
      [31m-[0m[0m region                        = "us-east-1" [90m-> null[0m[0m
      [31m-[0m[0m server_side_encryption        = "AES256" [90m-> null[0m[0m
      [31m-[0m[0m source                        = "./../dados/trusted/votos_validos_zona/votos_validos_zona_2022_BA.tsv" [90m-> null[0m[0m
      [31m-[0m[0m storage_class                 = "STANDARD" [90m-> null[0m[0m
      [31m-[0m[0m tags                          = {} [90m-> null[0m[0m
      [31m-[0m[0m tags_all                      = {
          [31m-[0m[0m "grupo"   = "g06"
          [31m-[0m[0m "projeto" = "engenharia-de-dados"
          [31m-[0m[0m "turma"   = "eda262"
        } [90m-> null[0m[0m
        [90m# (14 unchanged attributes hidden)[0m[0m
    }

[1m  # module.lake.aws_s3_object.trusted["votos_validos_zona/votos_validos_zona_2022_CE.tsv"][0m will be [1m[31mdestroyed[0m
[0m  [31m-[0m[0m resource "aws_s3_object" "trusted" {
      [31m-[0m[0m arn                           = "arn:aws:s3:::eda262-g06-lake-trusted-325583868777/votos_validos_zona/votos_validos_zona_2022_CE.tsv" [90m-> null[0m[0m
      [31m-[0m[0m bucket                        = "eda262-g06-lake-trusted-325583868777" [90m-> null[0m[0m
      [31m-[0m[0m bucket_key_enabled            = false [90m-> null[0m[0m
      [31m-[0m[0m content_type                  = "text/tab-separated-values; charset=utf-8" [90m-> null[0m[0m
      [31m-[0m[0m etag                          = "c090fdba1755be755f726541147e2d11" [90m-> null[0m[0m
      [31m-[0m[0m force_destroy                 = false [90m-> null[0m[0m
      [31m-[0m[0m id                            = "eda262-g06-lake-trusted-325583868777/votos_validos_zona/votos_validos_zona_2022_CE.tsv" [90m-> null[0m[0m
      [31m-[0m[0m key                           = "votos_validos_zona/votos_validos_zona_2022_CE.tsv" [90m-> null[0m[0m
      [31m-[0m[0m metadata                      = {} [90m-> null[0m[0m
      [31m-[0m[0m region                        = "us-east-1" [90m-> null[0m[0m
      [31m-[0m[0m server_side_encryption        = "AES256" [90m-> null[0m[0m
      [31m-[0m[0m source                        = "./../dados/trusted/votos_validos_zona/votos_validos_zona_2022_CE.tsv" [90m-> null[0m[0m
      [31m-[0m[0m storage_class                 = "STANDARD" [90m-> null[0m[0m
      [31m-[0m[0m tags                          = {} [90m-> null[0m[0m
      [31m-[0m[0m tags_all                      = {
          [31m-[0m[0m "grupo"   = "g06"
          [31m-[0m[0m "projeto" = "engenharia-de-dados"
          [31m-[0m[0m "turma"   = "eda262"
        } [90m-> null[0m[0m
        [90m# (14 unchanged attributes hidden)[0m[0m
    }

[1m  # module.lake.aws_s3_object.trusted["votos_validos_zona/votos_validos_zona_2022_DF.tsv"][0m will be [1m[31mdestroyed[0m
[0m  [31m-[0m[0m resource "aws_s3_object" "trusted" {
      [31m-[0m[0m arn                           = "arn:aws:s3:::eda262-g06-lake-trusted-325583868777/votos_validos_zona/votos_validos_zona_2022_DF.tsv" [90m-> null[0m[0m
      [31m-[0m[0m bucket                        = "eda262-g06-lake-trusted-325583868777" [90m-> null[0m[0m
      [31m-[0m[0m bucket_key_enabled            = false [90m-> null[0m[0m
      [31m-[0m[0m content_type                  = "text/tab-separated-values; charset=utf-8" [90m-> null[0m[0m
      [31m-[0m[0m etag                          = "51bdcd9caae51ae58aa548ab825bcb24" [90m-> null[0m[0m
      [31m-[0m[0m force_destroy                 = false [90m-> null[0m[0m
      [31m-[0m[0m id                            = "eda262-g06-lake-trusted-325583868777/votos_validos_zona/votos_validos_zona_2022_DF.tsv" [90m-> null[0m[0m
      [31m-[0m[0m key                           = "votos_validos_zona/votos_validos_zona_2022_DF.tsv" [90m-> null[0m[0m
      [31m-[0m[0m metadata                      = {} [90m-> null[0m[0m
      [31m-[0m[0m region                        = "us-east-1" [90m-> null[0m[0m
      [31m-[0m[0m server_side_encryption        = "AES256" [90m-> null[0m[0m
      [31m-[0m[0m source                        = "./../dados/trusted/votos_validos_zona/votos_validos_zona_2022_DF.tsv" [90m-> null[0m[0m
      [31m-[0m[0m storage_class                 = "STANDARD" [90m-> null[0m[0m
      [31m-[0m[0m tags                          = {} [90m-> null[0m[0m
      [31m-[0m[0m tags_all                      = {
          [31m-[0m[0m "grupo"   = "g06"
          [31m-[0m[0m "projeto" = "engenharia-de-dados"
          [31m-[0m[0m "turma"   = "eda262"
        } [90m-> null[0m[0m
        [90m# (14 unchanged attributes hidden)[0m[0m
    }

[1m  # module.lake.aws_s3_object.trusted["votos_validos_zona/votos_validos_zona_2022_ES.tsv"][0m will be [1m[31mdestroyed[0m
[0m  [31m-[0m[0m resource "aws_s3_object" "trusted" {
      [31m-[0m[0m arn                           = "arn:aws:s3:::eda262-g06-lake-trusted-325583868777/votos_validos_zona/votos_validos_zona_2022_ES.tsv" [90m-> null[0m[0m
      [31m-[0m[0m bucket                        = "eda262-g06-lake-trusted-325583868777" [90m-> null[0m[0m
      [31m-[0m[0m bucket_key_enabled            = false [90m-> null[0m[0m
      [31m-[0m[0m content_type                  = "text/tab-separated-values; charset=utf-8" [90m-> null[0m[0m
      [31m-[0m[0m etag                          = "da670a0b7822ca73c2c2ebc1c1ef7b13" [90m-> null[0m[0m
      [31m-[0m[0m force_destroy                 = false [90m-> null[0m[0m
      [31m-[0m[0m id                            = "eda262-g06-lake-trusted-325583868777/votos_validos_zona/votos_validos_zona_2022_ES.tsv" [90m-> null[0m[0m
      [31m-[0m[0m key                           = "votos_validos_zona/votos_validos_zona_2022_ES.tsv" [90m-> null[0m[0m
      [31m-[0m[0m metadata                      = {} [90m-> null[0m[0m
      [31m-[0m[0m region                        = "us-east-1" [90m-> null[0m[0m
      [31m-[0m[0m server_side_encryption        = "AES256" [90m-> null[0m[0m
      [31m-[0m[0m source                        = "./../dados/trusted/votos_validos_zona/votos_validos_zona_2022_ES.tsv" [90m-> null[0m[0m
      [31m-[0m[0m storage_class                 = "STANDARD" [90m-> null[0m[0m
      [31m-[0m[0m tags                          = {} [90m-> null[0m[0m
      [31m-[0m[0m tags_all                      = {
          [31m-[0m[0m "grupo"   = "g06"
          [31m-[0m[0m "projeto" = "engenharia-de-dados"
          [31m-[0m[0m "turma"   = "eda262"
        } [90m-> null[0m[0m
        [90m# (14 unchanged attributes hidden)[0m[0m
    }

[1m  # module.lake.aws_s3_object.trusted["votos_validos_zona/votos_validos_zona_2022_GO.tsv"][0m will be [1m[31mdestroyed[0m
[0m  [31m-[0m[0m resource "aws_s3_object" "trusted" {
      [31m-[0m[0m arn                           = "arn:aws:s3:::eda262-g06-lake-trusted-325583868777/votos_validos_zona/votos_validos_zona_2022_GO.tsv" [90m-> null[0m[0m
      [31m-[0m[0m bucket                        = "eda262-g06-lake-trusted-325583868777" [90m-> null[0m[0m
      [31m-[0m[0m bucket_key_enabled            = false [90m-> null[0m[0m
      [31m-[0m[0m content_type                  = "text/tab-separated-values; charset=utf-8" [90m-> null[0m[0m
      [31m-[0m[0m etag                          = "d1483ab11cf3ea0e9890fcac1f2dc985" [90m-> null[0m[0m
      [31m-[0m[0m force_destroy                 = false [90m-> null[0m[0m
      [31m-[0m[0m id                            = "eda262-g06-lake-trusted-325583868777/votos_validos_zona/votos_validos_zona_2022_GO.tsv" [90m-> null[0m[0m
      [31m-[0m[0m key                           = "votos_validos_zona/votos_validos_zona_2022_GO.tsv" [90m-> null[0m[0m
      [31m-[0m[0m metadata                      = {} [90m-> null[0m[0m
      [31m-[0m[0m region                        = "us-east-1" [90m-> null[0m[0m
      [31m-[0m[0m server_side_encryption        = "AES256" [90m-> null[0m[0m
      [31m-[0m[0m source                        = "./../dados/trusted/votos_validos_zona/votos_validos_zona_2022_GO.tsv" [90m-> null[0m[0m
      [31m-[0m[0m storage_class                 = "STANDARD" [90m-> null[0m[0m
      [31m-[0m[0m tags                          = {} [90m-> null[0m[0m
      [31m-[0m[0m tags_all                      = {
          [31m-[0m[0m "grupo"   = "g06"
          [31m-[0m[0m "projeto" = "engenharia-de-dados"
          [31m-[0m[0m "turma"   = "eda262"
        } [90m-> null[0m[0m
        [90m# (14 unchanged attributes hidden)[0m[0m
    }

[1m  # module.lake.aws_s3_object.trusted["votos_validos_zona/votos_validos_zona_2022_MA.tsv"][0m will be [1m[31mdestroyed[0m
[0m  [31m-[0m[0m resource "aws_s3_object" "trusted" {
      [31m-[0m[0m arn                           = "arn:aws:s3:::eda262-g06-lake-trusted-325583868777/votos_validos_zona/votos_validos_zona_2022_MA.tsv" [90m-> null[0m[0m
      [31m-[0m[0m bucket                        = "eda262-g06-lake-trusted-325583868777" [90m-> null[0m[0m
      [31m-[0m[0m bucket_key_enabled            = false [90m-> null[0m[0m
      [31m-[0m[0m content_type                  = "text/tab-separated-values; charset=utf-8" [90m-> null[0m[0m
      [31m-[0m[0m etag                          = "0f0154e19b9394d5526343bb2ca79508" [90m-> null[0m[0m
      [31m-[0m[0m force_destroy                 = false [90m-> null[0m[0m
      [31m-[0m[0m id                            = "eda262-g06-lake-trusted-325583868777/votos_validos_zona/votos_validos_zona_2022_MA.tsv" [90m-> null[0m[0m
      [31m-[0m[0m key                           = "votos_validos_zona/votos_validos_zona_2022_MA.tsv" [90m-> null[0m[0m
      [31m-[0m[0m metadata                      = {} [90m-> null[0m[0m
      [31m-[0m[0m region                        = "us-east-1" [90m-> null[0m[0m
      [31m-[0m[0m server_side_encryption        = "AES256" [90m-> null[0m[0m
      [31m-[0m[0m source                        = "./../dados/trusted/votos_validos_zona/votos_validos_zona_2022_MA.tsv" [90m-> null[0m[0m
      [31m-[0m[0m storage_class                 = "STANDARD" [90m-> null[0m[0m
      [31m-[0m[0m tags                          = {} [90m-> null[0m[0m
      [31m-[0m[0m tags_all                      = {
          [31m-[0m[0m "grupo"   = "g06"
          [31m-[0m[0m "projeto" = "engenharia-de-dados"
          [31m-[0m[0m "turma"   = "eda262"
        } [90m-> null[0m[0m
        [90m# (14 unchanged attributes hidden)[0m[0m
    }

[1m  # module.lake.aws_s3_object.trusted["votos_validos_zona/votos_validos_zona_2022_MG.tsv"][0m will be [1m[31mdestroyed[0m
[0m  [31m-[0m[0m resource "aws_s3_object" "trusted" {
      [31m-[0m[0m arn                           = "arn:aws:s3:::eda262-g06-lake-trusted-325583868777/votos_validos_zona/votos_validos_zona_2022_MG.tsv" [90m-> null[0m[0m
      [31m-[0m[0m bucket                        = "eda262-g06-lake-trusted-325583868777" [90m-> null[0m[0m
      [31m-[0m[0m bucket_key_enabled            = false [90m-> null[0m[0m
      [31m-[0m[0m content_type                  = "text/tab-separated-values; charset=utf-8" [90m-> null[0m[0m
      [31m-[0m[0m etag                          = "0c0c0849cb42ed352ffa7d59ff18b82f" [90m-> null[0m[0m
      [31m-[0m[0m force_destroy                 = false [90m-> null[0m[0m
      [31m-[0m[0m id                            = "eda262-g06-lake-trusted-325583868777/votos_validos_zona/votos_validos_zona_2022_MG.tsv" [90m-> null[0m[0m
      [31m-[0m[0m key                           = "votos_validos_zona/votos_validos_zona_2022_MG.tsv" [90m-> null[0m[0m
      [31m-[0m[0m metadata                      = {} [90m-> null[0m[0m
      [31m-[0m[0m region                        = "us-east-1" [90m-> null[0m[0m
      [31m-[0m[0m server_side_encryption        = "AES256" [90m-> null[0m[0m
      [31m-[0m[0m source                        = "./../dados/trusted/votos_validos_zona/votos_validos_zona_2022_MG.tsv" [90m-> null[0m[0m
      [31m-[0m[0m storage_class                 = "STANDARD" [90m-> null[0m[0m
      [31m-[0m[0m tags                          = {} [90m-> null[0m[0m
      [31m-[0m[0m tags_all                      = {
          [31m-[0m[0m "grupo"   = "g06"
          [31m-[0m[0m "projeto" = "engenharia-de-dados"
          [31m-[0m[0m "turma"   = "eda262"
        } [90m-> null[0m[0m
        [90m# (14 unchanged attributes hidden)[0m[0m
    }

[1m  # module.lake.aws_s3_object.trusted["votos_validos_zona/votos_validos_zona_2022_MS.tsv"][0m will be [1m[31mdestroyed[0m
[0m  [31m-[0m[0m resource "aws_s3_object" "trusted" {
      [31m-[0m[0m arn                           = "arn:aws:s3:::eda262-g06-lake-trusted-325583868777/votos_validos_zona/votos_validos_zona_2022_MS.tsv" [90m-> null[0m[0m
      [31m-[0m[0m bucket                        = "eda262-g06-lake-trusted-325583868777" [90m-> null[0m[0m
      [31m-[0m[0m bucket_key_enabled            = false [90m-> null[0m[0m
      [31m-[0m[0m content_type                  = "text/tab-separated-values; charset=utf-8" [90m-> null[0m[0m
      [31m-[0m[0m etag                          = "693495d0de761ed286c5e2b01fc7c75b" [90m-> null[0m[0m
      [31m-[0m[0m force_destroy                 = false [90m-> null[0m[0m
      [31m-[0m[0m id                            = "eda262-g06-lake-trusted-325583868777/votos_validos_zona/votos_validos_zona_2022_MS.tsv" [90m-> null[0m[0m
      [31m-[0m[0m key                           = "votos_validos_zona/votos_validos_zona_2022_MS.tsv" [90m-> null[0m[0m
      [31m-[0m[0m metadata                      = {} [90m-> null[0m[0m
      [31m-[0m[0m region                        = "us-east-1" [90m-> null[0m[0m
      [31m-[0m[0m server_side_encryption        = "AES256" [90m-> null[0m[0m
      [31m-[0m[0m source                        = "./../dados/trusted/votos_validos_zona/votos_validos_zona_2022_MS.tsv" [90m-> null[0m[0m
      [31m-[0m[0m storage_class                 = "STANDARD" [90m-> null[0m[0m
      [31m-[0m[0m tags                          = {} [90m-> null[0m[0m
      [31m-[0m[0m tags_all                      = {
          [31m-[0m[0m "grupo"   = "g06"
          [31m-[0m[0m "projeto" = "engenharia-de-dados"
          [31m-[0m[0m "turma"   = "eda262"
        } [90m-> null[0m[0m
        [90m# (14 unchanged attributes hidden)[0m[0m
    }

[1m  # module.lake.aws_s3_object.trusted["votos_validos_zona/votos_validos_zona_2022_MT.tsv"][0m will be [1m[31mdestroyed[0m
[0m  [31m-[0m[0m resource "aws_s3_object" "trusted" {
      [31m-[0m[0m arn                           = "arn:aws:s3:::eda262-g06-lake-trusted-325583868777/votos_validos_zona/votos_validos_zona_2022_MT.tsv" [90m-> null[0m[0m
      [31m-[0m[0m bucket                        = "eda262-g06-lake-trusted-325583868777" [90m-> null[0m[0m
      [31m-[0m[0m bucket_key_enabled            = false [90m-> null[0m[0m
      [31m-[0m[0m content_type                  = "text/tab-separated-values; charset=utf-8" [90m-> null[0m[0m
      [31m-[0m[0m etag                          = "fafafe961bcb61fd1e33d8c3abc96f57" [90m-> null[0m[0m
      [31m-[0m[0m force_destroy                 = false [90m-> null[0m[0m
      [31m-[0m[0m id                            = "eda262-g06-lake-trusted-325583868777/votos_validos_zona/votos_validos_zona_2022_MT.tsv" [90m-> null[0m[0m
      [31m-[0m[0m key                           = "votos_validos_zona/votos_validos_zona_2022_MT.tsv" [90m-> null[0m[0m
      [31m-[0m[0m metadata                      = {} [90m-> null[0m[0m
      [31m-[0m[0m region                        = "us-east-1" [90m-> null[0m[0m
      [31m-[0m[0m server_side_encryption        = "AES256" [90m-> null[0m[0m
      [31m-[0m[0m source                        = "./../dados/trusted/votos_validos_zona/votos_validos_zona_2022_MT.tsv" [90m-> null[0m[0m
      [31m-[0m[0m storage_class                 = "STANDARD" [90m-> null[0m[0m
      [31m-[0m[0m tags                          = {} [90m-> null[0m[0m
      [31m-[0m[0m tags_all                      = {
          [31m-[0m[0m "grupo"   = "g06"
          [31m-[0m[0m "projeto" = "engenharia-de-dados"
          [31m-[0m[0m "turma"   = "eda262"
        } [90m-> null[0m[0m
        [90m# (14 unchanged attributes hidden)[0m[0m
    }

[1m  # module.lake.aws_s3_object.trusted["votos_validos_zona/votos_validos_zona_2022_PA.tsv"][0m will be [1m[31mdestroyed[0m
[0m  [31m-[0m[0m resource "aws_s3_object" "trusted" {
      [31m-[0m[0m arn                           = "arn:aws:s3:::eda262-g06-lake-trusted-325583868777/votos_validos_zona/votos_validos_zona_2022_PA.tsv" [90m-> null[0m[0m
      [31m-[0m[0m bucket                        = "eda262-g06-lake-trusted-325583868777" [90m-> null[0m[0m
      [31m-[0m[0m bucket_key_enabled            = false [90m-> null[0m[0m
      [31m-[0m[0m content_type                  = "text/tab-separated-values; charset=utf-8" [90m-> null[0m[0m
      [31m-[0m[0m etag                          = "02ee918c70f3a4fe2390e4983fc92af6" [90m-> null[0m[0m
      [31m-[0m[0m force_destroy                 = false [90m-> null[0m[0m
      [31m-[0m[0m id                            = "eda262-g06-lake-trusted-325583868777/votos_validos_zona/votos_validos_zona_2022_PA.tsv" [90m-> null[0m[0m
      [31m-[0m[0m key                           = "votos_validos_zona/votos_validos_zona_2022_PA.tsv" [90m-> null[0m[0m
      [31m-[0m[0m metadata                      = {} [90m-> null[0m[0m
      [31m-[0m[0m region                        = "us-east-1" [90m-> null[0m[0m
      [31m-[0m[0m server_side_encryption        = "AES256" [90m-> null[0m[0m
      [31m-[0m[0m source                        = "./../dados/trusted/votos_validos_zona/votos_validos_zona_2022_PA.tsv" [90m-> null[0m[0m
      [31m-[0m[0m storage_class                 = "STANDARD" [90m-> null[0m[0m
      [31m-[0m[0m tags                          = {} [90m-> null[0m[0m
      [31m-[0m[0m tags_all                      = {
          [31m-[0m[0m "grupo"   = "g06"
          [31m-[0m[0m "projeto" = "engenharia-de-dados"
          [31m-[0m[0m "turma"   = "eda262"
        } [90m-> null[0m[0m
        [90m# (14 unchanged attributes hidden)[0m[0m
    }

[1m  # module.lake.aws_s3_object.trusted["votos_validos_zona/votos_validos_zona_2022_PB.tsv"][0m will be [1m[31mdestroyed[0m
[0m  [31m-[0m[0m resource "aws_s3_object" "trusted" {
      [31m-[0m[0m arn                           = "arn:aws:s3:::eda262-g06-lake-trusted-325583868777/votos_validos_zona/votos_validos_zona_2022_PB.tsv" [90m-> null[0m[0m
      [31m-[0m[0m bucket                        = "eda262-g06-lake-trusted-325583868777" [90m-> null[0m[0m
      [31m-[0m[0m bucket_key_enabled            = false [90m-> null[0m[0m
      [31m-[0m[0m content_type                  = "text/tab-separated-values; charset=utf-8" [90m-> null[0m[0m
      [31m-[0m[0m etag                          = "82151177482b46c224e5ce0fcf6d20c9" [90m-> null[0m[0m
      [31m-[0m[0m force_destroy                 = false [90m-> null[0m[0m
      [31m-[0m[0m id                            = "eda262-g06-lake-trusted-325583868777/votos_validos_zona/votos_validos_zona_2022_PB.tsv" [90m-> null[0m[0m
      [31m-[0m[0m key                           = "votos_validos_zona/votos_validos_zona_2022_PB.tsv" [90m-> null[0m[0m
      [31m-[0m[0m metadata                      = {} [90m-> null[0m[0m
      [31m-[0m[0m region                        = "us-east-1" [90m-> null[0m[0m
      [31m-[0m[0m server_side_encryption        = "AES256" [90m-> null[0m[0m
      [31m-[0m[0m source                        = "./../dados/trusted/votos_validos_zona/votos_validos_zona_2022_PB.tsv" [90m-> null[0m[0m
      [31m-[0m[0m storage_class                 = "STANDARD" [90m-> null[0m[0m
      [31m-[0m[0m tags                          = {} [90m-> null[0m[0m
      [31m-[0m[0m tags_all                      = {
          [31m-[0m[0m "grupo"   = "g06"
          [31m-[0m[0m "projeto" = "engenharia-de-dados"
          [31m-[0m[0m "turma"   = "eda262"
        } [90m-> null[0m[0m
        [90m# (14 unchanged attributes hidden)[0m[0m
    }

[1m  # module.lake.aws_s3_object.trusted["votos_validos_zona/votos_validos_zona_2022_PE.tsv"][0m will be [1m[31mdestroyed[0m
[0m  [31m-[0m[0m resource "aws_s3_object" "trusted" {
      [31m-[0m[0m arn                           = "arn:aws:s3:::eda262-g06-lake-trusted-325583868777/votos_validos_zona/votos_validos_zona_2022_PE.tsv" [90m-> null[0m[0m
      [31m-[0m[0m bucket                        = "eda262-g06-lake-trusted-325583868777" [90m-> null[0m[0m
      [31m-[0m[0m bucket_key_enabled            = false [90m-> null[0m[0m
      [31m-[0m[0m content_type                  = "text/tab-separated-values; charset=utf-8" [90m-> null[0m[0m
      [31m-[0m[0m etag                          = "2992fa40500d8c8c57281bfcc171170a" [90m-> null[0m[0m
      [31m-[0m[0m force_destroy                 = false [90m-> null[0m[0m
      [31m-[0m[0m id                            = "eda262-g06-lake-trusted-325583868777/votos_validos_zona/votos_validos_zona_2022_PE.tsv" [90m-> null[0m[0m
      [31m-[0m[0m key                           = "votos_validos_zona/votos_validos_zona_2022_PE.tsv" [90m-> null[0m[0m
      [31m-[0m[0m metadata                      = {} [90m-> null[0m[0m
      [31m-[0m[0m region                        = "us-east-1" [90m-> null[0m[0m
      [31m-[0m[0m server_side_encryption        = "AES256" [90m-> null[0m[0m
      [31m-[0m[0m source                        = "./../dados/trusted/votos_validos_zona/votos_validos_zona_2022_PE.tsv" [90m-> null[0m[0m
      [31m-[0m[0m storage_class                 = "STANDARD" [90m-> null[0m[0m
      [31m-[0m[0m tags                          = {} [90m-> null[0m[0m
      [31m-[0m[0m tags_all                      = {
          [31m-[0m[0m "grupo"   = "g06"
          [31m-[0m[0m "projeto" = "engenharia-de-dados"
          [31m-[0m[0m "turma"   = "eda262"
        } [90m-> null[0m[0m
        [90m# (14 unchanged attributes hidden)[0m[0m
    }

[1m  # module.lake.aws_s3_object.trusted["votos_validos_zona/votos_validos_zona_2022_PI.tsv"][0m will be [1m[31mdestroyed[0m
[0m  [31m-[0m[0m resource "aws_s3_object" "trusted" {
      [31m-[0m[0m arn                           = "arn:aws:s3:::eda262-g06-lake-trusted-325583868777/votos_validos_zona/votos_validos_zona_2022_PI.tsv" [90m-> null[0m[0m
      [31m-[0m[0m bucket                        = "eda262-g06-lake-trusted-325583868777" [90m-> null[0m[0m
      [31m-[0m[0m bucket_key_enabled            = false [90m-> null[0m[0m
      [31m-[0m[0m content_type                  = "text/tab-separated-values; charset=utf-8" [90m-> null[0m[0m
      [31m-[0m[0m etag                          = "23b83ece6bfe00e2500c57707d5026d5" [90m-> null[0m[0m
      [31m-[0m[0m force_destroy                 = false [90m-> null[0m[0m
      [31m-[0m[0m id                            = "eda262-g06-lake-trusted-325583868777/votos_validos_zona/votos_validos_zona_2022_PI.tsv" [90m-> null[0m[0m
      [31m-[0m[0m key                           = "votos_validos_zona/votos_validos_zona_2022_PI.tsv" [90m-> null[0m[0m
      [31m-[0m[0m metadata                      = {} [90m-> null[0m[0m
      [31m-[0m[0m region                        = "us-east-1" [90m-> null[0m[0m
      [31m-[0m[0m server_side_encryption        = "AES256" [90m-> null[0m[0m
      [31m-[0m[0m source                        = "./../dados/trusted/votos_validos_zona/votos_validos_zona_2022_PI.tsv" [90m-> null[0m[0m
      [31m-[0m[0m storage_class                 = "STANDARD" [90m-> null[0m[0m
      [31m-[0m[0m tags                          = {} [90m-> null[0m[0m
      [31m-[0m[0m tags_all                      = {
          [31m-[0m[0m "grupo"   = "g06"
          [31m-[0m[0m "projeto" = "engenharia-de-dados"
          [31m-[0m[0m "turma"   = "eda262"
        } [90m-> null[0m[0m
        [90m# (14 unchanged attributes hidden)[0m[0m
    }

[1m  # module.lake.aws_s3_object.trusted["votos_validos_zona/votos_validos_zona_2022_PR.tsv"][0m will be [1m[31mdestroyed[0m
[0m  [31m-[0m[0m resource "aws_s3_object" "trusted" {
      [31m-[0m[0m arn                           = "arn:aws:s3:::eda262-g06-lake-trusted-325583868777/votos_validos_zona/votos_validos_zona_2022_PR.tsv" [90m-> null[0m[0m
      [31m-[0m[0m bucket                        = "eda262-g06-lake-trusted-325583868777" [90m-> null[0m[0m
      [31m-[0m[0m bucket_key_enabled            = false [90m-> null[0m[0m
      [31m-[0m[0m content_type                  = "text/tab-separated-values; charset=utf-8" [90m-> null[0m[0m
      [31m-[0m[0m etag                          = "603f872c103b8a13b236c1e5afae4f47" [90m-> null[0m[0m
      [31m-[0m[0m force_destroy                 = false [90m-> null[0m[0m
      [31m-[0m[0m id                            = "eda262-g06-lake-trusted-325583868777/votos_validos_zona/votos_validos_zona_2022_PR.tsv" [90m-> null[0m[0m
      [31m-[0m[0m key                           = "votos_validos_zona/votos_validos_zona_2022_PR.tsv" [90m-> null[0m[0m
      [31m-[0m[0m metadata                      = {} [90m-> null[0m[0m
      [31m-[0m[0m region                        = "us-east-1" [90m-> null[0m[0m
      [31m-[0m[0m server_side_encryption        = "AES256" [90m-> null[0m[0m
      [31m-[0m[0m source                        = "./../dados/trusted/votos_validos_zona/votos_validos_zona_2022_PR.tsv" [90m-> null[0m[0m
      [31m-[0m[0m storage_class                 = "STANDARD" [90m-> null[0m[0m
      [31m-[0m[0m tags                          = {} [90m-> null[0m[0m
      [31m-[0m[0m tags_all                      = {
          [31m-[0m[0m "grupo"   = "g06"
          [31m-[0m[0m "projeto" = "engenharia-de-dados"
          [31m-[0m[0m "turma"   = "eda262"
        } [90m-> null[0m[0m
        [90m# (14 unchanged attributes hidden)[0m[0m
    }

[1m  # module.lake.aws_s3_object.trusted["votos_validos_zona/votos_validos_zona_2022_RJ.tsv"][0m will be [1m[31mdestroyed[0m
[0m  [31m-[0m[0m resource "aws_s3_object" "trusted" {
      [31m-[0m[0m arn                           = "arn:aws:s3:::eda262-g06-lake-trusted-325583868777/votos_validos_zona/votos_validos_zona_2022_RJ.tsv" [90m-> null[0m[0m
      [31m-[0m[0m bucket                        = "eda262-g06-lake-trusted-325583868777" [90m-> null[0m[0m
      [31m-[0m[0m bucket_key_enabled            = false [90m-> null[0m[0m
      [31m-[0m[0m content_type                  = "text/tab-separated-values; charset=utf-8" [90m-> null[0m[0m
      [31m-[0m[0m etag                          = "1049d0ee6deaec6dde28f7b0372c1c85" [90m-> null[0m[0m
      [31m-[0m[0m force_destroy                 = false [90m-> null[0m[0m
      [31m-[0m[0m id                            = "eda262-g06-lake-trusted-325583868777/votos_validos_zona/votos_validos_zona_2022_RJ.tsv" [90m-> null[0m[0m
      [31m-[0m[0m key                           = "votos_validos_zona/votos_validos_zona_2022_RJ.tsv" [90m-> null[0m[0m
      [31m-[0m[0m metadata                      = {} [90m-> null[0m[0m
      [31m-[0m[0m region                        = "us-east-1" [90m-> null[0m[0m
      [31m-[0m[0m server_side_encryption        = "AES256" [90m-> null[0m[0m
      [31m-[0m[0m source                        = "./../dados/trusted/votos_validos_zona/votos_validos_zona_2022_RJ.tsv" [90m-> null[0m[0m
      [31m-[0m[0m storage_class                 = "STANDARD" [90m-> null[0m[0m
      [31m-[0m[0m tags                          = {} [90m-> null[0m[0m
      [31m-[0m[0m tags_all                      = {
          [31m-[0m[0m "grupo"   = "g06"
          [31m-[0m[0m "projeto" = "engenharia-de-dados"
          [31m-[0m[0m "turma"   = "eda262"
        } [90m-> null[0m[0m
        [90m# (14 unchanged attributes hidden)[0m[0m
    }

[1m  # module.lake.aws_s3_object.trusted["votos_validos_zona/votos_validos_zona_2022_RN.tsv"][0m will be [1m[31mdestroyed[0m
[0m  [31m-[0m[0m resource "aws_s3_object" "trusted" {
      [31m-[0m[0m arn                           = "arn:aws:s3:::eda262-g06-lake-trusted-325583868777/votos_validos_zona/votos_validos_zona_2022_RN.tsv" [90m-> null[0m[0m
      [31m-[0m[0m bucket                        = "eda262-g06-lake-trusted-325583868777" [90m-> null[0m[0m
      [31m-[0m[0m bucket_key_enabled            = false [90m-> null[0m[0m
      [31m-[0m[0m content_type                  = "text/tab-separated-values; charset=utf-8" [90m-> null[0m[0m
      [31m-[0m[0m etag                          = "e49d4b631cec5c171d927ea661bf36c7" [90m-> null[0m[0m
      [31m-[0m[0m force_destroy                 = false [90m-> null[0m[0m
      [31m-[0m[0m id                            = "eda262-g06-lake-trusted-325583868777/votos_validos_zona/votos_validos_zona_2022_RN.tsv" [90m-> null[0m[0m
      [31m-[0m[0m key                           = "votos_validos_zona/votos_validos_zona_2022_RN.tsv" [90m-> null[0m[0m
      [31m-[0m[0m metadata                      = {} [90m-> null[0m[0m
      [31m-[0m[0m region                        = "us-east-1" [90m-> null[0m[0m
      [31m-[0m[0m server_side_encryption        = "AES256" [90m-> null[0m[0m
      [31m-[0m[0m source                        = "./../dados/trusted/votos_validos_zona/votos_validos_zona_2022_RN.tsv" [90m-> null[0m[0m
      [31m-[0m[0m storage_class                 = "STANDARD" [90m-> null[0m[0m
      [31m-[0m[0m tags                          = {} [90m-> null[0m[0m
      [31m-[0m[0m tags_all                      = {
          [31m-[0m[0m "grupo"   = "g06"
          [31m-[0m[0m "projeto" = "engenharia-de-dados"
          [31m-[0m[0m "turma"   = "eda262"
        } [90m-> null[0m[0m
        [90m# (14 unchanged attributes hidden)[0m[0m
    }

[1m  # module.lake.aws_s3_object.trusted["votos_validos_zona/votos_validos_zona_2022_RO.tsv"][0m will be [1m[31mdestroyed[0m
[0m  [31m-[0m[0m resource "aws_s3_object" "trusted" {
      [31m-[0m[0m arn                           = "arn:aws:s3:::eda262-g06-lake-trusted-325583868777/votos_validos_zona/votos_validos_zona_2022_RO.tsv" [90m-> null[0m[0m
      [31m-[0m[0m bucket                        = "eda262-g06-lake-trusted-325583868777" [90m-> null[0m[0m
      [31m-[0m[0m bucket_key_enabled            = false [90m-> null[0m[0m
      [31m-[0m[0m content_type                  = "text/tab-separated-values; charset=utf-8" [90m-> null[0m[0m
      [31m-[0m[0m etag                          = "5fb72a6d9c09033e638fffd434070b38" [90m-> null[0m[0m
      [31m-[0m[0m force_destroy                 = false [90m-> null[0m[0m
      [31m-[0m[0m id                            = "eda262-g06-lake-trusted-325583868777/votos_validos_zona/votos_validos_zona_2022_RO.tsv" [90m-> null[0m[0m
      [31m-[0m[0m key                           = "votos_validos_zona/votos_validos_zona_2022_RO.tsv" [90m-> null[0m[0m
      [31m-[0m[0m metadata                      = {} [90m-> null[0m[0m
      [31m-[0m[0m region                        = "us-east-1" [90m-> null[0m[0m
      [31m-[0m[0m server_side_encryption        = "AES256" [90m-> null[0m[0m
      [31m-[0m[0m source                        = "./../dados/trusted/votos_validos_zona/votos_validos_zona_2022_RO.tsv" [90m-> null[0m[0m
      [31m-[0m[0m storage_class                 = "STANDARD" [90m-> null[0m[0m
      [31m-[0m[0m tags                          = {} [90m-> null[0m[0m
      [31m-[0m[0m tags_all                      = {
          [31m-[0m[0m "grupo"   = "g06"
          [31m-[0m[0m "projeto" = "engenharia-de-dados"
          [31m-[0m[0m "turma"   = "eda262"
        } [90m-> null[0m[0m
        [90m# (14 unchanged attributes hidden)[0m[0m
    }

[1m  # module.lake.aws_s3_object.trusted["votos_validos_zona/votos_validos_zona_2022_RR.tsv"][0m will be [1m[31mdestroyed[0m
[0m  [31m-[0m[0m resource "aws_s3_object" "trusted" {
      [31m-[0m[0m arn                           = "arn:aws:s3:::eda262-g06-lake-trusted-325583868777/votos_validos_zona/votos_validos_zona_2022_RR.tsv" [90m-> null[0m[0m
      [31m-[0m[0m bucket                        = "eda262-g06-lake-trusted-325583868777" [90m-> null[0m[0m
      [31m-[0m[0m bucket_key_enabled            = false [90m-> null[0m[0m
      [31m-[0m[0m content_type                  = "text/tab-separated-values; charset=utf-8" [90m-> null[0m[0m
      [31m-[0m[0m etag                          = "3925db3b8f5bc7b614343ccb6c69d54d" [90m-> null[0m[0m
      [31m-[0m[0m force_destroy                 = false [90m-> null[0m[0m
      [31m-[0m[0m id                            = "eda262-g06-lake-trusted-325583868777/votos_validos_zona/votos_validos_zona_2022_RR.tsv" [90m-> null[0m[0m
      [31m-[0m[0m key                           = "votos_validos_zona/votos_validos_zona_2022_RR.tsv" [90m-> null[0m[0m
      [31m-[0m[0m metadata                      = {} [90m-> null[0m[0m
      [31m-[0m[0m region                        = "us-east-1" [90m-> null[0m[0m
      [31m-[0m[0m server_side_encryption        = "AES256" [90m-> null[0m[0m
      [31m-[0m[0m source                        = "./../dados/trusted/votos_validos_zona/votos_validos_zona_2022_RR.tsv" [90m-> null[0m[0m
      [31m-[0m[0m storage_class                 = "STANDARD" [90m-> null[0m[0m
      [31m-[0m[0m tags                          = {} [90m-> null[0m[0m
      [31m-[0m[0m tags_all                      = {
          [31m-[0m[0m "grupo"   = "g06"
          [31m-[0m[0m "projeto" = "engenharia-de-dados"
          [31m-[0m[0m "turma"   = "eda262"
        } [90m-> null[0m[0m
        [90m# (14 unchanged attributes hidden)[0m[0m
    }

[1m  # module.lake.aws_s3_object.trusted["votos_validos_zona/votos_validos_zona_2022_RS.tsv"][0m will be [1m[31mdestroyed[0m
[0m  [31m-[0m[0m resource "aws_s3_object" "trusted" {
      [31m-[0m[0m arn                           = "arn:aws:s3:::eda262-g06-lake-trusted-325583868777/votos_validos_zona/votos_validos_zona_2022_RS.tsv" [90m-> null[0m[0m
      [31m-[0m[0m bucket                        = "eda262-g06-lake-trusted-325583868777" [90m-> null[0m[0m
      [31m-[0m[0m bucket_key_enabled            = false [90m-> null[0m[0m
      [31m-[0m[0m content_type                  = "text/tab-separated-values; charset=utf-8" [90m-> null[0m[0m
      [31m-[0m[0m etag                          = "306c996f2f330752ba1ee9218519cf73" [90m-> null[0m[0m
      [31m-[0m[0m force_destroy                 = false [90m-> null[0m[0m
      [31m-[0m[0m id                            = "eda262-g06-lake-trusted-325583868777/votos_validos_zona/votos_validos_zona_2022_RS.tsv" [90m-> null[0m[0m
      [31m-[0m[0m key                           = "votos_validos_zona/votos_validos_zona_2022_RS.tsv" [90m-> null[0m[0m
      [31m-[0m[0m metadata                      = {} [90m-> null[0m[0m
      [31m-[0m[0m region                        = "us-east-1" [90m-> null[0m[0m
      [31m-[0m[0m server_side_encryption        = "AES256" [90m-> null[0m[0m
      [31m-[0m[0m source                        = "./../dados/trusted/votos_validos_zona/votos_validos_zona_2022_RS.tsv" [90m-> null[0m[0m
      [31m-[0m[0m storage_class                 = "STANDARD" [90m-> null[0m[0m
      [31m-[0m[0m tags                          = {} [90m-> null[0m[0m
      [31m-[0m[0m tags_all                      = {
          [31m-[0m[0m "grupo"   = "g06"
          [31m-[0m[0m "projeto" = "engenharia-de-dados"
          [31m-[0m[0m "turma"   = "eda262"
        } [90m-> null[0m[0m
        [90m# (14 unchanged attributes hidden)[0m[0m
    }

[1m  # module.lake.aws_s3_object.trusted["votos_validos_zona/votos_validos_zona_2022_SC.tsv"][0m will be [1m[31mdestroyed[0m
[0m  [31m-[0m[0m resource "aws_s3_object" "trusted" {
      [31m-[0m[0m arn                           = "arn:aws:s3:::eda262-g06-lake-trusted-325583868777/votos_validos_zona/votos_validos_zona_2022_SC.tsv" [90m-> null[0m[0m
      [31m-[0m[0m bucket                        = "eda262-g06-lake-trusted-325583868777" [90m-> null[0m[0m
      [31m-[0m[0m bucket_key_enabled            = false [90m-> null[0m[0m
      [31m-[0m[0m content_type                  = "text/tab-separated-values; charset=utf-8" [90m-> null[0m[0m
      [31m-[0m[0m etag                          = "59d61accfedd5d20b28a216d9abcafa2" [90m-> null[0m[0m
      [31m-[0m[0m force_destroy                 = false [90m-> null[0m[0m
      [31m-[0m[0m id                            = "eda262-g06-lake-trusted-325583868777/votos_validos_zona/votos_validos_zona_2022_SC.tsv" [90m-> null[0m[0m
      [31m-[0m[0m key                           = "votos_validos_zona/votos_validos_zona_2022_SC.tsv" [90m-> null[0m[0m
      [31m-[0m[0m metadata                      = {} [90m-> null[0m[0m
      [31m-[0m[0m region                        = "us-east-1" [90m-> null[0m[0m
      [31m-[0m[0m server_side_encryption        = "AES256" [90m-> null[0m[0m
      [31m-[0m[0m source                        = "./../dados/trusted/votos_validos_zona/votos_validos_zona_2022_SC.tsv" [90m-> null[0m[0m
      [31m-[0m[0m storage_class                 = "STANDARD" [90m-> null[0m[0m
      [31m-[0m[0m tags                          = {} [90m-> null[0m[0m
      [31m-[0m[0m tags_all                      = {
          [31m-[0m[0m "grupo"   = "g06"
          [31m-[0m[0m "projeto" = "engenharia-de-dados"
          [31m-[0m[0m "turma"   = "eda262"
        } [90m-> null[0m[0m
        [90m# (14 unchanged attributes hidden)[0m[0m
    }

[1m  # module.lake.aws_s3_object.trusted["votos_validos_zona/votos_validos_zona_2022_SE.tsv"][0m will be [1m[31mdestroyed[0m
[0m  [31m-[0m[0m resource "aws_s3_object" "trusted" {
      [31m-[0m[0m arn                           = "arn:aws:s3:::eda262-g06-lake-trusted-325583868777/votos_validos_zona/votos_validos_zona_2022_SE.tsv" [90m-> null[0m[0m
      [31m-[0m[0m bucket                        = "eda262-g06-lake-trusted-325583868777" [90m-> null[0m[0m
      [31m-[0m[0m bucket_key_enabled            = false [90m-> null[0m[0m
      [31m-[0m[0m content_type                  = "text/tab-separated-values; charset=utf-8" [90m-> null[0m[0m
      [31m-[0m[0m etag                          = "41debbd99568ca5598ab77cb8dc8ed3f" [90m-> null[0m[0m
      [31m-[0m[0m force_destroy                 = false [90m-> null[0m[0m
      [31m-[0m[0m id                            = "eda262-g06-lake-trusted-325583868777/votos_validos_zona/votos_validos_zona_2022_SE.tsv" [90m-> null[0m[0m
      [31m-[0m[0m key                           = "votos_validos_zona/votos_validos_zona_2022_SE.tsv" [90m-> null[0m[0m
      [31m-[0m[0m metadata                      = {} [90m-> null[0m[0m
      [31m-[0m[0m region                        = "us-east-1" [90m-> null[0m[0m
      [31m-[0m[0m server_side_encryption        = "AES256" [90m-> null[0m[0m
      [31m-[0m[0m source                        = "./../dados/trusted/votos_validos_zona/votos_validos_zona_2022_SE.tsv" [90m-> null[0m[0m
      [31m-[0m[0m storage_class                 = "STANDARD" [90m-> null[0m[0m
      [31m-[0m[0m tags                          = {} [90m-> null[0m[0m
      [31m-[0m[0m tags_all                      = {
          [31m-[0m[0m "grupo"   = "g06"
          [31m-[0m[0m "projeto" = "engenharia-de-dados"
          [31m-[0m[0m "turma"   = "eda262"
        } [90m-> null[0m[0m
        [90m# (14 unchanged attributes hidden)[0m[0m
    }

[1m  # module.lake.aws_s3_object.trusted["votos_validos_zona/votos_validos_zona_2022_SP.tsv"][0m will be [1m[31mdestroyed[0m
[0m  [31m-[0m[0m resource "aws_s3_object" "trusted" {
      [31m-[0m[0m arn                           = "arn:aws:s3:::eda262-g06-lake-trusted-325583868777/votos_validos_zona/votos_validos_zona_2022_SP.tsv" [90m-> null[0m[0m
      [31m-[0m[0m bucket                        = "eda262-g06-lake-trusted-325583868777" [90m-> null[0m[0m
      [31m-[0m[0m bucket_key_enabled            = false [90m-> null[0m[0m
      [31m-[0m[0m content_type                  = "text/tab-separated-values; charset=utf-8" [90m-> null[0m[0m
      [31m-[0m[0m etag                          = "e8d5cdda08326cb38895e65330e2439a" [90m-> null[0m[0m
      [31m-[0m[0m force_destroy                 = false [90m-> null[0m[0m
      [31m-[0m[0m id                            = "eda262-g06-lake-trusted-325583868777/votos_validos_zona/votos_validos_zona_2022_SP.tsv" [90m-> null[0m[0m
      [31m-[0m[0m key                           = "votos_validos_zona/votos_validos_zona_2022_SP.tsv" [90m-> null[0m[0m
      [31m-[0m[0m metadata                      = {} [90m-> null[0m[0m
      [31m-[0m[0m region                        = "us-east-1" [90m-> null[0m[0m
      [31m-[0m[0m server_side_encryption        = "AES256" [90m-> null[0m[0m
      [31m-[0m[0m source                        = "./../dados/trusted/votos_validos_zona/votos_validos_zona_2022_SP.tsv" [90m-> null[0m[0m
      [31m-[0m[0m storage_class                 = "STANDARD" [90m-> null[0m[0m
      [31m-[0m[0m tags                          = {} [90m-> null[0m[0m
      [31m-[0m[0m tags_all                      = {
          [31m-[0m[0m "grupo"   = "g06"
          [31m-[0m[0m "projeto" = "engenharia-de-dados"
          [31m-[0m[0m "turma"   = "eda262"
        } [90m-> null[0m[0m
        [90m# (14 unchanged attributes hidden)[0m[0m
    }

[1m  # module.lake.aws_s3_object.trusted["votos_validos_zona/votos_validos_zona_2022_TO.tsv"][0m will be [1m[31mdestroyed[0m
[0m  [31m-[0m[0m resource "aws_s3_object" "trusted" {
      [31m-[0m[0m arn                           = "arn:aws:s3:::eda262-g06-lake-trusted-325583868777/votos_validos_zona/votos_validos_zona_2022_TO.tsv" [90m-> null[0m[0m
      [31m-[0m[0m bucket                        = "eda262-g06-lake-trusted-325583868777" [90m-> null[0m[0m
      [31m-[0m[0m bucket_key_enabled            = false [90m-> null[0m[0m
      [31m-[0m[0m content_type                  = "text/tab-separated-values; charset=utf-8" [90m-> null[0m[0m
      [31m-[0m[0m etag                          = "06c268f02550b0b30103ce6740044216" [90m-> null[0m[0m
      [31m-[0m[0m force_destroy                 = false [90m-> null[0m[0m
      [31m-[0m[0m id                            = "eda262-g06-lake-trusted-325583868777/votos_validos_zona/votos_validos_zona_2022_TO.tsv" [90m-> null[0m[0m
      [31m-[0m[0m key                           = "votos_validos_zona/votos_validos_zona_2022_TO.tsv" [90m-> null[0m[0m
      [31m-[0m[0m metadata                      = {} [90m-> null[0m[0m
      [31m-[0m[0m region                        = "us-east-1" [90m-> null[0m[0m
      [31m-[0m[0m server_side_encryption        = "AES256" [90m-> null[0m[0m
      [31m-[0m[0m source                        = "./../dados/trusted/votos_validos_zona/votos_validos_zona_2022_TO.tsv" [90m-> null[0m[0m
      [31m-[0m[0m storage_class                 = "STANDARD" [90m-> null[0m[0m
      [31m-[0m[0m tags                          = {} [90m-> null[0m[0m
      [31m-[0m[0m tags_all                      = {
          [31m-[0m[0m "grupo"   = "g06"
          [31m-[0m[0m "projeto" = "engenharia-de-dados"
          [31m-[0m[0m "turma"   = "eda262"
        } [90m-> null[0m[0m
        [90m# (14 unchanged attributes hidden)[0m[0m
    }

[1m  # module.lake.aws_s3_object.trusted["votos_validos_zona/votos_validos_zona_2022_ZZ.tsv"][0m will be [1m[31mdestroyed[0m
[0m  [31m-[0m[0m resource "aws_s3_object" "trusted" {
      [31m-[0m[0m arn                           = "arn:aws:s3:::eda262-g06-lake-trusted-325583868777/votos_validos_zona/votos_validos_zona_2022_ZZ.tsv" [90m-> null[0m[0m
      [31m-[0m[0m bucket                        = "eda262-g06-lake-trusted-325583868777" [90m-> null[0m[0m
      [31m-[0m[0m bucket_key_enabled            = false [90m-> null[0m[0m
      [31m-[0m[0m content_type                  = "text/tab-separated-values; charset=utf-8" [90m-> null[0m[0m
      [31m-[0m[0m etag                          = "c298eb6b492f25184ec6276655fd102e" [90m-> null[0m[0m
      [31m-[0m[0m force_destroy                 = false [90m-> null[0m[0m
      [31m-[0m[0m id                            = "eda262-g06-lake-trusted-325583868777/votos_validos_zona/votos_validos_zona_2022_ZZ.tsv" [90m-> null[0m[0m
      [31m-[0m[0m key                           = "votos_validos_zona/votos_validos_zona_2022_ZZ.tsv" [90m-> null[0m[0m
      [31m-[0m[0m metadata                      = {} [90m-> null[0m[0m
      [31m-[0m[0m region                        = "us-east-1" [90m-> null[0m[0m
      [31m-[0m[0m server_side_encryption        = "AES256" [90m-> null[0m[0m
      [31m-[0m[0m source                        = "./../dados/trusted/votos_validos_zona/votos_validos_zona_2022_ZZ.tsv" [90m-> null[0m[0m
      [31m-[0m[0m storage_class                 = "STANDARD" [90m-> null[0m[0m
      [31m-[0m[0m tags                          = {} [90m-> null[0m[0m
      [31m-[0m[0m tags_all                      = {
          [31m-[0m[0m "grupo"   = "g06"
          [31m-[0m[0m "projeto" = "engenharia-de-dados"
          [31m-[0m[0m "turma"   = "eda262"
        } [90m-> null[0m[0m
        [90m# (14 unchanged attributes hidden)[0m[0m
    }

[1mPlan:[0m [0m0 to add, 0 to change, 128 to destroy.

Changes to Outputs:
  [31m-[0m[0m bucket_raw         = "eda262-g06-lake-raw-325583868777" [90m-> null[0m[0m
  [31m-[0m[0m bucket_resultados  = "eda262-g06-athena-resultados-325583868777" [90m-> null[0m[0m
  [31m-[0m[0m bucket_trusted     = "eda262-g06-lake-trusted-325583868777" [90m-> null[0m[0m
  [31m-[0m[0m database_name      = "eda262_g06_eleicoes" [90m-> null[0m[0m
  [31m-[0m[0m objetos_carregados = {
      [31m-[0m[0m raw     = 56
      [31m-[0m[0m trusted = 56
    } [90m-> null[0m[0m
  [31m-[0m[0m tabela_trusted     = "trusted_votos_validos_zona" [90m-> null[0m[0m
  [31m-[0m[0m tabelas_raw        = [
      [31m-[0m[0m "raw_votacao_candidato_munzona_2018",
      [31m-[0m[0m "raw_votacao_candidato_munzona_2022",
    ] [90m-> null[0m[0m
  [31m-[0m[0m teto_bytes         = 116391936 [90m-> null[0m[0m
  [31m-[0m[0m workgroup_name     = "eda262-g06-wg" [90m-> null[0m[0m
[0m[1mmodule.lake.aws_s3_object.raw["tse/votacao_candidato_munzona/ano_2018/votacao_candidato_munzona_2018_AL.csv"]: Destroying... [id=eda262-g06-lake-raw-325583868777/tse/votacao_candidato_munzona/ano_2018/votacao_candidato_munzona_2018_AL.csv][0m[0m
[0m[1mmodule.lake.aws_s3_object.trusted["votos_validos_zona/votos_validos_zona_2022_DF.tsv"]: Destroying... [id=eda262-g06-lake-trusted-325583868777/votos_validos_zona/votos_validos_zona_2022_DF.tsv][0m[0m
[0m[1mmodule.lake.aws_s3_object.trusted["votos_validos_zona/votos_validos_zona_2018_MA.tsv"]: Destroying... [id=eda262-g06-lake-trusted-325583868777/votos_validos_zona/votos_validos_zona_2018_MA.tsv][0m[0m
[0m[1mmodule.lake.aws_s3_object.raw["tse/votacao_candidato_munzona/ano_2018/votacao_candidato_munzona_2018_RJ.csv"]: Destroying... [id=eda262-g06-lake-raw-325583868777/tse/votacao_candidato_munzona/ano_2018/votacao_candidato_munzona_2018_RJ.csv][0m[0m
[0m[1mmodule.lake.aws_s3_object.raw["tse/votacao_candidato_munzona/ano_2018/votacao_candidato_munzona_2018_SE.csv"]: Destroying... [id=eda262-g06-lake-raw-325583868777/tse/votacao_candidato_munzona/ano_2018/votacao_candidato_munzona_2018_SE.csv][0m[0m
[0m[1mmodule.lake.aws_s3_object.raw["tse/votacao_candidato_munzona/ano_2022/votacao_candidato_munzona_2022_CE.csv"]: Destroying... [id=eda262-g06-lake-raw-325583868777/tse/votacao_candidato_munzona/ano_2022/votacao_candidato_munzona_2022_CE.csv][0m[0m
[0m[1mmodule.lake.aws_s3_object.trusted["votos_validos_zona/votos_validos_zona_2018_CE.tsv"]: Destroying... [id=eda262-g06-lake-trusted-325583868777/votos_validos_zona/votos_validos_zona_2018_CE.tsv][0m[0m
[0m[1mmodule.lake.aws_s3_object.raw["tse/votacao_candidato_munzona/ano_2018/votacao_candidato_munzona_2018_ES.csv"]: Destroying... [id=eda262-g06-lake-raw-325583868777/tse/votacao_candidato_munzona/ano_2018/votacao_candidato_munzona_2018_ES.csv][0m[0m
[0m[1mmodule.lake.aws_s3_object.raw["tse/votacao_candidato_munzona/ano_2018/votacao_candidato_munzona_2018_PR.csv"]: Destroying... [id=eda262-g06-lake-raw-325583868777/tse/votacao_candidato_munzona/ano_2018/votacao_candidato_munzona_2018_PR.csv][0m[0m
[0m[1mmodule.lake.aws_s3_object.raw["tse/votacao_candidato_munzona/ano_2018/votacao_candidato_munzona_2018_BA.csv"]: Destroying... [id=eda262-g06-lake-raw-325583868777/tse/votacao_candidato_munzona/ano_2018/votacao_candidato_munzona_2018_BA.csv][0m[0m
[0m[1mmodule.lake.aws_s3_object.raw["tse/votacao_candidato_munzona/ano_2018/votacao_candidato_munzona_2018_AL.csv"]: Destruction complete after 1s[0m
[0m[1mmodule.lake.aws_s3_object.raw["tse/votacao_candidato_munzona/ano_2018/votacao_candidato_munzona_2018_RJ.csv"]: Destruction complete after 1s[0m
[0m[1mmodule.lake.aws_s3_object.raw["tse/votacao_candidato_munzona/ano_2018/votacao_candidato_munzona_2018_SE.csv"]: Destruction complete after 1s[0m
[0m[1mmodule.lake.aws_s3_object.trusted["votos_validos_zona/votos_validos_zona_2018_CE.tsv"]: Destruction complete after 1s[0m
[0m[1mmodule.lake.aws_s3_object.trusted["votos_validos_zona/votos_validos_zona_2018_SC.tsv"]: Destroying... [id=eda262-g06-lake-trusted-325583868777/votos_validos_zona/votos_validos_zona_2018_SC.tsv][0m[0m
[0m[1mmodule.lake.aws_s3_object.raw["tse/votacao_candidato_munzona/ano_2022/votacao_candidato_munzona_2022_MT.csv"]: Destroying... [id=eda262-g06-lake-raw-325583868777/tse/votacao_candidato_munzona/ano_2022/votacao_candidato_munzona_2022_MT.csv][0m[0m
[0m[1mmodule.lake.aws_athena_named_query.consultas["pergunta-votos-validos-por-regiao"]: Destroying... [id=30baef56-ae4c-46a3-9129-df92d55242ce][0m[0m
[0m[1mmodule.lake.aws_s3_object.trusted["votos_validos_zona/votos_validos_zona_2022_TO.tsv"]: Destroying... [id=eda262-g06-lake-trusted-325583868777/votos_validos_zona/votos_validos_zona_2022_TO.tsv][0m[0m
[0m[1mmodule.lake.aws_s3_object.raw["tse/votacao_candidato_munzona/ano_2022/votacao_candidato_munzona_2022_MT.csv"]: Destruction complete after 0s[0m
[0m[1mmodule.lake.aws_s3_object.trusted["votos_validos_zona/votos_validos_zona_2018_RJ.tsv"]: Destroying... [id=eda262-g06-lake-trusted-325583868777/votos_validos_zona/votos_validos_zona_2018_RJ.tsv][0m[0m
[0m[1mmodule.lake.aws_s3_object.trusted["votos_validos_zona/votos_validos_zona_2022_TO.tsv"]: Destruction complete after 0s[0m
[0m[1mmodule.lake.aws_s3_object.raw["tse/votacao_candidato_munzona/ano_2018/votacao_candidato_munzona_2018_PA.csv"]: Destroying... [id=eda262-g06-lake-raw-325583868777/tse/votacao_candidato_munzona/ano_2018/votacao_candidato_munzona_2018_PA.csv][0m[0m
[0m[1mmodule.lake.aws_s3_object.trusted["votos_validos_zona/votos_validos_zona_2018_SC.tsv"]: Destruction complete after 0s[0m
[0m[1mmodule.lake.aws_athena_named_query.consultas["pergunta-votos-validos-por-regiao"]: Destruction complete after 0s[0m
[0m[1mmodule.lake.aws_s3_object.raw["tse/votacao_candidato_munzona/ano_2018/votacao_candidato_munzona_2018_MT.csv"]: Destroying... [id=eda262-g06-lake-raw-325583868777/tse/votacao_candidato_munzona/ano_2018/votacao_candidato_munzona_2018_MT.csv][0m[0m
[0m[1mmodule.lake.aws_s3_object.raw["tse/votacao_candidato_munzona/ano_2022/votacao_candidato_munzona_2022_AC.csv"]: Destroying... [id=eda262-g06-lake-raw-325583868777/tse/votacao_candidato_munzona/ano_2022/votacao_candidato_munzona_2022_AC.csv][0m[0m
[0m[1mmodule.lake.aws_s3_object.trusted["votos_validos_zona/votos_validos_zona_2018_RJ.tsv"]: Destruction complete after 0s[0m
[0m[1mmodule.lake.aws_s3_object.trusted["votos_validos_zona/votos_validos_zona_2018_MS.tsv"]: Destroying... [id=eda262-g06-lake-trusted-325583868777/votos_validos_zona/votos_validos_zona_2018_MS.tsv][0m[0m
[0m[1mmodule.lake.aws_s3_object.raw["tse/votacao_candidato_munzona/ano_2018/votacao_candidato_munzona_2018_PA.csv"]: Destruction complete after 0s[0m
[0m[1mmodule.lake.aws_glue_catalog_table.raw["2022"]: Destroying... [id=325583868777:eda262_g06_eleicoes:raw_votacao_candidato_munzona_2022][0m[0m
[0m[1mmodule.lake.aws_s3_object.raw["tse/votacao_candidato_munzona/ano_2022/votacao_candidato_munzona_2022_AC.csv"]: Destruction complete after 0s[0m
[0m[1mmodule.lake.aws_s3_object.raw["tse/votacao_candidato_munzona/ano_2018/votacao_candidato_munzona_2018_PI.csv"]: Destroying... [id=eda262-g06-lake-raw-325583868777/tse/votacao_candidato_munzona/ano_2018/votacao_candidato_munzona_2018_PI.csv][0m[0m
[0m[1mmodule.lake.aws_s3_object.raw["tse/votacao_candidato_munzona/ano_2018/votacao_candidato_munzona_2018_MT.csv"]: Destruction complete after 0s[0m
[0m[1mmodule.lake.aws_s3_object.raw["tse/votacao_candidato_munzona/ano_2018/votacao_candidato_munzona_2018_SC.csv"]: Destroying... [id=eda262-g06-lake-raw-325583868777/tse/votacao_candidato_munzona/ano_2018/votacao_candidato_munzona_2018_SC.csv][0m[0m
[0m[1mmodule.lake.aws_s3_object.trusted["votos_validos_zona/votos_validos_zona_2018_MA.tsv"]: Destruction complete after 1s[0m
[0m[1mmodule.lake.aws_s3_object.trusted["votos_validos_zona/votos_validos_zona_2018_PA.tsv"]: Destroying... [id=eda262-g06-lake-trusted-325583868777/votos_validos_zona/votos_validos_zona_2018_PA.tsv][0m[0m
[0m[1mmodule.lake.aws_s3_object.raw["tse/votacao_candidato_munzona/ano_2018/votacao_candidato_munzona_2018_ES.csv"]: Destruction complete after 1s[0m
[0m[1mmodule.lake.aws_s3_object.raw["tse/votacao_candidato_munzona/ano_2022/votacao_candidato_munzona_2022_CE.csv"]: Destruction complete after 1s[0m
[0m[1mmodule.lake.aws_s3_object.trusted["votos_validos_zona/votos_validos_zona_2022_SP.tsv"]: Destroying... [id=eda262-g06-lake-trusted-325583868777/votos_validos_zona/votos_validos_zona_2022_SP.tsv][0m[0m
[0m[1mmodule.lake.aws_s3_object.trusted["votos_validos_zona/votos_validos_zona_2018_RR.tsv"]: Destroying... [id=eda262-g06-lake-trusted-325583868777/votos_validos_zona/votos_validos_zona_2018_RR.tsv][0m[0m
[0m[1mmodule.lake.aws_s3_object.raw["tse/votacao_candidato_munzona/ano_2018/votacao_candidato_munzona_2018_PR.csv"]: Destruction complete after 1s[0m
[0m[1mmodule.lake.aws_s3_object.raw["tse/votacao_candidato_munzona/ano_2018/votacao_candidato_munzona_2018_BA.csv"]: Destruction complete after 1s[0m
[0m[1mmodule.lake.aws_s3_object.trusted["votos_validos_zona/votos_validos_zona_2022_DF.tsv"]: Destruction complete after 1s[0m
[0m[1mmodule.lake.aws_s3_object.raw["tse/votacao_candidato_munzona/ano_2018/votacao_candidato_munzona_2018_MS.csv"]: Destroying... [id=eda262-g06-lake-raw-325583868777/tse/votacao_candidato_munzona/ano_2018/votacao_candidato_munzona_2018_MS.csv][0m[0m
[0m[1mmodule.lake.aws_s3_object.trusted["votos_validos_zona/votos_validos_zona_2022_ZZ.tsv"]: Destroying... [id=eda262-g06-lake-trusted-325583868777/votos_validos_zona/votos_validos_zona_2022_ZZ.tsv][0m[0m
[0m[1mmodule.lake.aws_s3_object.raw["tse/votacao_candidato_munzona/ano_2022/votacao_candidato_munzona_2022_MA.csv"]: Destroying... [id=eda262-g06-lake-raw-325583868777/tse/votacao_candidato_munzona/ano_2022/votacao_candidato_munzona_2022_MA.csv][0m[0m
[0m[1mmodule.lake.aws_s3_object.trusted["votos_validos_zona/votos_validos_zona_2018_MS.tsv"]: Destruction complete after 1s[0m
[0m[1mmodule.lake.aws_s3_object.raw["tse/votacao_candidato_munzona/ano_2022/votacao_candidato_munzona_2022_PA.csv"]: Destroying... [id=eda262-g06-lake-raw-325583868777/tse/votacao_candidato_munzona/ano_2022/votacao_candidato_munzona_2022_PA.csv][0m[0m
[0m[1mmodule.lake.aws_s3_object.raw["tse/votacao_candidato_munzona/ano_2018/votacao_candidato_munzona_2018_PI.csv"]: Destruction complete after 1s[0m
[0m[1mmodule.lake.aws_s3_object.raw["tse/votacao_candidato_munzona/ano_2022/votacao_candidato_munzona_2022_SC.csv"]: Destroying... [id=eda262-g06-lake-raw-325583868777/tse/votacao_candidato_munzona/ano_2022/votacao_candidato_munzona_2022_SC.csv][0m[0m
[0m[1mmodule.lake.aws_s3_object.raw["tse/votacao_candidato_munzona/ano_2018/votacao_candidato_munzona_2018_SC.csv"]: Destruction complete after 1s[0m
[0m[1mmodule.lake.aws_glue_catalog_table.raw["2018"]: Destroying... [id=325583868777:eda262_g06_eleicoes:raw_votacao_candidato_munzona_2018][0m[0m
[0m[1mmodule.lake.aws_s3_object.trusted["votos_validos_zona/votos_validos_zona_2018_PA.tsv"]: Destruction complete after 1s[0m
[0m[1mmodule.lake.aws_s3_object.trusted["votos_validos_zona/votos_validos_zona_2022_SP.tsv"]: Destruction complete after 1s[0m
[0m[1mmodule.lake.aws_s3_object.trusted["votos_validos_zona/votos_validos_zona_2022_BA.tsv"]: Destroying... [id=eda262-g06-lake-trusted-325583868777/votos_validos_zona/votos_validos_zona_2022_BA.tsv][0m[0m
[0m[1mmodule.lake.aws_s3_object.trusted["votos_validos_zona/votos_validos_zona_2022_MS.tsv"]: Destroying... [id=eda262-g06-lake-trusted-325583868777/votos_validos_zona/votos_validos_zona_2022_MS.tsv][0m[0m
[0m[1mmodule.lake.aws_s3_object.trusted["votos_validos_zona/votos_validos_zona_2018_RR.tsv"]: Destruction complete after 1s[0m
[0m[1mmodule.lake.aws_s3_object.trusted["votos_validos_zona/votos_validos_zona_2022_ZZ.tsv"]: Destruction complete after 1s[0m
[0m[1mmodule.lake.aws_s3_object.raw["tse/votacao_candidato_munzona/ano_2022/votacao_candidato_munzona_2022_GO.csv"]: Destroying... [id=eda262-g06-lake-raw-325583868777/tse/votacao_candidato_munzona/ano_2022/votacao_candidato_munzona_2022_GO.csv][0m[0m
[0m[1mmodule.lake.aws_s3_object.trusted["votos_validos_zona/votos_validos_zona_2018_AP.tsv"]: Destroying... [id=eda262-g06-lake-trusted-325583868777/votos_validos_zona/votos_validos_zona_2018_AP.tsv][0m[0m
[0m[1mmodule.lake.aws_s3_object.raw["tse/votacao_candidato_munzona/ano_2018/votacao_candidato_munzona_2018_MS.csv"]: Destruction complete after 1s[0m
[0m[1mmodule.lake.aws_s3_object.raw["tse/votacao_candidato_munzona/ano_2022/votacao_candidato_munzona_2022_MA.csv"]: Destruction complete after 1s[0m
[0m[1mmodule.lake.aws_s3_object.raw["tse/votacao_candidato_munzona/ano_2022/votacao_candidato_munzona_2022_PE.csv"]: Destroying... [id=eda262-g06-lake-raw-325583868777/tse/votacao_candidato_munzona/ano_2022/votacao_candidato_munzona_2022_PE.csv][0m[0m
[0m[1mmodule.lake.aws_s3_object.raw["tse/votacao_candidato_munzona/ano_2022/votacao_candidato_munzona_2022_AP.csv"]: Destroying... [id=eda262-g06-lake-raw-325583868777/tse/votacao_candidato_munzona/ano_2022/votacao_candidato_munzona_2022_AP.csv][0m[0m
[0m[1mmodule.lake.aws_s3_object.raw["tse/votacao_candidato_munzona/ano_2022/votacao_candidato_munzona_2022_PA.csv"]: Destruction complete after 0s[0m
[0m[1mmodule.lake.aws_s3_object.trusted["votos_validos_zona/votos_validos_zona_2018_MT.tsv"]: Destroying... [id=eda262-g06-lake-trusted-325583868777/votos_validos_zona/votos_validos_zona_2018_MT.tsv][0m[0m
[0m[1mmodule.lake.aws_s3_object.raw["tse/votacao_candidato_munzona/ano_2022/votacao_candidato_munzona_2022_SC.csv"]: Destruction complete after 0s[0m
[0m[1mmodule.lake.aws_s3_object.trusted["votos_validos_zona/votos_validos_zona_2018_RO.tsv"]: Destroying... [id=eda262-g06-lake-trusted-325583868777/votos_validos_zona/votos_validos_zona_2018_RO.tsv][0m[0m
[0m[1mmodule.lake.aws_s3_object.trusted["votos_validos_zona/votos_validos_zona_2022_MS.tsv"]: Destruction complete after 0s[0m
[0m[1mmodule.lake.aws_s3_object.trusted["votos_validos_zona/votos_validos_zona_2022_BA.tsv"]: Destruction complete after 0s[0m
[0m[1mmodule.lake.aws_s3_bucket_public_access_block.lake["resultados"]: Destroying... [id=eda262-g06-athena-resultados-325583868777][0m[0m
[0m[1mmodule.lake.aws_s3_object.raw["tse/votacao_candidato_munzona/ano_2018/votacao_candidato_munzona_2018_TO.csv"]: Destroying... [id=eda262-g06-lake-raw-325583868777/tse/votacao_candidato_munzona/ano_2018/votacao_candidato_munzona_2018_TO.csv][0m[0m
[0m[1mmodule.lake.aws_s3_object.raw["tse/votacao_candidato_munzona/ano_2022/votacao_candidato_munzona_2022_GO.csv"]: Destruction complete after 0s[0m
[0m[1mmodule.lake.aws_s3_object.trusted["votos_validos_zona/votos_validos_zona_2018_AP.tsv"]: Destruction complete after 0s[0m
[0m[1mmodule.lake.aws_s3_object.raw["tse/votacao_candidato_munzona/ano_2022/votacao_candidato_munzona_2022_MS.csv"]: Destroying... [id=eda262-g06-lake-raw-325583868777/tse/votacao_candidato_munzona/ano_2022/votacao_candidato_munzona_2022_MS.csv][0m[0m
[0m[1mmodule.lake.aws_s3_object.trusted["votos_validos_zona/votos_validos_zona_2018_SE.tsv"]: Destroying... [id=eda262-g06-lake-trusted-325583868777/votos_validos_zona/votos_validos_zona_2018_SE.tsv][0m[0m
[0m[1mmodule.lake.aws_s3_object.raw["tse/votacao_candidato_munzona/ano_2022/votacao_candidato_munzona_2022_PE.csv"]: Destruction complete after 0s[0m
[0m[1mmodule.lake.aws_s3_object.trusted["votos_validos_zona/votos_validos_zona_2022_PA.tsv"]: Destroying... [id=eda262-g06-lake-trusted-325583868777/votos_validos_zona/votos_validos_zona_2022_PA.tsv][0m[0m
[0m[1mmodule.lake.aws_s3_object.raw["tse/votacao_candidato_munzona/ano_2022/votacao_candidato_munzona_2022_AP.csv"]: Destruction complete after 0s[0m
[0m[1mmodule.lake.aws_s3_object.raw["tse/votacao_candidato_munzona/ano_2022/votacao_candidato_munzona_2022_SE.csv"]: Destroying... [id=eda262-g06-lake-raw-325583868777/tse/votacao_candidato_munzona/ano_2022/votacao_candidato_munzona_2022_SE.csv][0m[0m
[0m[1mmodule.lake.aws_s3_object.trusted["votos_validos_zona/votos_validos_zona_2018_MT.tsv"]: Destruction complete after 0s[0m
[0m[1mmodule.lake.aws_s3_object.raw["tse/votacao_candidato_munzona/ano_2022/votacao_candidato_munzona_2022_TO.csv"]: Destroying... [id=eda262-g06-lake-raw-325583868777/tse/votacao_candidato_munzona/ano_2022/votacao_candidato_munzona_2022_TO.csv][0m[0m
[0m[1mmodule.lake.aws_s3_object.trusted["votos_validos_zona/votos_validos_zona_2018_RO.tsv"]: Destruction complete after 0s[0m
[0m[1mmodule.lake.aws_s3_object.trusted["votos_validos_zona/votos_validos_zona_2018_TO.tsv"]: Destroying... [id=eda262-g06-lake-trusted-325583868777/votos_validos_zona/votos_validos_zona_2018_TO.tsv][0m[0m
[0m[1mmodule.lake.aws_s3_object.raw["tse/votacao_candidato_munzona/ano_2018/votacao_candidato_munzona_2018_TO.csv"]: Destruction complete after 0s[0m
[0m[1mmodule.lake.aws_s3_object.raw["tse/votacao_candidato_munzona/ano_2022/votacao_candidato_munzona_2022_BA.csv"]: Destroying... [id=eda262-g06-lake-raw-325583868777/tse/votacao_candidato_munzona/ano_2022/votacao_candidato_munzona_2022_BA.csv][0m[0m
[0m[1mmodule.lake.aws_s3_object.trusted["votos_validos_zona/votos_validos_zona_2018_SE.tsv"]: Destruction complete after 0s[0m
[0m[1mmodule.lake.aws_s3_object.raw["tse/votacao_candidato_munzona/ano_2022/votacao_candidato_munzona_2022_MS.csv"]: Destruction complete after 0s[0m
[0m[1mmodule.lake.aws_s3_object.trusted["votos_validos_zona/votos_validos_zona_2022_RO.tsv"]: Destroying... [id=eda262-g06-lake-trusted-325583868777/votos_validos_zona/votos_validos_zona_2022_RO.tsv][0m[0m
[0m[1mmodule.lake.aws_s3_object.trusted["votos_validos_zona/votos_validos_zona_2022_RN.tsv"]: Destroying... [id=eda262-g06-lake-trusted-325583868777/votos_validos_zona/votos_validos_zona_2022_RN.tsv][0m[0m
[0m[1mmodule.lake.aws_s3_object.trusted["votos_validos_zona/votos_validos_zona_2022_PA.tsv"]: Destruction complete after 0s[0m
[0m[1mmodule.lake.aws_s3_object.trusted["votos_validos_zona/votos_validos_zona_2022_AC.tsv"]: Destroying... [id=eda262-g06-lake-trusted-325583868777/votos_validos_zona/votos_validos_zona_2022_AC.tsv][0m[0m
[0m[1mmodule.lake.aws_s3_object.raw["tse/votacao_candidato_munzona/ano_2022/votacao_candidato_munzona_2022_SE.csv"]: Destruction complete after 0s[0m
[0m[1mmodule.lake.aws_s3_object.trusted["votos_validos_zona/votos_validos_zona_2022_PI.tsv"]: Destroying... [id=eda262-g06-lake-trusted-325583868777/votos_validos_zona/votos_validos_zona_2022_PI.tsv][0m[0m
[0m[1mmodule.lake.aws_s3_object.trusted["votos_validos_zona/votos_validos_zona_2018_TO.tsv"]: Destruction complete after 0s[0m
[0m[1mmodule.lake.aws_s3_object.trusted["votos_validos_zona/votos_validos_zona_2018_PI.tsv"]: Destroying... [id=eda262-g06-lake-trusted-325583868777/votos_validos_zona/votos_validos_zona_2018_PI.tsv][0m[0m
[0m[1mmodule.lake.aws_s3_object.raw["tse/votacao_candidato_munzona/ano_2022/votacao_candidato_munzona_2022_TO.csv"]: Destruction complete after 0s[0m
[0m[1mmodule.lake.aws_s3_object.raw["tse/votacao_candidato_munzona/ano_2022/votacao_candidato_munzona_2022_PI.csv"]: Destroying... [id=eda262-g06-lake-raw-325583868777/tse/votacao_candidato_munzona/ano_2022/votacao_candidato_munzona_2022_PI.csv][0m[0m
[0m[1mmodule.lake.aws_s3_object.raw["tse/votacao_candidato_munzona/ano_2022/votacao_candidato_munzona_2022_BA.csv"]: Destruction complete after 0s[0m
[0m[1mmodule.lake.aws_s3_bucket_server_side_encryption_configuration.lake["trusted"]: Destroying... [id=eda262-g06-lake-trusted-325583868777][0m[0m
[0m[1mmodule.lake.aws_s3_object.trusted["votos_validos_zona/votos_validos_zona_2022_RO.tsv"]: Destruction complete after 0s[0m
[0m[1mmodule.lake.aws_s3_object.trusted["votos_validos_zona/votos_validos_zona_2022_RN.tsv"]: Destruction complete after 0s[0m
[0m[1mmodule.lake.aws_s3_object.trusted["votos_validos_zona/votos_validos_zona_2022_PE.tsv"]: Destroying... [id=eda262-g06-lake-trusted-325583868777/votos_validos_zona/votos_validos_zona_2022_PE.tsv][0m[0m
[0m[1mmodule.lake.aws_s3_object.raw["tse/votacao_candidato_munzona/ano_2022/votacao_candidato_munzona_2022_ZZ.csv"]: Destroying... [id=eda262-g06-lake-raw-325583868777/tse/votacao_candidato_munzona/ano_2022/votacao_candidato_munzona_2022_ZZ.csv][0m[0m
[0m[1mmodule.lake.aws_s3_object.trusted["votos_validos_zona/votos_validos_zona_2022_AC.tsv"]: Destruction complete after 0s[0m
[0m[1mmodule.lake.aws_s3_object.raw["tse/votacao_candidato_munzona/ano_2022/votacao_candidato_munzona_2022_PB.csv"]: Destroying... [id=eda262-g06-lake-raw-325583868777/tse/votacao_candidato_munzona/ano_2022/votacao_candidato_munzona_2022_PB.csv][0m[0m
[0m[1mmodule.lake.aws_s3_object.trusted["votos_validos_zona/votos_validos_zona_2022_PI.tsv"]: Destruction complete after 0s[0m
[0m[1mmodule.lake.aws_s3_object.trusted["votos_validos_zona/votos_validos_zona_2018_MG.tsv"]: Destroying... [id=eda262-g06-lake-trusted-325583868777/votos_validos_zona/votos_validos_zona_2018_MG.tsv][0m[0m
[0m[1mmodule.lake.aws_s3_object.raw["tse/votacao_candidato_munzona/ano_2022/votacao_candidato_munzona_2022_PI.csv"]: Destruction complete after 0s[0m
[0m[1mmodule.lake.aws_s3_object.trusted["votos_validos_zona/votos_validos_zona_2018_PI.tsv"]: Destruction complete after 0s[0m
[0m[1mmodule.lake.aws_s3_object.raw["tse/votacao_candidato_munzona/ano_2022/votacao_candidato_munzona_2022_RN.csv"]: Destroying... [id=eda262-g06-lake-raw-325583868777/tse/votacao_candidato_munzona/ano_2022/votacao_candidato_munzona_2022_RN.csv][0m[0m
[0m[1mmodule.lake.aws_s3_object.trusted["votos_validos_zona/votos_validos_zona_2018_RN.tsv"]: Destroying... [id=eda262-g06-lake-trusted-325583868777/votos_validos_zona/votos_validos_zona_2018_RN.tsv][0m[0m
[0m[1mmodule.lake.aws_s3_object.trusted["votos_validos_zona/votos_validos_zona_2022_PE.tsv"]: Destruction complete after 0s[0m
[0m[1mmodule.lake.aws_glue_catalog_table.raw["2022"]: Destruction complete after 1s[0m
[0m[1mmodule.lake.aws_s3_object.raw["tse/votacao_candidato_munzona/ano_2022/votacao_candidato_munzona_2022_ZZ.csv"]: Destruction complete after 0s[0m
[0m[1mmodule.lake.aws_s3_object.trusted["votos_validos_zona/votos_validos_zona_2018_PR.tsv"]: Destroying... [id=eda262-g06-lake-trusted-325583868777/votos_validos_zona/votos_validos_zona_2018_PR.tsv][0m[0m
[0m[1mmodule.lake.aws_s3_object.raw["tse/votacao_candidato_munzona/ano_2022/votacao_candidato_munzona_2022_DF.csv"]: Destroying... [id=eda262-g06-lake-raw-325583868777/tse/votacao_candidato_munzona/ano_2022/votacao_candidato_munzona_2022_DF.csv][0m[0m
[0m[1mmodule.lake.aws_s3_object.raw["tse/votacao_candidato_munzona/ano_2018/votacao_candidato_munzona_2018_AC.csv"]: Destroying... [id=eda262-g06-lake-raw-325583868777/tse/votacao_candidato_munzona/ano_2018/votacao_candidato_munzona_2018_AC.csv][0m[0m
[0m[1mmodule.lake.aws_s3_object.trusted["votos_validos_zona/votos_validos_zona_2018_MG.tsv"]: Destruction complete after 0s[0m
[0m[1mmodule.lake.aws_glue_catalog_table.raw["2018"]: Destruction complete after 0s[0m
[0m[1mmodule.lake.aws_s3_object.raw["tse/votacao_candidato_munzona/ano_2022/votacao_candidato_munzona_2022_PB.csv"]: Destruction complete after 0s[0m
[0m[1mmodule.lake.aws_s3_object.raw["tse/votacao_candidato_munzona/ano_2018/votacao_candidato_munzona_2018_AM.csv"]: Destroying... [id=eda262-g06-lake-raw-325583868777/tse/votacao_candidato_munzona/ano_2018/votacao_candidato_munzona_2018_AM.csv][0m[0m
[0m[1mmodule.lake.aws_s3_object.raw["tse/votacao_candidato_munzona/ano_2018/votacao_candidato_munzona_2018_GO.csv"]: Destroying... [id=eda262-g06-lake-raw-325583868777/tse/votacao_candidato_munzona/ano_2018/votacao_candidato_munzona_2018_GO.csv][0m[0m
[0m[1mmodule.lake.aws_s3_object.raw["tse/votacao_candidato_munzona/ano_2018/votacao_candidato_munzona_2018_AP.csv"]: Destroying... [id=eda262-g06-lake-raw-325583868777/tse/votacao_candidato_munzona/ano_2018/votacao_candidato_munzona_2018_AP.csv][0m[0m
[0m[1mmodule.lake.aws_s3_bucket_server_side_encryption_configuration.lake["trusted"]: Destruction complete after 0s[0m
[0m[1mmodule.lake.aws_s3_object.raw["tse/votacao_candidato_munzona/ano_2022/votacao_candidato_munzona_2022_RJ.csv"]: Destroying... [id=eda262-g06-lake-raw-325583868777/tse/votacao_candidato_munzona/ano_2022/votacao_candidato_munzona_2022_RJ.csv][0m[0m
[0m[1mmodule.lake.aws_s3_object.trusted["votos_validos_zona/votos_validos_zona_2018_RN.tsv"]: Destruction complete after 0s[0m
[0m[1mmodule.lake.aws_s3_object.raw["tse/votacao_candidato_munzona/ano_2022/votacao_candidato_munzona_2022_RN.csv"]: Destruction complete after 0s[0m
[0m[1mmodule.lake.aws_s3_bucket_server_side_encryption_configuration.lake["raw"]: Destroying... [id=eda262-g06-lake-raw-325583868777][0m[0m
[0m[1mmodule.lake.aws_s3_object.trusted["votos_validos_zona/votos_validos_zona_2022_ES.tsv"]: Destroying... [id=eda262-g06-lake-trusted-325583868777/votos_validos_zona/votos_validos_zona_2022_ES.tsv][0m[0m
[0m[1mmodule.lake.aws_s3_object.raw["tse/votacao_candidato_munzona/ano_2018/votacao_candidato_munzona_2018_AC.csv"]: Destruction complete after 0s[0m
[0m[1mmodule.lake.aws_s3_object.raw["tse/votacao_candidato_munzona/ano_2022/votacao_candidato_munzona_2022_DF.csv"]: Destruction complete after 0s[0m
[0m[1mmodule.lake.aws_s3_object.raw["tse/votacao_candidato_munzona/ano_2018/votacao_candidato_munzona_2018_AP.csv"]: Destruction complete after 0s[0m
[0m[1mmodule.lake.aws_s3_object.trusted["votos_validos_zona/votos_validos_zona_2018_PR.tsv"]: Destruction complete after 0s[0m
[0m[1mmodule.lake.aws_s3_object.raw["tse/votacao_candidato_munzona/ano_2018/votacao_candidato_munzona_2018_GO.csv"]: Destruction complete after 0s[0m
[0m[1mmodule.lake.aws_s3_object.trusted["votos_validos_zona/votos_validos_zona_2022_RR.tsv"]: Destroying... [id=eda262-g06-lake-trusted-325583868777/votos_validos_zona/votos_validos_zona_2022_RR.tsv][0m[0m
[0m[1mmodule.lake.aws_s3_object.raw["tse/votacao_candidato_munzona/ano_2018/votacao_candidato_munzona_2018_ZZ.csv"]: Destroying... [id=eda262-g06-lake-raw-325583868777/tse/votacao_candidato_munzona/ano_2018/votacao_candidato_munzona_2018_ZZ.csv][0m[0m
[0m[1mmodule.lake.aws_s3_object.raw["tse/votacao_candidato_munzona/ano_2018/votacao_candidato_munzona_2018_DF.csv"]: Destroying... [id=eda262-g06-lake-raw-325583868777/tse/votacao_candidato_munzona/ano_2018/votacao_candidato_munzona_2018_DF.csv][0m[0m
[0m[1mmodule.lake.aws_s3_object.raw["tse/votacao_candidato_munzona/ano_2022/votacao_candidato_munzona_2022_RR.csv"]: Destroying... [id=eda262-g06-lake-raw-325583868777/tse/votacao_candidato_munzona/ano_2022/votacao_candidato_munzona_2022_RR.csv][0m[0m
[0m[1mmodule.lake.aws_s3_object.trusted["votos_validos_zona/votos_validos_zona_2022_AP.tsv"]: Destroying... [id=eda262-g06-lake-trusted-325583868777/votos_validos_zona/votos_validos_zona_2022_AP.tsv][0m[0m
[0m[1mmodule.lake.aws_s3_object.raw["tse/votacao_candidato_munzona/ano_2018/votacao_candidato_munzona_2018_AM.csv"]: Destruction complete after 0s[0m
[0m[1mmodule.lake.aws_s3_object.raw["tse/votacao_candidato_munzona/ano_2022/votacao_candidato_munzona_2022_RO.csv"]: Destroying... [id=eda262-g06-lake-raw-325583868777/tse/votacao_candidato_munzona/ano_2022/votacao_candidato_munzona_2022_RO.csv][0m[0m
[0m[1mmodule.lake.aws_s3_bucket_public_access_block.lake["resultados"]: Destruction complete after 0s[0m
[0m[1mmodule.lake.aws_s3_object.trusted["votos_validos_zona/votos_validos_zona_2022_MG.tsv"]: Destroying... [id=eda262-g06-lake-trusted-325583868777/votos_validos_zona/votos_validos_zona_2022_MG.tsv][0m[0m
[0m[1mmodule.lake.aws_s3_object.raw["tse/votacao_candidato_munzona/ano_2022/votacao_candidato_munzona_2022_RJ.csv"]: Destruction complete after 0s[0m
[0m[1mmodule.lake.aws_s3_object.trusted["votos_validos_zona/votos_validos_zona_2018_ZZ.tsv"]: Destroying... [id=eda262-g06-lake-trusted-325583868777/votos_validos_zona/votos_validos_zona_2018_ZZ.tsv][0m[0m
[0m[1mmodule.lake.aws_s3_object.trusted["votos_validos_zona/votos_validos_zona_2022_ES.tsv"]: Destruction complete after 0s[0m
[0m[1mmodule.lake.aws_s3_object.trusted["votos_validos_zona/votos_validos_zona_2022_PB.tsv"]: Destroying... [id=eda262-g06-lake-trusted-325583868777/votos_validos_zona/votos_validos_zona_2022_PB.tsv][0m[0m
[0m[1mmodule.lake.aws_s3_object.raw["tse/votacao_candidato_munzona/ano_2022/votacao_candidato_munzona_2022_RR.csv"]: Destruction complete after 0s[0m
[0m[1mmodule.lake.aws_s3_object.raw["tse/votacao_candidato_munzona/ano_2018/votacao_candidato_munzona_2018_ZZ.csv"]: Destruction complete after 0s[0m
[0m[1mmodule.lake.aws_s3_object.trusted["votos_validos_zona/votos_validos_zona_2022_RR.tsv"]: Destruction complete after 0s[0m
[0m[1mmodule.lake.aws_s3_object.trusted["votos_validos_zona/votos_validos_zona_2022_AP.tsv"]: Destruction complete after 0s[0m
[0m[1mmodule.lake.aws_s3_object.raw["tse/votacao_candidato_munzona/ano_2018/votacao_candidato_munzona_2018_DF.csv"]: Destruction complete after 0s[0m
[0m[1mmodule.lake.aws_s3_object.trusted["votos_validos_zona/votos_validos_zona_2022_SE.tsv"]: Destroying... [id=eda262-g06-lake-trusted-325583868777/votos_validos_zona/votos_validos_zona_2022_SE.tsv][0m[0m
[0m[1mmodule.lake.aws_s3_object.trusted["votos_validos_zona/votos_validos_zona_2018_SP.tsv"]: Destroying... [id=eda262-g06-lake-trusted-325583868777/votos_validos_zona/votos_validos_zona_2018_SP.tsv][0m[0m
[0m[1mmodule.lake.aws_s3_object.trusted["votos_validos_zona/votos_validos_zona_2018_RS.tsv"]: Destroying... [id=eda262-g06-lake-trusted-325583868777/votos_validos_zona/votos_validos_zona_2018_RS.tsv][0m[0m
[0m[1mmodule.lake.aws_s3_object.trusted["votos_validos_zona/votos_validos_zona_2022_CE.tsv"]: Destroying... [id=eda262-g06-lake-trusted-325583868777/votos_validos_zona/votos_validos_zona_2022_CE.tsv][0m[0m
[0m[1mmodule.lake.aws_glue_catalog_table.trusted: Destroying... [id=325583868777:eda262_g06_eleicoes:trusted_votos_validos_zona][0m[0m
[0m[1mmodule.lake.aws_s3_object.raw["tse/votacao_candidato_munzona/ano_2022/votacao_candidato_munzona_2022_RO.csv"]: Destruction complete after 0s[0m
[0m[1mmodule.lake.aws_s3_object.raw["tse/votacao_candidato_munzona/ano_2022/votacao_candidato_munzona_2022_AL.csv"]: Destroying... [id=eda262-g06-lake-raw-325583868777/tse/votacao_candidato_munzona/ano_2022/votacao_candidato_munzona_2022_AL.csv][0m[0m
[0m[1mmodule.lake.aws_s3_object.trusted["votos_validos_zona/votos_validos_zona_2022_MG.tsv"]: Destruction complete after 0s[0m
[0m[1mmodule.lake.aws_s3_object.trusted["votos_validos_zona/votos_validos_zona_2018_ES.tsv"]: Destroying... [id=eda262-g06-lake-trusted-325583868777/votos_validos_zona/votos_validos_zona_2018_ES.tsv][0m[0m
[0m[1mmodule.lake.aws_s3_bucket_server_side_encryption_configuration.lake["raw"]: Destruction complete after 0s[0m
[0m[1mmodule.lake.aws_s3_object.raw["tse/votacao_candidato_munzona/ano_2018/votacao_candidato_munzona_2018_PE.csv"]: Destroying... [id=eda262-g06-lake-raw-325583868777/tse/votacao_candidato_munzona/ano_2018/votacao_candidato_munzona_2018_PE.csv][0m[0m
[0m[1mmodule.lake.aws_s3_object.trusted["votos_validos_zona/votos_validos_zona_2018_ZZ.tsv"]: Destruction complete after 1s[0m
[0m[1mmodule.lake.aws_s3_object.trusted["votos_validos_zona/votos_validos_zona_2022_AM.tsv"]: Destroying... [id=eda262-g06-lake-trusted-325583868777/votos_validos_zona/votos_validos_zona_2022_AM.tsv][0m[0m
[0m[1mmodule.lake.aws_s3_object.trusted["votos_validos_zona/votos_validos_zona_2022_PB.tsv"]: Destruction complete after 1s[0m
[0m[1mmodule.lake.aws_s3_object.raw["tse/votacao_candidato_munzona/ano_2018/votacao_candidato_munzona_2018_PB.csv"]: Destroying... [id=eda262-g06-lake-raw-325583868777/tse/votacao_candidato_munzona/ano_2018/votacao_candidato_munzona_2018_PB.csv][0m[0m
[0m[1mmodule.lake.aws_s3_object.trusted["votos_validos_zona/votos_validos_zona_2022_SE.tsv"]: Destruction complete after 1s[0m
[0m[1mmodule.lake.aws_s3_bucket_public_access_block.lake["trusted"]: Destroying... [id=eda262-g06-lake-trusted-325583868777][0m[0m
[0m[1mmodule.lake.aws_s3_object.trusted["votos_validos_zona/votos_validos_zona_2018_SP.tsv"]: Destruction complete after 1s[0m
[0m[1mmodule.lake.aws_s3_object.trusted["votos_validos_zona/votos_validos_zona_2022_CE.tsv"]: Destruction complete after 1s[0m
[0m[1mmodule.lake.aws_s3_object.raw["tse/votacao_candidato_munzona/ano_2022/votacao_candidato_munzona_2022_AM.csv"]: Destroying... [id=eda262-g06-lake-raw-325583868777/tse/votacao_candidato_munzona/ano_2022/votacao_candidato_munzona_2022_AM.csv][0m[0m
[0m[1mmodule.lake.aws_s3_object.trusted["votos_validos_zona/votos_validos_zona_2018_DF.tsv"]: Destroying... [id=eda262-g06-lake-trusted-325583868777/votos_validos_zona/votos_validos_zona_2018_DF.tsv][0m[0m
[0m[1mmodule.lake.aws_s3_object.raw["tse/votacao_candidato_munzona/ano_2022/votacao_candidato_munzona_2022_AL.csv"]: Destruction complete after 1s[0m
[0m[1mmodule.lake.aws_s3_object.trusted["votos_validos_zona/votos_validos_zona_2018_RS.tsv"]: Destruction complete after 1s[0m
[0m[1mmodule.lake.aws_s3_bucket_public_access_block.lake["raw"]: Destroying... [id=eda262-g06-lake-raw-325583868777][0m[0m
[0m[1mmodule.lake.aws_s3_object.raw["tse/votacao_candidato_munzona/ano_2022/votacao_candidato_munzona_2022_SP.csv"]: Destroying... [id=eda262-g06-lake-raw-325583868777/tse/votacao_candidato_munzona/ano_2022/votacao_candidato_munzona_2022_SP.csv][0m[0m
[0m[1mmodule.lake.aws_s3_object.raw["tse/votacao_candidato_munzona/ano_2018/votacao_candidato_munzona_2018_PE.csv"]: Destruction complete after 1s[0m
[0m[1mmodule.lake.aws_s3_object.raw["tse/votacao_candidato_munzona/ano_2018/votacao_candidato_munzona_2018_RN.csv"]: Destroying... [id=eda262-g06-lake-raw-325583868777/tse/votacao_candidato_munzona/ano_2018/votacao_candidato_munzona_2018_RN.csv][0m[0m
[0m[1mmodule.lake.aws_s3_object.trusted["votos_validos_zona/votos_validos_zona_2018_ES.tsv"]: Destruction complete after 1s[0m
[0m[1mmodule.lake.aws_s3_object.raw["tse/votacao_candidato_munzona/ano_2018/votacao_candidato_munzona_2018_RS.csv"]: Destroying... [id=eda262-g06-lake-raw-325583868777/tse/votacao_candidato_munzona/ano_2018/votacao_candidato_munzona_2018_RS.csv][0m[0m
[0m[1mmodule.lake.aws_s3_object.raw["tse/votacao_candidato_munzona/ano_2018/votacao_candidato_munzona_2018_PB.csv"]: Destruction complete after 0s[0m
[0m[1mmodule.lake.aws_s3_object.trusted["votos_validos_zona/votos_validos_zona_2022_AM.tsv"]: Destruction complete after 0s[0m
[0m[1mmodule.lake.aws_s3_object.trusted["votos_validos_zona/votos_validos_zona_2022_PR.tsv"]: Destroying... [id=eda262-g06-lake-trusted-325583868777/votos_validos_zona/votos_validos_zona_2022_PR.tsv][0m[0m
[0m[1mmodule.lake.aws_s3_object.raw["tse/votacao_candidato_munzona/ano_2022/votacao_candidato_munzona_2022_RS.csv"]: Destroying... [id=eda262-g06-lake-raw-325583868777/tse/votacao_candidato_munzona/ano_2022/votacao_candidato_munzona_2022_RS.csv][0m[0m
[0m[1mmodule.lake.aws_s3_object.trusted["votos_validos_zona/votos_validos_zona_2018_DF.tsv"]: Destruction complete after 0s[0m
[0m[1mmodule.lake.aws_s3_object.raw["tse/votacao_candidato_munzona/ano_2022/votacao_candidato_munzona_2022_AM.csv"]: Destruction complete after 0s[0m
[0m[1mmodule.lake.aws_s3_object.trusted["votos_validos_zona/votos_validos_zona_2022_SC.tsv"]: Destroying... [id=eda262-g06-lake-trusted-325583868777/votos_validos_zona/votos_validos_zona_2022_SC.tsv][0m[0m
[0m[1mmodule.lake.aws_s3_object.trusted["votos_validos_zona/votos_validos_zona_2022_AL.tsv"]: Destroying... [id=eda262-g06-lake-trusted-325583868777/votos_validos_zona/votos_validos_zona_2022_AL.tsv][0m[0m
[0m[1mmodule.lake.aws_s3_object.raw["tse/votacao_candidato_munzona/ano_2022/votacao_candidato_munzona_2022_SP.csv"]: Destruction complete after 0s[0m
[0m[1mmodule.lake.aws_s3_object.trusted["votos_validos_zona/votos_validos_zona_2018_PB.tsv"]: Destroying... [id=eda262-g06-lake-trusted-325583868777/votos_validos_zona/votos_validos_zona_2018_PB.tsv][0m[0m
[0m[1mmodule.lake.aws_s3_object.raw["tse/votacao_candidato_munzona/ano_2018/votacao_candidato_munzona_2018_RN.csv"]: Destruction complete after 0s[0m
[0m[1mmodule.lake.aws_athena_named_query.consultas["presidente-2t-por-regiao-2018-2022"]: Destroying... [id=6435321a-4dcf-40a6-8f51-c2cc2211cbf6][0m[0m
[0m[1mmodule.lake.aws_glue_catalog_table.trusted: Destruction complete after 1s[0m
[0m[1mmodule.lake.aws_s3_object.raw["tse/votacao_candidato_munzona/ano_2022/votacao_candidato_munzona_2022_PR.csv"]: Destroying... [id=eda262-g06-lake-raw-325583868777/tse/votacao_candidato_munzona/ano_2022/votacao_candidato_munzona_2022_PR.csv][0m[0m
[0m[1mmodule.lake.aws_s3_object.trusted["votos_validos_zona/votos_validos_zona_2022_PR.tsv"]: Destruction complete after 0s[0m
[0m[1mmodule.lake.aws_s3_object.raw["tse/votacao_candidato_munzona/ano_2018/votacao_candidato_munzona_2018_RS.csv"]: Destruction complete after 0s[0m
[0m[1mmodule.lake.aws_s3_object.raw["tse/votacao_candidato_munzona/ano_2022/votacao_candidato_munzona_2022_RS.csv"]: Destruction complete after 0s[0m
[0m[1mmodule.lake.aws_s3_object.trusted["votos_validos_zona/votos_validos_zona_2018_PE.tsv"]: Destroying... [id=eda262-g06-lake-trusted-325583868777/votos_validos_zona/votos_validos_zona_2018_PE.tsv][0m[0m
[0m[1mmodule.lake.aws_s3_object.trusted["votos_validos_zona/votos_validos_zona_2018_AL.tsv"]: Destroying... [id=eda262-g06-lake-trusted-325583868777/votos_validos_zona/votos_validos_zona_2018_AL.tsv][0m[0m
[0m[1mmodule.lake.aws_s3_object.trusted["votos_validos_zona/votos_validos_zona_2022_GO.tsv"]: Destroying... [id=eda262-g06-lake-trusted-325583868777/votos_validos_zona/votos_validos_zona_2022_GO.tsv][0m[0m
[0m[1mmodule.lake.aws_s3_object.trusted["votos_validos_zona/votos_validos_zona_2022_AL.tsv"]: Destruction complete after 0s[0m
[0m[1mmodule.lake.aws_s3_object.trusted["votos_validos_zona/votos_validos_zona_2022_SC.tsv"]: Destruction complete after 0s[0m
[0m[1mmodule.lake.aws_s3_object.raw["tse/votacao_candidato_munzona/ano_2018/votacao_candidato_munzona_2018_MA.csv"]: Destroying... [id=eda262-g06-lake-raw-325583868777/tse/votacao_candidato_munzona/ano_2018/votacao_candidato_munzona_2018_MA.csv][0m[0m
[0m[1mmodule.lake.aws_s3_object.trusted["votos_validos_zona/votos_validos_zona_2018_AC.tsv"]: Destroying... [id=eda262-g06-lake-trusted-325583868777/votos_validos_zona/votos_validos_zona_2018_AC.tsv][0m[0m
[0m[1mmodule.lake.aws_s3_object.trusted["votos_validos_zona/votos_validos_zona_2018_PB.tsv"]: Destruction complete after 0s[0m
[0m[1mmodule.lake.aws_s3_object.trusted["votos_validos_zona/votos_validos_zona_2022_RJ.tsv"]: Destroying... [id=eda262-g06-lake-trusted-325583868777/votos_validos_zona/votos_validos_zona_2022_RJ.tsv][0m[0m
[0m[1mmodule.lake.aws_s3_bucket_public_access_block.lake["trusted"]: Destruction complete after 0s[0m
[0m[1mmodule.lake.aws_s3_object.trusted["votos_validos_zona/votos_validos_zona_2018_AM.tsv"]: Destroying... [id=eda262-g06-lake-trusted-325583868777/votos_validos_zona/votos_validos_zona_2018_AM.tsv][0m[0m
[0m[1mmodule.lake.aws_s3_bucket_public_access_block.lake["raw"]: Destruction complete after 0s[0m
[0m[1mmodule.lake.aws_s3_object.trusted["votos_validos_zona/votos_validos_zona_2022_RS.tsv"]: Destroying... [id=eda262-g06-lake-trusted-325583868777/votos_validos_zona/votos_validos_zona_2022_RS.tsv][0m[0m
[0m[1mmodule.lake.aws_athena_named_query.consultas["presidente-2t-por-regiao-2018-2022"]: Destruction complete after 0s[0m
[0m[1mmodule.lake.aws_s3_object.raw["tse/votacao_candidato_munzona/ano_2018/votacao_candidato_munzona_2018_RO.csv"]: Destroying... [id=eda262-g06-lake-raw-325583868777/tse/votacao_candidato_munzona/ano_2018/votacao_candidato_munzona_2018_RO.csv][0m[0m
[0m[1mmodule.lake.aws_s3_object.raw["tse/votacao_candidato_munzona/ano_2022/votacao_candidato_munzona_2022_PR.csv"]: Destruction complete after 0s[0m
[0m[1mmodule.lake.aws_s3_object.trusted["votos_validos_zona/votos_validos_zona_2022_MT.tsv"]: Destroying... [id=eda262-g06-lake-trusted-325583868777/votos_validos_zona/votos_validos_zona_2022_MT.tsv][0m[0m
[0m[1mmodule.lake.aws_s3_object.raw["tse/votacao_candidato_munzona/ano_2018/votacao_candidato_munzona_2018_MA.csv"]: Destruction complete after 0s[0m
[0m[1mmodule.lake.aws_s3_object.trusted["votos_validos_zona/votos_validos_zona_2018_AC.tsv"]: Destruction complete after 0s[0m
[0m[1mmodule.lake.aws_s3_object.trusted["votos_validos_zona/votos_validos_zona_2022_GO.tsv"]: Destruction complete after 0s[0m
[0m[1mmodule.lake.aws_s3_object.trusted["votos_validos_zona/votos_validos_zona_2018_AL.tsv"]: Destruction complete after 0s[0m
[0m[1mmodule.lake.aws_s3_object.trusted["votos_validos_zona/votos_validos_zona_2018_BA.tsv"]: Destroying... [id=eda262-g06-lake-trusted-325583868777/votos_validos_zona/votos_validos_zona_2018_BA.tsv][0m[0m
[0m[1mmodule.lake.aws_s3_object.raw["tse/votacao_candidato_munzona/ano_2018/votacao_candidato_munzona_2018_SP.csv"]: Destroying... [id=eda262-g06-lake-raw-325583868777/tse/votacao_candidato_munzona/ano_2018/votacao_candidato_munzona_2018_SP.csv][0m[0m
[0m[1mmodule.lake.aws_s3_object.raw["tse/votacao_candidato_munzona/ano_2022/votacao_candidato_munzona_2022_ES.csv"]: Destroying... [id=eda262-g06-lake-raw-325583868777/tse/votacao_candidato_munzona/ano_2022/votacao_candidato_munzona_2022_ES.csv][0m[0m
[0m[1mmodule.lake.aws_s3_object.raw["tse/votacao_candidato_munzona/ano_2018/votacao_candidato_munzona_2018_MG.csv"]: Destroying... [id=eda262-g06-lake-raw-325583868777/tse/votacao_candidato_munzona/ano_2018/votacao_candidato_munzona_2018_MG.csv][0m[0m
[0m[1mmodule.lake.aws_s3_object.trusted["votos_validos_zona/votos_validos_zona_2018_PE.tsv"]: Destruction complete after 0s[0m
[0m[1mmodule.lake.aws_s3_object.raw["tse/votacao_candidato_munzona/ano_2022/votacao_candidato_munzona_2022_MG.csv"]: Destroying... [id=eda262-g06-lake-raw-325583868777/tse/votacao_candidato_munzona/ano_2022/votacao_candidato_munzona_2022_MG.csv][0m[0m
[0m[1mmodule.lake.aws_s3_object.trusted["votos_validos_zona/votos_validos_zona_2022_RJ.tsv"]: Destruction complete after 0s[0m
[0m[1mmodule.lake.aws_s3_object.raw["tse/votacao_candidato_munzona/ano_2018/votacao_candidato_munzona_2018_CE.csv"]: Destroying... [id=eda262-g06-lake-raw-325583868777/tse/votacao_candidato_munzona/ano_2018/votacao_candidato_munzona_2018_CE.csv][0m[0m
[0m[1mmodule.lake.aws_s3_object.trusted["votos_validos_zona/votos_validos_zona_2018_AM.tsv"]: Destruction complete after 0s[0m
[0m[1mmodule.lake.aws_s3_object.trusted["votos_validos_zona/votos_validos_zona_2022_MA.tsv"]: Destroying... [id=eda262-g06-lake-trusted-325583868777/votos_validos_zona/votos_validos_zona_2022_MA.tsv][0m[0m
[0m[1mmodule.lake.aws_s3_object.raw["tse/votacao_candidato_munzona/ano_2018/votacao_candidato_munzona_2018_RO.csv"]: Destruction complete after 0s[0m
[0m[1mmodule.lake.aws_s3_bucket_server_side_encryption_configuration.lake["resultados"]: Destroying... [id=eda262-g06-athena-resultados-325583868777][0m[0m
[0m[1mmodule.lake.aws_s3_object.trusted["votos_validos_zona/votos_validos_zona_2022_RS.tsv"]: Destruction complete after 0s[0m
[0m[1mmodule.lake.aws_s3_object.trusted["votos_validos_zona/votos_validos_zona_2022_MT.tsv"]: Destruction complete after 0s[0m
[0m[1mmodule.lake.aws_s3_object.raw["tse/votacao_candidato_munzona/ano_2018/votacao_candidato_munzona_2018_RR.csv"]: Destroying... [id=eda262-g06-lake-raw-325583868777/tse/votacao_candidato_munzona/ano_2018/votacao_candidato_munzona_2018_RR.csv][0m[0m
[0m[1mmodule.lake.aws_s3_object.trusted["votos_validos_zona/votos_validos_zona_2018_GO.tsv"]: Destroying... [id=eda262-g06-lake-trusted-325583868777/votos_validos_zona/votos_validos_zona_2018_GO.tsv][0m[0m
[0m[1mmodule.lake.aws_s3_object.raw["tse/votacao_candidato_munzona/ano_2018/votacao_candidato_munzona_2018_SP.csv"]: Destruction complete after 0s[0m
[0m[1mmodule.lake.aws_s3_object.raw["tse/votacao_candidato_munzona/ano_2022/votacao_candidato_munzona_2022_ES.csv"]: Destruction complete after 0s[0m
[0m[1mmodule.lake.aws_s3_object.trusted["votos_validos_zona/votos_validos_zona_2018_BA.tsv"]: Destruction complete after 0s[0m
[0m[1mmodule.lake.aws_glue_catalog_database.eleicoes: Destroying... [id=325583868777:eda262_g06_eleicoes][0m[0m
[0m[1mmodule.lake.aws_athena_workgroup.lake: Destroying... [id=eda262-g06-wg][0m[0m
[0m[1mmodule.lake.aws_s3_object.raw["tse/votacao_candidato_munzona/ano_2018/votacao_candidato_munzona_2018_MG.csv"]: Destruction complete after 0s[0m
[0m[1mmodule.lake.aws_s3_object.raw["tse/votacao_candidato_munzona/ano_2022/votacao_candidato_munzona_2022_MG.csv"]: Destruction complete after 0s[0m
[0m[1mmodule.lake.aws_s3_object.raw["tse/votacao_candidato_munzona/ano_2018/votacao_candidato_munzona_2018_CE.csv"]: Destruction complete after 0s[0m
[0m[1mmodule.lake.aws_s3_object.trusted["votos_validos_zona/votos_validos_zona_2022_MA.tsv"]: Destruction complete after 0s[0m
[0m[1mmodule.lake.aws_s3_object.trusted["votos_validos_zona/votos_validos_zona_2018_GO.tsv"]: Destruction complete after 0s[0m
[0m[1mmodule.lake.aws_s3_object.raw["tse/votacao_candidato_munzona/ano_2018/votacao_candidato_munzona_2018_RR.csv"]: Destruction complete after 0s[0m
[0m[1mmodule.lake.aws_s3_bucket_server_side_encryption_configuration.lake["resultados"]: Destruction complete after 0s[0m
[0m[1mmodule.lake.aws_glue_catalog_database.eleicoes: Destruction complete after 0s[0m
[0m[1mmodule.lake.aws_athena_workgroup.lake: Destruction complete after 0s[0m
[0m[1mmodule.lake.aws_s3_bucket.lake["resultados"]: Destroying... [id=eda262-g06-athena-resultados-325583868777][0m[0m
[0m[1mmodule.lake.aws_s3_bucket.lake["raw"]: Destroying... [id=eda262-g06-lake-raw-325583868777][0m[0m
[0m[1mmodule.lake.aws_s3_bucket.lake["trusted"]: Destroying... [id=eda262-g06-lake-trusted-325583868777][0m[0m
[0m[1mmodule.lake.aws_s3_bucket.lake["trusted"]: Destruction complete after 1s[0m
[0m[1mmodule.lake.aws_s3_bucket.lake["raw"]: Destruction complete after 1s[0m
[0m[1mmodule.lake.aws_s3_bucket.lake["resultados"]: Destruction complete after 5s[0m
[0m[1m[32m
Destroy complete! Resources: 128 destroyed.[0m

== 2/3 removendo o workspace (apaga o state vazio do bucket)
[33m[33m╷[0m[0m
[33m│[0m [0m[1m[33mWarning: [0m[0m[1mDeprecated Parameter[0m
[33m│[0m [0m
[33m│[0m [0m[0mThe parameter "dynamodb_table" is deprecated. Use parameter "use_lockfile"
[33m│[0m [0minstead.
[33m╵[0m[0m
[0m[0m
[0m[32mSwitched to workspace "default".[0m
[33m[33m╷[0m[0m
[33m│[0m [0m[1m[33mWarning: [0m[0m[1mDeprecated Parameter[0m
[33m│[0m [0m
[33m│[0m [0m[0mThe parameter "dynamodb_table" is deprecated. Use parameter "use_lockfile"
[33m│[0m [0minstead.
[33m╵[0m[0m
[0m[0m
Acquiring state lock. This may take a few moments...
[33m[33m╷[0m[0m
[33m│[0m [0m[1m[33mWarning: [0m[0m[1mDeprecated Parameter[0m
[33m│[0m [0m
[33m│[0m [0m[0mThe parameter "dynamodb_table" is deprecated. Use parameter "use_lockfile"
[33m│[0m [0minstead.
[33m╵[0m[0m
[0m[0m
[0m[32mDeleted workspace "av1"![0m

== 3/3 destroy do bootstrap (bucket de state + tabela de lock)
[0m[1mdata.aws_caller_identity.atual: Reading...[0m[0m
[0m[1maws_dynamodb_table.tflock: Refreshing state... [id=eda262-g06-tflock][0m
[0m[1mdata.aws_caller_identity.atual: Read complete after 0s [id=325583868777][0m
[0m[1maws_s3_bucket.tfstate: Refreshing state... [id=eda262-g06-tfstate-325583868777][0m
[0m[1maws_s3_bucket_public_access_block.tfstate: Refreshing state... [id=eda262-g06-tfstate-325583868777][0m
[0m[1maws_s3_bucket_versioning.tfstate: Refreshing state... [id=eda262-g06-tfstate-325583868777][0m
[0m[1maws_s3_bucket_server_side_encryption_configuration.tfstate: Refreshing state... [id=eda262-g06-tfstate-325583868777][0m

Terraform used the selected providers to generate the following execution
plan. Resource actions are indicated with the following symbols:
  [31m-[0m destroy[0m

Terraform will perform the following actions:

[1m  # aws_dynamodb_table.tflock[0m will be [1m[31mdestroyed[0m
[0m  [31m-[0m[0m resource "aws_dynamodb_table" "tflock" {
      [31m-[0m[0m arn                         = "arn:aws:dynamodb:us-east-1:325583868777:table/eda262-g06-tflock" [90m-> null[0m[0m
      [31m-[0m[0m billing_mode                = "PAY_PER_REQUEST" [90m-> null[0m[0m
      [31m-[0m[0m deletion_protection_enabled = false [90m-> null[0m[0m
      [31m-[0m[0m hash_key                    = "LockID" [90m-> null[0m[0m
      [31m-[0m[0m id                          = "eda262-g06-tflock" [90m-> null[0m[0m
      [31m-[0m[0m name                        = "eda262-g06-tflock" [90m-> null[0m[0m
      [31m-[0m[0m read_capacity               = 0 [90m-> null[0m[0m
      [31m-[0m[0m region                      = "us-east-1" [90m-> null[0m[0m
      [31m-[0m[0m stream_enabled              = false [90m-> null[0m[0m
      [31m-[0m[0m table_class                 = "STANDARD" [90m-> null[0m[0m
      [31m-[0m[0m tags                        = {} [90m-> null[0m[0m
      [31m-[0m[0m tags_all                    = {
          [31m-[0m[0m "grupo"   = "g06"
          [31m-[0m[0m "projeto" = "engenharia-de-dados"
          [31m-[0m[0m "turma"   = "eda262"
        } [90m-> null[0m[0m
      [31m-[0m[0m write_capacity              = 0 [90m-> null[0m[0m
        [90m# (3 unchanged attributes hidden)[0m[0m

      [31m-[0m[0m attribute {
          [31m-[0m[0m name = "LockID" [90m-> null[0m[0m
          [31m-[0m[0m type = "S" [90m-> null[0m[0m
        }

      [31m-[0m[0m point_in_time_recovery {
          [31m-[0m[0m enabled                 = false [90m-> null[0m[0m
          [31m-[0m[0m recovery_period_in_days = 0 [90m-> null[0m[0m
        }

      [31m-[0m[0m ttl {
          [31m-[0m[0m enabled        = false [90m-> null[0m[0m
            [90m# (1 unchanged attribute hidden)[0m[0m
        }
    }

[1m  # aws_s3_bucket.tfstate[0m will be [1m[31mdestroyed[0m
[0m  [31m-[0m[0m resource "aws_s3_bucket" "tfstate" {
      [31m-[0m[0m arn                         = "arn:aws:s3:::eda262-g06-tfstate-325583868777" [90m-> null[0m[0m
      [31m-[0m[0m bucket                      = "eda262-g06-tfstate-325583868777" [90m-> null[0m[0m
      [31m-[0m[0m bucket_domain_name          = "eda262-g06-tfstate-325583868777.s3.amazonaws.com" [90m-> null[0m[0m
      [31m-[0m[0m bucket_namespace            = "global" [90m-> null[0m[0m
      [31m-[0m[0m bucket_region               = "us-east-1" [90m-> null[0m[0m
      [31m-[0m[0m bucket_regional_domain_name = "eda262-g06-tfstate-325583868777.s3.us-east-1.amazonaws.com" [90m-> null[0m[0m
      [31m-[0m[0m force_destroy               = true [90m-> null[0m[0m
      [31m-[0m[0m hosted_zone_id              = "Z3AQBSTGFYJSTF" [90m-> null[0m[0m
      [31m-[0m[0m id                          = "eda262-g06-tfstate-325583868777" [90m-> null[0m[0m
      [31m-[0m[0m object_lock_enabled         = false [90m-> null[0m[0m
      [31m-[0m[0m region                      = "us-east-1" [90m-> null[0m[0m
      [31m-[0m[0m request_payer               = "BucketOwner" [90m-> null[0m[0m
      [31m-[0m[0m tags                        = {} [90m-> null[0m[0m
      [31m-[0m[0m tags_all                    = {
          [31m-[0m[0m "grupo"   = "g06"
          [31m-[0m[0m "projeto" = "engenharia-de-dados"
          [31m-[0m[0m "turma"   = "eda262"
        } [90m-> null[0m[0m
        [90m# (3 unchanged attributes hidden)[0m[0m

      [31m-[0m[0m grant {
          [31m-[0m[0m id          = "8022b3bfe1e45d090335847dc77b594076fc7367a05e12aaab58998de2bef47e" [90m-> null[0m[0m
          [31m-[0m[0m permissions = [
              [31m-[0m[0m "FULL_CONTROL",
            ] [90m-> null[0m[0m
          [31m-[0m[0m type        = "CanonicalUser" [90m-> null[0m[0m
            [90m# (1 unchanged attribute hidden)[0m[0m
        }

      [31m-[0m[0m server_side_encryption_configuration {
          [31m-[0m[0m rule {
              [31m-[0m[0m bucket_key_enabled = false [90m-> null[0m[0m

              [31m-[0m[0m apply_server_side_encryption_by_default {
                  [31m-[0m[0m sse_algorithm     = "AES256" [90m-> null[0m[0m
                    [90m# (1 unchanged attribute hidden)[0m[0m
                }
            }
        }

      [31m-[0m[0m versioning {
          [31m-[0m[0m enabled    = true [90m-> null[0m[0m
          [31m-[0m[0m mfa_delete = false [90m-> null[0m[0m
        }
    }

[1m  # aws_s3_bucket_public_access_block.tfstate[0m will be [1m[31mdestroyed[0m
[0m  [31m-[0m[0m resource "aws_s3_bucket_public_access_block" "tfstate" {
      [31m-[0m[0m block_public_acls       = true [90m-> null[0m[0m
      [31m-[0m[0m block_public_policy     = true [90m-> null[0m[0m
      [31m-[0m[0m bucket                  = "eda262-g06-tfstate-325583868777" [90m-> null[0m[0m
      [31m-[0m[0m id                      = "eda262-g06-tfstate-325583868777" [90m-> null[0m[0m
      [31m-[0m[0m ignore_public_acls      = true [90m-> null[0m[0m
      [31m-[0m[0m region                  = "us-east-1" [90m-> null[0m[0m
      [31m-[0m[0m restrict_public_buckets = true [90m-> null[0m[0m
    }

[1m  # aws_s3_bucket_server_side_encryption_configuration.tfstate[0m will be [1m[31mdestroyed[0m
[0m  [31m-[0m[0m resource "aws_s3_bucket_server_side_encryption_configuration" "tfstate" {
      [31m-[0m[0m bucket                = "eda262-g06-tfstate-325583868777" [90m-> null[0m[0m
      [31m-[0m[0m id                    = "eda262-g06-tfstate-325583868777" [90m-> null[0m[0m
      [31m-[0m[0m region                = "us-east-1" [90m-> null[0m[0m
        [90m# (1 unchanged attribute hidden)[0m[0m

      [31m-[0m[0m rule {
          [31m-[0m[0m blocked_encryption_types = [
              [31m-[0m[0m "SSE-C",
            ] [90m-> null[0m[0m
          [31m-[0m[0m bucket_key_enabled       = false [90m-> null[0m[0m

          [31m-[0m[0m apply_server_side_encryption_by_default {
              [31m-[0m[0m sse_algorithm     = "AES256" [90m-> null[0m[0m
                [90m# (1 unchanged attribute hidden)[0m[0m
            }
        }
    }

[1m  # aws_s3_bucket_versioning.tfstate[0m will be [1m[31mdestroyed[0m
[0m  [31m-[0m[0m resource "aws_s3_bucket_versioning" "tfstate" {
      [31m-[0m[0m bucket                = "eda262-g06-tfstate-325583868777" [90m-> null[0m[0m
      [31m-[0m[0m id                    = "eda262-g06-tfstate-325583868777" [90m-> null[0m[0m
      [31m-[0m[0m region                = "us-east-1" [90m-> null[0m[0m
        [90m# (1 unchanged attribute hidden)[0m[0m

      [31m-[0m[0m versioning_configuration {
          [31m-[0m[0m mfa_delete = "Disabled" [90m-> null[0m[0m
          [31m-[0m[0m status     = "Enabled" [90m-> null[0m[0m
        }
    }

[1mPlan:[0m [0m0 to add, 0 to change, 5 to destroy.

Changes to Outputs:
  [31m-[0m[0m backend_hcl    = <<-EOT
        bucket         = "eda262-g06-tfstate-325583868777"
        key            = "parte-1/terraform.tfstate"
        region         = "us-east-1"
        dynamodb_table = "eda262-g06-tflock"
        encrypt        = true
    EOT [90m-> null[0m[0m
  [31m-[0m[0m bucket_tfstate = "eda262-g06-tfstate-325583868777" [90m-> null[0m[0m
  [31m-[0m[0m tabela_lock    = "eda262-g06-tflock" [90m-> null[0m[0m
[0m[1maws_s3_bucket_versioning.tfstate: Destroying... [id=eda262-g06-tfstate-325583868777][0m[0m
[0m[1maws_s3_bucket_server_side_encryption_configuration.tfstate: Destroying... [id=eda262-g06-tfstate-325583868777][0m[0m
[0m[1maws_s3_bucket_public_access_block.tfstate: Destroying... [id=eda262-g06-tfstate-325583868777][0m[0m
[0m[1maws_dynamodb_table.tflock: Destroying... [id=eda262-g06-tflock][0m[0m
[0m[1maws_s3_bucket_public_access_block.tfstate: Destruction complete after 1s[0m
[0m[1maws_s3_bucket_versioning.tfstate: Destruction complete after 1s[0m
[0m[1maws_s3_bucket_server_side_encryption_configuration.tfstate: Destruction complete after 2s[0m
[0m[1maws_s3_bucket.tfstate: Destroying... [id=eda262-g06-tfstate-325583868777][0m[0m
[0m[1maws_s3_bucket.tfstate: Destruction complete after 1s[0m
[0m[1maws_dynamodb_table.tflock: Still destroying... [id=eda262-g06-tflock, 00m10s elapsed][0m[0m
[0m[1maws_dynamodb_table.tflock: Destruction complete after 15s[0m
[0m[1m[32m
Destroy complete! Resources: 5 destroyed.[0m

Pronto. Prove: ./verificacao/verifica.sh --pos-destroy
